ISO-10303-21;
HEADER;
FILE_DESCRIPTION (( 'STEP AP214' ),
    '1' );
FILE_NAME ('ESHF-105-01-L-D-TH.STEP',
    '2024-09-23T12:35:48',
    ( '' ),
    ( '' ),
    'SwSTEP 2.0',
    'SolidWorks 2023',
    '' );
FILE_SCHEMA (( 'AUTOMOTIVE_DESIGN' ));
ENDSEC;

DATA;
#1 =( GEOMETRIC_REPRESENTATION_CONTEXT ( 3 ) GLOBAL_UNCERTAINTY_ASSIGNED_CONTEXT ( ( #2036 ) ) GLOBAL_UNIT_ASSIGNED_CONTEXT ( ( #3286, #569, #10446 ) ) REPRESENTATION_CONTEXT ( 'NONE', 'WORKASPACE' ) );
#2 =( GEOMETRIC_REPRESENTATION_CONTEXT ( 3 ) GLOBAL_UNCERTAINTY_ASSIGNED_CONTEXT ( ( #1435 ) ) GLOBAL_UNIT_ASSIGNED_CONTEXT ( ( #3117, #1649, #4325 ) ) REPRESENTATION_CONTEXT ( 'NONE', 'WORKASPACE' ) );
#3 = ORIENTED_EDGE ( 'NONE', *, *, #6281, .F. ) ;
#4 = FILL_AREA_STYLE ('',( #8056 ) ) ;
#5 = ORIENTED_EDGE ( 'NONE', *, *, #4298, .F. ) ;
#6 = LINE ( 'NONE', #4503, #6805 ) ;
#7 =( NAMED_UNIT ( * ) SI_UNIT ( $, .STERADIAN. ) SOLID_ANGLE_UNIT ( ) );
#8 = SURFACE_SIDE_STYLE ('',( #4376 ) ) ;
#9 = SURFACE_SIDE_STYLE ('',( #9997 ) ) ;
#10 =( GEOMETRIC_REPRESENTATION_CONTEXT ( 3 ) GLOBAL_UNCERTAINTY_ASSIGNED_CONTEXT ( ( #5358 ) ) GLOBAL_UNIT_ASSIGNED_CONTEXT ( ( #9210, #10173, #4666 ) ) REPRESENTATION_CONTEXT ( 'NONE', 'WORKASPACE' ) );
#11 = PRESENTATION_LAYER_ASSIGNMENT (  '', '', ( #8534 ) ) ;
#12 = DIRECTION ( 'NONE',  ( -0.000000000000000000, 1.000000000000000000, 0.000000000000000000 ) ) ;
#13 = SURFACE_STYLE_FILL_AREA ( #8133 ) ;
#14 = ADVANCED_FACE ( 'NONE', ( #4156 ), #1437, .F. ) ;
#15 =( NAMED_UNIT ( * ) SI_UNIT ( $, .STERADIAN. ) SOLID_ANGLE_UNIT ( ) );
#16 = STYLED_ITEM ( 'NONE', ( #10150 ), #5796 ) ;
#17 = MECHANICAL_DESIGN_GEOMETRIC_PRESENTATION_REPRESENTATION (  '', ( #4741 ), #6285 ) ;
#18 = ORIENTED_EDGE ( 'NONE', *, *, #9422, .T. ) ;
#19 = SURFACE_STYLE_USAGE ( .BOTH. , #2511 ) ;
#20 = SURFACE_SIDE_STYLE ('',( #6444 ) ) ;
#21 = UNCERTAINTY_MEASURE_WITH_UNIT (LENGTH_MEASURE( 1.000000000000000082E-05 ), #6035, 'distance_accuracy_value', 'NONE');
#22 = ORIENTED_EDGE ( 'NONE', *, *, #131, .T. ) ;
#23 = LENGTH_MEASURE_WITH_UNIT ( LENGTH_MEASURE( 0.02539999999999999897 ), #7031 );
#24 = EDGE_LOOP ( 'NONE', ( #5363, #2028, #2299, #7520 ) ) ;
#25 = CARTESIAN_POINT ( 'NONE',  ( 0.1029999999999999943, -0.07499999999999999722, -0.02799999999999999711 ) ) ;
#26 = CARTESIAN_POINT ( 'NONE',  ( 0.09700000000000000289, 0.1850000000000000533, -0.02800000000000004222 ) ) ;
#27 = ADVANCED_FACE ( 'NONE', ( #2387 ), #4807, .F. ) ;
#28 = FILL_AREA_STYLE ('',( #4707 ) ) ;
#29 =( NAMED_UNIT ( * ) PLANE_ANGLE_UNIT ( ) SI_UNIT ( $, .RADIAN. ) );
#30 = LINE ( 'NONE', #9960, #3026 ) ;
#31 = DIMENSIONAL_EXPONENTS ( 1.000000000000000000, 0.000000000000000000, 0.000000000000000000, 0.000000000000000000, 0.000000000000000000, 0.000000000000000000, 0.000000000000000000 ) ;
#32 = LINE ( 'NONE', #11656, #1612 ) ;
#33 = EDGE_LOOP ( 'NONE', ( #4143, #6821, #3124, #8126 ) ) ;
#34 = ORIENTED_EDGE ( 'NONE', *, *, #4815, .F. ) ;
#35 = LINE ( 'NONE', #10833, #6619 ) ;
#36 = SURFACE_SIDE_STYLE ('',( #8163 ) ) ;
#37 = CARTESIAN_POINT ( 'NONE',  ( -0.09199999999999999845, 0.01999999999999999001, -0.03300000000000000155 ) ) ;
#38 = DIRECTION ( 'NONE',  ( -1.000000000000000000, 0.000000000000000000, -0.000000000000000000 ) ) ;
#39 =( NAMED_UNIT ( * ) SI_UNIT ( $, .STERADIAN. ) SOLID_ANGLE_UNIT ( ) );
#40 = EDGE_LOOP ( 'NONE', ( #11268, #1124, #5460, #10157, #1869, #2853, #7681, #10634, #4756, #6869, #5187, #2910 ) ) ;
#41 =( NAMED_UNIT ( * ) SI_UNIT ( $, .STERADIAN. ) SOLID_ANGLE_UNIT ( ) );
#42 = EDGE_CURVE ( 'NONE', #532, #7628, #11561, .T. ) ;
#43 = FILL_AREA_STYLE_COLOUR ( '', #1656 ) ;
#44 = DIRECTION ( 'NONE',  ( 0.000000000000000000, -1.000000000000000000, -0.000000000000000000 ) ) ;
#45 = LENGTH_MEASURE_WITH_UNIT ( LENGTH_MEASURE( 0.02539999999999999897 ), #3398 );
#46 = DIRECTION ( 'NONE',  ( -0.000000000000000000, -1.000000000000000000, 0.000000000000000000 ) ) ;
#47 = COLOUR_RGB ( '',0.8627450980392157298, 0.6274509803921568540, 0.05882352941176470507 ) ;
#48 = LENGTH_MEASURE_WITH_UNIT ( LENGTH_MEASURE( 0.02539999999999999897 ), #8230 );
#49 = ORIENTED_EDGE ( 'NONE', *, *, #1858, .T. ) ;
#50 = LENGTH_MEASURE_WITH_UNIT ( LENGTH_MEASURE( 0.02539999999999999897 ), #8048 );
#51 = ORIENTED_EDGE ( 'NONE', *, *, #10734, .F. ) ;
#52 = EDGE_LOOP ( 'NONE', ( #1991, #2071, #222, #247 ) ) ;
#53 = ADVANCED_FACE ( 'NONE', ( #3518 ), #6090, .T. ) ;
#54 = VECTOR ( 'NONE', #3602, 39.37007874015748143 ) ;
#55 = CARTESIAN_POINT ( 'NONE',  ( 0.09199999999999999845, 0.05000000000000000971, 0.1199999999999999956 ) ) ;
#56 = EDGE_LOOP ( 'NONE', ( #3893, #1886, #6485, #953 ) ) ;
#57 = MECHANICAL_DESIGN_GEOMETRIC_PRESENTATION_REPRESENTATION (  '', ( #633 ), #11671 ) ;
#58 = LINE ( 'NONE', #10056, #8403 ) ;
#59 =( LENGTH_UNIT ( ) NAMED_UNIT ( * ) SI_UNIT ( $, .METRE. ) );
#60 = FILL_AREA_STYLE ('',( #7187 ) ) ;
#61 = SURFACE_STYLE_USAGE ( .BOTH. , #6551 ) ;
#62 = DIRECTION ( 'NONE',  ( -1.000000000000000000, -0.000000000000000000, 0.000000000000000000 ) ) ;
#63 = LENGTH_MEASURE_WITH_UNIT ( LENGTH_MEASURE( 0.02539999999999999897 ), #1834 );
#64 = AXIS2_PLACEMENT_3D ( 'NONE', #10739, #11451, #2568 ) ;
#65 = VECTOR ( 'NONE', #7893, 39.37007874015748143 ) ;
#66 = STYLED_ITEM ( 'NONE', ( #655 ), #3134 ) ;
#67 = LENGTH_MEASURE_WITH_UNIT ( LENGTH_MEASURE( 0.02539999999999999897 ), #7426 );
#68 = DIRECTION ( 'NONE',  ( -0.000000000000000000, 0.000000000000000000, -1.000000000000000000 ) ) ;
#69 =( NAMED_UNIT ( * ) PLANE_ANGLE_UNIT ( ) SI_UNIT ( $, .RADIAN. ) );
#70 = VERTEX_POINT ( 'NONE', #3338 ) ;
#71 = PRESENTATION_LAYER_ASSIGNMENT (  '', '', ( #2336 ) ) ;
#72 = FILL_AREA_STYLE ('',( #5727 ) ) ;
#73 = VECTOR ( 'NONE', #10357, 39.37007874015748143 ) ;
#74 =( NAMED_UNIT ( * ) PLANE_ANGLE_UNIT ( ) SI_UNIT ( $, .RADIAN. ) );
#75 = CARTESIAN_POINT ( 'NONE',  ( 0.1079999999999999988, -0.07499999999999999722, 0.02799999999999999711 ) ) ;
#76 = DIRECTION ( 'NONE',  ( 0.000000000000000000, -1.000000000000000000, 0.000000000000000000 ) ) ;
#77 = LENGTH_MEASURE_WITH_UNIT ( LENGTH_MEASURE( 0.02539999999999999897 ), #11053 );
#78 = FILL_AREA_STYLE_COLOUR ( '', #6465 ) ;
#79 = DIRECTION ( 'NONE',  ( 0.000000000000000000, 0.000000000000000000, 1.000000000000000000 ) ) ;
#80 =( GEOMETRIC_REPRESENTATION_CONTEXT ( 3 ) GLOBAL_UNCERTAINTY_ASSIGNED_CONTEXT ( ( #6688 ) ) GLOBAL_UNIT_ASSIGNED_CONTEXT ( ( #6714, #2304, #4957 ) ) REPRESENTATION_CONTEXT ( 'NONE', 'WORKASPACE' ) );
#81 = ORIENTED_EDGE ( 'NONE', *, *, #7492, .T. ) ;
#82 = FILL_AREA_STYLE_COLOUR ( '', #1257 ) ;
#83 =( CONVERSION_BASED_UNIT ( 'INCH', #4585 ) LENGTH_UNIT ( ) NAMED_UNIT ( #11499 ) );
#84 =( LENGTH_UNIT ( ) NAMED_UNIT ( * ) SI_UNIT ( $, .METRE. ) );
#85 = EDGE_LOOP ( 'NONE', ( #7610, #5829, #9643, #7178 ) ) ;
#86 = DIRECTION ( 'NONE',  ( -0.4368520283305183383, -0.7863336509949350184, 0.4368520283305178942 ) ) ;
#87 = LINE ( 'NONE', #7212, #3088 ) ;
#88 = STYLED_ITEM ( 'NONE', ( #11342 ), #2716 ) ;
#89 = FACE_OUTER_BOUND ( 'NONE', #2255, .T. ) ;
#90 = FACE_OUTER_BOUND ( 'NONE', #147, .T. ) ;
#91 = SURFACE_SIDE_STYLE ('',( #3605 ) ) ;
#92 = SURFACE_STYLE_FILL_AREA ( #8212 ) ;
#93 =( NAMED_UNIT ( * ) SI_UNIT ( $, .STERADIAN. ) SOLID_ANGLE_UNIT ( ) );
#94 = ORIENTED_EDGE ( 'NONE', *, *, #7833, .F. ) ;
#95 = EDGE_LOOP ( 'NONE', ( #6747, #7917, #1892, #836 ) ) ;
#96 = FILL_AREA_STYLE ('',( #8217 ) ) ;
#97 = UNCERTAINTY_MEASURE_WITH_UNIT (LENGTH_MEASURE( 1.000000000000000082E-05 ), #1454, 'distance_accuracy_value', 'NONE');
#98 = FILL_AREA_STYLE_COLOUR ( '', #8455 ) ;
#99 = ADVANCED_FACE ( 'NONE', ( #10802 ), #4206, .F. ) ;
#100 =( LENGTH_UNIT ( ) NAMED_UNIT ( * ) SI_UNIT ( $, .METRE. ) );
#101 = DIRECTION ( 'NONE',  ( 1.000000000000000000, 0.000000000000000000, 0.000000000000000000 ) ) ;
#102 = EDGE_LOOP ( 'NONE', ( #9563, #5388, #7759, #1877 ) ) ;
#103 = CARTESIAN_POINT ( 'NONE',  ( 0.1079999999999999988, 0.06499999999999998834, 0.01700000000000000122 ) ) ;
#104 =( GEOMETRIC_REPRESENTATION_CONTEXT ( 3 ) GLOBAL_UNCERTAINTY_ASSIGNED_CONTEXT ( ( #4809 ) ) GLOBAL_UNIT_ASSIGNED_CONTEXT ( ( #7825, #8001, #4324 ) ) REPRESENTATION_CONTEXT ( 'NONE', 'WORKASPACE' ) );
#105 = DIRECTION ( 'NONE',  ( -0.000000000000000000, -0.7071067811865474617, 0.7071067811865474617 ) ) ;
#106 = CARTESIAN_POINT ( 'NONE',  ( 0.1079999999999999988, -0.06600000000000000311, -0.03300000000000000155 ) ) ;
#107 = LENGTH_MEASURE_WITH_UNIT ( LENGTH_MEASURE( 0.02539999999999999897 ), #962 );
#108 = FACE_OUTER_BOUND ( 'NONE', #3270, .T. ) ;
#109 = ORIENTED_EDGE ( 'NONE', *, *, #1502, .T. ) ;
#110 = VECTOR ( 'NONE', #5239, 39.37007874015748143 ) ;
#111 = ORIENTED_EDGE ( 'NONE', *, *, #7848, .T. ) ;
#112 = COLOUR_RGB ( '',0.8627450980392157298, 0.6274509803921568540, 0.05882352941176470507 ) ;
#113 = FILL_AREA_STYLE_COLOUR ( '', #7687 ) ;
#114 = ADVANCED_FACE ( 'NONE', ( #10003 ), #3693, .T. ) ;
#115 = DIMENSIONAL_EXPONENTS ( 1.000000000000000000, 0.000000000000000000, 0.000000000000000000, 0.000000000000000000, 0.000000000000000000, 0.000000000000000000, 0.000000000000000000 ) ;
#116 = AXIS2_PLACEMENT_3D ( 'NONE', #9851, #4356, #11594 ) ;
#117 = ORIENTED_EDGE ( 'NONE', *, *, #10381, .T. ) ;
#118 = FILL_AREA_STYLE_COLOUR ( '', #9151 ) ;
#119 = ORIENTED_EDGE ( 'NONE', *, *, #1770, .F. ) ;
#120 = DIRECTION ( 'NONE',  ( -0.000000000000000000, -0.000000000000000000, -1.000000000000000000 ) ) ;
#121 =( NAMED_UNIT ( * ) PLANE_ANGLE_UNIT ( ) SI_UNIT ( $, .RADIAN. ) );
#122 = PLANE ( 'NONE',  #1047 ) ;
#123 = COLOUR_RGB ( '',0.8627450980392157298, 0.6274509803921568540, 0.05882352941176470507 ) ;
#124 = ADVANCED_FACE ( 'NONE', ( #2810 ), #1901, .F. ) ;
#125 = PRESENTATION_LAYER_ASSIGNMENT (  '', '', ( #10580 ) ) ;
#126 = AXIS2_PLACEMENT_3D ( 'NONE', #6581, #1175, #10156 ) ;
#127 =( CONVERSION_BASED_UNIT ( 'INCH', #10978 ) LENGTH_UNIT ( ) NAMED_UNIT ( #11618 ) );
#128 = MECHANICAL_DESIGN_GEOMETRIC_PRESENTATION_REPRESENTATION (  '', ( #4855 ), #11534 ) ;
#129 = VECTOR ( 'NONE', #704, 39.37007874015748143 ) ;
#130 =( NAMED_UNIT ( * ) SI_UNIT ( $, .STERADIAN. ) SOLID_ANGLE_UNIT ( ) );
#131 = EDGE_CURVE ( 'NONE', #10394, #3649, #8315, .T. ) ;
#132 = DIRECTION ( 'NONE',  ( -0.000000000000000000, -0.000000000000000000, -1.000000000000000000 ) ) ;
#133 = DIRECTION ( 'NONE',  ( -0.000000000000000000, -1.000000000000000000, -0.000000000000000000 ) ) ;
#134 = AXIS2_PLACEMENT_3D ( 'NONE', #9785, #7916, #1625 ) ;
#135 = SURFACE_SIDE_STYLE ('',( #2732 ) ) ;
#136 = CARTESIAN_POINT ( 'NONE',  ( 0.04200000000000000955, 0.05000000000000000278, -0.01700000000000000122 ) ) ;
#137 = EDGE_CURVE ( 'NONE', #2506, #6155, #2926, .T. ) ;
#138 = VERTEX_POINT ( 'NONE', #6835 ) ;
#139 = PRESENTATION_LAYER_ASSIGNMENT (  '', '', ( #912 ) ) ;
#140 = CARTESIAN_POINT ( 'NONE',  ( 0.04200000000000000955, 0.06499999999999998834, -0.03300000000000000155 ) ) ;
#141 =( GEOMETRIC_REPRESENTATION_CONTEXT ( 3 ) GLOBAL_UNCERTAINTY_ASSIGNED_CONTEXT ( ( #1325 ) ) GLOBAL_UNIT_ASSIGNED_CONTEXT ( ( #1119, #3060, #3999 ) ) REPRESENTATION_CONTEXT ( 'NONE', 'WORKASPACE' ) );
#142 = PRESENTATION_STYLE_ASSIGNMENT (( #3588 ) ) ;
#143 = UNCERTAINTY_MEASURE_WITH_UNIT (LENGTH_MEASURE( 1.000000000000000082E-05 ), #7906, 'distance_accuracy_value', 'NONE');
#144 = COLOUR_RGB ( '',0.8627450980392157298, 0.6274509803921568540, 0.05882352941176470507 ) ;
#145 =( NAMED_UNIT ( * ) PLANE_ANGLE_UNIT ( ) SI_UNIT ( $, .RADIAN. ) );
#146 = CONTEXT_DEPENDENT_SHAPE_REPRESENTATION ( #11236, #1720 ) ;
#147 = EDGE_LOOP ( 'NONE', ( #4946, #9689, #8047, #6968 ) ) ;
#148 =( GEOMETRIC_REPRESENTATION_CONTEXT ( 3 ) GLOBAL_UNCERTAINTY_ASSIGNED_CONTEXT ( ( #8387 ) ) GLOBAL_UNIT_ASSIGNED_CONTEXT ( ( #7548, #3817, #4688 ) ) REPRESENTATION_CONTEXT ( 'NONE', 'WORKASPACE' ) );
#149 = LINE ( 'NONE', #1165, #5625 ) ;
#150 = DIRECTION ( 'NONE',  ( -0.000000000000000000, -1.778546870875169980E-16, 1.000000000000000000 ) ) ;
#151 = SURFACE_SIDE_STYLE ('',( #11176 ) ) ;
#152 = MECHANICAL_DESIGN_GEOMETRIC_PRESENTATION_REPRESENTATION (  '', ( #4293 ), #3184 ) ;
#153 = DIRECTION ( 'NONE',  ( 1.000000000000000000, 0.000000000000000000, 0.000000000000000000 ) ) ;
#154 = DIRECTION ( 'NONE',  ( 0.000000000000000000, 0.000000000000000000, 1.000000000000000000 ) ) ;
#155 = DIRECTION ( 'NONE',  ( -0.000000000000000000, -0.000000000000000000, 1.000000000000000000 ) ) ;
#156 = VECTOR ( 'NONE', #7629, 39.37007874015748143 ) ;
#157 = UNCERTAINTY_MEASURE_WITH_UNIT (LENGTH_MEASURE( 1.000000000000000082E-05 ), #666, 'distance_accuracy_value', 'NONE');
#158 = PLANE ( 'NONE',  #9918 ) ;
#159 = DIRECTION ( 'NONE',  ( -0.000000000000000000, 0.000000000000000000, 1.000000000000000000 ) ) ;
#160 = CARTESIAN_POINT ( 'NONE',  ( 0.09199999999999999845, 0.04000000000000000083, 0.03299999999999999462 ) ) ;
#161 =( NAMED_UNIT ( * ) PLANE_ANGLE_UNIT ( ) SI_UNIT ( $, .RADIAN. ) );
#162 = VERTEX_POINT ( 'NONE', #6616 ) ;
#163 = ORIENTED_EDGE ( 'NONE', *, *, #2091, .T. ) ;
#164 = COLOUR_RGB ( '',0.2862745098039215508, 0.2862745098039215508, 0.2862745098039215508 ) ;
#165 = EDGE_CURVE ( 'NONE', #2175, #8567, #11218, .T. ) ;
#166 = DIRECTION ( 'NONE',  ( 0.8741572761215383736, 0.4856429311786311098, 0.000000000000000000 ) ) ;
#167 = CARTESIAN_POINT ( 'NONE',  ( -0.04700000000000002093, 0.1849999999999999978, 0.02199999999999999178 ) ) ;
#168 = ORIENTED_EDGE ( 'NONE', *, *, #251, .F. ) ;
#169 = CARTESIAN_POINT ( 'NONE',  ( 0.05000000000000000278, 0.2099999999999999922, -0.1199999999999999956 ) ) ;
#170 = PRESENTATION_STYLE_ASSIGNMENT (( #7285 ) ) ;
#171 = SURFACE_STYLE_USAGE ( .BOTH. , #2725 ) ;
#172 = PLANE ( 'NONE',  #8147 ) ;
#173 = ADVANCED_FACE ( 'NONE', ( #6677 ), #11383, .F. ) ;
#174 =( CONVERSION_BASED_UNIT ( 'INCH', #10290 ) LENGTH_UNIT ( ) NAMED_UNIT ( #5826 ) );
#175 = VECTOR ( 'NONE', #7175, 39.37007874015748143 ) ;
#176 =( GEOMETRIC_REPRESENTATION_CONTEXT ( 3 ) GLOBAL_UNCERTAINTY_ASSIGNED_CONTEXT ( ( #4869 ) ) GLOBAL_UNIT_ASSIGNED_CONTEXT ( ( #7593, #244, #4790 ) ) REPRESENTATION_CONTEXT ( 'NONE', 'WORKASPACE' ) );
#177 = SURFACE_STYLE_FILL_AREA ( #11735 ) ;
#178 = ORIENTED_EDGE ( 'NONE', *, *, #3023, .T. ) ;
#179 = PLANE ( 'NONE',  #7310 ) ;
#180 = PRESENTATION_LAYER_ASSIGNMENT (  '', '', ( #5478 ) ) ;
#181 = VERTEX_POINT ( 'NONE', #8489 ) ;
#182 = VECTOR ( 'NONE', #3717, 39.37007874015748143 ) ;
#183 = EDGE_LOOP ( 'NONE', ( #8239, #7106, #9606, #2268 ) ) ;
#184 =( NAMED_UNIT ( * ) PLANE_ANGLE_UNIT ( ) SI_UNIT ( $, .RADIAN. ) );
#185 = LINE ( 'NONE', #8417, #9196 ) ;
#186 = SURFACE_STYLE_FILL_AREA ( #4737 ) ;
#187 = EDGE_CURVE ( 'NONE', #11564, #11329, #5900, .T. ) ;
#188 = FILL_AREA_STYLE_COLOUR ( '', #2256 ) ;
#189 = LINE ( 'NONE', #10922, #9032 ) ;
#190 = DIRECTION ( 'NONE',  ( -1.000000000000000000, -0.000000000000000000, -0.000000000000000000 ) ) ;
#191 = VECTOR ( 'NONE', #5437, 39.37007874015748143 ) ;
#192 = ORIENTED_EDGE ( 'NONE', *, *, #9201, .F. ) ;
#193 = FILL_AREA_STYLE ('',( #5302 ) ) ;
#194 = FILL_AREA_STYLE ('',( #8373 ) ) ;
#195 = EDGE_CURVE ( 'NONE', #2494, #6177, #9466, .T. ) ;
#196 = ADVANCED_FACE ( 'NONE', ( #8673 ), #1204, .F. ) ;
#197 = PLANE ( 'NONE',  #4682 ) ;
#198 = VERTEX_POINT ( 'NONE', #10662 ) ;
#199 = DIMENSIONAL_EXPONENTS ( 1.000000000000000000, 0.000000000000000000, 0.000000000000000000, 0.000000000000000000, 0.000000000000000000, 0.000000000000000000, 0.000000000000000000 ) ;
#200 = VECTOR ( 'NONE', #6656, 39.37007874015748143 ) ;
#201 =( GEOMETRIC_REPRESENTATION_CONTEXT ( 3 ) GLOBAL_UNCERTAINTY_ASSIGNED_CONTEXT ( ( #6894 ) ) GLOBAL_UNIT_ASSIGNED_CONTEXT ( ( #3996, #9545, #10391 ) ) REPRESENTATION_CONTEXT ( 'NONE', 'WORKASPACE' ) );
#202 = EDGE_CURVE ( 'NONE', #11281, #11416, #9744, .T. ) ;
#203 = DIRECTION ( 'NONE',  ( 0.000000000000000000, 0.000000000000000000, 1.000000000000000000 ) ) ;
#204 = PRESENTATION_STYLE_ASSIGNMENT (( #1971 ) ) ;
#205 = LENGTH_MEASURE_WITH_UNIT ( LENGTH_MEASURE( 0.02539999999999999897 ), #2035 );
#206 = SURFACE_STYLE_FILL_AREA ( #10262 ) ;
#207 = ADVANCED_FACE ( 'NONE', ( #2493 ), #8850, .T. ) ;
#208 = DIRECTION ( 'NONE',  ( 0.000000000000000000, 0.000000000000000000, 1.000000000000000000 ) ) ;
#209 = VERTEX_POINT ( 'NONE', #9966 ) ;
#210 =( GEOMETRIC_REPRESENTATION_CONTEXT ( 3 ) GLOBAL_UNCERTAINTY_ASSIGNED_CONTEXT ( ( #8553 ) ) GLOBAL_UNIT_ASSIGNED_CONTEXT ( ( #311, #11323, #5722 ) ) REPRESENTATION_CONTEXT ( 'NONE', 'WORKASPACE' ) );
#211 = FILL_AREA_STYLE ('',( #8262 ) ) ;
#212 = LINE ( 'NONE', #10205, #5236 ) ;
#213 = CARTESIAN_POINT ( 'NONE',  ( 0.1079999999999999988, 0.1759999999999999898, 0.1199999999999999956 ) ) ;
#214 = FILL_AREA_STYLE ('',( #8442 ) ) ;
#215 = EDGE_CURVE ( 'NONE', #11427, #3007, #5147, .T. ) ;
#216 = CARTESIAN_POINT ( 'NONE',  ( -0.008000000000000001901, 0.1759999999999999898, 0.01699999999999996653 ) ) ;
#217 = CARTESIAN_POINT ( 'NONE',  ( -0.05800000000000001682, -0.06600000000000000311, -0.03299999999999999462 ) ) ;
#218 =( LENGTH_UNIT ( ) NAMED_UNIT ( * ) SI_UNIT ( $, .METRE. ) );
#219 =( CONVERSION_BASED_UNIT ( 'INCH', #3713 ) LENGTH_UNIT ( ) NAMED_UNIT ( #11586 ) );
#220 = FILL_AREA_STYLE_COLOUR ( '', #5691 ) ;
#221 = ORIENTED_EDGE ( 'NONE', *, *, #5417, .F. ) ;
#222 = ORIENTED_EDGE ( 'NONE', *, *, #3073, .F. ) ;
#223 = DIRECTION ( 'NONE',  ( 1.000000000000000000, 0.000000000000000000, -0.000000000000000000 ) ) ;
#224 = VECTOR ( 'NONE', #8658, 39.37007874015748143 ) ;
#225 = ORIENTED_EDGE ( 'NONE', *, *, #3648, .T. ) ;
#226 = DIRECTION ( 'NONE',  ( 1.000000000000000000, 0.000000000000000000, -0.000000000000000000 ) ) ;
#227 = DIRECTION ( 'NONE',  ( 0.000000000000000000, -0.4856429311786311098, -0.8741572761215383736 ) ) ;
#228 =( NAMED_UNIT ( * ) SI_UNIT ( $, .STERADIAN. ) SOLID_ANGLE_UNIT ( ) );
#229 = CARTESIAN_POINT ( 'NONE',  ( 4.268512490100411279E-19, -3.414809992080329023E-18, -0.005000000000000000104 ) ) ;
#230 = SURFACE_SIDE_STYLE ('',( #2849 ) ) ;
#231 =( LENGTH_UNIT ( ) NAMED_UNIT ( * ) SI_UNIT ( $, .METRE. ) );
#232 = VECTOR ( 'NONE', #10946, 39.37007874015748143 ) ;
#233 = ORIENTED_EDGE ( 'NONE', *, *, #491, .F. ) ;
#234 = PRESENTATION_STYLE_ASSIGNMENT (( #4013 ) ) ;
#235 = DIRECTION ( 'NONE',  ( 1.000000000000000000, -0.000000000000000000, 0.000000000000000000 ) ) ;
#236 = ORIENTED_EDGE ( 'NONE', *, *, #2163, .F. ) ;
#237 = FILL_AREA_STYLE ('',( #1023 ) ) ;
#238 = AXIS2_PLACEMENT_3D ( 'NONE', #1447, #9766, #9714 ) ;
#239 = ORIENTED_EDGE ( 'NONE', *, *, #6531, .T. ) ;
#240 =( NAMED_UNIT ( * ) SI_UNIT ( $, .STERADIAN. ) SOLID_ANGLE_UNIT ( ) );
#241 = AXIS2_PLACEMENT_3D ( 'NONE', #4646, #8275, #3003 ) ;
#242 = FACE_OUTER_BOUND ( 'NONE', #8453, .T. ) ;
#243 = DIRECTION ( 'NONE',  ( 0.000000000000000000, -1.000000000000000000, -0.000000000000000000 ) ) ;
#244 =( NAMED_UNIT ( * ) PLANE_ANGLE_UNIT ( ) SI_UNIT ( $, .RADIAN. ) );
#245 = ADVANCED_FACE ( 'NONE', ( #949 ), #10537, .T. ) ;
#246 = CARTESIAN_POINT ( 'NONE',  ( -0.05800000000000000294, 0.2099999999999999922, -0.03300000000000000155 ) ) ;
#247 = ORIENTED_EDGE ( 'NONE', *, *, #2736, .F. ) ;
#248 = FILL_AREA_STYLE ('',( #1766 ) ) ;
#249 = PRESENTATION_LAYER_ASSIGNMENT (  '', '', ( #10507 ) ) ;
#250 = DIRECTION ( 'NONE',  ( 0.000000000000000000, 0.000000000000000000, -1.000000000000000000 ) ) ;
#251 = EDGE_CURVE ( 'NONE', #3929, #8889, #8458, .T. ) ;
#252 = VERTEX_POINT ( 'NONE', #350 ) ;
#253 = CARTESIAN_POINT ( 'NONE',  ( 0.04200000000000000955, 0.2099999999999999922, 0.01700000000000000122 ) ) ;
#254 = LENGTH_MEASURE_WITH_UNIT ( LENGTH_MEASURE( 0.02539999999999999897 ), #10195 );
#255 = FILL_AREA_STYLE_COLOUR ( '', #2726 ) ;
#256 = UNCERTAINTY_MEASURE_WITH_UNIT (LENGTH_MEASURE( 1.000000000000000082E-05 ), #11232, 'distance_accuracy_value', 'NONE');
#257 = MECHANICAL_DESIGN_GEOMETRIC_PRESENTATION_REPRESENTATION (  '', ( #5954 ), #6330 ) ;
#258 = MECHANICAL_DESIGN_GEOMETRIC_PRESENTATION_REPRESENTATION (  '', ( #1025 ), #7635 ) ;
#259 = FILL_AREA_STYLE_COLOUR ( '', #802 ) ;
#260 = ADVANCED_FACE ( 'NONE', ( #2176 ), #9375, .F. ) ;
#261 = PRESENTATION_LAYER_ASSIGNMENT (  '', '', ( #827 ) ) ;
#262 = SHAPE_DEFINITION_REPRESENTATION ( #7500, #8375 ) ;
#263 = EDGE_LOOP ( 'NONE', ( #10650, #7430, #7803, #9400 ) ) ;
#264 = PRESENTATION_STYLE_ASSIGNMENT (( #9302 ) ) ;
#265 = MECHANICAL_DESIGN_GEOMETRIC_PRESENTATION_REPRESENTATION (  '', ( #2336 ), #11292 ) ;
#266 = FILL_AREA_STYLE_COLOUR ( '', #10412 ) ;
#267 = EDGE_CURVE ( 'NONE', #10524, #11692, #3788, .T. ) ;
#268 = CARTESIAN_POINT ( 'NONE',  ( -0.3009999999999999898, 0.000000000000000000, 0.02500000000000000139 ) ) ;
#269 = PRESENTATION_LAYER_ASSIGNMENT (  '', '', ( #644 ) ) ;
#270 = STYLED_ITEM ( 'NONE', ( #2993 ), #6018 ) ;
#271 = LINE ( 'NONE', #10142, #2982 ) ;
#272 =( NAMED_UNIT ( * ) PLANE_ANGLE_UNIT ( ) SI_UNIT ( $, .RADIAN. ) );
#273 =( NAMED_UNIT ( * ) SI_UNIT ( $, .STERADIAN. ) SOLID_ANGLE_UNIT ( ) );
#274 = UNCERTAINTY_MEASURE_WITH_UNIT (LENGTH_MEASURE( 1.000000000000000082E-05 ), #7655, 'distance_accuracy_value', 'NONE');
#275 =( REPRESENTATION_RELATIONSHIP ('NONE','NONE', #8375, #4193 ) REPRESENTATION_RELATIONSHIP_WITH_TRANSFORMATION ( #8501 )SHAPE_REPRESENTATION_RELATIONSHIP( ) );
#276 = EDGE_CURVE ( 'NONE', #9340, #4551, #10281, .T. ) ;
#277 = SURFACE_STYLE_FILL_AREA ( #8563 ) ;
#278 = LINE ( 'NONE', #1988, #3102 ) ;
#279 = CARTESIAN_POINT ( 'NONE',  ( 0.007999999999999970676, 0.1759999999999999898, 0.03299999999999995992 ) ) ;
#280 = DIMENSIONAL_EXPONENTS ( 1.000000000000000000, 0.000000000000000000, 0.000000000000000000, 0.000000000000000000, 0.000000000000000000, 0.000000000000000000, 0.000000000000000000 ) ;
#281 = VECTOR ( 'NONE', #3396, 39.37007874015748143 ) ;
#282 = FILL_AREA_STYLE ('',( #8396 ) ) ;
#283 = VERTEX_POINT ( 'NONE', #10339 ) ;
#284 = ORIENTED_EDGE ( 'NONE', *, *, #6940, .F. ) ;
#285 = SURFACE_STYLE_FILL_AREA ( #4823 ) ;
#286 = ADVANCED_FACE ( 'NONE', ( #10096 ), #8399, .T. ) ;
#287 = CARTESIAN_POINT ( 'NONE',  ( 0.1079999999999999988, -0.07499999999999999722, -0.02799999999999999711 ) ) ;
#288 = CARTESIAN_POINT ( 'NONE',  ( 0.2879999999999999782, 0.01999999999999999001, -0.01700000000000000122 ) ) ;
#289 = DIRECTION ( 'NONE',  ( 0.000000000000000000, -0.000000000000000000, 1.000000000000000000 ) ) ;
#290 = UNCERTAINTY_MEASURE_WITH_UNIT (LENGTH_MEASURE( 1.000000000000000082E-05 ), #9805, 'distance_accuracy_value', 'NONE');
#291 = LINE ( 'NONE', #7405, #8269 ) ;
#292 = ORIENTED_EDGE ( 'NONE', *, *, #6812, .T. ) ;
#293 = PRESENTATION_LAYER_ASSIGNMENT (  '', '', ( #660 ) ) ;
#294 = DIRECTION ( 'NONE',  ( 0.000000000000000000, -5.021779400118129785E-16, -1.000000000000000000 ) ) ;
#295 = PLANE ( 'NONE',  #6258 ) ;
#296 = FILL_AREA_STYLE_COLOUR ( '', #7801 ) ;
#297 = FILL_AREA_STYLE_COLOUR ( '', #4550 ) ;
#298 = DIRECTION ( 'NONE',  ( 0.4856429311786310543, -0.8741572761215382625, 0.000000000000000000 ) ) ;
#299 = LENGTH_MEASURE_WITH_UNIT ( LENGTH_MEASURE( 0.02539999999999999897 ), #6762 );
#300 = EDGE_LOOP ( 'NONE', ( #10471, #1739, #8106, #4563, #2632, #1912 ) ) ;
#301 = SURFACE_STYLE_FILL_AREA ( #2185 ) ;
#302 = STYLED_ITEM ( 'NONE', ( #8065 ), #10829 ) ;
#303 = ORIENTED_EDGE ( 'NONE', *, *, #11688, .F. ) ;
#304 = PRESENTATION_STYLE_ASSIGNMENT (( #1241 ) ) ;
#305 = ORIENTED_EDGE ( 'NONE', *, *, #5255, .T. ) ;
#306 = PRESENTATION_STYLE_ASSIGNMENT (( #61 ) ) ;
#307 = FILL_AREA_STYLE_COLOUR ( '', #164 ) ;
#308 = CARTESIAN_POINT ( 'NONE',  ( 0.2879999999999999782, 0.01999999999999999001, -0.01700000000000000122 ) ) ;
#309 = PRESENTATION_LAYER_ASSIGNMENT (  '', '', ( #881 ) ) ;
#310 = VECTOR ( 'NONE', #3799, 39.37007874015748143 ) ;
#311 =( CONVERSION_BASED_UNIT ( 'INCH', #7544 ) LENGTH_UNIT ( ) NAMED_UNIT ( #8084 ) );
#312 = ORIENTED_EDGE ( 'NONE', *, *, #6565, .F. ) ;
#313 = AXIS2_PLACEMENT_3D ( 'NONE', #8361, #6484, #10912 ) ;
#314 = SURFACE_SIDE_STYLE ('',( #5838 ) ) ;
#315 = DIRECTION ( 'NONE',  ( 0.000000000000000000, 1.778546870875169980E-16, -1.000000000000000000 ) ) ;
#316 = CARTESIAN_POINT ( 'NONE',  ( -0.05800000000000000294, 0.06499999999999998834, 0.01700000000000000122 ) ) ;
#317 = STYLED_ITEM ( 'NONE', ( #786 ), #1000 ) ;
#318 = ORIENTED_EDGE ( 'NONE', *, *, #5118, .F. ) ;
#319 = COLOUR_RGB ( '',0.8627450980392157298, 0.6274509803921568540, 0.05882352941176470507 ) ;
#320 = VECTOR ( 'NONE', #10361, 39.37007874015748143 ) ;
#321 = FILL_AREA_STYLE_COLOUR ( '', #7072 ) ;
#322 = STYLED_ITEM ( 'NONE', ( #5074 ), #9917 ) ;
#323 = CARTESIAN_POINT ( 'NONE',  ( 0.2879999999999999782, 0.01999999999999998307, 0.03300000000000000155 ) ) ;
#324 = AXIS2_PLACEMENT_3D ( 'NONE', #7027, #8016, #6212 ) ;
#325 = EDGE_CURVE ( 'NONE', #7171, #4544, #8520, .T. ) ;
#326 = SURFACE_STYLE_FILL_AREA ( #8434 ) ;
#327 = PRESENTATION_LAYER_ASSIGNMENT (  '', '', ( #9807 ) ) ;
#328 = APPLICATION_PROTOCOL_DEFINITION ( 'draft international standard', 'automotive_design', 1998, #2249 ) ;
#329 = VECTOR ( 'NONE', #9356, 39.37007874015748143 ) ;
#330 = VECTOR ( 'NONE', #8032, 39.37007874015748143 ) ;
#331 = ORIENTED_EDGE ( 'NONE', *, *, #4964, .F. ) ;
#332 = DIRECTION ( 'NONE',  ( 0.000000000000000000, 1.000000000000000000, 0.000000000000000000 ) ) ;
#333 = MECHANICAL_DESIGN_GEOMETRIC_PRESENTATION_REPRESENTATION (  '', ( #3924 ), #6025 ) ;
#334 = COLOUR_RGB ( '',0.8627450980392157298, 0.6274509803921568540, 0.05882352941176470507 ) ;
#335 = FILL_AREA_STYLE_COLOUR ( '', #2192 ) ;
#336 = LINE ( 'NONE', #5737, #10223 ) ;
#337 = STYLED_ITEM ( 'NONE', ( #10738 ), #1994 ) ;
#338 = CARTESIAN_POINT ( 'NONE',  ( 0.1079999999999999988, -0.06600000000000000311, -0.03300000000000000155 ) ) ;
#339 = CARTESIAN_POINT ( 'NONE',  ( 0.1079999999999999988, 0.05000000000000000971, -0.01700000000000000122 ) ) ;
#340 =( LENGTH_UNIT ( ) NAMED_UNIT ( * ) SI_UNIT ( $, .METRE. ) );
#341 =( NAMED_UNIT ( * ) PLANE_ANGLE_UNIT ( ) SI_UNIT ( $, .RADIAN. ) );
#342 = DIRECTION ( 'NONE',  ( 0.000000000000000000, -1.000000000000000000, -0.000000000000000000 ) ) ;
#343 = EDGE_CURVE ( 'NONE', #7142, #3900, #4002, .T. ) ;
#344 = AXIS2_PLACEMENT_3D ( 'NONE', #776, #6013, #9690 ) ;
#345 = ORIENTED_EDGE ( 'NONE', *, *, #2235, .F. ) ;
#346 = EDGE_LOOP ( 'NONE', ( #1526, #8932, #2689, #775, #3684, #9464, #6282, #7179, #6487, #11665, #5726, #5242, #4953, #1230, #9369, #3315, #973, #10021, #742, #3708, #4634, #10430, #9682, #2537 ) ) ;
#347 = CARTESIAN_POINT ( 'NONE',  ( -0.05300000000000003320, -0.07499999999999999722, -0.02199999999999999872 ) ) ;
#348 = VECTOR ( 'NONE', #6442, 39.37007874015748854 ) ;
#349 = FILL_AREA_STYLE ('',( #9965 ) ) ;
#350 = CARTESIAN_POINT ( 'NONE',  ( -0.02500000000000000139, 0.05000000000000000278, -0.005000000000000000104 ) ) ;
#351 = DIRECTION ( 'NONE',  ( 0.000000000000000000, 0.000000000000000000, 1.000000000000000000 ) ) ;
#352 = CARTESIAN_POINT ( 'NONE',  ( 0.1079999999999999988, 0.1759999999999999898, 0.03299999999999999462 ) ) ;
#353 = ORIENTED_EDGE ( 'NONE', *, *, #1843, .T. ) ;
#354 = DIRECTION ( 'NONE',  ( -0.000000000000000000, -1.000000000000000000, -0.000000000000000000 ) ) ;
#355 = SURFACE_STYLE_USAGE ( .BOTH. , #3795 ) ;
#356 = EDGE_CURVE ( 'NONE', #9031, #9717, #4582, .T. ) ;
#357 = LINE ( 'NONE', #10638, #1359 ) ;
#358 = PRESENTATION_STYLE_ASSIGNMENT (( #3019 ) ) ;
#359 = LENGTH_MEASURE_WITH_UNIT ( LENGTH_MEASURE( 0.02539999999999999897 ), #231 );
#360 = ORIENTED_EDGE ( 'NONE', *, *, #10368, .F. ) ;
#361 = VECTOR ( 'NONE', #10942, 39.37007874015748143 ) ;
#362 = CARTESIAN_POINT ( 'NONE',  ( 0.04200000000000000955, -0.06600000000000000311, 0.1199999999999999956 ) ) ;
#363 = EDGE_CURVE ( 'NONE', #4932, #8608, #7496, .T. ) ;
#364 = DIRECTION ( 'NONE',  ( 0.000000000000000000, -0.000000000000000000, 1.000000000000000000 ) ) ;
#365 = DIMENSIONAL_EXPONENTS ( 1.000000000000000000, 0.000000000000000000, 0.000000000000000000, 0.000000000000000000, 0.000000000000000000, 0.000000000000000000, 0.000000000000000000 ) ;
#366 = EDGE_LOOP ( 'NONE', ( #10410, #11309, #11395, #4772 ) ) ;
#367 = SURFACE_SIDE_STYLE ('',( #6486 ) ) ;
#368 = ORIENTED_EDGE ( 'NONE', *, *, #11122, .T. ) ;
#369 = VECTOR ( 'NONE', #5512, 39.37007874015748143 ) ;
#370 = MECHANICAL_DESIGN_GEOMETRIC_PRESENTATION_REPRESENTATION (  '', ( #11023 ), #1485 ) ;
#371 = CARTESIAN_POINT ( 'NONE',  ( -0.05800000000000001682, 0.05000000000000000278, -0.01700000000000000122 ) ) ;
#372 = UNCERTAINTY_MEASURE_WITH_UNIT (LENGTH_MEASURE( 1.000000000000000082E-05 ), #1938, 'distance_accuracy_value', 'NONE');
#373 =( NAMED_UNIT ( * ) SI_UNIT ( $, .STERADIAN. ) SOLID_ANGLE_UNIT ( ) );
#374 = DIRECTION ( 'NONE',  ( 1.000000000000000000, 0.000000000000000000, -0.000000000000000000 ) ) ;
#375 = CARTESIAN_POINT ( 'NONE',  ( -1.023936111765899244E-17, 0.005590169943749470800, 6.002595689203703842E-19 ) ) ;
#376 = ORIENTED_EDGE ( 'NONE', *, *, #2305, .F. ) ;
#377 = LINE ( 'NONE', #2263, #4835 ) ;
#378 = DIRECTION ( 'NONE',  ( 0.000000000000000000, -0.000000000000000000, 1.000000000000000000 ) ) ;
#379 = FILL_AREA_STYLE ('',( #11160 ) ) ;
#380 = DIRECTION ( 'NONE',  ( 0.000000000000000000, -7.532669100177199608E-16, 1.000000000000000000 ) ) ;
#381 = ORIENTED_EDGE ( 'NONE', *, *, #701, .F. ) ;
#382 = CARTESIAN_POINT ( 'NONE',  ( -0.04200000000000000955, 0.05000000000000000278, -0.01700000000000000122 ) ) ;
#383 = FILL_AREA_STYLE ('',( #2096 ) ) ;
#384 = CARTESIAN_POINT ( 'NONE',  ( 0.09199999999999999845, 0.04000000000000001471, -0.01700000000000000122 ) ) ;
#385 = SURFACE_STYLE_FILL_AREA ( #1375 ) ;
#386 =( GEOMETRIC_REPRESENTATION_CONTEXT ( 3 ) GLOBAL_UNCERTAINTY_ASSIGNED_CONTEXT ( ( #9765 ) ) GLOBAL_UNIT_ASSIGNED_CONTEXT ( ( #2164, #621, #7834 ) ) REPRESENTATION_CONTEXT ( 'NONE', 'WORKASPACE' ) );
#387 = UNCERTAINTY_MEASURE_WITH_UNIT (LENGTH_MEASURE( 1.000000000000000082E-05 ), #614, 'distance_accuracy_value', 'NONE');
#388 = DIRECTION ( 'NONE',  ( 1.000000000000000000, 0.000000000000000000, 0.000000000000000000 ) ) ;
#389 = LINE ( 'NONE', #2104, #2604 ) ;
#390 = COLOUR_RGB ( '',0.8627450980392157298, 0.6274509803921568540, 0.05882352941176470507 ) ;
#391 = CARTESIAN_POINT ( 'NONE',  ( 0.1029999999999999943, -0.07499999999999999722, 0.02799999999999999711 ) ) ;
#392 = PRESENTATION_STYLE_ASSIGNMENT (( #3991 ) ) ;
#393 =( LENGTH_UNIT ( ) NAMED_UNIT ( * ) SI_UNIT ( $, .METRE. ) );
#394 = UNCERTAINTY_MEASURE_WITH_UNIT (LENGTH_MEASURE( 1.000000000000000082E-05 ), #9711, 'distance_accuracy_value', 'NONE');
#395 = DIRECTION ( 'NONE',  ( 0.000000000000000000, 0.4856429311786318315, -0.8741572761215379295 ) ) ;
#396 = DIRECTION ( 'NONE',  ( 1.000000000000000000, 0.000000000000000000, -0.000000000000000000 ) ) ;
#397 = LINE ( 'NONE', #8340, #1432 ) ;
#398 = MECHANICAL_DESIGN_GEOMETRIC_PRESENTATION_REPRESENTATION (  '', ( #11242 ), #10658 ) ;
#399 = COLOUR_RGB ( '',0.2862745098039215508, 0.2862745098039215508, 0.2862745098039215508 ) ;
#400 = DIRECTION ( 'NONE',  ( 0.000000000000000000, 0.000000000000000000, 1.000000000000000000 ) ) ;
#401 = ORIENTED_EDGE ( 'NONE', *, *, #2660, .F. ) ;
#402 = ORIENTED_EDGE ( 'NONE', *, *, #1160, .F. ) ;
#403 = LENGTH_MEASURE_WITH_UNIT ( LENGTH_MEASURE( 0.02539999999999999897 ), #1178 );
#404 = DIRECTION ( 'NONE',  ( 0.000000000000000000, 0.000000000000000000, -1.000000000000000000 ) ) ;
#405 = LINE ( 'NONE', #3063, #2215 ) ;
#406 = EDGE_CURVE ( 'NONE', #4425, #7950, #149, .T. ) ;
#407 = ORIENTED_EDGE ( 'NONE', *, *, #10153, .F. ) ;
#408 = PLANE ( 'NONE',  #5064 ) ;
#409 = LINE ( 'NONE', #9676, #1871 ) ;
#410 = LENGTH_MEASURE_WITH_UNIT ( LENGTH_MEASURE( 0.02539999999999999897 ), #9726 );
#411 = DIMENSIONAL_EXPONENTS ( 1.000000000000000000, 0.000000000000000000, 0.000000000000000000, 0.000000000000000000, 0.000000000000000000, 0.000000000000000000, 0.000000000000000000 ) ;
#412 = LINE ( 'NONE', #10234, #882 ) ;
#413 = VERTEX_POINT ( 'NONE', #6451 ) ;
#414 = EDGE_CURVE ( 'NONE', #1565, #2643, #1979, .T. ) ;
#415 = FACE_OUTER_BOUND ( 'NONE', #6927, .T. ) ;
#416 = STYLED_ITEM ( 'NONE', ( #2079 ), #3758 ) ;
#417 =( CONVERSION_BASED_UNIT ( 'INCH', #11147 ) LENGTH_UNIT ( ) NAMED_UNIT ( #4272 ) );
#418 = ORIENTED_EDGE ( 'NONE', *, *, #2520, .T. ) ;
#419 = FILL_AREA_STYLE_COLOUR ( '', #11629 ) ;
#420 = ORIENTED_EDGE ( 'NONE', *, *, #1588, .F. ) ;
#421 = LENGTH_MEASURE_WITH_UNIT ( LENGTH_MEASURE( 0.02539999999999999897 ), #6669 );
#422 = FILL_AREA_STYLE ('',( #307 ) ) ;
#423 = EDGE_CURVE ( 'NONE', #4691, #4230, #7318, .T. ) ;
#424 = CARTESIAN_POINT ( 'NONE',  ( 0.1079999999999999988, 0.1849999999999999978, 0.02799999999999999711 ) ) ;
#425 = SURFACE_STYLE_USAGE ( .BOTH. , #2979 ) ;
#426 = EDGE_LOOP ( 'NONE', ( #2016, #2842, #7697, #1604 ) ) ;
#427 = EDGE_CURVE ( 'NONE', #1619, #906, #9131, .T. ) ;
#428 =( GEOMETRIC_REPRESENTATION_CONTEXT ( 3 ) GLOBAL_UNCERTAINTY_ASSIGNED_CONTEXT ( ( #4049 ) ) GLOBAL_UNIT_ASSIGNED_CONTEXT ( ( #11584, #9842, #8887 ) ) REPRESENTATION_CONTEXT ( 'NONE', 'WORKASPACE' ) );
#429 = ORIENTED_EDGE ( 'NONE', *, *, #9028, .T. ) ;
#430 =( NAMED_UNIT ( * ) PLANE_ANGLE_UNIT ( ) SI_UNIT ( $, .RADIAN. ) );
#431 = DIMENSIONAL_EXPONENTS ( 1.000000000000000000, 0.000000000000000000, 0.000000000000000000, 0.000000000000000000, 0.000000000000000000, 0.000000000000000000, 0.000000000000000000 ) ;
#432 = LENGTH_MEASURE_WITH_UNIT ( LENGTH_MEASURE( 0.02539999999999999897 ), #9243 );
#433 = CARTESIAN_POINT ( 'NONE',  ( 0.09199999999999999845, 0.2099999999999999922, -0.01700000000000000122 ) ) ;
#434 = CARTESIAN_POINT ( 'NONE',  ( -0.003000000000000010904, 0.1849999999999999978, 0.02799999999999997283 ) ) ;
#435 = MECHANICAL_DESIGN_GEOMETRIC_PRESENTATION_REPRESENTATION (  '', ( #10696 ), #3634 ) ;
#436 = AXIS2_PLACEMENT_3D ( 'NONE', #7955, #10556, #11637 ) ;
#437 = SURFACE_STYLE_FILL_AREA ( #4921 ) ;
#438 = ORIENTED_EDGE ( 'NONE', *, *, #3308, .T. ) ;
#439 =( NAMED_UNIT ( * ) PLANE_ANGLE_UNIT ( ) SI_UNIT ( $, .RADIAN. ) );
#440 =( NAMED_UNIT ( * ) SI_UNIT ( $, .STERADIAN. ) SOLID_ANGLE_UNIT ( ) );
#441 = VECTOR ( 'NONE', #8014, 39.37007874015748143 ) ;
#442 = SURFACE_SIDE_STYLE ('',( #11501 ) ) ;
#443 = STYLED_ITEM ( 'NONE', ( #8679 ), #2882 ) ;
#444 = LINE ( 'NONE', #7669, #575 ) ;
#445 = DIRECTION ( 'NONE',  ( -0.8741572761215383736, -0.4856429311786311098, 0.000000000000000000 ) ) ;
#446 =( CONVERSION_BASED_UNIT ( 'INCH', #11237 ) LENGTH_UNIT ( ) NAMED_UNIT ( #7236 ) );
#447 = CARTESIAN_POINT ( 'NONE',  ( -0.3250000000000000111, 0.2099999999999999922, 0.1000000000000000056 ) ) ;
#448 = PLANE ( 'NONE',  #9304 ) ;
#449 = PRESENTATION_LAYER_ASSIGNMENT (  '', '', ( #2159 ) ) ;
#450 = ORIENTED_EDGE ( 'NONE', *, *, #2595, .F. ) ;
#451 = EDGE_LOOP ( 'NONE', ( #9037, #2486, #2649, #1466 ) ) ;
#452 = PRESENTATION_STYLE_ASSIGNMENT (( #2059 ) ) ;
#453 = VECTOR ( 'NONE', #3143, 39.37007874015748143 ) ;
#454 = EDGE_LOOP ( 'NONE', ( #10243, #7482, #9638, #7649 ) ) ;
#455 = ADVANCED_FACE ( 'NONE', ( #5600 ), #4700, .F. ) ;
#456 = ORIENTED_EDGE ( 'NONE', *, *, #4033, .T. ) ;
#457 =( NAMED_UNIT ( * ) PLANE_ANGLE_UNIT ( ) SI_UNIT ( $, .RADIAN. ) );
#458 = SURFACE_SIDE_STYLE ('',( #11359 ) ) ;
#459 = SURFACE_SIDE_STYLE ('',( #2419 ) ) ;
#460 = AXIS2_PLACEMENT_3D ( 'NONE', #3030, #3972, #6670 ) ;
#461 =( LENGTH_UNIT ( ) NAMED_UNIT ( * ) SI_UNIT ( $, .METRE. ) );
#462 = DIRECTION ( 'NONE',  ( -1.000000000000000000, 0.000000000000000000, -0.000000000000000000 ) ) ;
#463 = DIRECTION ( 'NONE',  ( 0.000000000000000000, 0.000000000000000000, 1.000000000000000000 ) ) ;
#464 = SURFACE_STYLE_FILL_AREA ( #6599 ) ;
#465 = ORIENTED_EDGE ( 'NONE', *, *, #6443, .T. ) ;
#466 = EDGE_CURVE ( 'NONE', #10295, #7950, #11116, .T. ) ;
#467 = LENGTH_MEASURE_WITH_UNIT ( LENGTH_MEASURE( 0.02539999999999999897 ), #3852 );
#468 = FILL_AREA_STYLE_COLOUR ( '', #1078 ) ;
#469 = VECTOR ( 'NONE', #1108, 39.37007874015748143 ) ;
#470 = VERTEX_POINT ( 'NONE', #2936 ) ;
#471 = ORIENTED_EDGE ( 'NONE', *, *, #10666, .F. ) ;
#472 = FILL_AREA_STYLE ('',( #10418 ) ) ;
#473 = UNCERTAINTY_MEASURE_WITH_UNIT (LENGTH_MEASURE( 1.000000000000000082E-05 ), #3614, 'distance_accuracy_value', 'NONE');
#474 = CARTESIAN_POINT ( 'NONE',  ( -0.04200000000000000955, 0.04999999999999999584, -0.03299999999999999462 ) ) ;
#475 = COLOUR_RGB ( '',0.8627450980392157298, 0.6274509803921568540, 0.05882352941176470507 ) ;
#476 = DIRECTION ( 'NONE',  ( 0.000000000000000000, 1.000000000000000000, 0.000000000000000000 ) ) ;
#477 = ADVANCED_FACE ( 'NONE', ( #3645 ), #4358, .F. ) ;
#478 = ORIENTED_EDGE ( 'NONE', *, *, #4685, .T. ) ;
#479 = CARTESIAN_POINT ( 'NONE',  ( 0.000000000000000000, 0.000000000000000000, 0.000000000000000000 ) ) ;
#480 = DIMENSIONAL_EXPONENTS ( 1.000000000000000000, 0.000000000000000000, 0.000000000000000000, 0.000000000000000000, 0.000000000000000000, 0.000000000000000000, 0.000000000000000000 ) ;
#481 = SURFACE_SIDE_STYLE ('',( #9402 ) ) ;
#482 = PRESENTATION_STYLE_ASSIGNMENT (( #7169 ) ) ;
#483 = DIRECTION ( 'NONE',  ( 0.000000000000000000, -1.000000000000000000, -0.000000000000000000 ) ) ;
#484 = EDGE_CURVE ( 'NONE', #2695, #4217, #10038, .T. ) ;
#485 = VERTEX_POINT ( 'NONE', #9090 ) ;
#486 = CARTESIAN_POINT ( 'NONE',  ( 0.04200000000000000955, 0.1759999999999999898, 0.01700000000000000122 ) ) ;
#487 =( LENGTH_UNIT ( ) NAMED_UNIT ( * ) SI_UNIT ( $, .METRE. ) );
#488 =( NAMED_UNIT ( * ) SI_UNIT ( $, .STERADIAN. ) SOLID_ANGLE_UNIT ( ) );
#489 =( NAMED_UNIT ( * ) SI_UNIT ( $, .STERADIAN. ) SOLID_ANGLE_UNIT ( ) );
#490 = UNCERTAINTY_MEASURE_WITH_UNIT (LENGTH_MEASURE( 1.000000000000000082E-05 ), #3692, 'distance_accuracy_value', 'NONE');
#491 = EDGE_CURVE ( 'NONE', #3496, #8123, #3560, .T. ) ;
#492 = LINE ( 'NONE', #11224, #4350 ) ;
#493 = COLOUR_RGB ( '',0.2862745098039215508, 0.2862745098039215508, 0.2862745098039215508 ) ;
#494 = COLOUR_RGB ( '',0.2862745098039215508, 0.2862745098039215508, 0.2862745098039215508 ) ;
#495 = DIRECTION ( 'NONE',  ( -0.8741572761215379295, 0.4856429311786318315, 0.000000000000000000 ) ) ;
#496 = CARTESIAN_POINT ( 'NONE',  ( 0.1029999999999999943, -0.07499999999999999722, -0.02199999999999999872 ) ) ;
#497 = VECTOR ( 'NONE', #6767, 39.37007874015748143 ) ;
#498 = COLOUR_RGB ( '',0.8627450980392157298, 0.6274509803921568540, 0.05882352941176470507 ) ;
#499 =( NAMED_UNIT ( * ) SI_UNIT ( $, .STERADIAN. ) SOLID_ANGLE_UNIT ( ) );
#500 = LINE ( 'NONE', #11566, #5395 ) ;
#501 = CARTESIAN_POINT ( 'NONE',  ( 0.04699999999999998623, -0.07499999999999999722, 0.1199999999999999956 ) ) ;
#502 =( LENGTH_UNIT ( ) NAMED_UNIT ( * ) SI_UNIT ( $, .METRE. ) );
#503 = UNCERTAINTY_MEASURE_WITH_UNIT (LENGTH_MEASURE( 1.000000000000000082E-05 ), #6109, 'distance_accuracy_value', 'NONE');
#504 = STYLED_ITEM ( 'NONE', ( #6957 ), #1044 ) ;
#505 = CARTESIAN_POINT ( 'NONE',  ( 0.000000000000000000, 0.000000000000000000, -0.1199999999999999956 ) ) ;
#506 = VECTOR ( 'NONE', #4635, 39.37007874015748143 ) ;
#507 = SURFACE_STYLE_FILL_AREA ( #1506 ) ;
#508 =( GEOMETRIC_REPRESENTATION_CONTEXT ( 3 ) GLOBAL_UNCERTAINTY_ASSIGNED_CONTEXT ( ( #5427 ) ) GLOBAL_UNIT_ASSIGNED_CONTEXT ( ( #1116, #161, #1278 ) ) REPRESENTATION_CONTEXT ( 'NONE', 'WORKASPACE' ) );
#509 = SURFACE_STYLE_FILL_AREA ( #8630 ) ;
#510 = DIMENSIONAL_EXPONENTS ( 1.000000000000000000, 0.000000000000000000, 0.000000000000000000, 0.000000000000000000, 0.000000000000000000, 0.000000000000000000, 0.000000000000000000 ) ;
#511 = DIRECTION ( 'NONE',  ( -0.000000000000000000, 1.000000000000000000, 0.000000000000000000 ) ) ;
#512 = ORIENTED_EDGE ( 'NONE', *, *, #6940, .T. ) ;
#513 = ORIENTED_EDGE ( 'NONE', *, *, #9353, .T. ) ;
#514 = PRESENTATION_LAYER_ASSIGNMENT (  '', '', ( #1821 ) ) ;
#515 = VECTOR ( 'NONE', #6970, 39.37007874015748143 ) ;
#516 = CARTESIAN_POINT ( 'NONE',  ( -0.05800000000000001682, 0.04000000000000000777, -0.01700000000000000122 ) ) ;
#517 = STYLED_ITEM ( 'NONE', ( #4174 ), #675 ) ;
#518 = EDGE_LOOP ( 'NONE', ( #51, #8086, #6347, #2253 ) ) ;
#519 = FACE_OUTER_BOUND ( 'NONE', #1139, .T. ) ;
#520 = PRESENTATION_STYLE_ASSIGNMENT (( #5928 ) ) ;
#521 = MECHANICAL_DESIGN_GEOMETRIC_PRESENTATION_REPRESENTATION (  '', ( #8669 ), #7887 ) ;
#522 = FILL_AREA_STYLE ('',( #638 ) ) ;
#523 = AXIS2_PLACEMENT_3D ( 'NONE', #4429, #5088, #8052 ) ;
#524 = FILL_AREA_STYLE ('',( #4010 ) ) ;
#525 = CARTESIAN_POINT ( 'NONE',  ( -0.008000000000000010575, 0.2099999999999999922, 0.03300000000000000155 ) ) ;
#526 = VECTOR ( 'NONE', #2825, 39.37007874015748143 ) ;
#527 = DIRECTION ( 'NONE',  ( 0.000000000000000000, 1.000000000000000000, 0.000000000000000000 ) ) ;
#528 = ORIENTED_EDGE ( 'NONE', *, *, #8054, .F. ) ;
#529 = LINE ( 'NONE', #9729, #731 ) ;
#530 = EDGE_CURVE ( 'NONE', #6777, #6828, #7167, .T. ) ;
#531 = MECHANICAL_DESIGN_GEOMETRIC_PRESENTATION_REPRESENTATION (  '', ( #9819 ), #7154 ) ;
#532 = VERTEX_POINT ( 'NONE', #37 ) ;
#533 = SURFACE_STYLE_FILL_AREA ( #6876 ) ;
#534 = VERTEX_POINT ( 'NONE', #950 ) ;
#535 = LENGTH_MEASURE_WITH_UNIT ( LENGTH_MEASURE( 0.02539999999999999897 ), #3140 );
#536 = EDGE_CURVE ( 'NONE', #5458, #8414, #11792, .T. ) ;
#537 = LINE ( 'NONE', #11482, #10253 ) ;
#538 = DIRECTION ( 'NONE',  ( -1.000000000000000000, 0.000000000000000000, 0.000000000000000000 ) ) ;
#539 = LINE ( 'NONE', #9396, #7643 ) ;
#540 = SURFACE_SIDE_STYLE ('',( #3210 ) ) ;
#541 = VECTOR ( 'NONE', #86, 39.37007874015748854 ) ;
#542 = DIRECTION ( 'NONE',  ( 1.000000000000000000, 0.000000000000000000, -0.000000000000000000 ) ) ;
#543 = FACE_OUTER_BOUND ( 'NONE', #705, .T. ) ;
#544 = ORIENTED_EDGE ( 'NONE', *, *, #10233, .T. ) ;
#545 = CARTESIAN_POINT ( 'NONE',  ( 0.09199999999999999845, 0.2099999999999999922, -0.01700000000000000122 ) ) ;
#546 = VECTOR ( 'NONE', #8268, 39.37007874015748143 ) ;
#547 =( LENGTH_UNIT ( ) NAMED_UNIT ( * ) SI_UNIT ( $, .METRE. ) );
#548 = STYLED_ITEM ( 'NONE', ( #1830 ), #7586 ) ;
#549 = ORIENTED_EDGE ( 'NONE', *, *, #10611, .F. ) ;
#550 = LINE ( 'NONE', #606, #1054 ) ;
#551 = ADVANCED_FACE ( 'NONE', ( #6352 ), #9908, .F. ) ;
#552 = CARTESIAN_POINT ( 'NONE',  ( -0.05000000000000000971, 0.2099999999999999922, 0.1000000000000000056 ) ) ;
#553 = ADVANCED_FACE ( 'NONE', ( #6235 ), #2661, .F. ) ;
#554 = SURFACE_SIDE_STYLE ('',( #5040 ) ) ;
#555 = VERTEX_POINT ( 'NONE', #2840 ) ;
#556 = FILL_AREA_STYLE ('',( #9590 ) ) ;
#557 = PRESENTATION_STYLE_ASSIGNMENT (( #8616 ) ) ;
#558 = AXIS2_PLACEMENT_3D ( 'NONE', #3029, #2131, #2190 ) ;
#559 = LINE ( 'NONE', #6799, #4340 ) ;
#560 = EDGE_CURVE ( 'NONE', #4551, #3463, #6470, .T. ) ;
#561 = SURFACE_STYLE_FILL_AREA ( #4043 ) ;
#562 = PRESENTATION_STYLE_ASSIGNMENT (( #7723 ) ) ;
#563 = ADVANCED_FACE ( 'NONE', ( #2116 ), #7403, .F. ) ;
#564 = PLANE ( 'NONE',  #10801 ) ;
#565 = DIMENSIONAL_EXPONENTS ( 1.000000000000000000, 0.000000000000000000, 0.000000000000000000, 0.000000000000000000, 0.000000000000000000, 0.000000000000000000, 0.000000000000000000 ) ;
#566 = VECTOR ( 'NONE', #3425, 39.37007874015748143 ) ;
#567 = FILL_AREA_STYLE ('',( #6096 ) ) ;
#568 = LINE ( 'NONE', #8558, #5188 ) ;
#569 =( NAMED_UNIT ( * ) PLANE_ANGLE_UNIT ( ) SI_UNIT ( $, .RADIAN. ) );
#570 = SURFACE_STYLE_USAGE ( .BOTH. , #8751 ) ;
#571 = CARTESIAN_POINT ( 'NONE',  ( 0.1079999999999999988, -0.06600000000000000311, 0.01700000000000000122 ) ) ;
#572 = DIRECTION ( 'NONE',  ( 0.4368520283305180607, 0.7863336509949352404, 0.4368520283305180607 ) ) ;
#573 = ORIENTED_EDGE ( 'NONE', *, *, #530, .F. ) ;
#574 = ORIENTED_EDGE ( 'NONE', *, *, #3073, .T. ) ;
#575 = VECTOR ( 'NONE', #11343, 39.37007874015748143 ) ;
#576 = LINE ( 'NONE', #3360, #5043 ) ;
#577 = STYLED_ITEM ( 'NONE', ( #2879 ), #8330 ) ;
#578 =( NAMED_UNIT ( * ) SI_UNIT ( $, .STERADIAN. ) SOLID_ANGLE_UNIT ( ) );
#579 = FILL_AREA_STYLE_COLOUR ( '', #6600 ) ;
#580 = EDGE_CURVE ( 'NONE', #5319, #3212, #5623, .T. ) ;
#581 = CARTESIAN_POINT ( 'NONE',  ( 0.05800000000000000294, 0.02000000000000000042, -0.05999999999999999778 ) ) ;
#582 = ORIENTED_EDGE ( 'NONE', *, *, #6863, .F. ) ;
#583 = DIRECTION ( 'NONE',  ( 1.000000000000000000, 0.000000000000000000, -0.000000000000000000 ) ) ;
#584 =( GEOMETRIC_REPRESENTATION_CONTEXT ( 3 ) GLOBAL_UNCERTAINTY_ASSIGNED_CONTEXT ( ( #387 ) ) GLOBAL_UNIT_ASSIGNED_CONTEXT ( ( #614, #10548, #6197 ) ) REPRESENTATION_CONTEXT ( 'NONE', 'WORKASPACE' ) );
#585 =( NAMED_UNIT ( * ) SI_UNIT ( $, .STERADIAN. ) SOLID_ANGLE_UNIT ( ) );
#586 = SURFACE_STYLE_USAGE ( .BOTH. , #1462 ) ;
#587 = SURFACE_STYLE_USAGE ( .BOTH. , #8713 ) ;
#588 = ORIENTED_EDGE ( 'NONE', *, *, #1123, .T. ) ;
#589 = PRESENTATION_STYLE_ASSIGNMENT (( #7911 ) ) ;
#590 = DIMENSIONAL_EXPONENTS ( 1.000000000000000000, 0.000000000000000000, 0.000000000000000000, 0.000000000000000000, 0.000000000000000000, 0.000000000000000000, 0.000000000000000000 ) ;
#591 = VECTOR ( 'NONE', #7114, 39.37007874015748143 ) ;
#592 = ORIENTED_EDGE ( 'NONE', *, *, #1477, .T. ) ;
#593 =( NAMED_UNIT ( * ) PLANE_ANGLE_UNIT ( ) SI_UNIT ( $, .RADIAN. ) );
#594 = VERTEX_POINT ( 'NONE', #3841 ) ;
#595 = PRESENTATION_STYLE_ASSIGNMENT (( #3317 ) ) ;
#596 = PLANE ( 'NONE',  #11314 ) ;
#597 = UNCERTAINTY_MEASURE_WITH_UNIT (LENGTH_MEASURE( 1.000000000000000082E-05 ), #8024, 'distance_accuracy_value', 'NONE');
#598 = PLANE ( 'NONE',  #1658 ) ;
#599 = LENGTH_MEASURE_WITH_UNIT ( LENGTH_MEASURE( 0.02539999999999999897 ), #5274 );
#600 = PRESENTATION_STYLE_ASSIGNMENT (( #8729 ) ) ;
#601 = ORIENTED_EDGE ( 'NONE', *, *, #7063, .F. ) ;
#602 = DIRECTION ( 'NONE',  ( -0.000000000000000000, -0.000000000000000000, -1.000000000000000000 ) ) ;
#603 = DIRECTION ( 'NONE',  ( 0.000000000000000000, 0.000000000000000000, -1.000000000000000000 ) ) ;
#604 = CARTESIAN_POINT ( 'NONE',  ( -0.04700000000000005562, 0.1849999999999999978, 0.02799999999999999711 ) ) ;
#605 = VERTEX_POINT ( 'NONE', #5810 ) ;
#606 = CARTESIAN_POINT ( 'NONE',  ( 0.007999999999999989758, 0.05000000000000000278, 0.01700000000000000122 ) ) ;
#607 = EDGE_CURVE ( 'NONE', #6075, #8767, #2951, .T. ) ;
#608 = DIRECTION ( 'NONE',  ( 0.000000000000000000, -1.000000000000000000, -0.000000000000000000 ) ) ;
#609 = ORIENTED_EDGE ( 'NONE', *, *, #1669, .F. ) ;
#610 = LENGTH_MEASURE_WITH_UNIT ( LENGTH_MEASURE( 0.02539999999999999897 ), #5848 );
#611 =( NAMED_UNIT ( * ) PLANE_ANGLE_UNIT ( ) SI_UNIT ( $, .RADIAN. ) );
#612 = UNCERTAINTY_MEASURE_WITH_UNIT (LENGTH_MEASURE( 1.000000000000000082E-05 ), #2755, 'distance_accuracy_value', 'NONE');
#613 = CARTESIAN_POINT ( 'NONE',  ( 0.05800000000000000294, -0.06600000000000000311, 0.01699999999999996653 ) ) ;
#614 =( CONVERSION_BASED_UNIT ( 'INCH', #11558 ) LENGTH_UNIT ( ) NAMED_UNIT ( #2481 ) );
#615 = PRESENTATION_LAYER_ASSIGNMENT (  '', '', ( #2306 ) ) ;
#616 = EDGE_CURVE ( 'NONE', #11737, #7276, #10225, .T. ) ;
#617 = SURFACE_STYLE_USAGE ( .BOTH. , #11627 ) ;
#618 = PLANE ( 'NONE',  #2806 ) ;
#619 =( NAMED_UNIT ( * ) PLANE_ANGLE_UNIT ( ) SI_UNIT ( $, .RADIAN. ) );
#620 = CARTESIAN_POINT ( 'NONE',  ( -0.2879999999999999782, 0.000000000000000000, 0.1000000000000000056 ) ) ;
#621 =( NAMED_UNIT ( * ) PLANE_ANGLE_UNIT ( ) SI_UNIT ( $, .RADIAN. ) );
#622 = DIRECTION ( 'NONE',  ( 0.000000000000000000, 1.000000000000000000, 7.532669100177199608E-16 ) ) ;
#623 = UNCERTAINTY_MEASURE_WITH_UNIT (LENGTH_MEASURE( 1.000000000000000082E-05 ), #10194, 'distance_accuracy_value', 'NONE');
#624 = DIRECTION ( 'NONE',  ( 0.4368520283305197816, 0.7863336509949336861, 0.4368520283305188934 ) ) ;
#625 =( NAMED_UNIT ( * ) PLANE_ANGLE_UNIT ( ) SI_UNIT ( $, .RADIAN. ) );
#626 = ORIENTED_EDGE ( 'NONE', *, *, #2344, .F. ) ;
#627 = ORIENTED_EDGE ( 'NONE', *, *, #8388, .T. ) ;
#628 = EDGE_CURVE ( 'NONE', #10251, #8097, #9319, .T. ) ;
#629 = CARTESIAN_POINT ( 'NONE',  ( 0.05800000000000000294, 0.05000000000000000278, 0.1199999999999999956 ) ) ;
#630 = PLANE ( 'NONE',  #900 ) ;
#631 = CARTESIAN_POINT ( 'NONE',  ( -0.008000000000000010575, 0.2099999999999999922, -0.03300000000000000155 ) ) ;
#632 = COLOUR_RGB ( '',0.8627450980392157298, 0.6274509803921568540, 0.05882352941176470507 ) ;
#633 = STYLED_ITEM ( 'NONE', ( #8552 ), #2896 ) ;
#634 = PRESENTATION_STYLE_ASSIGNMENT (( #8812 ) ) ;
#635 = ORIENTED_EDGE ( 'NONE', *, *, #5470, .F. ) ;
#636 = DIRECTION ( 'NONE',  ( -0.000000000000000000, -0.000000000000000000, 1.000000000000000000 ) ) ;
#637 = EDGE_CURVE ( 'NONE', #3719, #3553, #3362, .T. ) ;
#638 = FILL_AREA_STYLE_COLOUR ( '', #8505 ) ;
#639 =( NAMED_UNIT ( * ) PLANE_ANGLE_UNIT ( ) SI_UNIT ( $, .RADIAN. ) );
#640 = CARTESIAN_POINT ( 'NONE',  ( 0.007999999999999989758, -0.06600000000000000311, 0.03300000000000000155 ) ) ;
#641 = DIRECTION ( 'NONE',  ( 0.000000000000000000, 1.000000000000000000, 0.000000000000000000 ) ) ;
#642 = DIMENSIONAL_EXPONENTS ( 1.000000000000000000, 0.000000000000000000, 0.000000000000000000, 0.000000000000000000, 0.000000000000000000, 0.000000000000000000, 0.000000000000000000 ) ;
#643 = ADVANCED_FACE ( 'NONE', ( #7738 ), #6047, .F. ) ;
#644 = STYLED_ITEM ( 'NONE', ( #7657 ), #6718 ) ;
#645 = CARTESIAN_POINT ( 'NONE',  ( -0.09199999999999999845, 0.05000000000000000278, 0.1199999999999999956 ) ) ;
#646 = VECTOR ( 'NONE', #11052, 39.37007874015748143 ) ;
#647 = EDGE_LOOP ( 'NONE', ( #2405, #4034, #10296, #305 ) ) ;
#648 = PRESENTATION_STYLE_ASSIGNMENT (( #1468 ) ) ;
#649 = EDGE_CURVE ( 'NONE', #8034, #10136, #7623, .T. ) ;
#650 = EDGE_LOOP ( 'NONE', ( #9904, #5713, #5978, #1351 ) ) ;
#651 = PRESENTATION_LAYER_ASSIGNMENT (  '', '', ( #11685 ) ) ;
#652 = FILL_AREA_STYLE_COLOUR ( '', #47 ) ;
#653 = ORIENTED_EDGE ( 'NONE', *, *, #4238, .F. ) ;
#654 = DIRECTION ( 'NONE',  ( -0.000000000000000000, -0.7071067811865474617, 0.7071067811865474617 ) ) ;
#655 = PRESENTATION_STYLE_ASSIGNMENT (( #4303 ) ) ;
#656 = CARTESIAN_POINT ( 'NONE',  ( 0.000000000000000000, 0.000000000000000000, 0.02500000000000000139 ) ) ;
#657 = APPLICATION_CONTEXT ( 'automotive_design' ) ;
#658 = DIRECTION ( 'NONE',  ( 0.000000000000000000, 0.000000000000000000, 1.000000000000000000 ) ) ;
#659 = DIRECTION ( 'NONE',  ( 0.000000000000000000, 0.000000000000000000, 1.000000000000000000 ) ) ;
#660 = STYLED_ITEM ( 'NONE', ( #4909 ), #6984 ) ;
#661 = ORIENTED_EDGE ( 'NONE', *, *, #3739, .T. ) ;
#662 = DIRECTION ( 'NONE',  ( 1.000000000000000000, 0.000000000000000000, -0.000000000000000000 ) ) ;
#663 = ORIENTED_EDGE ( 'NONE', *, *, #7492, .F. ) ;
#664 = DIMENSIONAL_EXPONENTS ( 1.000000000000000000, 0.000000000000000000, 0.000000000000000000, 0.000000000000000000, 0.000000000000000000, 0.000000000000000000, 0.000000000000000000 ) ;
#665 = LINE ( 'NONE', #8856, #1120 ) ;
#666 =( CONVERSION_BASED_UNIT ( 'INCH', #610 ) LENGTH_UNIT ( ) NAMED_UNIT ( #10850 ) );
#667 = PLANE ( 'NONE',  #1591 ) ;
#668 = DIRECTION ( 'NONE',  ( 0.000000000000000000, 0.8741572761215371523, 0.4856429311786330527 ) ) ;
#669 = SURFACE_STYLE_FILL_AREA ( #1653 ) ;
#670 = ORIENTED_EDGE ( 'NONE', *, *, #2414, .T. ) ;
#671 = VECTOR ( 'NONE', #4709, 39.37007874015748143 ) ;
#672 = CARTESIAN_POINT ( 'NONE',  ( 0.09199999999999999845, -0.06600000000000000311, -0.03300000000000000155 ) ) ;
#673 = SURFACE_STYLE_USAGE ( .BOTH. , #9763 ) ;
#674 =( NAMED_UNIT ( * ) SI_UNIT ( $, .STERADIAN. ) SOLID_ANGLE_UNIT ( ) );
#675 = ADVANCED_FACE ( 'NONE', ( #8758 ), #11354, .T. ) ;
#676 = FACE_OUTER_BOUND ( 'NONE', #7735, .T. ) ;
#677 = CARTESIAN_POINT ( 'NONE',  ( 0.3109999999999999987, 0.04499999999999999833, 0.02500000000000000139 ) ) ;
#678 = VECTOR ( 'NONE', #9484, 39.37007874015748143 ) ;
#679 =( CONVERSION_BASED_UNIT ( 'INCH', #2946 ) LENGTH_UNIT ( ) NAMED_UNIT ( #5596 ) );
#680 = ORIENTED_EDGE ( 'NONE', *, *, #10666, .T. ) ;
#681 = VERTEX_POINT ( 'NONE', #10506 ) ;
#682 = VECTOR ( 'NONE', #7480, 39.37007874015748143 ) ;
#683 = FILL_AREA_STYLE ('',( #7208 ) ) ;
#684 = DIRECTION ( 'NONE',  ( 0.000000000000000000, 0.000000000000000000, 1.000000000000000000 ) ) ;
#685 = VERTEX_POINT ( 'NONE', #2342 ) ;
#686 =( NAMED_UNIT ( * ) SI_UNIT ( $, .STERADIAN. ) SOLID_ANGLE_UNIT ( ) );
#687 = COLOUR_RGB ( '',0.8627450980392157298, 0.6274509803921568540, 0.05882352941176470507 ) ;
#688 = DIRECTION ( 'NONE',  ( -0.4368520283305199481, -0.7863336509949335751, 0.4368520283305192264 ) ) ;
#689 = VECTOR ( 'NONE', #2822, 39.37007874015748143 ) ;
#690 = STYLED_ITEM ( 'NONE', ( #9450 ), #11446 ) ;
#691 = EDGE_CURVE ( 'NONE', #5805, #1565, #5983, .T. ) ;
#692 = FACE_OUTER_BOUND ( 'NONE', #5015, .T. ) ;
#693 = CARTESIAN_POINT ( 'NONE',  ( 0.2899999999999999800, 0.06500000000000000222, 0.07000000000000000666 ) ) ;
#694 = PRESENTATION_LAYER_ASSIGNMENT (  '', '', ( #322 ) ) ;
#695 = VECTOR ( 'NONE', #2053, 39.37007874015748143 ) ;
#696 = ORIENTED_EDGE ( 'NONE', *, *, #1409, .F. ) ;
#697 = VERTEX_POINT ( 'NONE', #9955 ) ;
#698 = DIRECTION ( 'NONE',  ( -0.000000000000000000, 0.000000000000000000, -1.000000000000000000 ) ) ;
#699 = EDGE_CURVE ( 'NONE', #283, #1177, #10882, .T. ) ;
#700 = UNCERTAINTY_MEASURE_WITH_UNIT (LENGTH_MEASURE( 1.000000000000000082E-05 ), #11013, 'distance_accuracy_value', 'NONE');
#701 = EDGE_CURVE ( 'NONE', #11070, #743, #10940, .T. ) ;
#702 = PRODUCT_DEFINITION_FORMATION_WITH_SPECIFIED_SOURCE ( 'ANY', '', #11644, .NOT_KNOWN. ) ;
#703 =( NAMED_UNIT ( * ) PLANE_ANGLE_UNIT ( ) SI_UNIT ( $, .RADIAN. ) );
#704 = DIRECTION ( 'NONE',  ( 0.000000000000000000, 1.000000000000000000, 0.000000000000000000 ) ) ;
#705 = EDGE_LOOP ( 'NONE', ( #2894, #7322, #9013, #2900 ) ) ;
#706 = EDGE_CURVE ( 'NONE', #11131, #2233, #9001, .T. ) ;
#707 = CARTESIAN_POINT ( 'NONE',  ( -0.1250000000000000000, 0.2099999999999999922, 0.09499999999999998723 ) ) ;
#708 = SURFACE_STYLE_USAGE ( .BOTH. , #8834 ) ;
#709 = ORIENTED_EDGE ( 'NONE', *, *, #7763, .F. ) ;
#710 = DIRECTION ( 'NONE',  ( -0.000000000000000000, -0.000000000000000000, 1.000000000000000000 ) ) ;
#711 = DIRECTION ( 'NONE',  ( -1.000000000000000000, 0.000000000000000000, -0.000000000000000000 ) ) ;
#712 = SURFACE_SIDE_STYLE ('',( #3621 ) ) ;
#713 = DIRECTION ( 'NONE',  ( 0.000000000000000000, -1.000000000000000000, -0.000000000000000000 ) ) ;
#714 = EDGE_CURVE ( 'NONE', #6240, #4196, #4342, .T. ) ;
#715 = STYLED_ITEM ( 'NONE', ( #8440 ), #10255 ) ;
#716 = DIRECTION ( 'NONE',  ( -0.000000000000000000, -1.000000000000000000, -0.000000000000000000 ) ) ;
#717 = ORIENTED_EDGE ( 'NONE', *, *, #11785, .F. ) ;
#718 = SURFACE_SIDE_STYLE ('',( #4191 ) ) ;
#719 = DIMENSIONAL_EXPONENTS ( 1.000000000000000000, 0.000000000000000000, 0.000000000000000000, 0.000000000000000000, 0.000000000000000000, 0.000000000000000000, 0.000000000000000000 ) ;
#720 = DIRECTION ( 'NONE',  ( 0.000000000000000000, 0.000000000000000000, -1.000000000000000000 ) ) ;
#721 = ORIENTED_EDGE ( 'NONE', *, *, #1635, .T. ) ;
#722 = DIRECTION ( 'NONE',  ( 1.000000000000000000, 0.000000000000000000, -0.000000000000000000 ) ) ;
#723 = DIRECTION ( 'NONE',  ( -0.000000000000000000, 1.000000000000000000, 0.000000000000000000 ) ) ;
#724 = VECTOR ( 'NONE', #2416, 39.37007874015748143 ) ;
#725 = LINE ( 'NONE', #3330, #5386 ) ;
#726 = LINE ( 'NONE', #4321, #7257 ) ;
#727 = FILL_AREA_STYLE ('',( #7884 ) ) ;
#728 = PRESENTATION_STYLE_ASSIGNMENT (( #2625 ) ) ;
#729 = FILL_AREA_STYLE_COLOUR ( '', #6654 ) ;
#730 = AXIS2_PLACEMENT_3D ( 'NONE', #11275, #1863, #2207 ) ;
#731 = VECTOR ( 'NONE', #698, 39.37007874015748143 ) ;
#732 = CARTESIAN_POINT ( 'NONE',  ( 0.2879999999999999782, 0.01999999999999999695, -0.03300000000000000155 ) ) ;
#733 = DIRECTION ( 'NONE',  ( 0.000000000000000000, -0.8741572761215378184, 0.4856429311786317760 ) ) ;
#734 = EDGE_LOOP ( 'NONE', ( #5575, #10093, #8577, #11516 ) ) ;
#735 =( NAMED_UNIT ( * ) PLANE_ANGLE_UNIT ( ) SI_UNIT ( $, .RADIAN. ) );
#736 = LENGTH_MEASURE_WITH_UNIT ( LENGTH_MEASURE( 0.02539999999999999897 ), #8873 );
#737 = VECTOR ( 'NONE', #9915, 39.37007874015748143 ) ;
#738 = UNCERTAINTY_MEASURE_WITH_UNIT (LENGTH_MEASURE( 1.000000000000000082E-05 ), #5391, 'distance_accuracy_value', 'NONE');
#739 = LINE ( 'NONE', #11504, #6511 ) ;
#740 = LENGTH_MEASURE_WITH_UNIT ( LENGTH_MEASURE( 0.02539999999999999897 ), #10810 );
#741 = DIMENSIONAL_EXPONENTS ( 1.000000000000000000, 0.000000000000000000, 0.000000000000000000, 0.000000000000000000, 0.000000000000000000, 0.000000000000000000, 0.000000000000000000 ) ;
#742 = ORIENTED_EDGE ( 'NONE', *, *, #7063, .T. ) ;
#743 = VERTEX_POINT ( 'NONE', #11709 ) ;
#744 = CARTESIAN_POINT ( 'NONE',  ( 0.3250000000000000111, 0.000000000000000000, 0.1000000000000000056 ) ) ;
#745 = FACE_OUTER_BOUND ( 'NONE', #6533, .T. ) ;
#746 = VECTOR ( 'NONE', #1920, 39.37007874015748143 ) ;
#747 = DIRECTION ( 'NONE',  ( 0.000000000000000000, 0.000000000000000000, -1.000000000000000000 ) ) ;
#748 = ORIENTED_EDGE ( 'NONE', *, *, #8144, .T. ) ;
#749 = LINE ( 'NONE', #8026, #10812 ) ;
#750 = SURFACE_SIDE_STYLE ('',( #3653 ) ) ;
#751 = ADVANCED_FACE ( 'NONE', ( #3421 ), #2524, .F. ) ;
#752 = CARTESIAN_POINT ( 'NONE',  ( 0.007999999999999989758, -0.06600000000000000311, 0.1199999999999999956 ) ) ;
#753 = CARTESIAN_POINT ( 'NONE',  ( -0.3109999999999999987, 0.000000000000000000, -0.02500000000000000139 ) ) ;
#754 = LINE ( 'NONE', #6227, #9496 ) ;
#755 = VECTOR ( 'NONE', #4110, 39.37007874015748143 ) ;
#756 = MECHANICAL_DESIGN_GEOMETRIC_PRESENTATION_REPRESENTATION (  '', ( #9297 ), #2456 ) ;
#757 = ORIENTED_EDGE ( 'NONE', *, *, #8607, .F. ) ;
#758 = VERTEX_POINT ( 'NONE', #6159 ) ;
#759 = LENGTH_MEASURE_WITH_UNIT ( LENGTH_MEASURE( 0.02539999999999999897 ), #5254 );
#760 = EDGE_CURVE ( 'NONE', #10136, #7419, #4532, .T. ) ;
#761 = FILL_AREA_STYLE_COLOUR ( '', #3556 ) ;
#762 = PRESENTATION_LAYER_ASSIGNMENT (  '', '', ( #10275 ) ) ;
#763 = ORIENTED_EDGE ( 'NONE', *, *, #7152, .F. ) ;
#764 = AXIS2_PLACEMENT_3D ( 'NONE', #7438, #7384, #2817 ) ;
#765 = LINE ( 'NONE', #707, #7621 ) ;
#766 = DIRECTION ( 'NONE',  ( 0.000000000000000000, 0.000000000000000000, 1.000000000000000000 ) ) ;
#767 = EDGE_LOOP ( 'NONE', ( #4618, #1684, #1795, #7636 ) ) ;
#768 = LINE ( 'NONE', #2545, #175 ) ;
#769 =( NAMED_UNIT ( * ) PLANE_ANGLE_UNIT ( ) SI_UNIT ( $, .RADIAN. ) );
#770 = EDGE_CURVE ( 'NONE', #4123, #5617, #6279, .T. ) ;
#771 = CARTESIAN_POINT ( 'NONE',  ( 0.09200000000000001232, 0.1759999999999999898, -0.03300000000000000155 ) ) ;
#772 = MECHANICAL_DESIGN_GEOMETRIC_PRESENTATION_REPRESENTATION (  '', ( #4349 ), #4740 ) ;
#773 =( LENGTH_UNIT ( ) NAMED_UNIT ( * ) SI_UNIT ( $, .METRE. ) );
#774 = VECTOR ( 'NONE', #7424, 39.37007874015748143 ) ;
#775 = ORIENTED_EDGE ( 'NONE', *, *, #784, .T. ) ;
#776 = CARTESIAN_POINT ( 'NONE',  ( 0.3109999999999999987, -0.01000000000000000021, 0.02500000000000000139 ) ) ;
#777 = EDGE_CURVE ( 'NONE', #4979, #7552, #5305, .T. ) ;
#778 = DIRECTION ( 'NONE',  ( 0.000000000000000000, 0.000000000000000000, -1.000000000000000000 ) ) ;
#779 = ORIENTED_EDGE ( 'NONE', *, *, #1616, .F. ) ;
#780 = FACE_OUTER_BOUND ( 'NONE', #10689, .T. ) ;
#781 = DIRECTION ( 'NONE',  ( 0.000000000000000000, -0.4856429311786268355, -0.8741572761215407050 ) ) ;
#782 = CARTESIAN_POINT ( 'NONE',  ( -0.1079999999999999988, -0.06600000000000000311, 0.1199999999999999956 ) ) ;
#783 = LINE ( 'NONE', #10800, #10659 ) ;
#784 = EDGE_CURVE ( 'NONE', #6291, #4073, #2761, .T. ) ;
#785 = FILL_AREA_STYLE_COLOUR ( '', #10996 ) ;
#786 = PRESENTATION_STYLE_ASSIGNMENT (( #7133 ) ) ;
#787 = EDGE_CURVE ( 'NONE', #4015, #6605, #7148, .T. ) ;
#788 = ORIENTED_EDGE ( 'NONE', *, *, #6371, .F. ) ;
#789 = LINE ( 'NONE', #4445, #6029 ) ;
#790 = DIMENSIONAL_EXPONENTS ( 1.000000000000000000, 0.000000000000000000, 0.000000000000000000, 0.000000000000000000, 0.000000000000000000, 0.000000000000000000, 0.000000000000000000 ) ;
#791 = CARTESIAN_POINT ( 'NONE',  ( -0.04699999999999999317, -0.07499999999999999722, 0.1199999999999999956 ) ) ;
#792 = FACE_OUTER_BOUND ( 'NONE', #3533, .T. ) ;
#793 = DIRECTION ( 'NONE',  ( 0.000000000000000000, 0.000000000000000000, -1.000000000000000000 ) ) ;
#794 = MECHANICAL_DESIGN_GEOMETRIC_PRESENTATION_REPRESENTATION (  '', ( #2306 ), #7985 ) ;
#795 = ORIENTED_EDGE ( 'NONE', *, *, #1600, .F. ) ;
#796 = ORIENTED_EDGE ( 'NONE', *, *, #8586, .F. ) ;
#797 = CARTESIAN_POINT ( 'NONE',  ( 0.000000000000000000, 0.000000000000000000, 0.02500000000000000139 ) ) ;
#798 = SURFACE_STYLE_FILL_AREA ( #683 ) ;
#799 = STYLED_ITEM ( 'NONE', ( #9988 ), #3681 ) ;
#800 = PLANE ( 'NONE',  #2599 ) ;
#801 = VERTEX_POINT ( 'NONE', #5367 ) ;
#802 = COLOUR_RGB ( '',0.7921568627450980005, 0.8196078431372548767, 0.9333333333333333481 ) ;
#803 = LINE ( 'NONE', #2417, #10132 ) ;
#804 = SURFACE_STYLE_USAGE ( .BOTH. , #4406 ) ;
#805 = PLANE ( 'NONE',  #11521 ) ;
#806 = PRESENTATION_LAYER_ASSIGNMENT (  '', '', ( #9734 ) ) ;
#807 = ORIENTED_EDGE ( 'NONE', *, *, #11195, .T. ) ;
#808 = EDGE_LOOP ( 'NONE', ( #10077, #7198, #6642, #5396 ) ) ;
#809 = CARTESIAN_POINT ( 'NONE',  ( 0.007999999999999989758, 0.01999999999999999001, -0.03300000000000000155 ) ) ;
#810 = VECTOR ( 'NONE', #3960, 39.37007874015748143 ) ;
#811 = SURFACE_STYLE_FILL_AREA ( #8950 ) ;
#812 = DIMENSIONAL_EXPONENTS ( 1.000000000000000000, 0.000000000000000000, 0.000000000000000000, 0.000000000000000000, 0.000000000000000000, 0.000000000000000000, 0.000000000000000000 ) ;
#813 = EDGE_CURVE ( 'NONE', #5291, #5847, #4461, .T. ) ;
#814 =( LENGTH_UNIT ( ) NAMED_UNIT ( * ) SI_UNIT ( $, .METRE. ) );
#815 = FILL_AREA_STYLE_COLOUR ( '', #2394 ) ;
#816 = PRESENTATION_STYLE_ASSIGNMENT (( #4482 ) ) ;
#817 = ORIENTED_EDGE ( 'NONE', *, *, #7385, .T. ) ;
#818 = CARTESIAN_POINT ( 'NONE',  ( 0.09199999999999999845, 0.04000000000000000083, -0.01700000000000000122 ) ) ;
#819 = LINE ( 'NONE', #6239, #1014 ) ;
#820 = VERTEX_POINT ( 'NONE', #6335 ) ;
#821 = FILL_AREA_STYLE ('',( #8957 ) ) ;
#822 = DIRECTION ( 'NONE',  ( 0.000000000000000000, 1.000000000000000000, 0.000000000000000000 ) ) ;
#823 = MECHANICAL_DESIGN_GEOMETRIC_PRESENTATION_REPRESENTATION (  '', ( #11667 ), #9738 ) ;
#824 = LINE ( 'NONE', #4365, #1411 ) ;
#825 = DIRECTION ( 'NONE',  ( 0.000000000000000000, -0.4856429311786311098, -0.8741572761215383736 ) ) ;
#826 = AXIS2_PLACEMENT_3D ( 'NONE', #3176, #445, #7614 ) ;
#827 = STYLED_ITEM ( 'NONE', ( #7377 ), #2815 ) ;
#828 = EDGE_CURVE ( 'NONE', #9177, #8180, #10268, .T. ) ;
#829 = DIRECTION ( 'NONE',  ( -1.000000000000000000, 0.000000000000000000, -0.000000000000000000 ) ) ;
#830 = DIRECTION ( 'NONE',  ( -1.000000000000000000, -0.000000000000000000, 0.000000000000000000 ) ) ;
#831 = ORIENTED_EDGE ( 'NONE', *, *, #3252, .T. ) ;
#832 = DIRECTION ( 'NONE',  ( 1.000000000000000000, 0.000000000000000000, 0.000000000000000000 ) ) ;
#833 = VERTEX_POINT ( 'NONE', #11060 ) ;
#834 = COLOUR_RGB ( '',0.8627450980392157298, 0.6274509803921568540, 0.05882352941176470507 ) ;
#835 = VECTOR ( 'NONE', #9715, 39.37007874015748143 ) ;
#836 = ORIENTED_EDGE ( 'NONE', *, *, #11048, .F. ) ;
#837 = SURFACE_SIDE_STYLE ('',( #7993 ) ) ;
#838 = ORIENTED_EDGE ( 'NONE', *, *, #7914, .T. ) ;
#839 = FILL_AREA_STYLE_COLOUR ( '', #475 ) ;
#840 = SURFACE_STYLE_USAGE ( .BOTH. , #8181 ) ;
#841 =( CONVERSION_BASED_UNIT ( 'INCH', #5465 ) LENGTH_UNIT ( ) NAMED_UNIT ( #3680 ) );
#842 = ADVANCED_FACE ( 'NONE', ( #10208 ), #7321, .F. ) ;
#843 = CARTESIAN_POINT ( 'NONE',  ( -0.05800000000000008621, 0.1759999999999999898, 0.03300000000000000155 ) ) ;
#844 = PRESENTATION_LAYER_ASSIGNMENT (  '', '', ( #9953 ) ) ;
#845 = SURFACE_STYLE_FILL_AREA ( #8131 ) ;
#846 = SURFACE_SIDE_STYLE ('',( #5215 ) ) ;
#847 = AXIS2_PLACEMENT_3D ( 'NONE', #3794, #6358, #5632 ) ;
#848 = CARTESIAN_POINT ( 'NONE',  ( 0.09700000000000000289, 0.1849999999999999978, 0.02199999999999999872 ) ) ;
#849 = LINE ( 'NONE', #1711, #11161 ) ;
#850 = ORIENTED_EDGE ( 'NONE', *, *, #4222, .T. ) ;
#851 = EDGE_CURVE ( 'NONE', #1003, #10762, #4761, .T. ) ;
#852 = DIRECTION ( 'NONE',  ( 0.4368520283305201146, -0.7863336509949332420, 0.4368520283305193930 ) ) ;
#853 =( CONVERSION_BASED_UNIT ( 'INCH', #2457 ) LENGTH_UNIT ( ) NAMED_UNIT ( #4331 ) );
#854 = FILL_AREA_STYLE_COLOUR ( '', #9940 ) ;
#855 = UNCERTAINTY_MEASURE_WITH_UNIT (LENGTH_MEASURE( 1.000000000000000082E-05 ), #2257, 'distance_accuracy_value', 'NONE');
#856 = CARTESIAN_POINT ( 'NONE',  ( -0.1079999999999999988, 0.1759999999999999898, -0.01700000000000002204 ) ) ;
#857 = SURFACE_STYLE_FILL_AREA ( #3414 ) ;
#858 = EDGE_CURVE ( 'NONE', #11416, #3181, #4811, .T. ) ;
#859 = ORIENTED_EDGE ( 'NONE', *, *, #5079, .T. ) ;
#860 = ORIENTED_EDGE ( 'NONE', *, *, #7429, .T. ) ;
#861 = LENGTH_MEASURE_WITH_UNIT ( LENGTH_MEASURE( 0.02539999999999999897 ), #8934 );
#862 = SURFACE_STYLE_FILL_AREA ( #5426 ) ;
#863 = SURFACE_SIDE_STYLE ('',( #798 ) ) ;
#864 = PLANE ( 'NONE',  #5648 ) ;
#865 = VERTEX_POINT ( 'NONE', #268 ) ;
#866 = DIRECTION ( 'NONE',  ( 0.000000000000000000, 0.000000000000000000, 1.000000000000000000 ) ) ;
#867 = DIRECTION ( 'NONE',  ( -1.000000000000000000, -0.000000000000000000, -0.000000000000000000 ) ) ;
#868 = LINE ( 'NONE', #1788, #4713 ) ;
#869 = UNCERTAINTY_MEASURE_WITH_UNIT (LENGTH_MEASURE( 1.000000000000000082E-05 ), #11248, 'distance_accuracy_value', 'NONE');
#870 = FILL_AREA_STYLE_COLOUR ( '', #3811 ) ;
#871 = MECHANICAL_DESIGN_GEOMETRIC_PRESENTATION_REPRESENTATION (  '', ( #7676 ), #5602 ) ;
#872 = DIMENSIONAL_EXPONENTS ( 1.000000000000000000, 0.000000000000000000, 0.000000000000000000, 0.000000000000000000, 0.000000000000000000, 0.000000000000000000, 0.000000000000000000 ) ;
#873 =( CONVERSION_BASED_UNIT ( 'INCH', #4593 ) LENGTH_UNIT ( ) NAMED_UNIT ( #2878 ) );
#874 = ORIENTED_EDGE ( 'NONE', *, *, #4383, .F. ) ;
#875 = ORIENTED_EDGE ( 'NONE', *, *, #9703, .T. ) ;
#876 = DIRECTION ( 'NONE',  ( 1.000000000000000000, 0.000000000000000000, -0.000000000000000000 ) ) ;
#877 = FILL_AREA_STYLE ('',( #98 ) ) ;
#878 =( CONVERSION_BASED_UNIT ( 'INCH', #7041 ) LENGTH_UNIT ( ) NAMED_UNIT ( #6034 ) );
#879 = PRESENTATION_LAYER_ASSIGNMENT (  '', '', ( #317 ) ) ;
#880 =( LENGTH_UNIT ( ) NAMED_UNIT ( * ) SI_UNIT ( $, .METRE. ) );
#881 = STYLED_ITEM ( 'NONE', ( #10925 ), #124 ) ;
#882 = VECTOR ( 'NONE', #4011, 39.37007874015748143 ) ;
#883 = CARTESIAN_POINT ( 'NONE',  ( -0.09199999999999998457, -0.06600000000000000311, -0.03300000000000000155 ) ) ;
#884 = ORIENTED_EDGE ( 'NONE', *, *, #11592, .F. ) ;
#885 = FILL_AREA_STYLE_COLOUR ( '', #3289 ) ;
#886 = CARTESIAN_POINT ( 'NONE',  ( -0.09199999999999999845, 0.06499999999999998834, -0.03300000000000000155 ) ) ;
#887 = ORIENTED_EDGE ( 'NONE', *, *, #5327, .T. ) ;
#888 = STYLED_ITEM ( 'NONE', ( #7101 ), #9907 ) ;
#889 = DIRECTION ( 'NONE',  ( -0.000000000000000000, -1.000000000000000000, 0.000000000000000000 ) ) ;
#890 = CARTESIAN_POINT ( 'NONE',  ( 0.04200000000000000955, 0.05000000000000000971, -0.01700000000000000122 ) ) ;
#891 =( GEOMETRIC_REPRESENTATION_CONTEXT ( 3 ) GLOBAL_UNCERTAINTY_ASSIGNED_CONTEXT ( ( #1379 ) ) GLOBAL_UNIT_ASSIGNED_CONTEXT ( ( #3378, #7104, #10767 ) ) REPRESENTATION_CONTEXT ( 'NONE', 'WORKASPACE' ) );
#892 =( NAMED_UNIT ( * ) SI_UNIT ( $, .STERADIAN. ) SOLID_ANGLE_UNIT ( ) );
#893 = FILL_AREA_STYLE_COLOUR ( '', #9487 ) ;
#894 = ADVANCED_FACE ( 'NONE', ( #8441 ), #1981, .F. ) ;
#895 =( NAMED_UNIT ( * ) PLANE_ANGLE_UNIT ( ) SI_UNIT ( $, .RADIAN. ) );
#896 = MECHANICAL_DESIGN_GEOMETRIC_PRESENTATION_REPRESENTATION (  '', ( #10202 ), #6934 ) ;
#897 = VERTEX_POINT ( 'NONE', #7771 ) ;
#898 =( GEOMETRIC_REPRESENTATION_CONTEXT ( 3 ) GLOBAL_UNCERTAINTY_ASSIGNED_CONTEXT ( ( #4584 ) ) GLOBAL_UNIT_ASSIGNED_CONTEXT ( ( #1618, #6055, #3196 ) ) REPRESENTATION_CONTEXT ( 'NONE', 'WORKASPACE' ) );
#899 = VERTEX_POINT ( 'NONE', #5795 ) ;
#900 = AXIS2_PLACEMENT_3D ( 'NONE', #5121, #4173, #6972 ) ;
#901 = LINE ( 'NONE', #2796, #2966 ) ;
#902 = PRESENTATION_LAYER_ASSIGNMENT (  '', '', ( #4675 ) ) ;
#903 = EDGE_CURVE ( 'NONE', #4395, #1024, #6686, .T. ) ;
#904 = EDGE_LOOP ( 'NONE', ( #7752, #7046, #2379, #8702 ) ) ;
#905 = MECHANICAL_DESIGN_GEOMETRIC_PRESENTATION_REPRESENTATION (  '', ( #337 ), #4860 ) ;
#906 = VERTEX_POINT ( 'NONE', #5051 ) ;
#907 =( GEOMETRIC_REPRESENTATION_CONTEXT ( 3 ) GLOBAL_UNCERTAINTY_ASSIGNED_CONTEXT ( ( #869 ) ) GLOBAL_UNIT_ASSIGNED_CONTEXT ( ( #11248, #7339, #10340 ) ) REPRESENTATION_CONTEXT ( 'NONE', 'WORKASPACE' ) );
#908 = DIMENSIONAL_EXPONENTS ( 1.000000000000000000, 0.000000000000000000, 0.000000000000000000, 0.000000000000000000, 0.000000000000000000, 0.000000000000000000, 0.000000000000000000 ) ;
#909 =( NAMED_UNIT ( * ) SI_UNIT ( $, .STERADIAN. ) SOLID_ANGLE_UNIT ( ) );
#910 = SURFACE_STYLE_USAGE ( .BOTH. , #9041 ) ;
#911 = LINE ( 'NONE', #5345, #7456 ) ;
#912 = STYLED_ITEM ( 'NONE', ( #8621 ), #10284 ) ;
#913 = AXIS2_PLACEMENT_3D ( 'NONE', #10426, #5951, #8547 ) ;
#914 = SURFACE_SIDE_STYLE ('',( #9172 ) ) ;
#915 = FACE_OUTER_BOUND ( 'NONE', #9166, .T. ) ;
#916 = EDGE_CURVE ( 'NONE', #6114, #3659, #2223, .T. ) ;
#917 = LENGTH_MEASURE_WITH_UNIT ( LENGTH_MEASURE( 0.02539999999999999897 ), #6144 );
#918 = EDGE_LOOP ( 'NONE', ( #9430, #1046, #7235, #9680 ) ) ;
#919 = LENGTH_MEASURE_WITH_UNIT ( LENGTH_MEASURE( 0.02539999999999999897 ), #9821 );
#920 =( NAMED_UNIT ( * ) PLANE_ANGLE_UNIT ( ) SI_UNIT ( $, .RADIAN. ) );
#921 = PRESENTATION_STYLE_ASSIGNMENT (( #10873 ) ) ;
#922 = EDGE_CURVE ( 'NONE', #5617, #1347, #3990, .T. ) ;
#923 = VECTOR ( 'NONE', #11492, 39.37007874015748143 ) ;
#924 = SURFACE_STYLE_FILL_AREA ( #3701 ) ;
#925 =( CONVERSION_BASED_UNIT ( 'INCH', #9065 ) LENGTH_UNIT ( ) NAMED_UNIT ( #10181 ) );
#926 = ORIENTED_EDGE ( 'NONE', *, *, #11456, .F. ) ;
#927 = EDGE_LOOP ( 'NONE', ( #11150, #11098, #6311, #9502 ) ) ;
#928 = DIRECTION ( 'NONE',  ( 0.000000000000000000, -0.8741572761215382625, -0.4856429311786310543 ) ) ;
#930 = UNCERTAINTY_MEASURE_WITH_UNIT (LENGTH_MEASURE( 1.000000000000000082E-05 ), #9999, 'distance_accuracy_value', 'NONE');
#929 = PRODUCT_DEFINITION ( 'UNKNOWN', '', #2217, #9483 ) ;
#931 = DIRECTION ( 'NONE',  ( 0.8741572761215379295, -0.4856429311786318315, 0.000000000000000000 ) ) ;
#932 = FILL_AREA_STYLE ('',( #7265 ) ) ;
#933 = STYLED_ITEM ( 'NONE', ( #5140 ), #4616 ) ;
#934 = VERTEX_POINT ( 'NONE', #5856 ) ;
#935 = STYLED_ITEM ( 'NONE', ( #4739 ), #7627 ) ;
#936 = DIRECTION ( 'NONE',  ( 0.000000000000000000, 0.000000000000000000, 1.000000000000000000 ) ) ;
#937 = SURFACE_SIDE_STYLE ('',( #5433 ) ) ;
#938 = DIRECTION ( 'NONE',  ( 0.000000000000000000, 1.000000000000000000, -0.000000000000000000 ) ) ;
#939 = EDGE_CURVE ( 'NONE', #3007, #7889, #7664, .T. ) ;
#940 = CARTESIAN_POINT ( 'NONE',  ( 0.1079999999999999988, 0.1759999999999999898, -0.01700000000000001857 ) ) ;
#941 = DIRECTION ( 'NONE',  ( -0.4368520283305146190, -0.7863336509949373498, 0.4368520283305176166 ) ) ;
#942 = DIRECTION ( 'NONE',  ( -8.537024980200819846E-16, 0.000000000000000000, 1.000000000000000000 ) ) ;
#943 = EDGE_LOOP ( 'NONE', ( #6649, #5674, #9685, #5993 ) ) ;
#944 = VERTEX_POINT ( 'NONE', #8556 ) ;
#945 = FACE_OUTER_BOUND ( 'NONE', #11162, .T. ) ;
#946 = COLOUR_RGB ( '',0.8627450980392157298, 0.6274509803921568540, 0.05882352941176470507 ) ;
#947 = EDGE_CURVE ( 'NONE', #4061, #9987, #2161, .T. ) ;
#948 =( NAMED_UNIT ( * ) SI_UNIT ( $, .STERADIAN. ) SOLID_ANGLE_UNIT ( ) );
#949 = FACE_OUTER_BOUND ( 'NONE', #40, .T. ) ;
#950 = CARTESIAN_POINT ( 'NONE',  ( -0.04700000000000002093, 0.1849999999999999978, 0.02799999999999996936 ) ) ;
#951 = DIRECTION ( 'NONE',  ( -0.4856429311786310543, 0.8741572761215382625, 0.000000000000000000 ) ) ;
#952 = CARTESIAN_POINT ( 'NONE',  ( -0.008000000000000007105, 0.04000000000000000083, 0.01700000000000000122 ) ) ;
#953 = ORIENTED_EDGE ( 'NONE', *, *, #9344, .T. ) ;
#954 = LINE ( 'NONE', #4485, #8871 ) ;
#955 = CARTESIAN_POINT ( 'NONE',  ( 0.007999999999999965472, 0.01999999999999999001, 0.01700000000000000469 ) ) ;
#956 = DIRECTION ( 'NONE',  ( 0.000000000000000000, 0.8741572761215382625, -0.4856429311786310543 ) ) ;
#957 = CARTESIAN_POINT ( 'NONE',  ( 0.1079999999999999988, 0.04000000000000002859, -0.01700000000000000122 ) ) ;
#958 = VECTOR ( 'NONE', #6817, 39.37007874015748143 ) ;
#959 = VECTOR ( 'NONE', #9678, 39.37007874015748143 ) ;
#960 =( NAMED_UNIT ( * ) SI_UNIT ( $, .STERADIAN. ) SOLID_ANGLE_UNIT ( ) );
#961 =( LENGTH_UNIT ( ) NAMED_UNIT ( * ) SI_UNIT ( $, .METRE. ) );
#962 =( LENGTH_UNIT ( ) NAMED_UNIT ( * ) SI_UNIT ( $, .METRE. ) );
#963 = LINE ( 'NONE', #4559, #2390 ) ;
#964 = ORIENTED_EDGE ( 'NONE', *, *, #3620, .T. ) ;
#965 = SURFACE_STYLE_FILL_AREA ( #9102 ) ;
#966 = ORIENTED_EDGE ( 'NONE', *, *, #2651, .F. ) ;
#967 = FILL_AREA_STYLE_COLOUR ( '', #9986 ) ;
#968 = DIMENSIONAL_EXPONENTS ( 1.000000000000000000, 0.000000000000000000, 0.000000000000000000, 0.000000000000000000, 0.000000000000000000, 0.000000000000000000, 0.000000000000000000 ) ;
#969 = MECHANICAL_DESIGN_GEOMETRIC_PRESENTATION_REPRESENTATION (  '', ( #3224 ), #11587 ) ;
#970 = COLOUR_RGB ( '',0.8627450980392157298, 0.6274509803921568540, 0.05882352941176470507 ) ;
#971 = VERTEX_POINT ( 'NONE', #4923 ) ;
#972 = DIRECTION ( 'NONE',  ( 0.000000000000000000, 0.000000000000000000, -1.000000000000000000 ) ) ;
#973 = ORIENTED_EDGE ( 'NONE', *, *, #3961, .T. ) ;
#974 = PLANE ( 'NONE',  #9380 ) ;
#975 = PLANE ( 'NONE',  #1371 ) ;
#976 = LINE ( 'NONE', #843, #10825 ) ;
#977 = LINE ( 'NONE', #2025, #5999 ) ;
#978 =( NAMED_UNIT ( * ) SI_UNIT ( $, .STERADIAN. ) SOLID_ANGLE_UNIT ( ) );
#979 = LINE ( 'NONE', #5468, #10860 ) ;
#980 = DIRECTION ( 'NONE',  ( 0.4472135954999579277, 0.8944271909999158554, 0.000000000000000000 ) ) ;
#981 = ADVANCED_FACE ( 'NONE', ( #2392 ), #6802, .F. ) ;
#982 = DIRECTION ( 'NONE',  ( 0.4368520283305188934, 0.7863336509949336861, -0.4368520283305196150 ) ) ;
#983 = ORIENTED_EDGE ( 'NONE', *, *, #9128, .F. ) ;
#984 = FILL_AREA_STYLE_COLOUR ( '', #144 ) ;
#985 =( NAMED_UNIT ( * ) SI_UNIT ( $, .STERADIAN. ) SOLID_ANGLE_UNIT ( ) );
#986 = DIRECTION ( 'NONE',  ( 0.000000000000000000, -0.000000000000000000, 1.000000000000000000 ) ) ;
#987 = UNCERTAINTY_MEASURE_WITH_UNIT (LENGTH_MEASURE( 1.000000000000000082E-05 ), #2931, 'distance_accuracy_value', 'NONE');
#988 = SURFACE_STYLE_USAGE ( .BOTH. , #8325 ) ;
#989 = ADVANCED_FACE ( 'NONE', ( #4045 ), #10440, .F. ) ;
#990 =( LENGTH_UNIT ( ) NAMED_UNIT ( * ) SI_UNIT ( $, .METRE. ) );
#991 = EDGE_LOOP ( 'NONE', ( #6231, #8847, #7293, #9458 ) ) ;
#992 =( NAMED_UNIT ( * ) PLANE_ANGLE_UNIT ( ) SI_UNIT ( $, .RADIAN. ) );
#993 = ORIENTED_EDGE ( 'NONE', *, *, #9344, .F. ) ;
#994 = PLANE ( 'NONE',  #5859 ) ;
#995 = FILL_AREA_STYLE_COLOUR ( '', #7256 ) ;
#996 = COLOUR_RGB ( '',0.8627450980392157298, 0.6274509803921568540, 0.05882352941176470507 ) ;
#997 = CARTESIAN_POINT ( 'NONE',  ( -0.09199999999999999845, 0.01999999999999999001, -0.01700000000000000122 ) ) ;
#998 = CARTESIAN_POINT ( 'NONE',  ( -0.1079999999999999988, -0.06599999999999998923, 0.03300000000000000155 ) ) ;
#999 =( LENGTH_UNIT ( ) NAMED_UNIT ( * ) SI_UNIT ( $, .METRE. ) );
#1000 = ADVANCED_FACE ( 'NONE', ( #5158 ), #7197, .F. ) ;
#1001 = CARTESIAN_POINT ( 'NONE',  ( -0.09200000000000005396, 0.1759999999999999898, 0.01700000000000000122 ) ) ;
#1002 = ORIENTED_EDGE ( 'NONE', *, *, #6091, .T. ) ;
#1003 = VERTEX_POINT ( 'NONE', #5290 ) ;
#1004 = FILL_AREA_STYLE ('',( #4596 ) ) ;
#1005 = VECTOR ( 'NONE', #2889, 39.37007874015748143 ) ;
#1006 =( CONVERSION_BASED_UNIT ( 'INCH', #2714 ) LENGTH_UNIT ( ) NAMED_UNIT ( #4525 ) );
#1007 = CARTESIAN_POINT ( 'NONE',  ( 0.1079999999999999988, -0.06600000000000000311, 0.01700000000000000122 ) ) ;
#1008 = ORIENTED_EDGE ( 'NONE', *, *, #6863, .T. ) ;
#1009 = LINE ( 'NONE', #8169, #3957 ) ;
#1010 = COLOUR_RGB ( '',0.8627450980392157298, 0.6274509803921568540, 0.05882352941176470507 ) ;
#1011 = EDGE_CURVE ( 'NONE', #485, #6012, #4516, .T. ) ;
#1012 = FACE_OUTER_BOUND ( 'NONE', #1620, .T. ) ;
#1013 = FILL_AREA_STYLE_COLOUR ( '', #3964 ) ;
#1014 = VECTOR ( 'NONE', #3439, 39.37007874015748143 ) ;
#1015 = CARTESIAN_POINT ( 'NONE',  ( -0.04699999999999998623, 0.1849999999999999978, -0.02799999999999999711 ) ) ;
#1016 = ORIENTED_EDGE ( 'NONE', *, *, #7213, .F. ) ;
#1017 = SURFACE_STYLE_USAGE ( .BOTH. , #9029 ) ;
#1018 = EDGE_CURVE ( 'NONE', #6549, #7973, #849, .T. ) ;
#1019 = ORIENTED_EDGE ( 'NONE', *, *, #5470, .T. ) ;
#1020 = DIRECTION ( 'NONE',  ( 1.000000000000000000, 0.000000000000000000, -0.000000000000000000 ) ) ;
#1021 = ORIENTED_EDGE ( 'NONE', *, *, #187, .T. ) ;
#1022 = PRESENTATION_LAYER_ASSIGNMENT (  '', '', ( #9181 ) ) ;
#1023 = FILL_AREA_STYLE_COLOUR ( '', #1010 ) ;
#1024 = VERTEX_POINT ( 'NONE', #4441 ) ;
#1025 = STYLED_ITEM ( 'NONE', ( #11168 ), #7340 ) ;
#1026 = DIRECTION ( 'NONE',  ( -0.4368520283305191154, 0.7863336509949342412, 0.4368520283305187824 ) ) ;
#1027 =( NAMED_UNIT ( * ) PLANE_ANGLE_UNIT ( ) SI_UNIT ( $, .RADIAN. ) );
#1028 = FILL_AREA_STYLE ('',( #4568 ) ) ;
#1029 = AXIS2_PLACEMENT_3D ( 'NONE', #10416, #5023, #6878 ) ;
#1030 = CARTESIAN_POINT ( 'NONE',  ( -0.05800000000000000294, -0.06600000000000000311, -0.01700000000000000122 ) ) ;
#1031 = VECTOR ( 'NONE', #8192, 39.37007874015748143 ) ;
#1032 =( GEOMETRIC_REPRESENTATION_CONTEXT ( 3 ) GLOBAL_UNCERTAINTY_ASSIGNED_CONTEXT ( ( #11699 ) ) GLOBAL_UNIT_ASSIGNED_CONTEXT ( ( #4212, #10449, #7838 ) ) REPRESENTATION_CONTEXT ( 'NONE', 'WORKASPACE' ) );
#1033 = AXIS2_PLACEMENT_3D ( 'NONE', #7367, #7422, #11095 ) ;
#1034 =( NAMED_UNIT ( * ) PLANE_ANGLE_UNIT ( ) SI_UNIT ( $, .RADIAN. ) );
#1035 = CARTESIAN_POINT ( 'NONE',  ( -0.1029999999999999943, -0.07499999999999998335, 0.1199999999999999956 ) ) ;
#1036 = LINE ( 'NONE', #2870, #8446 ) ;
#1037 = ORIENTED_EDGE ( 'NONE', *, *, #5982, .F. ) ;
#1038 = CARTESIAN_POINT ( 'NONE',  ( -0.1000000000000000056, 0.1600000000000000033, 0.09499999999999998723 ) ) ;
#1039 = DIMENSIONAL_EXPONENTS ( 1.000000000000000000, 0.000000000000000000, 0.000000000000000000, 0.000000000000000000, 0.000000000000000000, 0.000000000000000000, 0.000000000000000000 ) ;
#1040 = PLANE ( 'NONE',  #2535 ) ;
#1041 =( LENGTH_UNIT ( ) NAMED_UNIT ( * ) SI_UNIT ( $, .METRE. ) );
#1042 = SURFACE_SIDE_STYLE ('',( #4631 ) ) ;
#1043 = FILL_AREA_STYLE ('',( #4632 ) ) ;
#1044 = ADVANCED_FACE ( 'NONE', ( #10673 ), #8072, .F. ) ;
#1045 = DIRECTION ( 'NONE',  ( 0.000000000000000000, 0.000000000000000000, 1.000000000000000000 ) ) ;
#1046 = ORIENTED_EDGE ( 'NONE', *, *, #8674, .T. ) ;
#1047 = AXIS2_PLACEMENT_3D ( 'NONE', #4960, #538, #6070 ) ;
#1048 = CARTESIAN_POINT ( 'NONE',  ( 0.1079999999999999988, 0.1759999999999999898, 0.01700000000000000122 ) ) ;
#1049 = UNCERTAINTY_MEASURE_WITH_UNIT (LENGTH_MEASURE( 1.000000000000000082E-05 ), #7113, 'distance_accuracy_value', 'NONE');
#1050 =( LENGTH_UNIT ( ) NAMED_UNIT ( * ) SI_UNIT ( $, .METRE. ) );
#1051 = SURFACE_STYLE_USAGE ( .BOTH. , #10084 ) ;
#1052 = EDGE_CURVE ( 'NONE', #8025, #8608, #2748, .T. ) ;
#1053 = DIRECTION ( 'NONE',  ( 0.4368520283305183383, 0.7863336509949350184, 0.4368520283305178942 ) ) ;
#1054 = VECTOR ( 'NONE', #5782, 39.37007874015748143 ) ;
#1055 = CARTESIAN_POINT ( 'NONE',  ( 0.04200000000000000955, 0.1759999999999999898, 0.1199999999999999956 ) ) ;
#1056 =( NAMED_UNIT ( * ) SI_UNIT ( $, .STERADIAN. ) SOLID_ANGLE_UNIT ( ) );
#1057 = CARTESIAN_POINT ( 'NONE',  ( 0.09199999999999999845, 0.06499999999999998834, 0.03300000000000000155 ) ) ;
#1058 =( LENGTH_UNIT ( ) NAMED_UNIT ( * ) SI_UNIT ( $, .METRE. ) );
#1059 = PLANE ( 'NONE',  #3557 ) ;
#1060 = ORIENTED_EDGE ( 'NONE', *, *, #5801, .T. ) ;
#1061 = ORIENTED_EDGE ( 'NONE', *, *, #11035, .F. ) ;
#1062 = CARTESIAN_POINT ( 'NONE',  ( 0.007999999999999998432, 0.05000000000000000971, -0.01700000000000000122 ) ) ;
#1063 = SURFACE_STYLE_FILL_AREA ( #877 ) ;
#1064 = DIRECTION ( 'NONE',  ( 0.4368520283305193375, 0.7863336509949346853, 0.4368520283305177832 ) ) ;
#1065 = EDGE_CURVE ( 'NONE', #4345, #7352, #7374, .T. ) ;
#1066 = EDGE_LOOP ( 'NONE', ( #1992, #6184, #2301, #438 ) ) ;
#1067 = LINE ( 'NONE', #3844, #4296 ) ;
#1068 = FACE_OUTER_BOUND ( 'NONE', #7150, .T. ) ;
#1069 = VECTOR ( 'NONE', #7394, 39.37007874015748143 ) ;
#1070 = CARTESIAN_POINT ( 'NONE',  ( -0.09199999999999999845, 0.06499999999999998834, 0.01700000000000000122 ) ) ;
#1071 = DIRECTION ( 'NONE',  ( 0.4856429311786310543, 0.8741572761215382625, 0.000000000000000000 ) ) ;
#1072 = EDGE_CURVE ( 'NONE', #4544, #4794, #1903, .T. ) ;
#1073 = LINE ( 'NONE', #1015, #6386 ) ;
#1074 = VERTEX_POINT ( 'NONE', #10125 ) ;
#1075 = STYLED_ITEM ( 'NONE', ( #1652 ), #53 ) ;
#1076 = AXIS2_PLACEMENT_3D ( 'NONE', #9577, #3322, #9687 ) ;
#1077 = EDGE_CURVE ( 'NONE', #6019, #470, #6381, .T. ) ;
#1078 = COLOUR_RGB ( '',0.8627450980392157298, 0.6274509803921568540, 0.05882352941176470507 ) ;
#1079 = ORIENTED_EDGE ( 'NONE', *, *, #10075, .F. ) ;
#1080 = ORIENTED_EDGE ( 'NONE', *, *, #9039, .F. ) ;
#1081 = LENGTH_MEASURE_WITH_UNIT ( LENGTH_MEASURE( 0.02539999999999999897 ), #11034 );
#1082 = LINE ( 'NONE', #8540, #7736 ) ;
#1083 = FILL_AREA_STYLE ('',( #4736 ) ) ;
#1084 = MECHANICAL_DESIGN_GEOMETRIC_PRESENTATION_REPRESENTATION (  '', ( #504 ), #1255 ) ;
#1085 = EDGE_CURVE ( 'NONE', #7929, #6114, #9176, .T. ) ;
#1086 = STYLED_ITEM ( 'NONE', ( #2112 ), #11616 ) ;
#1087 = CARTESIAN_POINT ( 'NONE',  ( 0.2899999999999999800, 0.06500000000000000222, 0.07000000000000000666 ) ) ;
#1088 = AXIS2_PLACEMENT_3D ( 'NONE', #2467, #3420, #7319 ) ;
#1089 = STYLED_ITEM ( 'NONE', ( #482 ), #10461 ) ;
#1090 = LINE ( 'NONE', #8310, #4552 ) ;
#1091 = DIRECTION ( 'NONE',  ( 0.000000000000000000, 0.000000000000000000, 1.000000000000000000 ) ) ;
#1092 = EDGE_CURVE ( 'NONE', #9322, #11221, #1036, .T. ) ;
#1093 = STYLED_ITEM ( 'NONE', ( #2897 ), #553 ) ;
#1094 = VECTOR ( 'NONE', #4054, 39.37007874015748143 ) ;
#1095 = CARTESIAN_POINT ( 'NONE',  ( -0.09200000000000004008, 0.1759999999999999898, 0.03299999999999995992 ) ) ;
#1096 = ORIENTED_EDGE ( 'NONE', *, *, #11384, .F. ) ;
#1097 = PRESENTATION_LAYER_ASSIGNMENT (  '', '', ( #10796 ) ) ;
#1098 = LINE ( 'NONE', #11220, #6960 ) ;
#1099 = VECTOR ( 'NONE', #1282, 39.37007874015748143 ) ;
#1100 = LINE ( 'NONE', #1847, #6266 ) ;
#1101 = UNCERTAINTY_MEASURE_WITH_UNIT (LENGTH_MEASURE( 1.000000000000000082E-05 ), #3163, 'distance_accuracy_value', 'NONE');
#1102 = FILL_AREA_STYLE ('',( #259 ) ) ;
#1103 =( NAMED_UNIT ( * ) PLANE_ANGLE_UNIT ( ) SI_UNIT ( $, .RADIAN. ) );
#1104 = VERTEX_POINT ( 'NONE', #1840 ) ;
#1105 = DIRECTION ( 'NONE',  ( -1.000000000000000000, 0.000000000000000000, 0.000000000000000000 ) ) ;
#1106 = CARTESIAN_POINT ( 'NONE',  ( 0.1079999999999999988, 0.1759999999999999898, -0.01700000000000000122 ) ) ;
#1107 =( NAMED_UNIT ( * ) SI_UNIT ( $, .STERADIAN. ) SOLID_ANGLE_UNIT ( ) );
#1108 = DIRECTION ( 'NONE',  ( -0.000000000000000000, -0.000000000000000000, -1.000000000000000000 ) ) ;
#1109 =( GEOMETRIC_REPRESENTATION_CONTEXT ( 3 ) GLOBAL_UNCERTAINTY_ASSIGNED_CONTEXT ( ( #9191 ) ) GLOBAL_UNIT_ASSIGNED_CONTEXT ( ( #9003, #11780, #686 ) ) REPRESENTATION_CONTEXT ( 'NONE', 'WORKASPACE' ) );
#1110 = UNCERTAINTY_MEASURE_WITH_UNIT (LENGTH_MEASURE( 1.000000000000000082E-05 ), #6488, 'distance_accuracy_value', 'NONE');
#1111 = MECHANICAL_DESIGN_GEOMETRIC_PRESENTATION_REPRESENTATION (  '', ( #4879 ), #5663 ) ;
#1112 = PLANE ( 'NONE',  #10497 ) ;
#1113 = CARTESIAN_POINT ( 'NONE',  ( 0.04200000000000000955, 0.1759999999999999898, -0.01700000000000000122 ) ) ;
#1114 = DIMENSIONAL_EXPONENTS ( 1.000000000000000000, 0.000000000000000000, 0.000000000000000000, 0.000000000000000000, 0.000000000000000000, 0.000000000000000000, 0.000000000000000000 ) ;
#1115 = AXIS2_PLACEMENT_3D ( 'NONE', #4198, #6890, #4976 ) ;
#1116 =( CONVERSION_BASED_UNIT ( 'INCH', #9428 ) LENGTH_UNIT ( ) NAMED_UNIT ( #6374 ) );
#1117 = ORIENTED_EDGE ( 'NONE', *, *, #9581, .T. ) ;
#1118 = ORIENTED_EDGE ( 'NONE', *, *, #5339, .F. ) ;
#1119 =( CONVERSION_BASED_UNIT ( 'INCH', #403 ) LENGTH_UNIT ( ) NAMED_UNIT ( #7839 ) );
#1120 = VECTOR ( 'NONE', #8678, 39.37007874015748854 ) ;
#1121 = CARTESIAN_POINT ( 'NONE',  ( -0.002999999999999991823, -0.07499999999999999722, -0.02199999999999999872 ) ) ;
#1122 = LINE ( 'NONE', #4716, #3919 ) ;
#1123 = EDGE_CURVE ( 'NONE', #9928, #5711, #6499, .T. ) ;
#1124 = ORIENTED_EDGE ( 'NONE', *, *, #5490, .T. ) ;
#1125 = DIRECTION ( 'NONE',  ( -0.000000000000000000, -0.000000000000000000, 1.000000000000000000 ) ) ;
#1126 =( NAMED_UNIT ( * ) PLANE_ANGLE_UNIT ( ) SI_UNIT ( $, .RADIAN. ) );
#1127 = PRESENTATION_STYLE_ASSIGNMENT (( #4488 ) ) ;
#1128 = FILL_AREA_STYLE ('',( #296 ) ) ;
#1129 = FILL_AREA_STYLE_COLOUR ( '', #8342 ) ;
#1130 = SURFACE_STYLE_FILL_AREA ( #5637 ) ;
#1131 = AXIS2_PLACEMENT_3D ( 'NONE', #8416, #1957, #4788 ) ;
#1132 = VECTOR ( 'NONE', #5027, 39.37007874015748854 ) ;
#1133 = SURFACE_SIDE_STYLE ('',( #464 ) ) ;
#1134 = ORIENTED_EDGE ( 'NONE', *, *, #6072, .T. ) ;
#1135 = EDGE_CURVE ( 'NONE', #820, #10342, #8251, .T. ) ;
#1136 = LENGTH_MEASURE_WITH_UNIT ( LENGTH_MEASURE( 0.02539999999999999897 ), #7532 );
#1137 = DIRECTION ( 'NONE',  ( -1.000000000000000000, -0.000000000000000000, 0.000000000000000000 ) ) ;
#1138 = VECTOR ( 'NONE', #9841, 39.37007874015748143 ) ;
#1139 = EDGE_LOOP ( 'NONE', ( #2404, #11548, #7746, #2720 ) ) ;
#1140 = AXIS2_PLACEMENT_3D ( 'NONE', #10407, #5877, #9561 ) ;
#1141 = EDGE_LOOP ( 'NONE', ( #10807, #10852, #7862, #7099 ) ) ;
#1142 = ADVANCED_FACE ( 'NONE', ( #10538 ), #2145, .F. ) ;
#1143 = SURFACE_STYLE_FILL_AREA ( #9335 ) ;
#1144 = CARTESIAN_POINT ( 'NONE',  ( 0.007999999999999989758, 0.05000000000000000278, 0.1199999999999999956 ) ) ;
#1145 =( LENGTH_UNIT ( ) NAMED_UNIT ( * ) SI_UNIT ( $, .METRE. ) );
#1146 = CARTESIAN_POINT ( 'NONE',  ( 0.04199999999999998179, -0.06600000000000000311, -0.01700000000000001163 ) ) ;
#1147 = SURFACE_SIDE_STYLE ('',( #9282 ) ) ;
#1148 =( LENGTH_UNIT ( ) NAMED_UNIT ( * ) SI_UNIT ( $, .METRE. ) );
#1149 = EDGE_CURVE ( 'NONE', #9109, #2345, #5780, .T. ) ;
#1150 = MECHANICAL_DESIGN_GEOMETRIC_PRESENTATION_REPRESENTATION (  '', ( #10267 ), #5102 ) ;
#1151 = DIRECTION ( 'NONE',  ( -0.000000000000000000, 0.000000000000000000, -1.000000000000000000 ) ) ;
#1152 = MECHANICAL_DESIGN_GEOMETRIC_PRESENTATION_REPRESENTATION (  '', ( #2655 ), #5303 ) ;
#1153 = EDGE_LOOP ( 'NONE', ( #5628, #9254, #3965, #4858 ) ) ;
#1154 =( CONVERSION_BASED_UNIT ( 'INCH', #9290 ) LENGTH_UNIT ( ) NAMED_UNIT ( #8855 ) );
#1155 = EDGE_CURVE ( 'NONE', #5711, #8720, #4914, .T. ) ;
#1156 = EDGE_LOOP ( 'NONE', ( #8161, #2310, #4574, #2287 ) ) ;
#1157 = CARTESIAN_POINT ( 'NONE',  ( -0.05800000000000000294, 0.1759999999999999898, 0.1199999999999999956 ) ) ;
#1158 = MECHANICAL_DESIGN_GEOMETRIC_PRESENTATION_REPRESENTATION (  '', ( #4730 ), #10 ) ;
#1159 =( CONVERSION_BASED_UNIT ( 'INCH', #205 ) LENGTH_UNIT ( ) NAMED_UNIT ( #4649 ) );
#1160 = EDGE_CURVE ( 'NONE', #10771, #3618, #3039, .T. ) ;
#1161 = SURFACE_STYLE_FILL_AREA ( #9124 ) ;
#1162 = APPLICATION_PROTOCOL_DEFINITION ( 'draft international standard', 'automotive_design', 1998, #657 ) ;
#1163 = VERTEX_POINT ( 'NONE', #3979 ) ;
#1164 = AXIS2_PLACEMENT_3D ( 'NONE', #10639, #3303, #4127 ) ;
#1165 = CARTESIAN_POINT ( 'NONE',  ( 0.05800000000000000294, -0.06600000000000000311, -0.01700000000000000122 ) ) ;
#1166 = EDGE_CURVE ( 'NONE', #8966, #4061, #6723, .T. ) ;
#1167 = DIRECTION ( 'NONE',  ( -1.000000000000000000, 0.000000000000000000, 0.000000000000000000 ) ) ;
#1168 = FILL_AREA_STYLE ('',( #3706 ) ) ;
#1169 = PRESENTATION_STYLE_ASSIGNMENT (( #3885 ) ) ;
#1170 =( CONVERSION_BASED_UNIT ( 'INCH', #3113 ) LENGTH_UNIT ( ) NAMED_UNIT ( #11241 ) );
#1171 = FACE_OUTER_BOUND ( 'NONE', #2947, .T. ) ;
#1172 =( CONVERSION_BASED_UNIT ( 'INCH', #9310 ) LENGTH_UNIT ( ) NAMED_UNIT ( #7617 ) );
#1173 = LINE ( 'NONE', #9250, #5807 ) ;
#1174 =( LENGTH_UNIT ( ) NAMED_UNIT ( * ) SI_UNIT ( $, .METRE. ) );
#1175 = DIRECTION ( 'NONE',  ( -0.8944271909999159664, -0.4472135954999579832, 0.000000000000000000 ) ) ;
#1176 = ORIENTED_EDGE ( 'NONE', *, *, #10163, .T. ) ;
#1177 = VERTEX_POINT ( 'NONE', #4032 ) ;
#1178 =( LENGTH_UNIT ( ) NAMED_UNIT ( * ) SI_UNIT ( $, .METRE. ) );
#1179 = LENGTH_MEASURE_WITH_UNIT ( LENGTH_MEASURE( 0.02539999999999999897 ), #6293 );
#1180 =( NAMED_UNIT ( * ) PLANE_ANGLE_UNIT ( ) SI_UNIT ( $, .RADIAN. ) );
#1181 = VECTOR ( 'NONE', #10960, 39.37007874015748143 ) ;
#1182 = LINE ( 'NONE', #4775, #6406 ) ;
#1183 = ORIENTED_EDGE ( 'NONE', *, *, #9360, .T. ) ;
#1184 = CARTESIAN_POINT ( 'NONE',  ( -0.09199999999999999845, 0.1759999999999999898, -0.01700000000000003245 ) ) ;
#1185 =( NAMED_UNIT ( * ) SI_UNIT ( $, .STERADIAN. ) SOLID_ANGLE_UNIT ( ) );
#1186 = LINE ( 'NONE', #6421, #9910 ) ;
#1187 = PLANE ( 'NONE',  #1164 ) ;
#1188 = CARTESIAN_POINT ( 'NONE',  ( 0.05800000000000000294, 0.1759999999999999898, 0.1199999999999999956 ) ) ;
#1189 = VERTEX_POINT ( 'NONE', #316 ) ;
#1190 = CARTESIAN_POINT ( 'NONE',  ( 0.04200000000000000955, 0.04000000000000000083, 0.01700000000000000122 ) ) ;
#1191 = DIMENSIONAL_EXPONENTS ( 1.000000000000000000, 0.000000000000000000, 0.000000000000000000, 0.000000000000000000, 0.000000000000000000, 0.000000000000000000, 0.000000000000000000 ) ;
#1192 = VERTEX_POINT ( 'NONE', #4974 ) ;
#1193 =( NAMED_UNIT ( * ) PLANE_ANGLE_UNIT ( ) SI_UNIT ( $, .RADIAN. ) );
#1194 = VERTEX_POINT ( 'NONE', #6678 ) ;
#1195 = LENGTH_MEASURE_WITH_UNIT ( LENGTH_MEASURE( 0.02539999999999999897 ), #11151 );
#1196 = EDGE_CURVE ( 'NONE', #4613, #7220, #8491, .T. ) ;
#1197 =( NAMED_UNIT ( * ) SI_UNIT ( $, .STERADIAN. ) SOLID_ANGLE_UNIT ( ) );
#1198 = DIRECTION ( 'NONE',  ( -0.000000000000000000, 0.000000000000000000, -1.000000000000000000 ) ) ;
#1199 = UNCERTAINTY_MEASURE_WITH_UNIT (LENGTH_MEASURE( 1.000000000000000082E-05 ), #6351, 'distance_accuracy_value', 'NONE');
#1200 =( LENGTH_UNIT ( ) NAMED_UNIT ( * ) SI_UNIT ( $, .METRE. ) );
#1201 = LINE ( 'NONE', #1363, #2000 ) ;
#1202 = ORIENTED_EDGE ( 'NONE', *, *, #10511, .T. ) ;
#1203 = PLANE ( 'NONE',  #7499 ) ;
#1204 = PLANE ( 'NONE',  #10387 ) ;
#1205 = VECTOR ( 'NONE', #867, 39.37007874015748143 ) ;
#1206 = SURFACE_STYLE_FILL_AREA ( #3038 ) ;
#1207 = ORIENTED_EDGE ( 'NONE', *, *, #6365, .T. ) ;
#1208 = DIRECTION ( 'NONE',  ( 0.000000000000000000, -1.000000000000000000, -0.000000000000000000 ) ) ;
#1209 = EDGE_CURVE ( 'NONE', #5070, #2065, #7602, .T. ) ;
#1210 = LINE ( 'NONE', #3043, #1582 ) ;
#1211 = UNCERTAINTY_MEASURE_WITH_UNIT (LENGTH_MEASURE( 1.000000000000000082E-05 ), #9697, 'distance_accuracy_value', 'NONE');
#1212 =( GEOMETRIC_REPRESENTATION_CONTEXT ( 3 ) GLOBAL_UNCERTAINTY_ASSIGNED_CONTEXT ( ( #6206 ) ) GLOBAL_UNIT_ASSIGNED_CONTEXT ( ( #9949, #7380, #5594 ) ) REPRESENTATION_CONTEXT ( 'NONE', 'WORKASPACE' ) );
#1213 = PRESENTATION_LAYER_ASSIGNMENT (  '', '', ( #4600 ) ) ;
#1214 = CARTESIAN_POINT ( 'NONE',  ( 0.000000000000000000, 0.000000000000000000, 0.000000000000000000 ) ) ;
#1215 =( LENGTH_UNIT ( ) NAMED_UNIT ( * ) SI_UNIT ( $, .METRE. ) );
#1216 = SURFACE_STYLE_FILL_AREA ( #3882 ) ;
#1217 = EDGE_CURVE ( 'NONE', #1353, #3628, #7651, .T. ) ;
#1218 =( GEOMETRIC_REPRESENTATION_CONTEXT ( 3 ) GLOBAL_UNCERTAINTY_ASSIGNED_CONTEXT ( ( #10263 ) ) GLOBAL_UNIT_ASSIGNED_CONTEXT ( ( #5474, #74, #10870 ) ) REPRESENTATION_CONTEXT ( 'NONE', 'WORKASPACE' ) );
#1219 =( NAMED_UNIT ( * ) PLANE_ANGLE_UNIT ( ) SI_UNIT ( $, .RADIAN. ) );
#1220 = LINE ( 'NONE', #1055, #2076 ) ;
#1221 = SURFACE_STYLE_FILL_AREA ( #11403 ) ;
#1222 = UNCERTAINTY_MEASURE_WITH_UNIT (LENGTH_MEASURE( 1.000000000000000082E-05 ), #8614, 'distance_accuracy_value', 'NONE');
#1223 = CARTESIAN_POINT ( 'NONE',  ( -0.1079999999999999988, 0.2099999999999999922, -0.03300000000000000155 ) ) ;
#1224 = DIRECTION ( 'NONE',  ( -1.000000000000000000, -0.000000000000000000, -0.000000000000000000 ) ) ;
#1225 = ORIENTED_EDGE ( 'NONE', *, *, #7945, .T. ) ;
#1226 = EDGE_LOOP ( 'NONE', ( #5008, #6943, #6103, #7029 ) ) ;
#1227 = LINE ( 'NONE', #7401, #8278 ) ;
#1228 = LENGTH_MEASURE_WITH_UNIT ( LENGTH_MEASURE( 0.02539999999999999897 ), #3723 );
#1229 = CARTESIAN_POINT ( 'NONE',  ( 0.1079999999999999988, 0.1759999999999999898, -0.03300000000000000155 ) ) ;
#1230 = ORIENTED_EDGE ( 'NONE', *, *, #5869, .T. ) ;
#1231 = CARTESIAN_POINT ( 'NONE',  ( -0.05800000000000000294, 0.06499999999999998834, -0.03300000000000000155 ) ) ;
#1232 = CARTESIAN_POINT ( 'NONE',  ( 0.1079999999999999988, 0.05000000000000000278, 0.01700000000000000122 ) ) ;
#1233 = LINE ( 'NONE', #7464, #8125 ) ;
#1234 = CARTESIAN_POINT ( 'NONE',  ( 0.007999999999999989758, 0.1759999999999999898, 0.1199999999999999956 ) ) ;
#1235 = DIRECTION ( 'NONE',  ( 0.000000000000000000, 0.000000000000000000, 1.000000000000000000 ) ) ;
#1236 =( NAMED_UNIT ( * ) SI_UNIT ( $, .STERADIAN. ) SOLID_ANGLE_UNIT ( ) );
#1237 = CARTESIAN_POINT ( 'NONE',  ( 0.1079999999999999988, 0.000000000000000000, 0.01700000000000000122 ) ) ;
#1238 = VERTEX_POINT ( 'NONE', #1424 ) ;
#1239 = DIRECTION ( 'NONE',  ( 0.000000000000000000, 0.000000000000000000, -1.000000000000000000 ) ) ;
#1240 = ORIENTED_EDGE ( 'NONE', *, *, #9657, .F. ) ;
#1241 = SURFACE_STYLE_USAGE ( .BOTH. , #367 ) ;
#1242 = ORIENTED_EDGE ( 'NONE', *, *, #195, .F. ) ;
#1243 = PRESENTATION_STYLE_ASSIGNMENT (( #2971 ) ) ;
#1244 =( LENGTH_UNIT ( ) NAMED_UNIT ( * ) SI_UNIT ( $, .METRE. ) );
#1245 = SURFACE_SIDE_STYLE ('',( #3863 ) ) ;
#1246 = AXIS2_PLACEMENT_3D ( 'NONE', #5176, #931, #9775 ) ;
#1247 = LINE ( 'NONE', #4022, #10768 ) ;
#1248 =( CONVERSION_BASED_UNIT ( 'INCH', #11156 ) LENGTH_UNIT ( ) NAMED_UNIT ( #9852 ) );
#1249 = ORIENTED_EDGE ( 'NONE', *, *, #9581, .F. ) ;
#1250 = PRESENTATION_LAYER_ASSIGNMENT (  '', '', ( #11754 ) ) ;
#1251 = FILL_AREA_STYLE_COLOUR ( '', #2774 ) ;
#1252 = PRESENTATION_STYLE_ASSIGNMENT (( #3037 ) ) ;
#1253 = FILL_AREA_STYLE_COLOUR ( '', #3573 ) ;
#1254 = CARTESIAN_POINT ( 'NONE',  ( -0.04200000000000000955, -0.06600000000000000311, 0.03300000000000000155 ) ) ;
#1255 =( GEOMETRIC_REPRESENTATION_CONTEXT ( 3 ) GLOBAL_UNCERTAINTY_ASSIGNED_CONTEXT ( ( #5944 ) ) GLOBAL_UNIT_ASSIGNED_CONTEXT ( ( #11496, #69, #10065 ) ) REPRESENTATION_CONTEXT ( 'NONE', 'WORKASPACE' ) );
#1256 = ORIENTED_EDGE ( 'NONE', *, *, #4755, .T. ) ;
#1257 = COLOUR_RGB ( '',0.8627450980392157298, 0.6274509803921568540, 0.05882352941176470507 ) ;
#1258 = PRESENTATION_LAYER_ASSIGNMENT (  '', '', ( #6397 ) ) ;
#1259 = PLANE ( 'NONE',  #8604 ) ;
#1260 = DIMENSIONAL_EXPONENTS ( 1.000000000000000000, 0.000000000000000000, 0.000000000000000000, 0.000000000000000000, 0.000000000000000000, 0.000000000000000000, 0.000000000000000000 ) ;
#1261 = CARTESIAN_POINT ( 'NONE',  ( 0.1079999999999999988, -0.06600000000000000311, -0.03300000000000000155 ) ) ;
#1262 = VECTOR ( 'NONE', #10626, 39.37007874015748143 ) ;
#1263 = FILL_AREA_STYLE_COLOUR ( '', #7018 ) ;
#1264 = AXIS2_PLACEMENT_3D ( 'NONE', #10458, #4121, #684 ) ;
#1265 = CARTESIAN_POINT ( 'NONE',  ( 0.000000000000000000, -0.2099999999999999922, 0.000000000000000000 ) ) ;
#1266 = EDGE_CURVE ( 'NONE', #3659, #5821, #3152, .T. ) ;
#1267 = PRESENTATION_STYLE_ASSIGNMENT (( #11226 ) ) ;
#1268 = PRESENTATION_STYLE_ASSIGNMENT (( #3107 ) ) ;
#1269 = VECTOR ( 'NONE', #1511, 39.37007874015748143 ) ;
#1270 =( LENGTH_UNIT ( ) NAMED_UNIT ( * ) SI_UNIT ( $, .METRE. ) );
#1271 = EDGE_CURVE ( 'NONE', #8608, #3867, #4148, .T. ) ;
#1272 = DIRECTION ( 'NONE',  ( -0.000000000000000000, 1.000000000000000000, 0.000000000000000000 ) ) ;
#1273 = EDGE_CURVE ( 'NONE', #11744, #7920, #7712, .T. ) ;
#1274 = SURFACE_SIDE_STYLE ('',( #9420 ) ) ;
#1275 = SURFACE_STYLE_USAGE ( .BOTH. , #2831 ) ;
#1276 = CARTESIAN_POINT ( 'NONE',  ( 0.002999999999999974909, 0.1849999999999999978, -0.02799999999999999711 ) ) ;
#1277 = AXIS2_PLACEMENT_3D ( 'NONE', #11058, #4808, #2937 ) ;
#1278 =( NAMED_UNIT ( * ) SI_UNIT ( $, .STERADIAN. ) SOLID_ANGLE_UNIT ( ) );
#1279 = EDGE_LOOP ( 'NONE', ( #544, #9783, #5062, #3510 ) ) ;
#1280 = VERTEX_POINT ( 'NONE', #952 ) ;
#1281 = EDGE_CURVE ( 'NONE', #9389, #605, #11724, .T. ) ;
#1282 = DIRECTION ( 'NONE',  ( -1.000000000000000000, 0.000000000000000000, -0.000000000000000000 ) ) ;
#1283 = CARTESIAN_POINT ( 'NONE',  ( 0.04200000000000000955, 0.04000000000000000083, 0.01700000000000000122 ) ) ;
#1284 = SURFACE_SIDE_STYLE ('',( #4220 ) ) ;
#1285 = DIRECTION ( 'NONE',  ( -1.000000000000000000, -0.000000000000000000, 0.000000000000000000 ) ) ;
#1286 = ORIENTED_EDGE ( 'NONE', *, *, #5504, .F. ) ;
#1287 = SURFACE_STYLE_FILL_AREA ( #5986 ) ;
#1288 = EDGE_CURVE ( 'NONE', #3212, #5501, #10769, .T. ) ;
#1289 = FACE_OUTER_BOUND ( 'NONE', #4262, .T. ) ;
#1290 = CARTESIAN_POINT ( 'NONE',  ( -0.1080000000000000682, 0.1759999999999999898, 0.01700000000000000122 ) ) ;
#1291 = PRESENTATION_STYLE_ASSIGNMENT (( #5572 ) ) ;
#1292 = PLANE ( 'NONE',  #1666 ) ;
#1293 = EDGE_CURVE ( 'NONE', #5033, #1353, #2719, .T. ) ;
#1294 = SURFACE_STYLE_USAGE ( .BOTH. , #1133 ) ;
#1295 = EDGE_LOOP ( 'NONE', ( #7606, #592, #7570, #709 ) ) ;
#1296 = DIRECTION ( 'NONE',  ( 0.4368520283305176721, -0.7863336509949343522, 0.4368520283305199481 ) ) ;
#1297 = AXIS2_PLACEMENT_3D ( 'NONE', #7354, #10965, #6366 ) ;
#1298 = EDGE_LOOP ( 'NONE', ( #983, #7451, #9945, #9791, #4776, #11481, #1341, #6314, #4828, #7470, #1547, #6332, #3998, #10285, #3379, #2354, #3627, #221, #1249, #11245, #10425, #7038, #10586, #6582, #10911, #11527, #9549, #10052, #11033, #3374, #9963, #8431, #4528, #9735, #4975, #1426 ) ) ;
#1299 = LENGTH_MEASURE_WITH_UNIT ( LENGTH_MEASURE( 0.02539999999999999897 ), #9457 );
#1300 = EDGE_LOOP ( 'NONE', ( #7571, #7974, #1225, #6810 ) ) ;
#1301 = CARTESIAN_POINT ( 'NONE',  ( -0.02220491502812529938, 0.05000000000000000278, -0.002500000000000000052 ) ) ;
#1302 = CARTESIAN_POINT ( 'NONE',  ( 0.04200000000000000955, 0.05000000000000000278, -0.03299999999999999462 ) ) ;
#1303 = COLOUR_RGB ( '',0.8627450980392157298, 0.6274509803921568540, 0.05882352941176470507 ) ;
#1304 = VECTOR ( 'NONE', #3399, 39.37007874015748143 ) ;
#1305 = DIRECTION ( 'NONE',  ( 0.000000000000000000, -0.000000000000000000, 1.000000000000000000 ) ) ;
#1306 = UNCERTAINTY_MEASURE_WITH_UNIT (LENGTH_MEASURE( 1.000000000000000082E-05 ), #8068, 'distance_accuracy_value', 'NONE');
#1307 =( NAMED_UNIT ( * ) SI_UNIT ( $, .STERADIAN. ) SOLID_ANGLE_UNIT ( ) );
#1308 = DIRECTION ( 'NONE',  ( -1.000000000000000000, 0.000000000000000000, 0.000000000000000000 ) ) ;
#1309 = DIRECTION ( 'NONE',  ( 0.000000000000000000, 1.778546870875169980E-16, -1.000000000000000000 ) ) ;
#1310 = SURFACE_STYLE_USAGE ( .BOTH. , #9578 ) ;
#1311 = EDGE_LOOP ( 'NONE', ( #7797, #4798, #8946, #7082 ) ) ;
#1312 = PRESENTATION_STYLE_ASSIGNMENT (( #5724 ) ) ;
#1313 = DIMENSIONAL_EXPONENTS ( 1.000000000000000000, 0.000000000000000000, 0.000000000000000000, 0.000000000000000000, 0.000000000000000000, 0.000000000000000000, 0.000000000000000000 ) ;
#1314 = AXIS2_PLACEMENT_3D ( 'NONE', #3300, #6915, #5128 ) ;
#1315 = COLOUR_RGB ( '',0.2862745098039215508, 0.2862745098039215508, 0.2862745098039215508 ) ;
#1316 =( NAMED_UNIT ( * ) SI_UNIT ( $, .STERADIAN. ) SOLID_ANGLE_UNIT ( ) );
#1317 = SURFACE_SIDE_STYLE ('',( #4862 ) ) ;
#1318 = EDGE_LOOP ( 'NONE', ( #3872, #18, #9718, #1060 ) ) ;
#1319 = PRESENTATION_STYLE_ASSIGNMENT (( #3093 ) ) ;
#1320 = CARTESIAN_POINT ( 'NONE',  ( 0.1079999999999999988, 0.2099999999999999922, -0.03300000000000000155 ) ) ;
#1321 = CARTESIAN_POINT ( 'NONE',  ( -0.008000000000000010575, 0.1759999999999999898, 0.1199999999999999956 ) ) ;
#1322 =( CONVERSION_BASED_UNIT ( 'INCH', #9476 ) LENGTH_UNIT ( ) NAMED_UNIT ( #1593 ) );
#1323 = FILL_AREA_STYLE ('',( #255 ) ) ;
#1324 = STYLED_ITEM ( 'NONE', ( #10554 ), #5157 ) ;
#1325 = UNCERTAINTY_MEASURE_WITH_UNIT (LENGTH_MEASURE( 1.000000000000000082E-05 ), #1119, 'distance_accuracy_value', 'NONE');
#1326 = VECTOR ( 'NONE', #2833, 39.37007874015748143 ) ;
#1327 = CARTESIAN_POINT ( 'NONE',  ( 0.09200000000000001232, 0.1759999999999999898, 0.01699999999999999428 ) ) ;
#1328 = EDGE_CURVE ( 'NONE', #534, #5687, #1876, .T. ) ;
#1329 = EDGE_LOOP ( 'NONE', ( #7452, #653, #10278, #2710 ) ) ;
#1330 = SURFACE_STYLE_FILL_AREA ( #5603 ) ;
#1331 = VECTOR ( 'NONE', #5757, 39.37007874015748143 ) ;
#1332 = FILL_AREA_STYLE_COLOUR ( '', #6952 ) ;
#1333 = SURFACE_SIDE_STYLE ('',( #7832 ) ) ;
#1334 = EDGE_CURVE ( 'NONE', #10104, #11329, #8038, .T. ) ;
#1335 = UNCERTAINTY_MEASURE_WITH_UNIT (LENGTH_MEASURE( 1.000000000000000082E-05 ), #10664, 'distance_accuracy_value', 'NONE');
#1336 = DIRECTION ( 'NONE',  ( -0.000000000000000000, 1.000000000000000000, 0.000000000000000000 ) ) ;
#1337 =( LENGTH_UNIT ( ) NAMED_UNIT ( * ) SI_UNIT ( $, .METRE. ) );
#1338 = DIMENSIONAL_EXPONENTS ( 1.000000000000000000, 0.000000000000000000, 0.000000000000000000, 0.000000000000000000, 0.000000000000000000, 0.000000000000000000, 0.000000000000000000 ) ;
#1339 = MECHANICAL_DESIGN_GEOMETRIC_PRESENTATION_REPRESENTATION (  '', ( #2863 ), #7215 ) ;
#1340 = LINE ( 'NONE', #8566, #1094 ) ;
#1341 = ORIENTED_EDGE ( 'NONE', *, *, #3766, .F. ) ;
#1342 = VERTEX_POINT ( 'NONE', #9968 ) ;
#1343 =( NAMED_UNIT ( * ) SI_UNIT ( $, .STERADIAN. ) SOLID_ANGLE_UNIT ( ) );
#1344 = DIRECTION ( 'NONE',  ( 1.000000000000000000, 0.000000000000000000, 0.000000000000000000 ) ) ;
#1345 = EDGE_LOOP ( 'NONE', ( #10055, #6708, #5922, #10941 ) ) ;
#1346 = LINE ( 'NONE', #6048, #2790 ) ;
#1347 = VERTEX_POINT ( 'NONE', #6237 ) ;
#1348 = FACE_OUTER_BOUND ( 'NONE', #8480, .T. ) ;
#1349 = EDGE_CURVE ( 'NONE', #5658, #9109, #4602, .T. ) ;
#1350 = PRESENTATION_STYLE_ASSIGNMENT (( #5639 ) ) ;
#1351 = ORIENTED_EDGE ( 'NONE', *, *, #2446, .T. ) ;
#1352 = PRESENTATION_LAYER_ASSIGNMENT (  '', '', ( #6491 ) ) ;
#1353 = VERTEX_POINT ( 'NONE', #9091 ) ;
#1354 = ADVANCED_FACE ( 'NONE', ( #4413 ), #8166, .F. ) ;
#1355 = SURFACE_SIDE_STYLE ('',( #533 ) ) ;
#1356 = VERTEX_POINT ( 'NONE', #9853 ) ;
#1357 = DIRECTION ( 'NONE',  ( -1.000000000000000000, -0.000000000000000000, 0.000000000000000000 ) ) ;
#1358 = FACE_OUTER_BOUND ( 'NONE', #734, .T. ) ;
#1359 = VECTOR ( 'NONE', #2531, 39.37007874015748854 ) ;
#1360 = PLANE ( 'NONE',  #1936 ) ;
#1361 =( NAMED_UNIT ( * ) SI_UNIT ( $, .STERADIAN. ) SOLID_ANGLE_UNIT ( ) );
#1362 = EDGE_CURVE ( 'NONE', #209, #820, #7105, .T. ) ;
#1363 = CARTESIAN_POINT ( 'NONE',  ( 0.1079999999999999988, -0.06600000000000000311, -0.03300000000000000155 ) ) ;
#1364 = ORIENTED_EDGE ( 'NONE', *, *, #2864, .F. ) ;
#1365 =( CONVERSION_BASED_UNIT ( 'INCH', #8425 ) LENGTH_UNIT ( ) NAMED_UNIT ( #9694 ) );
#1366 = DIRECTION ( 'NONE',  ( 0.000000000000000000, -1.000000000000000000, -0.000000000000000000 ) ) ;
#1367 = AXIS2_PLACEMENT_3D ( 'NONE', #8643, #5756, #4834 ) ;
#1368 = PRESENTATION_STYLE_ASSIGNMENT (( #11102 ) ) ;
#1369 = CARTESIAN_POINT ( 'NONE',  ( -0.2899999999999999800, 0.06500000000000000222, 0.07000000000000000666 ) ) ;
#1370 = ORIENTED_EDGE ( 'NONE', *, *, #3084, .F. ) ;
#1371 = AXIS2_PLACEMENT_3D ( 'NONE', #6611, #4621, #8367 ) ;
#1372 = LENGTH_MEASURE_WITH_UNIT ( LENGTH_MEASURE( 0.02539999999999999897 ), #10541 );
#1373 = CARTESIAN_POINT ( 'NONE',  ( 0.2879999999999999782, 0.000000000000000000, 0.000000000000000000 ) ) ;
#1374 = ORIENTED_EDGE ( 'NONE', *, *, #3141, .T. ) ;
#1375 = FILL_AREA_STYLE ('',( #6026 ) ) ;
#1376 = COLOUR_RGB ( '',0.2862745098039215508, 0.2862745098039215508, 0.2862745098039215508 ) ;
#1377 = PLANE ( 'NONE',  #9869 ) ;
#1378 = PRESENTATION_LAYER_ASSIGNMENT (  '', '', ( #3651 ) ) ;
#1379 = UNCERTAINTY_MEASURE_WITH_UNIT (LENGTH_MEASURE( 1.000000000000000082E-05 ), #3378, 'distance_accuracy_value', 'NONE');
#1380 = DIRECTION ( 'NONE',  ( -0.000000000000000000, 0.000000000000000000, -1.000000000000000000 ) ) ;
#1381 = DIMENSIONAL_EXPONENTS ( 1.000000000000000000, 0.000000000000000000, 0.000000000000000000, 0.000000000000000000, 0.000000000000000000, 0.000000000000000000, 0.000000000000000000 ) ;
#1382 = PRESENTATION_LAYER_ASSIGNMENT (  '', '', ( #8977 ) ) ;
#1383 = MECHANICAL_DESIGN_GEOMETRIC_PRESENTATION_REPRESENTATION (  '', ( #10521 ), #5761 ) ;
#1384 = FILL_AREA_STYLE_COLOUR ( '', #7199 ) ;
#1385 = CARTESIAN_POINT ( 'NONE',  ( 0.09199999999999999845, 0.2099999999999999922, 0.01700000000000000122 ) ) ;
#1386 =( NAMED_UNIT ( * ) SI_UNIT ( $, .STERADIAN. ) SOLID_ANGLE_UNIT ( ) );
#1387 = CARTESIAN_POINT ( 'NONE',  ( 0.2899999999999999800, 0.06500000000000000222, -0.07000000000000000666 ) ) ;
#1388 = DIRECTION ( 'NONE',  ( 1.000000000000000000, 0.000000000000000000, -0.000000000000000000 ) ) ;
#1389 = SURFACE_SIDE_STYLE ('',( #9666 ) ) ;
#1390 = ORIENTED_EDGE ( 'NONE', *, *, #3321, .T. ) ;
#1391 = ORIENTED_EDGE ( 'NONE', *, *, #1777, .T. ) ;
#1392 = DIRECTION ( 'NONE',  ( 0.000000000000000000, 0.8741572761215378184, 0.4856429311786317760 ) ) ;
#1393 = STYLED_ITEM ( 'NONE', ( #5054 ), #6594 ) ;
#1394 = VECTOR ( 'NONE', #396, 39.37007874015748143 ) ;
#1395 = PRESENTATION_STYLE_ASSIGNMENT (( #9607 ) ) ;
#1396 = EDGE_CURVE ( 'NONE', #1347, #3531, #8110, .T. ) ;
#1397 = DIRECTION ( 'NONE',  ( -0.000000000000000000, -0.000000000000000000, -1.000000000000000000 ) ) ;
#1398 = LINE ( 'NONE', #1558, #10004 ) ;
#1399 = EDGE_LOOP ( 'NONE', ( #2880, #4354, #11357, #11487 ) ) ;
#1400 = CARTESIAN_POINT ( 'NONE',  ( 0.09199999999999999845, 0.1759999999999999898, -0.01700000000000000122 ) ) ;
#1401 = FILL_AREA_STYLE_COLOUR ( '', #4391 ) ;
#1402 = MECHANICAL_DESIGN_GEOMETRIC_PRESENTATION_REPRESENTATION (  '', ( #8600 ), #2358 ) ;
#1403 = DIRECTION ( 'NONE',  ( -0.8741572761215383736, -0.4856429311786311098, 0.000000000000000000 ) ) ;
#1404 = SURFACE_SIDE_STYLE ('',( #3195 ) ) ;
#1405 = LINE ( 'NONE', #525, #4146 ) ;
#1406 = EDGE_LOOP ( 'NONE', ( #964, #4484, #4059, #3258 ) ) ;
#1407 = CARTESIAN_POINT ( 'NONE',  ( 0.007999999999999989758, 0.05000000000000000278, 0.1199999999999999956 ) ) ;
#1408 = VECTOR ( 'NONE', #7309, 39.37007874015748143 ) ;
#1409 = EDGE_CURVE ( 'NONE', #5979, #8174, #8221, .T. ) ;
#1410 = DIMENSIONAL_EXPONENTS ( 1.000000000000000000, 0.000000000000000000, 0.000000000000000000, 0.000000000000000000, 0.000000000000000000, 0.000000000000000000, 0.000000000000000000 ) ;
#1411 = VECTOR ( 'NONE', #11668, 39.37007874015748143 ) ;
#1412 = VERTEX_POINT ( 'NONE', #6297 ) ;
#1413 = EDGE_LOOP ( 'NONE', ( #3201, #10098, #6692, #1825 ) ) ;
#1414 = MECHANICAL_DESIGN_GEOMETRIC_PRESENTATION_REPRESENTATION (  '', ( #11696 ), #8248 ) ;
#1415 = FILL_AREA_STYLE_COLOUR ( '', #1567 ) ;
#1416 = FACE_OUTER_BOUND ( 'NONE', #1329, .T. ) ;
#1417 = CARTESIAN_POINT ( 'NONE',  ( -0.05800000000000001682, 0.04000000000000000083, 0.01700000000000000122 ) ) ;
#1418 = EDGE_CURVE ( 'NONE', #5483, #5148, #2841, .T. ) ;
#1419 = UNCERTAINTY_MEASURE_WITH_UNIT (LENGTH_MEASURE( 1.000000000000000082E-05 ), #4745, 'distance_accuracy_value', 'NONE');
#1420 = EDGE_CURVE ( 'NONE', #897, #2494, #10899, .T. ) ;
#1421 = EDGE_CURVE ( 'NONE', #4300, #9084, #8522, .T. ) ;
#1422 = VERTEX_POINT ( 'NONE', #2178 ) ;
#1423 =( LENGTH_UNIT ( ) NAMED_UNIT ( * ) SI_UNIT ( $, .METRE. ) );
#1424 = CARTESIAN_POINT ( 'NONE',  ( 0.09199999999999999845, 0.05000000000000000971, -0.01700000000000000122 ) ) ;
#1425 = EDGE_CURVE ( 'NONE', #6155, #5746, #291, .T. ) ;
#1426 = ORIENTED_EDGE ( 'NONE', *, *, #7057, .F. ) ;
#1427 = CARTESIAN_POINT ( 'NONE',  ( 0.1079999999999999849, 0.02000000000000000042, -0.05999999999999999778 ) ) ;
#1428 = DIRECTION ( 'NONE',  ( 0.000000000000000000, 0.000000000000000000, 1.000000000000000000 ) ) ;
#1429 = VECTOR ( 'NONE', #5736, 39.37007874015748143 ) ;
#1430 = EDGE_LOOP ( 'NONE', ( #6769, #10723, #1390, #10967 ) ) ;
#1431 =( NAMED_UNIT ( * ) SI_UNIT ( $, .STERADIAN. ) SOLID_ANGLE_UNIT ( ) );
#1432 = VECTOR ( 'NONE', #8276, 39.37007874015748143 ) ;
#1433 = FACE_OUTER_BOUND ( 'NONE', #1226, .T. ) ;
#1434 = LINE ( 'NONE', #3276, #9099 ) ;
#1435 = UNCERTAINTY_MEASURE_WITH_UNIT (LENGTH_MEASURE( 1.000000000000000082E-05 ), #3117, 'distance_accuracy_value', 'NONE');
#1436 = EDGE_CURVE ( 'NONE', #3262, #9971, #10341, .T. ) ;
#1437 = PLANE ( 'NONE',  #9780 ) ;
#1438 = VECTOR ( 'NONE', #5471, 39.37007874015748143 ) ;
#1439 = COLOUR_RGB ( '',0.8627450980392157298, 0.6274509803921568540, 0.05882352941176470507 ) ;
#1440 = VECTOR ( 'NONE', #10908, 39.37007874015748143 ) ;
#1441 =( CONVERSION_BASED_UNIT ( 'INCH', #1499 ) LENGTH_UNIT ( ) NAMED_UNIT ( #8426 ) );
#1442 = CARTESIAN_POINT ( 'NONE',  ( 0.1079999999999999988, -0.07499999999999999722, -0.02799999999999999711 ) ) ;
#1443 = AXIS2_PLACEMENT_3D ( 'NONE', #3790, #166, #951 ) ;
#1444 = SURFACE_STYLE_USAGE ( .BOTH. , #11633 ) ;
#1445 = DIRECTION ( 'NONE',  ( 0.000000000000000000, 0.000000000000000000, -1.000000000000000000 ) ) ;
#1446 = UNCERTAINTY_MEASURE_WITH_UNIT (LENGTH_MEASURE( 1.000000000000000082E-05 ), #8429, 'distance_accuracy_value', 'NONE');
#1447 = CARTESIAN_POINT ( 'NONE',  ( -0.04200000000000000955, 0.2099999999999999922, -0.01700000000000000122 ) ) ;
#1448 = CARTESIAN_POINT ( 'NONE',  ( -0.1079999999999999988, 0.04000000000000000083, 0.01700000000000000122 ) ) ;
#1449 = EDGE_LOOP ( 'NONE', ( #10748, #5557, #5385, #7282 ) ) ;
#1450 = ORIENTED_EDGE ( 'NONE', *, *, #3648, .F. ) ;
#1451 = COLOUR_RGB ( '',0.8627450980392157298, 0.6274509803921568540, 0.05882352941176470507 ) ;
#1452 = AXIS2_PLACEMENT_3D ( 'NONE', #10563, #4280, #1392 ) ;
#1453 = CARTESIAN_POINT ( 'NONE',  ( -0.05300000000000000544, -0.07499999999999999722, 0.02799999999999999711 ) ) ;
#1454 =( CONVERSION_BASED_UNIT ( 'INCH', #1556 ) LENGTH_UNIT ( ) NAMED_UNIT ( #8930 ) );
#1455 = PRESENTATION_STYLE_ASSIGNMENT (( #9498 ) ) ;
#1456 = VECTOR ( 'NONE', #9073, 39.37007874015748143 ) ;
#1457 =( GEOMETRIC_REPRESENTATION_CONTEXT ( 3 ) GLOBAL_UNCERTAINTY_ASSIGNED_CONTEXT ( ( #8776 ) ) GLOBAL_UNIT_ASSIGNED_CONTEXT ( ( #878, #8894, #5259 ) ) REPRESENTATION_CONTEXT ( 'NONE', 'WORKASPACE' ) );
#1458 = ORIENTED_EDGE ( 'NONE', *, *, #3961, .F. ) ;
#1459 = LINE ( 'NONE', #4125, #4689 ) ;
#1460 = DIRECTION ( 'NONE',  ( -0.8741572761215383736, -0.4856429311786311098, 0.000000000000000000 ) ) ;
#1461 = CARTESIAN_POINT ( 'NONE',  ( 0.1079999999999999988, 0.1759999999999999898, -0.01700000000000000122 ) ) ;
#1462 = SURFACE_SIDE_STYLE ('',( #4179 ) ) ;
#1463 = DIMENSIONAL_EXPONENTS ( 1.000000000000000000, 0.000000000000000000, 0.000000000000000000, 0.000000000000000000, 0.000000000000000000, 0.000000000000000000, 0.000000000000000000 ) ;
#1464 = VECTOR ( 'NONE', #10496, 39.37007874015748143 ) ;
#1465 = DIRECTION ( 'NONE',  ( -1.000000000000000000, 0.000000000000000000, 0.000000000000000000 ) ) ;
#1466 = ORIENTED_EDGE ( 'NONE', *, *, #9422, .F. ) ;
#1467 = LINE ( 'NONE', #5072, #4124 ) ;
#1468 = SURFACE_STYLE_USAGE ( .BOTH. , #6115 ) ;
#1469 = MECHANICAL_DESIGN_GEOMETRIC_PRESENTATION_REPRESENTATION (  '', ( #9092 ), #1836 ) ;
#1470 = ORIENTED_EDGE ( 'NONE', *, *, #8198, .T. ) ;
#1471 = PLANE ( 'NONE',  #6137 ) ;
#1472 = LINE ( 'NONE', #7045, #10319 ) ;
#1473 = ORIENTED_EDGE ( 'NONE', *, *, #11048, .T. ) ;
#1474 = DIRECTION ( 'NONE',  ( -1.000000000000000000, -0.000000000000000000, 0.000000000000000000 ) ) ;
#1475 = SURFACE_STYLE_FILL_AREA ( #2364 ) ;
#1476 = FACE_OUTER_BOUND ( 'NONE', #9494, .T. ) ;
#1477 = EDGE_CURVE ( 'NONE', #2065, #9340, #405, .T. ) ;
#1478 = FILL_AREA_STYLE ('',( #5085 ) ) ;
#1479 = VECTOR ( 'NONE', #8401, 39.37007874015748143 ) ;
#1480 =( GEOMETRIC_REPRESENTATION_CONTEXT ( 3 ) GLOBAL_UNCERTAINTY_ASSIGNED_CONTEXT ( ( #3099 ) ) GLOBAL_UNIT_ASSIGNED_CONTEXT ( ( #1887, #8122, #5518 ) ) REPRESENTATION_CONTEXT ( 'NONE', 'WORKASPACE' ) );
#1481 = CARTESIAN_POINT ( 'NONE',  ( 0.002999999999999987486, 0.1849999999999999978, 0.02199999999999996403 ) ) ;
#1482 = ORIENTED_EDGE ( 'NONE', *, *, #1072, .F. ) ;
#1483 = FILL_AREA_STYLE_COLOUR ( '', #6396 ) ;
#1484 =( CONVERSION_BASED_UNIT ( 'INCH', #11386 ) LENGTH_UNIT ( ) NAMED_UNIT ( #3214 ) );
#1485 =( GEOMETRIC_REPRESENTATION_CONTEXT ( 3 ) GLOBAL_UNCERTAINTY_ASSIGNED_CONTEXT ( ( #10131 ) ) GLOBAL_UNIT_ASSIGNED_CONTEXT ( ( #9935, #8130, #2743 ) ) REPRESENTATION_CONTEXT ( 'NONE', 'WORKASPACE' ) );
#1486 = ORIENTED_EDGE ( 'NONE', *, *, #343, .T. ) ;
#1487 = CARTESIAN_POINT ( 'NONE',  ( 0.09199999999999999845, 0.06499999999999998834, -0.01700000000000000122 ) ) ;
#1488 = DIMENSIONAL_EXPONENTS ( 1.000000000000000000, 0.000000000000000000, 0.000000000000000000, 0.000000000000000000, 0.000000000000000000, 0.000000000000000000, 0.000000000000000000 ) ;
#1489 = CARTESIAN_POINT ( 'NONE',  ( 0.007999999999999991493, 0.1759999999999999898, -0.01700000000000006714 ) ) ;
#1490 = ORIENTED_EDGE ( 'NONE', *, *, #8443, .T. ) ;
#1491 = FILL_AREA_STYLE ('',( #7556 ) ) ;
#1492 = EDGE_CURVE ( 'NONE', #4544, #594, #4660, .T. ) ;
#1493 = CARTESIAN_POINT ( 'NONE',  ( 0.002999999999999990088, -0.07499999999999999722, 0.1199999999999999956 ) ) ;
#1494 = VECTOR ( 'NONE', #822, 39.37007874015748143 ) ;
#1495 = LINE ( 'NONE', #8003, #6474 ) ;
#1496 = CARTESIAN_POINT ( 'NONE',  ( -0.05800000000000000294, 0.2099999999999999922, 0.01700000000000000122 ) ) ;
#1497 = EDGE_CURVE ( 'NONE', #198, #1194, #1122, .T. ) ;
#1498 = SURFACE_STYLE_FILL_AREA ( #9705 ) ;
#1499 = LENGTH_MEASURE_WITH_UNIT ( LENGTH_MEASURE( 0.02539999999999999897 ), #9539 );
#1500 = STYLED_ITEM ( 'NONE', ( #8942 ), #5032 ) ;
#1501 = PRESENTATION_LAYER_ASSIGNMENT (  '', '', ( #5091 ) ) ;
#1502 = EDGE_CURVE ( 'NONE', #7261, #8454, #7459, .T. ) ;
#1503 = LENGTH_MEASURE_WITH_UNIT ( LENGTH_MEASURE( 0.02539999999999999897 ), #4108 );
#1504 = DIRECTION ( 'NONE',  ( 0.000000000000000000, 0.000000000000000000, -1.000000000000000000 ) ) ;
#1505 =( NAMED_UNIT ( * ) SI_UNIT ( $, .STERADIAN. ) SOLID_ANGLE_UNIT ( ) );
#1506 = FILL_AREA_STYLE ('',( #3238 ) ) ;
#1507 = LENGTH_MEASURE_WITH_UNIT ( LENGTH_MEASURE( 0.02539999999999999897 ), #7896 );
#1508 = EDGE_LOOP ( 'NONE', ( #11510, #8832, #5322, #3432 ) ) ;
#1509 = VERTEX_POINT ( 'NONE', #4004 ) ;
#1510 = COLOUR_RGB ( '',0.2862745098039215508, 0.2862745098039215508, 0.2862745098039215508 ) ;
#1511 = DIRECTION ( 'NONE',  ( 0.000000000000000000, 0.000000000000000000, 1.000000000000000000 ) ) ;
#1512 =( GEOMETRIC_REPRESENTATION_CONTEXT ( 3 ) GLOBAL_UNCERTAINTY_ASSIGNED_CONTEXT ( ( #8683 ) ) GLOBAL_UNIT_ASSIGNED_CONTEXT ( ( #8382, #8259, #3823 ) ) REPRESENTATION_CONTEXT ( 'NONE', 'WORKASPACE' ) );
#1513 = DIRECTION ( 'NONE',  ( 0.000000000000000000, 1.778546870875169980E-16, -1.000000000000000000 ) ) ;
#1514 = DIRECTION ( 'NONE',  ( -0.000000000000000000, 0.000000000000000000, -1.000000000000000000 ) ) ;
#1515 = ORIENTED_EDGE ( 'NONE', *, *, #637, .T. ) ;
#1516 = CARTESIAN_POINT ( 'NONE',  ( 0.1029999999999999943, 0.1849999999999999978, -0.02799999999999999711 ) ) ;
#1517 = FACE_OUTER_BOUND ( 'NONE', #7689, .T. ) ;
#1518 = STYLED_ITEM ( 'NONE', ( #10303 ), #8756 ) ;
#1519 = CARTESIAN_POINT ( 'NONE',  ( 0.05800000000000000294, -0.06600000000000000311, 0.03300000000000000155 ) ) ;
#1520 = LINE ( 'NONE', #8646, #8518 ) ;
#1521 = PLANE ( 'NONE',  #9425 ) ;
#1522 = ORIENTED_EDGE ( 'NONE', *, *, #6460, .T. ) ;
#1523 = ORIENTED_EDGE ( 'NONE', *, *, #9871, .T. ) ;
#1524 = FACE_BOUND ( 'NONE', #4495, .T. ) ;
#1525 =( NAMED_UNIT ( * ) SI_UNIT ( $, .STERADIAN. ) SOLID_ANGLE_UNIT ( ) );
#1526 = ORIENTED_EDGE ( 'NONE', *, *, #813, .T. ) ;
#1527 = PRESENTATION_STYLE_ASSIGNMENT (( #8661 ) ) ;
#1528 = UNCERTAINTY_MEASURE_WITH_UNIT (LENGTH_MEASURE( 1.000000000000000082E-05 ), #10952, 'distance_accuracy_value', 'NONE');
#1529 =( LENGTH_UNIT ( ) NAMED_UNIT ( * ) SI_UNIT ( $, .METRE. ) );
#1530 = EDGE_CURVE ( 'NONE', #758, #9987, #2064, .T. ) ;
#1531 = DIRECTION ( 'NONE',  ( 0.000000000000000000, 1.000000000000000000, 0.000000000000000000 ) ) ;
#1532 = SURFACE_STYLE_USAGE ( .BOTH. , #4243 ) ;
#1533 = ORIENTED_EDGE ( 'NONE', *, *, #131, .F. ) ;
#1534 = LINE ( 'NONE', #11549, #6419 ) ;
#1535 = EDGE_CURVE ( 'NONE', #4068, #5380, #6753, .T. ) ;
#1536 = VERTEX_POINT ( 'NONE', #167 ) ;
#1537 = LENGTH_MEASURE_WITH_UNIT ( LENGTH_MEASURE( 0.02539999999999999897 ), #9747 );
#1538 = LINE ( 'NONE', #10603, #923 ) ;
#1539 = FILL_AREA_STYLE ('',( #6135 ) ) ;
#1540 = MECHANICAL_DESIGN_GEOMETRIC_PRESENTATION_REPRESENTATION (  '', ( #4760 ), #1718 ) ;
#1541 = LINE ( 'NONE', #106, #8919 ) ;
#1542 = AXIS2_PLACEMENT_3D ( 'NONE', #1234, #1403, #10513 ) ;
#1543 =( LENGTH_UNIT ( ) NAMED_UNIT ( * ) SI_UNIT ( $, .METRE. ) );
#1544 =( LENGTH_UNIT ( ) NAMED_UNIT ( * ) SI_UNIT ( $, .METRE. ) );
#1545 = ADVANCED_FACE ( 'NONE', ( #11076 ), #11136, .T. ) ;
#1546 = DIRECTION ( 'NONE',  ( 0.4368520283305188934, -0.7863336509949336861, 0.4368520283305196150 ) ) ;
#1547 = ORIENTED_EDGE ( 'NONE', *, *, #325, .F. ) ;
#1548 =( LENGTH_UNIT ( ) NAMED_UNIT ( * ) SI_UNIT ( $, .METRE. ) );
#1549 = UNCERTAINTY_MEASURE_WITH_UNIT (LENGTH_MEASURE( 1.000000000000000082E-05 ), #3729, 'distance_accuracy_value', 'NONE');
#1550 = PRESENTATION_LAYER_ASSIGNMENT (  '', '', ( #6697 ) ) ;
#1551 = CARTESIAN_POINT ( 'NONE',  ( -0.3250000000000000111, 0.06499999999999998834, 0.1000000000000000056 ) ) ;
#1552 = DIMENSIONAL_EXPONENTS ( 1.000000000000000000, 0.000000000000000000, 0.000000000000000000, 0.000000000000000000, 0.000000000000000000, 0.000000000000000000, 0.000000000000000000 ) ;
#1553 = ORIENTED_EDGE ( 'NONE', *, *, #2242, .T. ) ;
#1554 = ORIENTED_EDGE ( 'NONE', *, *, #8911, .T. ) ;
#1555 = EDGE_CURVE ( 'NONE', #11466, #9529, #1182, .T. ) ;
#1556 = LENGTH_MEASURE_WITH_UNIT ( LENGTH_MEASURE( 0.02539999999999999897 ), #8634 );
#1557 = DIRECTION ( 'NONE',  ( 0.000000000000000000, -1.000000000000000000, -0.000000000000000000 ) ) ;
#1558 = CARTESIAN_POINT ( 'NONE',  ( -0.1079999999999999988, 0.06500000000000000222, 0.000000000000000000 ) ) ;
#1559 = ORIENTED_EDGE ( 'NONE', *, *, #4390, .F. ) ;
#1560 = ADVANCED_FACE ( 'NONE', ( #9377 ), #4827, .F. ) ;
#1561 = DIRECTION ( 'NONE',  ( 0.4368520283305187824, -0.7863336509949342412, -0.4368520283305187824 ) ) ;
#1562 =( NAMED_UNIT ( * ) PLANE_ANGLE_UNIT ( ) SI_UNIT ( $, .RADIAN. ) );
#1563 = PRESENTATION_LAYER_ASSIGNMENT (  '', '', ( #1393 ) ) ;
#1564 = FILL_AREA_STYLE_COLOUR ( '', #10389 ) ;
#1565 = VERTEX_POINT ( 'NONE', #3297 ) ;
#1566 = ORIENTED_EDGE ( 'NONE', *, *, #9219, .F. ) ;
#1567 = COLOUR_RGB ( '',0.2862745098039215508, 0.2862745098039215508, 0.2862745098039215508 ) ;
#1568 = EDGE_LOOP ( 'NONE', ( #11423, #4892, #5022, #8883 ) ) ;
#1569 = SURFACE_SIDE_STYLE ('',( #11726 ) ) ;
#1570 =( CONVERSION_BASED_UNIT ( 'INCH', #4417 ) LENGTH_UNIT ( ) NAMED_UNIT ( #4799 ) );
#1571 = ORIENTED_EDGE ( 'NONE', *, *, #6509, .T. ) ;
#1572 = CARTESIAN_POINT ( 'NONE',  ( 0.007999999999999970676, 0.2099999999999999922, 0.01700000000000000122 ) ) ;
#1573 = FACE_OUTER_BOUND ( 'NONE', #8300, .T. ) ;
#1574 = DIRECTION ( 'NONE',  ( 0.000000000000000000, 0.000000000000000000, 1.000000000000000000 ) ) ;
#1575 = AXIS2_PLACEMENT_3D ( 'NONE', #1572, #5196, #6121 ) ;
#1576 = PLANE ( 'NONE',  #2102 ) ;
#1577 = PRESENTATION_LAYER_ASSIGNMENT (  '', '', ( #3507 ) ) ;
#1578 = VERTEX_POINT ( 'NONE', #3188 ) ;
#1579 = FILL_AREA_STYLE ('',( #11488 ) ) ;
#1580 = SURFACE_STYLE_FILL_AREA ( #4248 ) ;
#1581 = EDGE_LOOP ( 'NONE', ( #4712, #2442, #8316, #7639 ) ) ;
#1582 = VECTOR ( 'NONE', #10071, 39.37007874015748143 ) ;
#1583 = CARTESIAN_POINT ( 'NONE',  ( 0.05800000000000000294, 0.04000000000000000083, 0.03299999999999999462 ) ) ;
#1584 = DIRECTION ( 'NONE',  ( 0.4856429311786310543, 0.8741572761215382625, 0.000000000000000000 ) ) ;
#1585 =( LENGTH_UNIT ( ) NAMED_UNIT ( * ) SI_UNIT ( $, .METRE. ) );
#1586 =( NAMED_UNIT ( * ) SI_UNIT ( $, .STERADIAN. ) SOLID_ANGLE_UNIT ( ) );
#1587 = SURFACE_STYLE_FILL_AREA ( #10670 ) ;
#1588 = EDGE_CURVE ( 'NONE', #2836, #6771, #4060, .T. ) ;
#1589 = DIRECTION ( 'NONE',  ( 0.000000000000000000, 0.000000000000000000, 1.000000000000000000 ) ) ;
#1590 = EDGE_LOOP ( 'NONE', ( #1533, #9724, #3298, #9027, #10179, #7333, #7842, #6307, #10050, #9707, #8039, #10663, #4628, #3357, #3969, #7375, #3416, #1853, #11071, #11010, #9969, #6547, #5333, #471, #10033, #10375, #1786, #1240, #5235, #8736, #1016, #11438, #5649, #1670, #4443, #2762 ) ) ;
#1591 = AXIS2_PLACEMENT_3D ( 'NONE', #4255, #10799, #9879 ) ;
#1592 = FACE_OUTER_BOUND ( 'NONE', #9440, .T. ) ;
#1593 = DIMENSIONAL_EXPONENTS ( 1.000000000000000000, 0.000000000000000000, 0.000000000000000000, 0.000000000000000000, 0.000000000000000000, 0.000000000000000000, 0.000000000000000000 ) ;
#1594 = CARTESIAN_POINT ( 'NONE',  ( -0.09199999999999999845, 0.2099999999999999922, -0.03300000000000000155 ) ) ;
#1595 = CARTESIAN_POINT ( 'NONE',  ( 0.2879999999999999782, 0.000000000000000000, -0.1199999999999999956 ) ) ;
#1596 = SURFACE_STYLE_USAGE ( .BOTH. , #10872 ) ;
#1597 = FILL_AREA_STYLE_COLOUR ( '', #3479 ) ;
#1598 = LENGTH_MEASURE_WITH_UNIT ( LENGTH_MEASURE( 0.02539999999999999897 ), #7777 );
#1599 = CARTESIAN_POINT ( 'NONE',  ( 0.04200000000000000955, 0.01999999999999999001, -0.01700000000000000122 ) ) ;
#1600 = EDGE_CURVE ( 'NONE', #4202, #2506, #8576, .T. ) ;
#1601 = CARTESIAN_POINT ( 'NONE',  ( -0.05800000000000000294, 0.2099999999999999922, -0.01700000000000000122 ) ) ;
#1602 = ORIENTED_EDGE ( 'NONE', *, *, #4548, .T. ) ;
#1603 =( GEOMETRIC_REPRESENTATION_CONTEXT ( 3 ) GLOBAL_UNCERTAINTY_ASSIGNED_CONTEXT ( ( #4851 ) ) GLOBAL_UNIT_ASSIGNED_CONTEXT ( ( #8979, #2449, #6141 ) ) REPRESENTATION_CONTEXT ( 'NONE', 'WORKASPACE' ) );
#1604 = ORIENTED_EDGE ( 'NONE', *, *, #11700, .T. ) ;
#1605 = VECTOR ( 'NONE', #1531, 39.37007874015748143 ) ;
#1606 = SURFACE_SIDE_STYLE ('',( #8703 ) ) ;
#1607 = CARTESIAN_POINT ( 'NONE',  ( 0.05299999999999999850, 0.1849999999999999978, 0.02199999999999996403 ) ) ;
#1608 = EDGE_CURVE ( 'NONE', #1074, #10354, #4285, .T. ) ;
#1609 = ORIENTED_EDGE ( 'NONE', *, *, #4757, .T. ) ;
#1610 = MECHANICAL_DESIGN_GEOMETRIC_PRESENTATION_REPRESENTATION (  '', ( #7502 ), #2388 ) ;
#1611 = PRESENTATION_LAYER_ASSIGNMENT (  '', '', ( #7869 ) ) ;
#1612 = VECTOR ( 'NONE', #5378, 39.37007874015748143 ) ;
#1613 = LENGTH_MEASURE_WITH_UNIT ( LENGTH_MEASURE( 0.02539999999999999897 ), #999 );
#1614 =( GEOMETRIC_REPRESENTATION_CONTEXT ( 3 ) GLOBAL_UNCERTAINTY_ASSIGNED_CONTEXT ( ( #10950 ) ) GLOBAL_UNIT_ASSIGNED_CONTEXT ( ( #6586, #2949, #3840 ) ) REPRESENTATION_CONTEXT ( 'NONE', 'WORKASPACE' ) );
#1615 = CARTESIAN_POINT ( 'NONE',  ( -0.09700000000000007228, -0.07499999999999999722, -0.02799999999999999711 ) ) ;
#1616 = EDGE_CURVE ( 'NONE', #1280, #1342, #1346, .T. ) ;
#1617 =( GEOMETRIC_REPRESENTATION_CONTEXT ( 3 ) GLOBAL_UNCERTAINTY_ASSIGNED_CONTEXT ( ( #2220 ) ) GLOBAL_UNIT_ASSIGNED_CONTEXT ( ( #5840, #3151, #2482 ) ) REPRESENTATION_CONTEXT ( 'NONE', 'WORKASPACE' ) );
#1618 =( CONVERSION_BASED_UNIT ( 'INCH', #10470 ) LENGTH_UNIT ( ) NAMED_UNIT ( #7493 ) );
#1619 = VERTEX_POINT ( 'NONE', #9723 ) ;
#1620 = EDGE_LOOP ( 'NONE', ( #1019, #3086, #7120, #8938 ) ) ;
#1621 = PRESENTATION_STYLE_ASSIGNMENT (( #10578 ) ) ;
#1622 = VECTOR ( 'NONE', #6911, 39.37007874015748143 ) ;
#1623 = COLOUR_RGB ( '',0.8627450980392157298, 0.6274509803921568540, 0.05882352941176470507 ) ;
#1624 = DIMENSIONAL_EXPONENTS ( 1.000000000000000000, 0.000000000000000000, 0.000000000000000000, 0.000000000000000000, 0.000000000000000000, 0.000000000000000000, 0.000000000000000000 ) ;
#1625 = DIRECTION ( 'NONE',  ( 0.000000000000000000, 0.8741572761215371523, 0.4856429311786330527 ) ) ;
#1626 = EDGE_CURVE ( 'NONE', #413, #9066, #8704, .T. ) ;
#1627 = MECHANICAL_DESIGN_GEOMETRIC_PRESENTATION_REPRESENTATION (  '', ( #3751 ), #4672 ) ;
#1628 = PRESENTATION_LAYER_ASSIGNMENT (  '', '', ( #2222 ) ) ;
#1629 = ORIENTED_EDGE ( 'NONE', *, *, #202, .F. ) ;
#1630 = LINE ( 'NONE', #8898, #2149 ) ;
#1631 = CARTESIAN_POINT ( 'NONE',  ( 0.1029999999999999943, -0.07499999999999998335, 0.02800000000000000405 ) ) ;
#1632 = VERTEX_POINT ( 'NONE', #2290 ) ;
#1633 = CARTESIAN_POINT ( 'NONE',  ( 0.3250000000000000111, 0.2099999999999999922, 0.1000000000000000056 ) ) ;
#1634 = FACE_OUTER_BOUND ( 'NONE', #7854, .T. ) ;
#1635 = EDGE_CURVE ( 'NONE', #4123, #3976, #1398, .T. ) ;
#1636 = DIRECTION ( 'NONE',  ( 0.000000000000000000, -1.000000000000000000, -0.000000000000000000 ) ) ;
#1637 = LINE ( 'NONE', #5515, #7183 ) ;
#1638 = DIRECTION ( 'NONE',  ( 0.000000000000000000, 0.000000000000000000, 1.000000000000000000 ) ) ;
#1639 = STYLED_ITEM ( 'NONE', ( #2089 ), #10432 ) ;
#1640 = CARTESIAN_POINT ( 'NONE',  ( -0.04699999999999998623, -0.07499999999999999722, 0.02199999999999996403 ) ) ;
#1641 = EDGE_CURVE ( 'NONE', #6107, #11219, #2343, .T. ) ;
#1642 = EDGE_LOOP ( 'NONE', ( #119, #10782, #5781, #6875 ) ) ;
#1643 = PLANE ( 'NONE',  #313 ) ;
#1644 = ORIENTED_EDGE ( 'NONE', *, *, #6997, .F. ) ;
#1645 = DIRECTION ( 'NONE',  ( 0.000000000000000000, -0.000000000000000000, 1.000000000000000000 ) ) ;
#1646 = VECTOR ( 'NONE', #5009, 39.37007874015748143 ) ;
#1647 =( GEOMETRIC_REPRESENTATION_CONTEXT ( 3 ) GLOBAL_UNCERTAINTY_ASSIGNED_CONTEXT ( ( #10609 ) ) GLOBAL_UNIT_ASSIGNED_CONTEXT ( ( #6822, #4131, #9681 ) ) REPRESENTATION_CONTEXT ( 'NONE', 'WORKASPACE' ) );
#1648 = LINE ( 'NONE', #5101, #11779 ) ;
#1649 =( NAMED_UNIT ( * ) PLANE_ANGLE_UNIT ( ) SI_UNIT ( $, .RADIAN. ) );
#1650 = COLOUR_RGB ( '',0.8627450980392157298, 0.6274509803921568540, 0.05882352941176470507 ) ;
#1651 = STYLED_ITEM ( 'NONE', ( #557 ), #7453 ) ;
#1652 = PRESENTATION_STYLE_ASSIGNMENT (( #617 ) ) ;
#1653 = FILL_AREA_STYLE ('',( #8867 ) ) ;
#1654 = EDGE_LOOP ( 'NONE', ( #4603, #3243, #2967, #4409 ) ) ;
#1655 = LINE ( 'NONE', #9824, #1408 ) ;
#1656 = COLOUR_RGB ( '',0.8627450980392157298, 0.6274509803921568540, 0.05882352941176470507 ) ;
#1657 = UNCERTAINTY_MEASURE_WITH_UNIT (LENGTH_MEASURE( 1.000000000000000082E-05 ), #3346, 'distance_accuracy_value', 'NONE');
#1658 = AXIS2_PLACEMENT_3D ( 'NONE', #6124, #1574, #3444 ) ;
#1659 =( NAMED_UNIT ( * ) SI_UNIT ( $, .STERADIAN. ) SOLID_ANGLE_UNIT ( ) );
#1660 = ADVANCED_FACE ( 'NONE', ( #5177 ), #5006, .F. ) ;
#1661 = PRESENTATION_STYLE_ASSIGNMENT (( #8085 ) ) ;
#1662 = ORIENTED_EDGE ( 'NONE', *, *, #1281, .T. ) ;
#1663 = ORIENTED_EDGE ( 'NONE', *, *, #3172, .T. ) ;
#1664 = CARTESIAN_POINT ( 'NONE',  ( -0.008000000000000007105, 0.04000000000000001471, -0.03300000000000000155 ) ) ;
#1665 = PRESENTATION_LAYER_ASSIGNMENT (  '', '', ( #3963 ) ) ;
#1666 = AXIS2_PLACEMENT_3D ( 'NONE', #9510, #10468, #2475 ) ;
#1667 = DIRECTION ( 'NONE',  ( 0.000000000000000000, -1.000000000000000000, -0.000000000000000000 ) ) ;
#1668 =( CONVERSION_BASED_UNIT ( 'INCH', #6220 ) LENGTH_UNIT ( ) NAMED_UNIT ( #565 ) );
#1669 = EDGE_CURVE ( 'NONE', #10295, #8546, #8937, .T. ) ;
#1670 = ORIENTED_EDGE ( 'NONE', *, *, #6365, .F. ) ;
#1671 = DIRECTION ( 'NONE',  ( 0.000000000000000000, 0.4856429311786318315, 0.8741572761215379295 ) ) ;
#1672 = LINE ( 'NONE', #9006, #4530 ) ;
#1673 = PLANE ( 'NONE',  #9321 ) ;
#1674 = FILL_AREA_STYLE ('',( #10891 ) ) ;
#1675 = DIMENSIONAL_EXPONENTS ( 1.000000000000000000, 0.000000000000000000, 0.000000000000000000, 0.000000000000000000, 0.000000000000000000, 0.000000000000000000, 0.000000000000000000 ) ;
#1676 = AXIS2_PLACEMENT_3D ( 'NONE', #4927, #3112, #11502 ) ;
#1677 = DIRECTION ( 'NONE',  ( -0.4368520283305191709, 0.7863336509949344633, 0.4368520283305182272 ) ) ;
#1678 = EDGE_LOOP ( 'NONE', ( #3040, #6885, #8042, #8981 ) ) ;
#1679 = ORIENTED_EDGE ( 'NONE', *, *, #3021, .F. ) ;
#1680 =( CONVERSION_BASED_UNIT ( 'INCH', #7855 ) LENGTH_UNIT ( ) NAMED_UNIT ( #9624 ) );
#1681 = FILL_AREA_STYLE ('',( #10955 ) ) ;
#1682 = ADVANCED_FACE ( 'NONE', ( #2583 ), #800, .F. ) ;
#1683 = AXIS2_PLACEMENT_3D ( 'NONE', #10961, #2727, #8228 ) ;
#1684 = ORIENTED_EDGE ( 'NONE', *, *, #10974, .F. ) ;
#1685 = PRESENTATION_LAYER_ASSIGNMENT (  '', '', ( #577 ) ) ;
#1686 = CARTESIAN_POINT ( 'NONE',  ( 0.1079999999999999988, 0.04000000000000000777, -0.03300000000000000155 ) ) ;
#1687 = PRESENTATION_STYLE_ASSIGNMENT (( #3877 ) ) ;
#1688 = ORIENTED_EDGE ( 'NONE', *, *, #5771, .F. ) ;
#1689 =( NAMED_UNIT ( * ) SI_UNIT ( $, .STERADIAN. ) SOLID_ANGLE_UNIT ( ) );
#1690 = DIRECTION ( 'NONE',  ( 0.4856429311786310543, 0.8741572761215382625, 0.000000000000000000 ) ) ;
#1691 = CARTESIAN_POINT ( 'NONE',  ( -0.04200000000000000955, 0.1759999999999999898, 0.03300000000000000155 ) ) ;
#1692 = DIRECTION ( 'NONE',  ( 1.000000000000000000, 0.000000000000000000, -0.000000000000000000 ) ) ;
#1693 = ORIENTED_EDGE ( 'NONE', *, *, #5493, .T. ) ;
#1694 =( GEOMETRIC_REPRESENTATION_CONTEXT ( 3 ) GLOBAL_UNCERTAINTY_ASSIGNED_CONTEXT ( ( #7140 ) ) GLOBAL_UNIT_ASSIGNED_CONTEXT ( ( #6287, #29, #8157 ) ) REPRESENTATION_CONTEXT ( 'NONE', 'WORKASPACE' ) );
#1695 = FACE_OUTER_BOUND ( 'NONE', #3563, .T. ) ;
#1696 = COLOUR_RGB ( '',0.8627450980392157298, 0.6274509803921568540, 0.05882352941176470507 ) ;
#1697 = ORIENTED_EDGE ( 'NONE', *, *, #1362, .F. ) ;
#1698 = FACE_OUTER_BOUND ( 'NONE', #7240, .T. ) ;
#1699 = EDGE_CURVE ( 'NONE', #5806, #5146, #1723, .T. ) ;
#1700 = ORIENTED_EDGE ( 'NONE', *, *, #10153, .T. ) ;
#1701 = DIRECTION ( 'NONE',  ( 0.000000000000000000, 0.000000000000000000, 1.000000000000000000 ) ) ;
#1702 = ORIENTED_EDGE ( 'NONE', *, *, #5335, .T. ) ;
#1703 = SURFACE_STYLE_USAGE ( .BOTH. , #7056 ) ;
#1704 = DIMENSIONAL_EXPONENTS ( 1.000000000000000000, 0.000000000000000000, 0.000000000000000000, 0.000000000000000000, 0.000000000000000000, 0.000000000000000000, 0.000000000000000000 ) ;
#1705 = FILL_AREA_STYLE_COLOUR ( '', #5271 ) ;
#1706 = CARTESIAN_POINT ( 'NONE',  ( -0.05000000000000000278, 0.000000000000000000, 0.000000000000000000 ) ) ;
#1707 = SURFACE_STYLE_USAGE ( .BOTH. , #9 ) ;
#1708 = CARTESIAN_POINT ( 'NONE',  ( 0.007999999999999958533, 0.1759999999999999898, 0.01699999999999999428 ) ) ;
#1709 = FILL_AREA_STYLE ('',( #9882 ) ) ;
#1710 = PRESENTATION_STYLE_ASSIGNMENT (( #2631 ) ) ;
#1711 = CARTESIAN_POINT ( 'NONE',  ( 0.1079999999999999988, -0.06600000000000000311, 0.01700000000000000122 ) ) ;
#1712 = ORIENTED_EDGE ( 'NONE', *, *, #8472, .F. ) ;
#1713 = DIRECTION ( 'NONE',  ( 0.000000000000000000, 0.7071067811865474617, -0.7071067811865474617 ) ) ;
#1714 = CARTESIAN_POINT ( 'NONE',  ( -0.05800000000000008621, -0.06600000000000000311, -0.03300000000000000155 ) ) ;
#1715 = PRESENTATION_STYLE_ASSIGNMENT (( #10017 ) ) ;
#1716 = ORIENTED_EDGE ( 'NONE', *, *, #2746, .T. ) ;
#1717 = EDGE_LOOP ( 'NONE', ( #6710, #2657, #6415, #10880 ) ) ;
#1718 =( GEOMETRIC_REPRESENTATION_CONTEXT ( 3 ) GLOBAL_UNCERTAINTY_ASSIGNED_CONTEXT ( ( #1921 ) ) GLOBAL_UNIT_ASSIGNED_CONTEXT ( ( #9796, #4779, #228 ) ) REPRESENTATION_CONTEXT ( 'NONE', 'WORKASPACE' ) );
#1719 = CARTESIAN_POINT ( 'NONE',  ( 0.05800000000000000294, 0.1759999999999999898, 0.1199999999999999956 ) ) ;
#1720 = PRODUCT_DEFINITION_SHAPE ( 'NONE', 'NONE',  #11807 ) ;
#1721 = UNCERTAINTY_MEASURE_WITH_UNIT (LENGTH_MEASURE( 1.000000000000000082E-05 ), #925, 'distance_accuracy_value', 'NONE');
#1722 = MECHANICAL_DESIGN_GEOMETRIC_PRESENTATION_REPRESENTATION (  '', ( #799 ), #3848 ) ;
#1723 = LINE ( 'NONE', #10883, #10787 ) ;
#1724 = ORIENTED_EDGE ( 'NONE', *, *, #1266, .F. ) ;
#1725 = CARTESIAN_POINT ( 'NONE',  ( 0.1079999999999999988, 0.2099999999999999922, -0.01700000000000000122 ) ) ;
#1726 = MECHANICAL_DESIGN_GEOMETRIC_PRESENTATION_REPRESENTATION (  '', ( #7073 ), #11296 ) ;
#1727 = DIRECTION ( 'NONE',  ( 1.000000000000000000, 0.000000000000000000, -0.000000000000000000 ) ) ;
#1728 = CARTESIAN_POINT ( 'NONE',  ( 0.2879999999999999782, 0.01999999999999998307, 0.03300000000000000155 ) ) ;
#1729 = PLANE ( 'NONE',  #11588 ) ;
#1730 = DIRECTION ( 'NONE',  ( -1.000000000000000000, -0.000000000000000000, 0.000000000000000000 ) ) ;
#1731 = ORIENTED_EDGE ( 'NONE', *, *, #9397, .F. ) ;
#1732 = ORIENTED_EDGE ( 'NONE', *, *, #2994, .F. ) ;
#1733 = ADVANCED_FACE ( 'NONE', ( #11711 ), #864, .F. ) ;
#1734 = AXIS2_PLACEMENT_3D ( 'NONE', #2428, #766, #11727 ) ;
#1735 = DIRECTION ( 'NONE',  ( -0.000000000000000000, 5.021779400118129785E-16, 1.000000000000000000 ) ) ;
#1736 = SURFACE_STYLE_USAGE ( .BOTH. , #4547 ) ;
#1737 = PLANE ( 'NONE',  #324 ) ;
#1738 = DIRECTION ( 'NONE',  ( -1.000000000000000000, 0.000000000000000000, -0.000000000000000000 ) ) ;
#1739 = ORIENTED_EDGE ( 'NONE', *, *, #607, .T. ) ;
#1740 = ORIENTED_EDGE ( 'NONE', *, *, #9722, .F. ) ;
#1741 = SURFACE_STYLE_USAGE ( .BOTH. , #2487 ) ;
#1742 = DIRECTION ( 'NONE',  ( -1.000000000000000000, -0.000000000000000000, 0.000000000000000000 ) ) ;
#1743 = VECTOR ( 'NONE', #10144, 39.37007874015748143 ) ;
#1744 =( LENGTH_UNIT ( ) NAMED_UNIT ( * ) SI_UNIT ( $, .METRE. ) );
#1745 = VECTOR ( 'NONE', #5297, 39.37007874015748143 ) ;
#1746 = VECTOR ( 'NONE', #6680, 39.37007874015748143 ) ;
#1747 = PRESENTATION_STYLE_ASSIGNMENT (( #3674 ) ) ;
#1748 = PLANE ( 'NONE',  #9983 ) ;
#1749 = ORIENTED_EDGE ( 'NONE', *, *, #4378, .F. ) ;
#1750 = EDGE_CURVE ( 'NONE', #5458, #758, #11121, .T. ) ;
#1751 = SURFACE_SIDE_STYLE ('',( #965 ) ) ;
#1752 = PRODUCT_DEFINITION ( 'UNKNOWN', '', #702, #11774 ) ;
#1753 = ORIENTED_EDGE ( 'NONE', *, *, #8763, .F. ) ;
#1754 = VECTOR ( 'NONE', #9169, 39.37007874015748854 ) ;
#1755 =( NAMED_UNIT ( * ) PLANE_ANGLE_UNIT ( ) SI_UNIT ( $, .RADIAN. ) );
#1756 = DIMENSIONAL_EXPONENTS ( 1.000000000000000000, 0.000000000000000000, 0.000000000000000000, 0.000000000000000000, 0.000000000000000000, 0.000000000000000000, 0.000000000000000000 ) ;
#1757 = ORIENTED_EDGE ( 'NONE', *, *, #9291, .F. ) ;
#1758 = ORIENTED_EDGE ( 'NONE', *, *, #2355, .T. ) ;
#1759 = EDGE_CURVE ( 'NONE', #4395, #9031, #6570, .T. ) ;
#1760 =( NAMED_UNIT ( * ) SI_UNIT ( $, .STERADIAN. ) SOLID_ANGLE_UNIT ( ) );
#1761 = SURFACE_STYLE_USAGE ( .BOTH. , #8 ) ;
#1762 = DIRECTION ( 'NONE',  ( -0.000000000000000000, -1.000000000000000000, -0.000000000000000000 ) ) ;
#1763 =( GEOMETRIC_REPRESENTATION_CONTEXT ( 3 ) GLOBAL_UNCERTAINTY_ASSIGNED_CONTEXT ( ( #1211 ) ) GLOBAL_UNIT_ASSIGNED_CONTEXT ( ( #9697, #2319, #4201 ) ) REPRESENTATION_CONTEXT ( 'NONE', 'WORKASPACE' ) );
#1764 = SURFACE_SIDE_STYLE ('',( #5586 ) ) ;
#1765 = DIRECTION ( 'NONE',  ( 0.000000000000000000, 0.000000000000000000, -1.000000000000000000 ) ) ;
#1766 = FILL_AREA_STYLE_COLOUR ( '', #319 ) ;
#1767 = VECTOR ( 'NONE', #4518, 39.37007874015748143 ) ;
#1768 = LINE ( 'NONE', #10983, #3178 ) ;
#1769 = CARTESIAN_POINT ( 'NONE',  ( 0.1079999999999999988, -0.07499999999999999722, 0.02199999999999999872 ) ) ;
#1770 = EDGE_CURVE ( 'NONE', #3976, #10914, #271, .T. ) ;
#1771 = EDGE_LOOP ( 'NONE', ( #7781, #7441, #1700, #7081 ) ) ;
#1772 =( NAMED_UNIT ( * ) SI_UNIT ( $, .STERADIAN. ) SOLID_ANGLE_UNIT ( ) );
#1773 = CARTESIAN_POINT ( 'NONE',  ( -0.04700000000000005562, -0.07499999999999999722, -0.02799999999999999711 ) ) ;
#1774 = PRESENTATION_STYLE_ASSIGNMENT (( #19 ) ) ;
#1775 =( LENGTH_UNIT ( ) NAMED_UNIT ( * ) SI_UNIT ( $, .METRE. ) );
#1776 = UNCERTAINTY_MEASURE_WITH_UNIT (LENGTH_MEASURE( 1.000000000000000082E-05 ), #6342, 'distance_accuracy_value', 'NONE');
#1777 = EDGE_CURVE ( 'NONE', #2031, #3586, #336, .T. ) ;
#1778 = LINE ( 'NONE', #5231, #7467 ) ;
#1779 = DIMENSIONAL_EXPONENTS ( 1.000000000000000000, 0.000000000000000000, 0.000000000000000000, 0.000000000000000000, 0.000000000000000000, 0.000000000000000000, 0.000000000000000000 ) ;
#1780 =( NAMED_UNIT ( * ) SI_UNIT ( $, .STERADIAN. ) SOLID_ANGLE_UNIT ( ) );
#1781 = ORIENTED_EDGE ( 'NONE', *, *, #11055, .F. ) ;
#1782 = VERTEX_POINT ( 'NONE', #10209 ) ;
#1783 = SURFACE_STYLE_USAGE ( .BOTH. , #8149 ) ;
#1784 = CARTESIAN_POINT ( 'NONE',  ( -0.05799999999999996825, 0.02000000000000000042, -0.05999999999999999778 ) ) ;
#1785 = DIRECTION ( 'NONE',  ( 1.000000000000000000, 0.000000000000000000, -0.000000000000000000 ) ) ;
#1786 = ORIENTED_EDGE ( 'NONE', *, *, #8159, .F. ) ;
#1787 = DIRECTION ( 'NONE',  ( -0.4368520283305176166, -0.7863336509949374609, -0.4368520283305142859 ) ) ;
#1788 = CARTESIAN_POINT ( 'NONE',  ( -0.2879999999999999782, 0.02000000000000000042, -0.05999999999999999778 ) ) ;
#1789 = UNCERTAINTY_MEASURE_WITH_UNIT (LENGTH_MEASURE( 1.000000000000000082E-05 ), #10269, 'distance_accuracy_value', 'NONE');
#1790 = VECTOR ( 'NONE', #1557, 39.37007874015748143 ) ;
#1791 = FACE_OUTER_BOUND ( 'NONE', #4117, .T. ) ;
#1792 =( NAMED_UNIT ( * ) SI_UNIT ( $, .STERADIAN. ) SOLID_ANGLE_UNIT ( ) );
#1793 = CARTESIAN_POINT ( 'NONE',  ( 0.1079999999999999988, 0.2099999999999999922, 0.01700000000000000122 ) ) ;
#1794 = CARTESIAN_POINT ( 'NONE',  ( 0.3009999999999999898, 0.000000000000000000, 0.000000000000000000 ) ) ;
#1795 = ORIENTED_EDGE ( 'NONE', *, *, #11204, .F. ) ;
#1796 = ORIENTED_EDGE ( 'NONE', *, *, #3252, .F. ) ;
#1797 = VECTOR ( 'NONE', #235, 39.37007874015748143 ) ;
#1798 = DIRECTION ( 'NONE',  ( 0.000000000000000000, -7.532669100177199608E-16, 1.000000000000000000 ) ) ;
#1799 = CARTESIAN_POINT ( 'NONE',  ( 0.1079999999999999988, -0.07499999999999999722, -0.02199999999999999872 ) ) ;
#1800 = CARTESIAN_POINT ( 'NONE',  ( -0.2879999999999999782, 0.000000000000000000, 0.000000000000000000 ) ) ;
#1801 = VECTOR ( 'NONE', #11045, 39.37007874015748143 ) ;
#1802 = SURFACE_SIDE_STYLE ('',( #4359 ) ) ;
#1803 =( GEOMETRIC_REPRESENTATION_CONTEXT ( 3 ) GLOBAL_UNCERTAINTY_ASSIGNED_CONTEXT ( ( #11212 ) ) GLOBAL_UNIT_ASSIGNED_CONTEXT ( ( #2115, #8347, #3062 ) ) REPRESENTATION_CONTEXT ( 'NONE', 'WORKASPACE' ) );
#1804 = VECTOR ( 'NONE', #4129, 39.37007874015748143 ) ;
#1805 = VERTEX_POINT ( 'NONE', #11231 ) ;
#1806 = PLANE ( 'NONE',  #7347 ) ;
#1807 = DIRECTION ( 'NONE',  ( 0.000000000000000000, 0.8741572761215382625, -0.4856429311786310543 ) ) ;
#1808 = PRESENTATION_LAYER_ASSIGNMENT (  '', '', ( #6400 ) ) ;
#1809 = DIRECTION ( 'NONE',  ( -0.000000000000000000, 1.000000000000000000, 0.000000000000000000 ) ) ;
#1810 =( NAMED_UNIT ( * ) SI_UNIT ( $, .STERADIAN. ) SOLID_ANGLE_UNIT ( ) );
#1811 =( CONVERSION_BASED_UNIT ( 'INCH', #7348 ) LENGTH_UNIT ( ) NAMED_UNIT ( #7158 ) );
#1812 = FACE_BOUND ( 'NONE', #6558, .T. ) ;
#1813 = FILL_AREA_STYLE ('',( #893 ) ) ;
#1814 = VECTOR ( 'NONE', #5124, 39.37007874015748143 ) ;
#1815 = CARTESIAN_POINT ( 'NONE',  ( 0.000000000000000000, 0.06500000000000000222, 0.01700000000000000122 ) ) ;
#1816 = ORIENTED_EDGE ( 'NONE', *, *, #4222, .F. ) ;
#1817 = AXIS2_PLACEMENT_3D ( 'NONE', #645, #1465, #2476 ) ;
#1818 = ADVANCED_FACE ( 'NONE', ( #2045 ), #2884, .T. ) ;
#1819 = CARTESIAN_POINT ( 'NONE',  ( -0.04999999999999999584, 0.2099999999999999922, -0.1000000000000000056 ) ) ;
#1820 = ORIENTED_EDGE ( 'NONE', *, *, #8222, .T. ) ;
#1821 = STYLED_ITEM ( 'NONE', ( #452 ), #9944 ) ;
#1822 =( LENGTH_UNIT ( ) NAMED_UNIT ( * ) SI_UNIT ( $, .METRE. ) );
#1823 = STYLED_ITEM ( 'NONE', ( #6232 ), #9138 ) ;
#1824 = ORIENTED_EDGE ( 'NONE', *, *, #4021, .F. ) ;
#1825 = ORIENTED_EDGE ( 'NONE', *, *, #2504, .F. ) ;
#1826 = ADVANCED_FACE ( 'NONE', ( #10324 ), #4702, .F. ) ;
#1827 = PLANE ( 'NONE',  #10932 ) ;
#1828 =( NAMED_UNIT ( * ) SI_UNIT ( $, .STERADIAN. ) SOLID_ANGLE_UNIT ( ) );
#1829 = MECHANICAL_DESIGN_GEOMETRIC_PRESENTATION_REPRESENTATION (  '', ( #715 ), #2418 ) ;
#1830 = PRESENTATION_STYLE_ASSIGNMENT (( #4436 ) ) ;
#1831 =( GEOMETRIC_REPRESENTATION_CONTEXT ( 3 ) GLOBAL_UNCERTAINTY_ASSIGNED_CONTEXT ( ( #4284 ) ) GLOBAL_UNIT_ASSIGNED_CONTEXT ( ( #5659, #3977, #4144 ) ) REPRESENTATION_CONTEXT ( 'NONE', 'WORKASPACE' ) );
#1832 = PRESENTATION_STYLE_ASSIGNMENT (( #570 ) ) ;
#1833 = FILL_AREA_STYLE_COLOUR ( '', #9411 ) ;
#1834 =( LENGTH_UNIT ( ) NAMED_UNIT ( * ) SI_UNIT ( $, .METRE. ) );
#1835 = CARTESIAN_POINT ( 'NONE',  ( 0.007999999999999989758, -0.06600000000000000311, -0.01700000000000000122 ) ) ;
#1836 =( GEOMETRIC_REPRESENTATION_CONTEXT ( 3 ) GLOBAL_UNCERTAINTY_ASSIGNED_CONTEXT ( ( #7729 ) ) GLOBAL_UNIT_ASSIGNED_CONTEXT ( ( #7107, #3667, #4553 ) ) REPRESENTATION_CONTEXT ( 'NONE', 'WORKASPACE' ) );
#1837 = SURFACE_SIDE_STYLE ('',( #1964 ) ) ;
#1838 = DIRECTION ( 'NONE',  ( 0.4472135954999571505, -0.8944271909999161885, 0.000000000000000000 ) ) ;
#1839 = VECTOR ( 'NONE', #354, 39.37007874015748143 ) ;
#1840 = CARTESIAN_POINT ( 'NONE',  ( -0.05800000000000007233, 0.1759999999999999898, 0.01700000000000000122 ) ) ;
#1841 = ORIENTED_EDGE ( 'NONE', *, *, #3665, .T. ) ;
#1842 = SURFACE_SIDE_STYLE ('',( #3587 ) ) ;
#1843 = EDGE_CURVE ( 'NONE', #1412, #10279, #7613, .T. ) ;
#1844 = DIMENSIONAL_EXPONENTS ( 1.000000000000000000, 0.000000000000000000, 0.000000000000000000, 0.000000000000000000, 0.000000000000000000, 0.000000000000000000, 0.000000000000000000 ) ;
#1845 =( CONVERSION_BASED_UNIT ( 'INCH', #6325 ) LENGTH_UNIT ( ) NAMED_UNIT ( #5666 ) );
#1846 = SURFACE_STYLE_FILL_AREA ( #4578 ) ;
#1847 = CARTESIAN_POINT ( 'NONE',  ( 0.2879999999999999782, 0.01999999999999999695, -0.03300000000000000155 ) ) ;
#1848 = FILL_AREA_STYLE_COLOUR ( '', #3283 ) ;
#1849 =( CONVERSION_BASED_UNIT ( 'INCH', #740 ) LENGTH_UNIT ( ) NAMED_UNIT ( #9232 ) );
#1850 = VECTOR ( 'NONE', #1894, 39.37007874015748143 ) ;
#1851 = SURFACE_STYLE_FILL_AREA ( #1043 ) ;
#1852 = PRESENTATION_LAYER_ASSIGNMENT (  '', '', ( #10238 ) ) ;
#1853 = ORIENTED_EDGE ( 'NONE', *, *, #4824, .T. ) ;
#1854 = CARTESIAN_POINT ( 'NONE',  ( 0.1079999999999999988, 0.04000000000000000083, -0.01700000000000000122 ) ) ;
#1855 =( LENGTH_UNIT ( ) NAMED_UNIT ( * ) SI_UNIT ( $, .METRE. ) );
#1856 = UNCERTAINTY_MEASURE_WITH_UNIT (LENGTH_MEASURE( 1.000000000000000082E-05 ), #5115, 'distance_accuracy_value', 'NONE');
#1857 =( CONVERSION_BASED_UNIT ( 'INCH', #3773 ) LENGTH_UNIT ( ) NAMED_UNIT ( #5160 ) );
#1858 = EDGE_CURVE ( 'NONE', #534, #1536, #9540, .T. ) ;
#1859 = SURFACE_SIDE_STYLE ('',( #7209 ) ) ;
#1860 = PRESENTATION_LAYER_ASSIGNMENT (  '', '', ( #7563 ) ) ;
#1861 = ORIENTED_EDGE ( 'NONE', *, *, #1535, .T. ) ;
#1862 = VECTOR ( 'NONE', #10547, 39.37007874015748143 ) ;
#1863 = DIRECTION ( 'NONE',  ( 0.000000000000000000, -1.000000000000000000, 0.000000000000000000 ) ) ;
#1864 = EDGE_CURVE ( 'NONE', #3531, #10914, #4209, .T. ) ;
#1865 =( CONVERSION_BASED_UNIT ( 'INCH', #10029 ) LENGTH_UNIT ( ) NAMED_UNIT ( #7971 ) );
#1866 = SURFACE_STYLE_USAGE ( .BOTH. , #91 ) ;
#1867 =( CONVERSION_BASED_UNIT ( 'INCH', #3429 ) LENGTH_UNIT ( ) NAMED_UNIT ( #510 ) );
#1868 = PLANE ( 'NONE',  #126 ) ;
#1869 = ORIENTED_EDGE ( 'NONE', *, *, #1266, .T. ) ;
#1870 = EDGE_LOOP ( 'NONE', ( #9378, #4912, #11249, #7619 ) ) ;
#1871 = VECTOR ( 'NONE', #2294, 39.37007874015748143 ) ;
#1872 =( GEOMETRIC_REPRESENTATION_CONTEXT ( 3 ) GLOBAL_UNCERTAINTY_ASSIGNED_CONTEXT ( ( #2272 ) ) GLOBAL_UNIT_ASSIGNED_CONTEXT ( ( #5819, #11082, #3906 ) ) REPRESENTATION_CONTEXT ( 'NONE', 'WORKASPACE' ) );
#1873 = DIMENSIONAL_EXPONENTS ( 1.000000000000000000, 0.000000000000000000, 0.000000000000000000, 0.000000000000000000, 0.000000000000000000, 0.000000000000000000, 0.000000000000000000 ) ;
#1874 = CARTESIAN_POINT ( 'NONE',  ( -0.1079999999999999988, -0.06600000000000000311, 0.03299999999999999462 ) ) ;
#1875 =( NAMED_UNIT ( * ) PLANE_ANGLE_UNIT ( ) SI_UNIT ( $, .RADIAN. ) );
#1876 = LINE ( 'NONE', #604, #11518 ) ;
#1877 = ORIENTED_EDGE ( 'NONE', *, *, #7303, .T. ) ;
#1878 = CARTESIAN_POINT ( 'NONE',  ( -0.008000000000000008840, 0.05000000000000000278, -0.03299999999999999462 ) ) ;
#1879 =( NAMED_UNIT ( * ) SI_UNIT ( $, .STERADIAN. ) SOLID_ANGLE_UNIT ( ) );
#1880 =( NAMED_UNIT ( * ) SI_UNIT ( $, .STERADIAN. ) SOLID_ANGLE_UNIT ( ) );
#1881 = DIRECTION ( 'NONE',  ( 1.000000000000000000, 0.000000000000000000, -0.000000000000000000 ) ) ;
#1882 = MECHANICAL_DESIGN_GEOMETRIC_PRESENTATION_REPRESENTATION (  '', ( #1324 ), #1 ) ;
#1883 = COLOUR_RGB ( '',0.8627450980392157298, 0.6274509803921568540, 0.05882352941176470507 ) ;
#1884 = DIRECTION ( 'NONE',  ( -0.000000000000000000, -1.000000000000000000, -0.000000000000000000 ) ) ;
#1885 = CARTESIAN_POINT ( 'NONE',  ( -0.05000000000000000971, 0.06500000000000000222, 0.07000000000000000666 ) ) ;
#1886 = ORIENTED_EDGE ( 'NONE', *, *, #11247, .F. ) ;
#1887 =( CONVERSION_BASED_UNIT ( 'INCH', #2852 ) LENGTH_UNIT ( ) NAMED_UNIT ( #6944 ) );
#1888 = ORIENTED_EDGE ( 'NONE', *, *, #10605, .F. ) ;
#1889 = CARTESIAN_POINT ( 'NONE',  ( -0.2899999999999999800, 0.2099999999999999922, 0.07000000000000000666 ) ) ;
#1890 = STYLED_ITEM ( 'NONE', ( #8615 ), #5382 ) ;
#1891 = EDGE_LOOP ( 'NONE', ( #5077, #4394, #5098, #5786 ) ) ;
#1892 = ORIENTED_EDGE ( 'NONE', *, *, #5598, .F. ) ;
#1893 = DIRECTION ( 'NONE',  ( 1.000000000000000000, 0.000000000000000000, 0.000000000000000000 ) ) ;
#1894 = DIRECTION ( 'NONE',  ( 0.000000000000000000, -1.000000000000000000, -0.000000000000000000 ) ) ;
#1895 = EDGE_CURVE ( 'NONE', #9066, #2494, #7830, .T. ) ;
#1896 = CARTESIAN_POINT ( 'NONE',  ( 0.04700000000000000705, 0.1849999999999999978, -0.02200000000000002648 ) ) ;
#1897 = DIRECTION ( 'NONE',  ( 0.000000000000000000, -1.000000000000000000, -0.000000000000000000 ) ) ;
#1898 =( GEOMETRIC_REPRESENTATION_CONTEXT ( 3 ) GLOBAL_UNCERTAINTY_ASSIGNED_CONTEXT ( ( #6682 ) ) GLOBAL_UNIT_ASSIGNED_CONTEXT ( ( #1248, #4857, #10424 ) ) REPRESENTATION_CONTEXT ( 'NONE', 'WORKASPACE' ) );
#1899 = FILL_AREA_STYLE_COLOUR ( '', #6185 ) ;
#1900 = EDGE_CURVE ( 'NONE', #4821, #3132, #3110, .T. ) ;
#1901 = PLANE ( 'NONE',  #8439 ) ;
#1902 = DIRECTION ( 'NONE',  ( 0.8944271909999159664, -0.4472135954999579832, 0.000000000000000000 ) ) ;
#1903 = LINE ( 'NONE', #136, #6932 ) ;
#1904 = ORIENTED_EDGE ( 'NONE', *, *, #7926, .F. ) ;
#1905 = FACE_OUTER_BOUND ( 'NONE', #1279, .T. ) ;
#1906 = FILL_AREA_STYLE_COLOUR ( '', #7815 ) ;
#1907 = DIRECTION ( 'NONE',  ( -0.000000000000000000, -1.000000000000000000, 0.000000000000000000 ) ) ;
#1908 = DIRECTION ( 'NONE',  ( 1.000000000000000000, 0.000000000000000000, -4.268512490100409923E-16 ) ) ;
#1909 = UNCERTAINTY_MEASURE_WITH_UNIT (LENGTH_MEASURE( 1.000000000000000082E-05 ), #1322, 'distance_accuracy_value', 'NONE');
#1910 = APPLICATION_PROTOCOL_DEFINITION ( 'draft international standard', 'automotive_design', 1998, #7314 ) ;
#1911 = AXIS2_PLACEMENT_3D ( 'NONE', #6667, #2128, #8413 ) ;
#1912 = ORIENTED_EDGE ( 'NONE', *, *, #11128, .F. ) ;
#1913 = ADVANCED_FACE ( 'NONE', ( #6094 ), #11339, .F. ) ;
#1914 = PRESENTATION_STYLE_ASSIGNMENT (( #4758 ) ) ;
#1915 = FACE_OUTER_BOUND ( 'NONE', #647, .T. ) ;
#1916 = DIRECTION ( 'NONE',  ( -0.000000000000000000, 0.000000000000000000, -1.000000000000000000 ) ) ;
#1917 = SURFACE_SIDE_STYLE ('',( #6405 ) ) ;
#1918 = CARTESIAN_POINT ( 'NONE',  ( 0.1079999999999999988, -0.06600000000000000311, -0.01700000000000000122 ) ) ;
#1919 = EDGE_CURVE ( 'NONE', #9771, #8146, #7725, .T. ) ;
#1920 = DIRECTION ( 'NONE',  ( -0.000000000000000000, 1.000000000000000000, 0.000000000000000000 ) ) ;
#1921 = UNCERTAINTY_MEASURE_WITH_UNIT (LENGTH_MEASURE( 1.000000000000000082E-05 ), #9796, 'distance_accuracy_value', 'NONE');
#1922 = PLANE ( 'NONE',  #6123 ) ;
#1923 = FILL_AREA_STYLE_COLOUR ( '', #3241 ) ;
#1924 = CARTESIAN_POINT ( 'NONE',  ( -0.008000000000000008840, 0.2099999999999999922, 0.01700000000000000122 ) ) ;
#1925 = FILL_AREA_STYLE ('',( #220 ) ) ;
#1926 = DIMENSIONAL_EXPONENTS ( 1.000000000000000000, 0.000000000000000000, 0.000000000000000000, 0.000000000000000000, 0.000000000000000000, 0.000000000000000000, 0.000000000000000000 ) ;
#1927 = EDGE_CURVE ( 'NONE', #9093, #8281, #10552, .T. ) ;
#1928 = VERTEX_POINT ( 'NONE', #9596 ) ;
#1929 = ORIENTED_EDGE ( 'NONE', *, *, #11204, .T. ) ;
#1930 = CARTESIAN_POINT ( 'NONE',  ( 0.1079999999999999988, 0.1849999999999999978, 0.02199999999999999872 ) ) ;
#1931 = PRESENTATION_LAYER_ASSIGNMENT (  '', '', ( #7048 ) ) ;
#1932 = CARTESIAN_POINT ( 'NONE',  ( 0.1079999999999999988, 0.1759999999999999898, -0.03300000000000000155 ) ) ;
#1933 = CARTESIAN_POINT ( 'NONE',  ( -0.05300000000000000544, -0.07499999999999999722, 0.02800000000000000752 ) ) ;
#1934 = MECHANICAL_DESIGN_GEOMETRIC_PRESENTATION_REPRESENTATION (  '', ( #11120 ), #4382 ) ;
#1935 = ADVANCED_FACE ( 'NONE', ( #8689 ), #564, .T. ) ;
#1936 = AXIS2_PLACEMENT_3D ( 'NONE', #4962, #2367, #2258 ) ;
#1937 = UNCERTAINTY_MEASURE_WITH_UNIT (LENGTH_MEASURE( 1.000000000000000082E-05 ), #7930, 'distance_accuracy_value', 'NONE');
#1938 =( CONVERSION_BASED_UNIT ( 'INCH', #3125 ) LENGTH_UNIT ( ) NAMED_UNIT ( #7666 ) );
#1939 = VERTEX_POINT ( 'NONE', #5221 ) ;
#1940 = DIRECTION ( 'NONE',  ( -0.000000000000000000, -0.000000000000000000, 1.000000000000000000 ) ) ;
#1941 = LENGTH_MEASURE_WITH_UNIT ( LENGTH_MEASURE( 0.02539999999999999897 ), #9021 );
#1942 = CARTESIAN_POINT ( 'NONE',  ( 0.1079999999999999988, 0.05000000000000000278, 0.01700000000000000122 ) ) ;
#1943 =( GEOMETRIC_REPRESENTATION_CONTEXT ( 3 ) GLOBAL_UNCERTAINTY_ASSIGNED_CONTEXT ( ( #7615 ) ) GLOBAL_UNIT_ASSIGNED_CONTEXT ( ( #5229, #2459, #7024 ) ) REPRESENTATION_CONTEXT ( 'NONE', 'WORKASPACE' ) );
#1944 = FILL_AREA_STYLE_COLOUR ( '', #9343 ) ;
#1945 = DIRECTION ( 'NONE',  ( -0.4368520283305163399, -0.7863336509949379050, -0.4368520283305145635 ) ) ;
#1946 =( LENGTH_UNIT ( ) NAMED_UNIT ( * ) SI_UNIT ( $, .METRE. ) );
#1947 =( CONVERSION_BASED_UNIT ( 'INCH', #48 ) LENGTH_UNIT ( ) NAMED_UNIT ( #5281 ) );
#1948 = ORIENTED_EDGE ( 'NONE', *, *, #2819, .F. ) ;
#1949 = EDGE_LOOP ( 'NONE', ( #6250, #7019, #6357, #887 ) ) ;
#1950 = LENGTH_MEASURE_WITH_UNIT ( LENGTH_MEASURE( 0.02539999999999999897 ), #1822 );
#1951 = ORIENTED_EDGE ( 'NONE', *, *, #637, .F. ) ;
#1952 =( GEOMETRIC_REPRESENTATION_CONTEXT ( 3 ) GLOBAL_UNCERTAINTY_ASSIGNED_CONTEXT ( ( #143 ) ) GLOBAL_UNIT_ASSIGNED_CONTEXT ( ( #7906, #6977, #4348 ) ) REPRESENTATION_CONTEXT ( 'NONE', 'WORKASPACE' ) );
#1953 = LENGTH_MEASURE_WITH_UNIT ( LENGTH_MEASURE( 0.02539999999999999897 ), #11149 );
#1954 = ORIENTED_EDGE ( 'NONE', *, *, #10843, .F. ) ;
#1955 = COLOUR_RGB ( '',0.2862745098039215508, 0.2862745098039215508, 0.2862745098039215508 ) ;
#1956 = SURFACE_STYLE_USAGE ( .BOTH. , #7241 ) ;
#1957 = DIRECTION ( 'NONE',  ( 0.8741572761215379295, 0.4856429311786318315, 0.000000000000000000 ) ) ;
#1958 = SURFACE_STYLE_FILL_AREA ( #10114 ) ;
#1959 = CARTESIAN_POINT ( 'NONE',  ( -0.3009999999999999898, 0.04499999999999999833, 0.02500000000000000139 ) ) ;
#1960 = DIRECTION ( 'NONE',  ( -1.000000000000000000, 0.000000000000000000, -0.000000000000000000 ) ) ;
#1961 = COLOUR_RGB ( '',0.2862745098039215508, 0.2862745098039215508, 0.2862745098039215508 ) ;
#1962 = VECTOR ( 'NONE', #5199, 39.37007874015748143 ) ;
#1963 = FILL_AREA_STYLE_COLOUR ( '', #8862 ) ;
#1964 = SURFACE_STYLE_FILL_AREA ( #194 ) ;
#1965 = FILL_AREA_STYLE ('',( #10123 ) ) ;
#1966 = EDGE_LOOP ( 'NONE', ( #407, #6825, #6913, #8739 ) ) ;
#1967 = AXIS2_PLACEMENT_3D ( 'NONE', #1633, #3501, #2609 ) ;
#1968 = CARTESIAN_POINT ( 'NONE',  ( -0.002999999999999991823, 0.1850000000000000533, -0.02800000000000004222 ) ) ;
#1969 = COLOUR_RGB ( '',0.8627450980392157298, 0.6274509803921568540, 0.05882352941176470507 ) ;
#1970 = FILL_AREA_STYLE ('',( #321 ) ) ;
#1971 = SURFACE_STYLE_USAGE ( .BOTH. , #10988 ) ;
#1972 = SURFACE_STYLE_USAGE ( .BOTH. , #6328 ) ;
#1973 =( NAMED_UNIT ( * ) PLANE_ANGLE_UNIT ( ) SI_UNIT ( $, .RADIAN. ) );
#1974 = LINE ( 'NONE', #9064, #7941 ) ;
#1975 = VECTOR ( 'NONE', #4109, 39.37007874015748143 ) ;
#1976 = ORIENTED_EDGE ( 'NONE', *, *, #9657, .T. ) ;
#1977 = EDGE_CURVE ( 'NONE', #4474, #6337, #5292, .T. ) ;
#1978 = MECHANICAL_DESIGN_GEOMETRIC_PRESENTATION_REPRESENTATION (  '', ( #10736 ), #7283 ) ;
#1979 = LINE ( 'NONE', #11173, #6020 ) ;
#1980 = DIRECTION ( 'NONE',  ( 0.000000000000000000, 0.000000000000000000, 1.000000000000000000 ) ) ;
#1981 = PLANE ( 'NONE',  #11153 ) ;
#1982 = FILL_AREA_STYLE_COLOUR ( '', #7149 ) ;
#1983 = FILL_AREA_STYLE_COLOUR ( '', #10036 ) ;
#1984 =( CONVERSION_BASED_UNIT ( 'INCH', #5491 ) LENGTH_UNIT ( ) NAMED_UNIT ( #1114 ) );
#1985 = VECTOR ( 'NONE', #5038, 39.37007874015748143 ) ;
#1986 = EDGE_CURVE ( 'NONE', #5033, #5313, #789, .T. ) ;
#1987 = DIRECTION ( 'NONE',  ( -1.000000000000000000, 0.000000000000000000, -0.000000000000000000 ) ) ;
#1988 = CARTESIAN_POINT ( 'NONE',  ( 0.1079999999999999988, -0.07499999999999999722, 0.02800000000000000752 ) ) ;
#1989 = PRESENTATION_STYLE_ASSIGNMENT (( #2891 ) ) ;
#1990 = SURFACE_STYLE_USAGE ( .BOTH. , #6521 ) ;
#1991 = ORIENTED_EDGE ( 'NONE', *, *, #9818, .T. ) ;
#1992 = ORIENTED_EDGE ( 'NONE', *, *, #6125, .T. ) ;
#1993 = CARTESIAN_POINT ( 'NONE',  ( -0.008000000000000010575, 0.1759999999999999898, 0.1199999999999999956 ) ) ;
#1994 = ADVANCED_FACE ( 'NONE', ( #1592 ), #10010, .F. ) ;
#1995 = FILL_AREA_STYLE_COLOUR ( '', #3730 ) ;
#1996 = SURFACE_SIDE_STYLE ('',( #2950 ) ) ;
#1997 = LENGTH_MEASURE_WITH_UNIT ( LENGTH_MEASURE( 0.02539999999999999897 ), #8287 );
#1998 = EDGE_LOOP ( 'NONE', ( #8807, #779, #4517, #3959 ) ) ;
#1999 =( GEOMETRIC_REPRESENTATION_CONTEXT ( 3 ) GLOBAL_UNCERTAINTY_ASSIGNED_CONTEXT ( ( #6672 ) ) GLOBAL_UNIT_ASSIGNED_CONTEXT ( ( #7458, #1180, #9376 ) ) REPRESENTATION_CONTEXT ( 'NONE', 'WORKASPACE' ) );
#2000 = VECTOR ( 'NONE', #4911, 39.37007874015748143 ) ;
#2001 = DIRECTION ( 'NONE',  ( 0.000000000000000000, -0.4856429311786311098, -0.8741572761215383736 ) ) ;
#2002 = EDGE_CURVE ( 'NONE', #11329, #70, #8799, .T. ) ;
#2003 =( CONVERSION_BASED_UNIT ( 'INCH', #10170 ) LENGTH_UNIT ( ) NAMED_UNIT ( #8984 ) );
#2004 = LINE ( 'NONE', #10289, #200 ) ;
#2005 = DIRECTION ( 'NONE',  ( 0.000000000000000000, 0.000000000000000000, 1.000000000000000000 ) ) ;
#2006 = CARTESIAN_POINT ( 'NONE',  ( 0.05800000000000000294, -0.06599999999999998923, -0.03300000000000005707 ) ) ;
#2007 = ORIENTED_EDGE ( 'NONE', *, *, #1085, .F. ) ;
#2008 = SURFACE_STYLE_FILL_AREA ( #2073 ) ;
#2009 = COLOUR_RGB ( '',0.8627450980392157298, 0.6274509803921568540, 0.05882352941176470507 ) ;
#2010 = EDGE_CURVE ( 'NONE', #11113, #5921, #9947, .T. ) ;
#2011 = PRESENTATION_LAYER_ASSIGNMENT (  '', '', ( #7125 ) ) ;
#2012 = VECTOR ( 'NONE', #2434, 39.37007874015748854 ) ;
#2013 = SURFACE_SIDE_STYLE ('',( #9217 ) ) ;
#2014 = DIMENSIONAL_EXPONENTS ( 1.000000000000000000, 0.000000000000000000, 0.000000000000000000, 0.000000000000000000, 0.000000000000000000, 0.000000000000000000, 0.000000000000000000 ) ;
#2015 = MECHANICAL_DESIGN_GEOMETRIC_PRESENTATION_REPRESENTATION (  '', ( #2581 ), #9615 ) ;
#2016 = ORIENTED_EDGE ( 'NONE', *, *, #6143, .F. ) ;
#2017 = ADVANCED_FACE ( 'NONE', ( #1905 ), #10986, .F. ) ;
#2018 =( NAMED_UNIT ( * ) SI_UNIT ( $, .STERADIAN. ) SOLID_ANGLE_UNIT ( ) );
#2019 = EDGE_LOOP ( 'NONE', ( #5341, #7652, #11148, #2360 ) ) ;
#2020 = SURFACE_STYLE_USAGE ( .BOTH. , #4908 ) ;
#2021 = VECTOR ( 'NONE', #6471, 39.37007874015748143 ) ;
#2022 = CARTESIAN_POINT ( 'NONE',  ( -0.008000000000000010575, 0.1759999999999999898, 0.03299999999999995992 ) ) ;
#2023 = CARTESIAN_POINT ( 'NONE',  ( 0.1079999999999999988, -0.06600000000000000311, -0.01700000000000000122 ) ) ;
#2024 = EDGE_CURVE ( 'NONE', #9727, #1422, #11047, .T. ) ;
#2025 = CARTESIAN_POINT ( 'NONE',  ( -0.09700000000000007228, 0.1849999999999999978, 0.02799999999999999711 ) ) ;
#2026 = VECTOR ( 'NONE', #132, 39.37007874015748143 ) ;
#2027 = CARTESIAN_POINT ( 'NONE',  ( -0.1030000000000000360, -0.07499999999999998335, -0.02199999999999999872 ) ) ;
#2028 = ORIENTED_EDGE ( 'NONE', *, *, #1900, .F. ) ;
#2029 = AXIS2_PLACEMENT_3D ( 'NONE', #3789, #11074, #8459 ) ;
#2030 = PRESENTATION_STYLE_ASSIGNMENT (( #10189 ) ) ;
#2031 = VERTEX_POINT ( 'NONE', #2987 ) ;
#2032 =( GEOMETRIC_REPRESENTATION_CONTEXT ( 3 ) GLOBAL_UNCERTAINTY_ASSIGNED_CONTEXT ( ( #9357 ) ) GLOBAL_UNIT_ASSIGNED_CONTEXT ( ( #2997, #4759, #4701 ) ) REPRESENTATION_CONTEXT ( 'NONE', 'WORKASPACE' ) );
#2033 = SURFACE_STYLE_USAGE ( .BOTH. , #3760 ) ;
#2034 =( GEOMETRIC_REPRESENTATION_CONTEXT ( 3 ) GLOBAL_UNCERTAINTY_ASSIGNED_CONTEXT ( ( #11135 ) ) GLOBAL_UNIT_ASSIGNED_CONTEXT ( ( #1365, #5034, #7598 ) ) REPRESENTATION_CONTEXT ( 'NONE', 'WORKASPACE' ) );
#2035 =( LENGTH_UNIT ( ) NAMED_UNIT ( * ) SI_UNIT ( $, .METRE. ) );
#2036 = UNCERTAINTY_MEASURE_WITH_UNIT (LENGTH_MEASURE( 1.000000000000000082E-05 ), #3286, 'distance_accuracy_value', 'NONE');
#2037 = PRESENTATION_LAYER_ASSIGNMENT (  '', '', ( #5839 ) ) ;
#2038 = CARTESIAN_POINT ( 'NONE',  ( -0.04200000000000000955, 0.04000000000000000083, 0.03299999999999999462 ) ) ;
#2039 = SURFACE_SIDE_STYLE ('',( #924 ) ) ;
#2040 = ORIENTED_EDGE ( 'NONE', *, *, #7376, .F. ) ;
#2041 = PRESENTATION_LAYER_ASSIGNMENT (  '', '', ( #1639 ) ) ;
#2042 = SURFACE_STYLE_FILL_AREA ( #6566 ) ;
#2043 = DIRECTION ( 'NONE',  ( -0.000000000000000000, 1.000000000000000000, 0.000000000000000000 ) ) ;
#2044 = SURFACE_STYLE_USAGE ( .BOTH. , #151 ) ;
#2045 = FACE_OUTER_BOUND ( 'NONE', #5950, .T. ) ;
#2046 = FILL_AREA_STYLE_COLOUR ( '', #4785 ) ;
#2047 = SURFACE_STYLE_FILL_AREA ( #4591 ) ;
#2048 = FILL_AREA_STYLE_COLOUR ( '', #9740 ) ;
#2049 =( GEOMETRIC_REPRESENTATION_CONTEXT ( 3 ) GLOBAL_UNCERTAINTY_ASSIGNED_CONTEXT ( ( #5860 ) ) GLOBAL_UNIT_ASSIGNED_CONTEXT ( ( #11139, #2119, #11078 ) ) REPRESENTATION_CONTEXT ( 'NONE', 'WORKASPACE' ) );
#2050 = UNCERTAINTY_MEASURE_WITH_UNIT (LENGTH_MEASURE( 1.000000000000000082E-05 ), #2003, 'distance_accuracy_value', 'NONE');
#2051 = VECTOR ( 'NONE', #4476, 39.37007874015748143 ) ;
#2052 = FILL_AREA_STYLE ('',( #3604 ) ) ;
#2053 = DIRECTION ( 'NONE',  ( -0.000000000000000000, -0.000000000000000000, -1.000000000000000000 ) ) ;
#2054 = LINE ( 'NONE', #8450, #3598 ) ;
#2055 = COLOUR_RGB ( '',0.8627450980392157298, 0.6274509803921568540, 0.05882352941176470507 ) ;
#2056 =( NAMED_UNIT ( * ) PLANE_ANGLE_UNIT ( ) SI_UNIT ( $, .RADIAN. ) );
#2057 = ORIENTED_EDGE ( 'NONE', *, *, #10671, .T. ) ;
#2058 = ORIENTED_EDGE ( 'NONE', *, *, #8974, .T. ) ;
#2059 = SURFACE_STYLE_USAGE ( .BOTH. , #2236 ) ;
#2060 = EDGE_CURVE ( 'NONE', #906, #11131, #9120, .T. ) ;
#2061 = FILL_AREA_STYLE_COLOUR ( '', #6765 ) ;
#2062 = PRESENTATION_LAYER_ASSIGNMENT (  '', '', ( #11023 ) ) ;
#2063 = CARTESIAN_POINT ( 'NONE',  ( 0.2879999999999999782, 0.2099999999999999922, 0.1000000000000000056 ) ) ;
#2064 = LINE ( 'NONE', #352, #3736 ) ;
#2065 = VERTEX_POINT ( 'NONE', #6501 ) ;
#2066 = CARTESIAN_POINT ( 'NONE',  ( 0.1079999999999999988, 0.05000000000000000278, -0.03300000000000000155 ) ) ;
#2067 = CARTESIAN_POINT ( 'NONE',  ( 0.1079999999999999988, 0.1849999999999999978, 0.02799999999999999711 ) ) ;
#2068 = DIRECTION ( 'NONE',  ( 1.000000000000000000, 0.000000000000000000, -0.000000000000000000 ) ) ;
#2069 = DIRECTION ( 'NONE',  ( -0.4368520283305189489, 0.7863336509949370168, 0.4368520283305140084 ) ) ;
#2070 = VECTOR ( 'NONE', #829, 39.37007874015748143 ) ;
#2071 = ORIENTED_EDGE ( 'NONE', *, *, #4114, .T. ) ;
#2072 = ADVANCED_BREP_SHAPE_REPRESENTATION ( '', ( #6060, #3927 ), #10018 ) ;
#2073 = FILL_AREA_STYLE ('',( #3074 ) ) ;
#2074 = CARTESIAN_POINT ( 'NONE',  ( -0.04200000000000000955, 0.2099999999999999922, 0.01700000000000000122 ) ) ;
#2075 = EDGE_CURVE ( 'NONE', #9153, #9084, #2814, .T. ) ;
#2076 = VECTOR ( 'NONE', #155, 39.37007874015748143 ) ;
#2077 = ORIENTED_EDGE ( 'NONE', *, *, #5481, .F. ) ;
#2078 = PRESENTATION_LAYER_ASSIGNMENT (  '', '', ( #10061 ) ) ;
#2079 = PRESENTATION_STYLE_ASSIGNMENT (( #11258 ) ) ;
#2080 = ORIENTED_EDGE ( 'NONE', *, *, #6905, .F. ) ;
#2081 = LINE ( 'NONE', #6609, #4405 ) ;
#2082 =( NAMED_UNIT ( * ) PLANE_ANGLE_UNIT ( ) SI_UNIT ( $, .RADIAN. ) );
#2083 = DIRECTION ( 'NONE',  ( -0.000000000000000000, -0.000000000000000000, 1.000000000000000000 ) ) ;
#2084 =( GEOMETRIC_REPRESENTATION_CONTEXT ( 3 ) GLOBAL_UNCERTAINTY_ASSIGNED_CONTEXT ( ( #9296 ) ) GLOBAL_UNIT_ASSIGNED_CONTEXT ( ( #2512, #11634, #8927 ) ) REPRESENTATION_CONTEXT ( 'NONE', 'WORKASPACE' ) );
#2085 = EDGE_CURVE ( 'NONE', #3984, #5401, #1098, .T. ) ;
#2086 = ORIENTED_EDGE ( 'NONE', *, *, #9825, .F. ) ;
#2087 = DIRECTION ( 'NONE',  ( 0.000000000000000000, 1.000000000000000000, 0.000000000000000000 ) ) ;
#2088 = FILL_AREA_STYLE_COLOUR ( '', #112 ) ;
#2089 = PRESENTATION_STYLE_ASSIGNMENT (( #2985 ) ) ;
#2090 =( REPRESENTATION_RELATIONSHIP ('NONE','NONE', #8375, #2550 ) REPRESENTATION_RELATIONSHIP_WITH_TRANSFORMATION ( #4698 )SHAPE_REPRESENTATION_RELATIONSHIP( ) );
#2091 = EDGE_CURVE ( 'NONE', #5591, #4073, #10258, .T. ) ;
#2092 = ORIENTED_EDGE ( 'NONE', *, *, #787, .T. ) ;
#2093 = DIMENSIONAL_EXPONENTS ( 1.000000000000000000, 0.000000000000000000, 0.000000000000000000, 0.000000000000000000, 0.000000000000000000, 0.000000000000000000, 0.000000000000000000 ) ;
#2094 = MECHANICAL_DESIGN_GEOMETRIC_PRESENTATION_REPRESENTATION (  '', ( #1890 ), #8728 ) ;
#2095 = VECTOR ( 'NONE', #10923, 39.37007874015748854 ) ;
#2096 = FILL_AREA_STYLE_COLOUR ( '', #834 ) ;
#2097 = SURFACE_STYLE_USAGE ( .BOTH. , #20 ) ;
#2098 = SURFACE_STYLE_USAGE ( .BOTH. , #3821 ) ;
#2099 = SURFACE_STYLE_USAGE ( .BOTH. , #1042 ) ;
#2100 = FACE_OUTER_BOUND ( 'NONE', #6024, .T. ) ;
#2101 = PRESENTATION_LAYER_ASSIGNMENT (  '', '', ( #16 ) ) ;
#2102 = AXIS2_PLACEMENT_3D ( 'NONE', #9866, #5201, #659 ) ;
#2103 = CARTESIAN_POINT ( 'NONE',  ( -0.05299999999999999850, 0.1849999999999999978, 0.1199999999999999956 ) ) ;
#2104 = CARTESIAN_POINT ( 'NONE',  ( -0.05800000000000001682, 0.1759999999999999898, 0.03300000000000000155 ) ) ;
#2105 = UNCERTAINTY_MEASURE_WITH_UNIT (LENGTH_MEASURE( 1.000000000000000082E-05 ), #1947, 'distance_accuracy_value', 'NONE');
#2106 = CARTESIAN_POINT ( 'NONE',  ( 0.2879999999999999782, 0.01999999999999999695, -0.03300000000000000155 ) ) ;
#2107 = PRODUCT ( 'ESHF-105-01-L-D-TH_tr', 'ESHF-105-01-L-D-TH_tr', '', ( #8435 ) ) ;
#2108 = CARTESIAN_POINT ( 'NONE',  ( 0.04200000000000000955, 0.1759999999999999898, 0.1199999999999999956 ) ) ;
#2109 = PLANE ( 'NONE',  #9121 ) ;
#2110 = CARTESIAN_POINT ( 'NONE',  ( -0.002999999999999991823, 0.1849999999999999978, -0.02200000000000002648 ) ) ;
#2111 = PLANE ( 'NONE',  #6826 ) ;
#2112 = PRESENTATION_STYLE_ASSIGNMENT (( #4819 ) ) ;
#2113 = ORIENTED_EDGE ( 'NONE', *, *, #5915, .T. ) ;
#2114 = EDGE_LOOP ( 'NONE', ( #2928, #3843, #1662, #3741 ) ) ;
#2115 =( CONVERSION_BASED_UNIT ( 'INCH', #3011 ) LENGTH_UNIT ( ) NAMED_UNIT ( #2298 ) );
#2116 = FACE_OUTER_BOUND ( 'NONE', #11787, .T. ) ;
#2117 = FILL_AREA_STYLE_COLOUR ( '', #9244 ) ;
#2118 = ORIENTED_EDGE ( 'NONE', *, *, #10589, .T. ) ;
#2119 =( NAMED_UNIT ( * ) PLANE_ANGLE_UNIT ( ) SI_UNIT ( $, .RADIAN. ) );
#2120 = SURFACE_STYLE_FILL_AREA ( #9381 ) ;
#2121 = PLANE ( 'NONE',  #1367 ) ;
#2122 = FILL_AREA_STYLE ('',( #1129 ) ) ;
#2123 =( NAMED_UNIT ( * ) PLANE_ANGLE_UNIT ( ) SI_UNIT ( $, .RADIAN. ) );
#2124 = CARTESIAN_POINT ( 'NONE',  ( 0.000000000000000000, 0.06500000000000000222, 0.03300000000000000155 ) ) ;
#2125 = VERTEX_POINT ( 'NONE', #140 ) ;
#2126 =( LENGTH_UNIT ( ) NAMED_UNIT ( * ) SI_UNIT ( $, .METRE. ) );
#2127 = VERTEX_POINT ( 'NONE', #7431 ) ;
#2128 = DIRECTION ( 'NONE',  ( 0.000000000000000000, 0.000000000000000000, 1.000000000000000000 ) ) ;
#2129 = PRESENTATION_LAYER_ASSIGNMENT (  '', '', ( #3839 ) ) ;
#2130 = ORIENTED_EDGE ( 'NONE', *, *, #1166, .T. ) ;
#2131 = DIRECTION ( 'NONE',  ( 0.000000000000000000, 0.000000000000000000, -1.000000000000000000 ) ) ;
#2132 = VECTOR ( 'NONE', #3499, 39.37007874015748143 ) ;
#2133 = LINE ( 'NONE', #5584, #10345 ) ;
#2134 = UNCERTAINTY_MEASURE_WITH_UNIT (LENGTH_MEASURE( 1.000000000000000082E-05 ), #8573, 'distance_accuracy_value', 'NONE');
#2135 = ADVANCED_FACE ( 'NONE', ( #11104 ), #7553, .F. ) ;
#2136 = SURFACE_STYLE_USAGE ( .BOTH. , #1147 ) ;
#2137 = CARTESIAN_POINT ( 'NONE',  ( 0.3250000000000000111, 0.000000000000000000, -0.1199999999999999956 ) ) ;
#2138 = FACE_OUTER_BOUND ( 'NONE', #10684, .T. ) ;
#2139 = ORIENTED_EDGE ( 'NONE', *, *, #6281, .T. ) ;
#2140 = LENGTH_MEASURE_WITH_UNIT ( LENGTH_MEASURE( 0.02539999999999999897 ), #3150 );
#2141 = AXIS2_PLACEMENT_3D ( 'NONE', #5987, #1460, #10570 ) ;
#2142 = EDGE_CURVE ( 'NONE', #5135, #532, #2376, .T. ) ;
#2143 =( LENGTH_UNIT ( ) NAMED_UNIT ( * ) SI_UNIT ( $, .METRE. ) );
#2144 = COLOUR_RGB ( '',0.2862745098039215508, 0.2862745098039215508, 0.2862745098039215508 ) ;
#2145 = PLANE ( 'NONE',  #3153 ) ;
#2146 = VERTEX_POINT ( 'NONE', #3219 ) ;
#2147 = LINE ( 'NONE', #486, #1985 ) ;
#2148 =( CONVERSION_BASED_UNIT ( 'INCH', #10313 ) LENGTH_UNIT ( ) NAMED_UNIT ( #7472 ) );
#2149 = VECTOR ( 'NONE', #3498, 39.37007874015748854 ) ;
#2150 = LINE ( 'NONE', #9348, #1746 ) ;
#2151 = DIRECTION ( 'NONE',  ( -1.000000000000000000, 0.000000000000000000, 0.000000000000000000 ) ) ;
#2152 = UNCERTAINTY_MEASURE_WITH_UNIT (LENGTH_MEASURE( 1.000000000000000082E-05 ), #4493, 'distance_accuracy_value', 'NONE');
#2153 = AXIS2_PLACEMENT_3D ( 'NONE', #9178, #10070, #6268 ) ;
#2154 =( GEOMETRIC_REPRESENTATION_CONTEXT ( 3 ) GLOBAL_UNCERTAINTY_ASSIGNED_CONTEXT ( ( #6329 ) ) GLOBAL_UNIT_ASSIGNED_CONTEXT ( ( #4163, #11503, #1505 ) ) REPRESENTATION_CONTEXT ( 'NONE', 'WORKASPACE' ) );
#2155 = COLOUR_RGB ( '',0.2862745098039215508, 0.2862745098039215508, 0.2862745098039215508 ) ;
#2156 = ADVANCED_FACE ( 'NONE', ( #11274 ), #1259, .F. ) ;
#2157 = SHAPE_DEFINITION_REPRESENTATION ( #9070, #9096 ) ;
#2158 = EDGE_LOOP ( 'NONE', ( #9645, #5219, #11772, #4055 ) ) ;
#2159 = STYLED_ITEM ( 'NONE', ( #7589 ), #2441 ) ;
#2160 = CARTESIAN_POINT ( 'NONE',  ( 0.05800000000000000294, 0.1759999999999999898, -0.01700000000000003245 ) ) ;
#2161 = LINE ( 'NONE', #2326, #3712 ) ;
#2162 = SURFACE_STYLE_FILL_AREA ( #214 ) ;
#2163 = EDGE_CURVE ( 'NONE', #11381, #3390, #9585, .T. ) ;
#2164 =( CONVERSION_BASED_UNIT ( 'INCH', #3992 ) LENGTH_UNIT ( ) NAMED_UNIT ( #3761 ) );
#2165 = DIRECTION ( 'NONE',  ( -0.000000000000000000, 0.000000000000000000, -1.000000000000000000 ) ) ;
#2166 = UNCERTAINTY_MEASURE_WITH_UNIT (LENGTH_MEASURE( 1.000000000000000082E-05 ), #446, 'distance_accuracy_value', 'NONE');
#2167 = FACE_OUTER_BOUND ( 'NONE', #808, .T. ) ;
#2168 = MECHANICAL_DESIGN_GEOMETRIC_PRESENTATION_REPRESENTATION (  '', ( #2159 ), #80 ) ;
#2169 = CARTESIAN_POINT ( 'NONE',  ( 0.1079999999999999988, -0.06600000000000000311, 0.01700000000000000122 ) ) ;
#2170 = FACE_OUTER_BOUND ( 'NONE', #5517, .T. ) ;
#2171 = DIMENSIONAL_EXPONENTS ( 1.000000000000000000, 0.000000000000000000, 0.000000000000000000, 0.000000000000000000, 0.000000000000000000, 0.000000000000000000, 0.000000000000000000 ) ;
#2172 = AXIS2_PLACEMENT_3D ( 'NONE', #4490, #6243, #711 ) ;
#2173 =( NAMED_UNIT ( * ) SI_UNIT ( $, .STERADIAN. ) SOLID_ANGLE_UNIT ( ) );
#2174 = ORIENTED_EDGE ( 'NONE', *, *, #8092, .T. ) ;
#2175 = VERTEX_POINT ( 'NONE', #1487 ) ;
#2176 = FACE_OUTER_BOUND ( 'NONE', #8649, .T. ) ;
#2177 = AXIS2_PLACEMENT_3D ( 'NONE', #6847, #1445, #10678 ) ;
#2178 = CARTESIAN_POINT ( 'NONE',  ( 0.04200000000000000955, 0.01999999999999999001, 0.01700000000000000469 ) ) ;
#2179 = EDGE_LOOP ( 'NONE', ( #6754, #670, #1554, #4939 ) ) ;
#2180 = CARTESIAN_POINT ( 'NONE',  ( -0.1079999999999999988, 0.06499999999999998834, 0.03300000000000000155 ) ) ;
#2181 = FILL_AREA_STYLE ('',( #10344 ) ) ;
#2182 = LENGTH_MEASURE_WITH_UNIT ( LENGTH_MEASURE( 0.02539999999999999897 ), #7410 );
#2183 = LINE ( 'NONE', #1237, #6923 ) ;
#2184 = ORIENTED_EDGE ( 'NONE', *, *, #5852, .F. ) ;
#2185 = FILL_AREA_STYLE ('',( #468 ) ) ;
#2186 = ORIENTED_EDGE ( 'NONE', *, *, #1641, .F. ) ;
#2187 = SURFACE_STYLE_FILL_AREA ( #10353 ) ;
#2188 = ORIENTED_EDGE ( 'NONE', *, *, #7926, .T. ) ;
#2189 = FILL_AREA_STYLE ('',( #5078 ) ) ;
#2190 = DIRECTION ( 'NONE',  ( -1.000000000000000000, 0.000000000000000000, -0.000000000000000000 ) ) ;
#2191 = EDGE_CURVE ( 'NONE', #899, #162, #5094, .T. ) ;
#2192 = COLOUR_RGB ( '',0.8627450980392157298, 0.6274509803921568540, 0.05882352941176470507 ) ;
#2193 = FACE_OUTER_BOUND ( 'NONE', #904, .T. ) ;
#2194 = VECTOR ( 'NONE', #4086, 39.37007874015748854 ) ;
#2195 = COLOUR_RGB ( '',0.8627450980392157298, 0.6274509803921568540, 0.05882352941176470507 ) ;
#2196 = DIRECTION ( 'NONE',  ( -1.000000000000000000, -0.000000000000000000, 0.000000000000000000 ) ) ;
#2197 = ORIENTED_EDGE ( 'NONE', *, *, #5316, .F. ) ;
#2198 = VECTOR ( 'NONE', #10239, 39.37007874015748143 ) ;
#2199 = LINE ( 'NONE', #7710, #9455 ) ;
#2200 = CARTESIAN_POINT ( 'NONE',  ( 0.04200000000000000955, 0.2099999999999999922, -0.01700000000000000122 ) ) ;
#2201 = EDGE_CURVE ( 'NONE', #4586, #10508, #10431, .T. ) ;
#2202 = FILL_AREA_STYLE ('',( #10428 ) ) ;
#2203 = COLOUR_RGB ( '',0.8627450980392157298, 0.6274509803921568540, 0.05882352941176470507 ) ;
#2204 = ORIENTED_EDGE ( 'NONE', *, *, #215, .T. ) ;
#2205 = COLOUR_RGB ( '',0.8627450980392157298, 0.6274509803921568540, 0.05882352941176470507 ) ;
#2206 = VECTOR ( 'NONE', #5500, 39.37007874015748143 ) ;
#2207 = DIRECTION ( 'NONE',  ( 0.000000000000000000, -0.000000000000000000, -1.000000000000000000 ) ) ;
#2208 = LENGTH_MEASURE_WITH_UNIT ( LENGTH_MEASURE( 0.02539999999999999897 ), #11331 );
#2209 = ORIENTED_EDGE ( 'NONE', *, *, #1555, .F. ) ;
#2210 = DIRECTION ( 'NONE',  ( 1.000000000000000000, 0.000000000000000000, 0.000000000000000000 ) ) ;
#2211 = PRESENTATION_LAYER_ASSIGNMENT (  '', '', ( #11512 ) ) ;
#2212 =( LENGTH_UNIT ( ) NAMED_UNIT ( * ) SI_UNIT ( $, .METRE. ) );
#2213 = LENGTH_MEASURE_WITH_UNIT ( LENGTH_MEASURE( 0.02539999999999999897 ), #9350 );
#2214 = DIRECTION ( 'NONE',  ( 1.000000000000000000, -0.000000000000000000, 0.000000000000000000 ) ) ;
#2215 = VECTOR ( 'NONE', #4891, 39.37007874015748143 ) ;
#2216 = STYLED_ITEM ( 'NONE', ( #10953 ), #551 ) ;
#2217 = PRODUCT_DEFINITION_FORMATION_WITH_SPECIFIED_SOURCE ( 'ANY', '', #2107, .NOT_KNOWN. ) ;
#2218 = SURFACE_STYLE_USAGE ( .BOTH. , #3229 ) ;
#2219 = STYLED_ITEM ( 'NONE', ( #10896 ), #9942 ) ;
#2221 = EDGE_CURVE ( 'NONE', #8454, #5461, #2147, .T. ) ;
#2220 = UNCERTAINTY_MEASURE_WITH_UNIT (LENGTH_MEASURE( 1.000000000000000082E-05 ), #5840, 'distance_accuracy_value', 'NONE');
#2222 = STYLED_ITEM ( 'NONE', ( #8808 ), #9338 ) ;
#2223 = LINE ( 'NONE', #391, #678 ) ;
#2224 =( NAMED_UNIT ( * ) SI_UNIT ( $, .STERADIAN. ) SOLID_ANGLE_UNIT ( ) );
#2225 = DIMENSIONAL_EXPONENTS ( 1.000000000000000000, 0.000000000000000000, 0.000000000000000000, 0.000000000000000000, 0.000000000000000000, 0.000000000000000000, 0.000000000000000000 ) ;
#2226 = FACE_OUTER_BOUND ( 'NONE', #1345, .T. ) ;
#2227 = LINE ( 'NONE', #9023, #7653 ) ;
#2228 = SURFACE_SIDE_STYLE ('',( #6740 ) ) ;
#2229 = EDGE_CURVE ( 'NONE', #8311, #3390, #550, .T. ) ;
#2230 =( CONVERSION_BASED_UNIT ( 'INCH', #4816 ) LENGTH_UNIT ( ) NAMED_UNIT ( #1675 ) );
#2231 = SURFACE_STYLE_USAGE ( .BOTH. , #6904 ) ;
#2232 = CARTESIAN_POINT ( 'NONE',  ( -0.04699999999999999317, 0.1849999999999999978, -0.02800000000000004916 ) ) ;
#2233 = VERTEX_POINT ( 'NONE', #9407 ) ;
#2234 = ORIENTED_EDGE ( 'NONE', *, *, #1085, .T. ) ;
#2235 = EDGE_CURVE ( 'NONE', #8237, #3077, #2269, .T. ) ;
#2236 = SURFACE_SIDE_STYLE ('',( #4888 ) ) ;
#2237 = FILL_AREA_STYLE_COLOUR ( '', #2600 ) ;
#2238 = ORIENTED_EDGE ( 'NONE', *, *, #10805, .T. ) ;
#2239 = LENGTH_MEASURE_WITH_UNIT ( LENGTH_MEASURE( 0.02539999999999999897 ), #6859 );
#2240 = ORIENTED_EDGE ( 'NONE', *, *, #10310, .T. ) ;
#2241 = CARTESIAN_POINT ( 'NONE',  ( 0.2879999999999999782, 0.06000000000000001166, -0.1000000000000000056 ) ) ;
#2242 = EDGE_CURVE ( 'NONE', #5687, #4691, #3981, .T. ) ;
#2243 = SURFACE_SIDE_STYLE ('',( #3193 ) ) ;
#2244 = CARTESIAN_POINT ( 'NONE',  ( 0.05800000000000000294, 0.05000000000000000971, -0.01700000000000000122 ) ) ;
#2245 = CARTESIAN_POINT ( 'NONE',  ( -0.1000000000000000194, 0.1600000000000000033, 0.09499999999999998723 ) ) ;
#2246 = ORIENTED_EDGE ( 'NONE', *, *, #4096, .F. ) ;
#2247 = PRESENTATION_LAYER_ASSIGNMENT (  '', '', ( #7364 ) ) ;
#2248 = DIRECTION ( 'NONE',  ( -0.8741572761215372633, 0.4856429311786331082, 0.000000000000000000 ) ) ;
#2249 = APPLICATION_CONTEXT ( 'automotive_design' ) ;
#2250 = PRESENTATION_LAYER_ASSIGNMENT (  '', '', ( #8876 ) ) ;
#2251 = FACE_OUTER_BOUND ( 'NONE', #7118, .T. ) ;
#2252 = DIMENSIONAL_EXPONENTS ( 1.000000000000000000, 0.000000000000000000, 0.000000000000000000, 0.000000000000000000, 0.000000000000000000, 0.000000000000000000, 0.000000000000000000 ) ;
#2253 = ORIENTED_EDGE ( 'NONE', *, *, #1626, .F. ) ;
#2254 = SURFACE_STYLE_USAGE ( .BOTH. , #7751 ) ;
#2255 = EDGE_LOOP ( 'NONE', ( #2935, #2288, #8555, #450, #8121, #1458, #8111, #1008 ) ) ;
#2256 = COLOUR_RGB ( '',0.2862745098039215508, 0.2862745098039215508, 0.2862745098039215508 ) ;
#2257 =( CONVERSION_BASED_UNIT ( 'INCH', #4185 ) LENGTH_UNIT ( ) NAMED_UNIT ( #11313 ) );
#2258 = DIRECTION ( 'NONE',  ( 0.000000000000000000, 0.000000000000000000, -1.000000000000000000 ) ) ;
#2259 = LINE ( 'NONE', #5893, #8314 ) ;
#2260 = LINE ( 'NONE', #5894, #8633 ) ;
#2261 = LINE ( 'NONE', #7596, #5116 ) ;
#2262 = VERTEX_POINT ( 'NONE', #7879 ) ;
#2263 = CARTESIAN_POINT ( 'NONE',  ( 0.09199999999999999845, -0.06600000000000000311, -0.03300000000000000155 ) ) ;
#2264 = CARTESIAN_POINT ( 'NONE',  ( -0.3250000000000000111, 0.2099999999999999922, 0.1000000000000000056 ) ) ;
#2265 = CARTESIAN_POINT ( 'NONE',  ( -0.05300000000000003320, -0.07499999999999999722, -0.02799999999999999711 ) ) ;
#2266 = CARTESIAN_POINT ( 'NONE',  ( 0.1079999999999999988, -0.06600000000000000311, 0.000000000000000000 ) ) ;
#2267 = EDGE_CURVE ( 'NONE', #4904, #3449, #10854, .T. ) ;
#2268 = ORIENTED_EDGE ( 'NONE', *, *, #1986, .T. ) ;
#2269 = LINE ( 'NONE', #382, #10744 ) ;
#2270 = CARTESIAN_POINT ( 'NONE',  ( 0.1079999999999999988, -0.07499999999999999722, 0.02799999999999999711 ) ) ;
#2271 = SURFACE_STYLE_USAGE ( .BOTH. , #7489 ) ;
#2272 = UNCERTAINTY_MEASURE_WITH_UNIT (LENGTH_MEASURE( 1.000000000000000082E-05 ), #5819, 'distance_accuracy_value', 'NONE');
#2273 = VECTOR ( 'NONE', #7218, 39.37007874015748143 ) ;
#2274 = ADVANCED_FACE ( 'NONE', ( #9874 ), #9038, .F. ) ;
#2275 =( CONVERSION_BASED_UNIT ( 'INCH', #7661 ) LENGTH_UNIT ( ) NAMED_UNIT ( #5089 ) );
#2276 =( GEOMETRIC_REPRESENTATION_CONTEXT ( 3 ) GLOBAL_UNCERTAINTY_ASSIGNED_CONTEXT ( ( #4752 ) ) GLOBAL_UNIT_ASSIGNED_CONTEXT ( ( #2499, #11493, #11021 ) ) REPRESENTATION_CONTEXT ( 'NONE', 'WORKASPACE' ) );
#2277 = AXIS2_PLACEMENT_3D ( 'NONE', #6377, #4569, #4437 ) ;
#2278 = FILL_AREA_STYLE ('',( #9418 ) ) ;
#2279 = DIRECTION ( 'NONE',  ( -1.000000000000000000, -0.000000000000000000, -0.000000000000000000 ) ) ;
#2280 = FILL_AREA_STYLE ('',( #2046 ) ) ;
#2281 = DIRECTION ( 'NONE',  ( -0.000000000000000000, -0.000000000000000000, 1.000000000000000000 ) ) ;
#2282 = UNCERTAINTY_MEASURE_WITH_UNIT (LENGTH_MEASURE( 1.000000000000000082E-05 ), #2230, 'distance_accuracy_value', 'NONE');
#2283 = SURFACE_STYLE_FILL_AREA ( #5804 ) ;
#2284 = ADVANCED_FACE ( 'NONE', ( #5280 ), #10602, .F. ) ;
#2285 = PRESENTATION_LAYER_ASSIGNMENT (  '', '', ( #4349 ) ) ;
#2286 = STYLED_ITEM ( 'NONE', ( #4205 ), #8602 ) ;
#2287 = ORIENTED_EDGE ( 'NONE', *, *, #8233, .F. ) ;
#2288 = ORIENTED_EDGE ( 'NONE', *, *, #10469, .F. ) ;
#2289 = LINE ( 'NONE', #5923, #7137 ) ;
#2290 = CARTESIAN_POINT ( 'NONE',  ( -0.1079999999999999988, 0.05000000000000000971, -0.01700000000000000122 ) ) ;
#2291 = VERTEX_POINT ( 'NONE', #6190 ) ;
#2292 = CARTESIAN_POINT ( 'NONE',  ( 0.05000000000000000971, 0.2099999999999999922, 0.07000000000000000666 ) ) ;
#2293 = CARTESIAN_POINT ( 'NONE',  ( -0.09199999999999999845, -0.06599999999999998923, 0.03299999999999999462 ) ) ;
#2294 = DIRECTION ( 'NONE',  ( 1.000000000000000000, 0.000000000000000000, 0.000000000000000000 ) ) ;
#2295 = ADVANCED_FACE ( 'NONE', ( #780 ), #4373, .F. ) ;
#2296 = FILL_AREA_STYLE_COLOUR ( '', #1883 ) ;
#2297 = PRODUCT_DEFINITION ( 'UNKNOWN', '', #7325, #7207 ) ;
#2298 = DIMENSIONAL_EXPONENTS ( 1.000000000000000000, 0.000000000000000000, 0.000000000000000000, 0.000000000000000000, 0.000000000000000000, 0.000000000000000000, 0.000000000000000000 ) ;
#2299 = ORIENTED_EDGE ( 'NONE', *, *, #10964, .T. ) ;
#2300 = EDGE_CURVE ( 'NONE', #2233, #1619, #58, .T. ) ;
#2301 = ORIENTED_EDGE ( 'NONE', *, *, #4453, .T. ) ;
#2302 = FACE_OUTER_BOUND ( 'NONE', #4091, .T. ) ;
#2303 = ORIENTED_EDGE ( 'NONE', *, *, #1273, .T. ) ;
#2304 =( NAMED_UNIT ( * ) PLANE_ANGLE_UNIT ( ) SI_UNIT ( $, .RADIAN. ) );
#2305 = EDGE_CURVE ( 'NONE', #5581, #3649, #8240, .T. ) ;
#2306 = STYLED_ITEM ( 'NONE', ( #5011 ), #3256 ) ;
#2307 = SURFACE_STYLE_FILL_AREA ( #1478 ) ;
#2308 = LINE ( 'NONE', #10250, #11716 ) ;
#2309 = CARTESIAN_POINT ( 'NONE',  ( -0.09199999999999999845, 0.1759999999999999898, 0.1199999999999999956 ) ) ;
#2310 = ORIENTED_EDGE ( 'NONE', *, *, #7122, .F. ) ;
#2311 = CARTESIAN_POINT ( 'NONE',  ( 0.1079999999999999988, -0.07499999999999999722, -0.02199999999999999872 ) ) ;
#2312 = MECHANICAL_DESIGN_GEOMETRIC_PRESENTATION_REPRESENTATION (  '', ( #3839 ), #6695 ) ;
#2313 = DIRECTION ( 'NONE',  ( -0.000000000000000000, -0.000000000000000000, -1.000000000000000000 ) ) ;
#2314 = PRESENTATION_LAYER_ASSIGNMENT (  '', '', ( #7439 ) ) ;
#2315 = ORIENTED_EDGE ( 'NONE', *, *, #2789, .F. ) ;
#2316 = FILL_AREA_STYLE ('',( #10367 ) ) ;
#2317 = DIMENSIONAL_EXPONENTS ( 1.000000000000000000, 0.000000000000000000, 0.000000000000000000, 0.000000000000000000, 0.000000000000000000, 0.000000000000000000, 0.000000000000000000 ) ;
#2318 = PLANE ( 'NONE',  #9467 ) ;
#2319 =( NAMED_UNIT ( * ) PLANE_ANGLE_UNIT ( ) SI_UNIT ( $, .RADIAN. ) );
#2320 = CARTESIAN_POINT ( 'NONE',  ( -0.1079999999999999988, 0.2099999999999999922, 0.01700000000000000122 ) ) ;
#2321 = CARTESIAN_POINT ( 'NONE',  ( 0.05800000000000000294, 0.2099999999999999922, -0.01700000000000000122 ) ) ;
#2322 = CARTESIAN_POINT ( 'NONE',  ( -0.05800000000000000294, 0.2099999999999999922, -0.01700000000000000122 ) ) ;
#2323 = COLOUR_RGB ( '',0.8627450980392157298, 0.6274509803921568540, 0.05882352941176470507 ) ;
#2324 = LENGTH_MEASURE_WITH_UNIT ( LENGTH_MEASURE( 0.02539999999999999897 ), #9656 );
#2325 = CARTESIAN_POINT ( 'NONE',  ( 0.000000000000000000, 0.000000000000000000, 0.02500000000000000139 ) ) ;
#2326 = CARTESIAN_POINT ( 'NONE',  ( 0.1079999999999999988, 0.1849999999999999978, 0.02799999999999999711 ) ) ;
#2327 = CARTESIAN_POINT ( 'NONE',  ( 0.1079999999999999988, 0.05000000000000000971, -0.01700000000000000122 ) ) ;
#2328 = STYLED_ITEM ( 'NONE', ( #9839 ), #6373 ) ;
#2329 = VECTOR ( 'NONE', #8497, 39.37007874015748143 ) ;
#2330 = SURFACE_STYLE_USAGE ( .BOTH. , #442 ) ;
#2331 =( GEOMETRIC_REPRESENTATION_CONTEXT ( 3 ) GLOBAL_UNCERTAINTY_ASSIGNED_CONTEXT ( ( #7392 ) ) GLOBAL_UNIT_ASSIGNED_CONTEXT ( ( #4508, #11621, #1828 ) ) REPRESENTATION_CONTEXT ( 'NONE', 'WORKASPACE' ) );
#2332 = DIRECTION ( 'NONE',  ( 1.000000000000000000, 0.000000000000000000, 0.000000000000000000 ) ) ;
#2333 = PLANE ( 'NONE',  #436 ) ;
#2334 = FACE_OUTER_BOUND ( 'NONE', #6860, .T. ) ;
#2335 = DIRECTION ( 'NONE',  ( 0.4368520283305178942, -0.7863336509949345743, -0.4368520283305193375 ) ) ;
#2336 = STYLED_ITEM ( 'NONE', ( #7005 ), #2284 ) ;
#2337 = ORIENTED_EDGE ( 'NONE', *, *, #1271, .F. ) ;
#2338 = ORIENTED_EDGE ( 'NONE', *, *, #6072, .F. ) ;
#2339 = DIRECTION ( 'NONE',  ( 0.000000000000000000, 0.000000000000000000, -1.000000000000000000 ) ) ;
#2340 = PRESENTATION_LAYER_ASSIGNMENT (  '', '', ( #9185 ) ) ;
#2341 = CARTESIAN_POINT ( 'NONE',  ( 0.1029999999999999943, 0.1849999999999999978, 0.02799999999999999711 ) ) ;
#2342 = CARTESIAN_POINT ( 'NONE',  ( 0.05000000000000000971, 0.2099999999999999922, -0.1000000000000000056 ) ) ;
#2343 = LINE ( 'NONE', #581, #6207 ) ;
#2344 = EDGE_CURVE ( 'NONE', #7171, #10539, #10111, .T. ) ;
#2345 = VERTEX_POINT ( 'NONE', #10244 ) ;
#2346 = SURFACE_SIDE_STYLE ('',( #10509 ) ) ;
#2347 = PLANE ( 'NONE',  #2141 ) ;
#2348 = COLOUR_RGB ( '',0.2862745098039215508, 0.2862745098039215508, 0.2862745098039215508 ) ;
#2349 = MECHANICAL_DESIGN_GEOMETRIC_PRESENTATION_REPRESENTATION (  '', ( #7829 ), #5776 ) ;
#2350 = FACE_OUTER_BOUND ( 'NONE', #3826, .T. ) ;
#2351 = CARTESIAN_POINT ( 'NONE',  ( 0.1079999999999999988, -0.06600000000000000311, 0.01700000000000000122 ) ) ;
#2352 = CARTESIAN_POINT ( 'NONE',  ( -0.04200000000000000955, -0.06600000000000000311, 0.1199999999999999956 ) ) ;
#2353 = PRESENTATION_STYLE_ASSIGNMENT (( #587 ) ) ;
#2354 = ORIENTED_EDGE ( 'NONE', *, *, #8107, .F. ) ;
#2355 = EDGE_CURVE ( 'NONE', #4613, #7929, #2081, .T. ) ;
#2356 = DIRECTION ( 'NONE',  ( -0.000000000000000000, -0.000000000000000000, -1.000000000000000000 ) ) ;
#2357 = SURFACE_STYLE_FILL_AREA ( #10523 ) ;
#2358 =( GEOMETRIC_REPRESENTATION_CONTEXT ( 3 ) GLOBAL_UNCERTAINTY_ASSIGNED_CONTEXT ( ( #855 ) ) GLOBAL_UNIT_ASSIGNED_CONTEXT ( ( #2257, #10479, #5083 ) ) REPRESENTATION_CONTEXT ( 'NONE', 'WORKASPACE' ) );
#2359 = EDGE_CURVE ( 'NONE', #9673, #4502, #3747, .T. ) ;
#2360 = ORIENTED_EDGE ( 'NONE', *, *, #8607, .T. ) ;
#2361 =( CONVERSION_BASED_UNIT ( 'INCH', #1299 ) LENGTH_UNIT ( ) NAMED_UNIT ( #5336 ) );
#2362 = VERTEX_POINT ( 'NONE', #7362 ) ;
#2363 = SURFACE_STYLE_USAGE ( .BOTH. , #6003 ) ;
#2364 = FILL_AREA_STYLE ('',( #4138 ) ) ;
#2365 = CARTESIAN_POINT ( 'NONE',  ( 0.1079999999999999988, 0.2099999999999999922, 0.03300000000000000155 ) ) ;
#2366 = UNCERTAINTY_MEASURE_WITH_UNIT (LENGTH_MEASURE( 1.000000000000000082E-05 ), #2782, 'distance_accuracy_value', 'NONE');
#2367 = DIRECTION ( 'NONE',  ( 1.000000000000000000, 0.000000000000000000, 0.000000000000000000 ) ) ;
#2368 = DIRECTION ( 'NONE',  ( 0.000000000000000000, 0.000000000000000000, 1.000000000000000000 ) ) ;
#2369 = EDGE_CURVE ( 'NONE', #1536, #7418, #9110, .T. ) ;
#2370 =( NAMED_UNIT ( * ) PLANE_ANGLE_UNIT ( ) SI_UNIT ( $, .RADIAN. ) );
#2371 = ORIENTED_EDGE ( 'NONE', *, *, #1759, .F. ) ;
#2372 = DIMENSIONAL_EXPONENTS ( 1.000000000000000000, 0.000000000000000000, 0.000000000000000000, 0.000000000000000000, 0.000000000000000000, 0.000000000000000000, 0.000000000000000000 ) ;
#2373 = ADVANCED_FACE ( 'NONE', ( #5714 ), #974, .F. ) ;
#2374 = CARTESIAN_POINT ( 'NONE',  ( 0.1079999999999999988, 0.000000000000000000, 0.000000000000000000 ) ) ;
#2375 = EDGE_LOOP ( 'NONE', ( #3738, #9925, #3879, #626 ) ) ;
#2376 = LINE ( 'NONE', #8737, #5667 ) ;
#2377 =( GEOMETRIC_REPRESENTATION_CONTEXT ( 3 ) GLOBAL_UNCERTAINTY_ASSIGNED_CONTEXT ( ( #4020 ) ) GLOBAL_UNIT_ASSIGNED_CONTEXT ( ( #7828, #7949, #10615 ) ) REPRESENTATION_CONTEXT ( 'NONE', 'WORKASPACE' ) );
#2378 = ADVANCED_FACE ( 'NONE', ( #6772 ), #9628, .T. ) ;
#2379 = ORIENTED_EDGE ( 'NONE', *, *, #9778, .T. ) ;
#2380 = SURFACE_STYLE_FILL_AREA ( #6947 ) ;
#2381 = VECTOR ( 'NONE', #4817, 39.37007874015748143 ) ;
#2382 = SURFACE_STYLE_USAGE ( .BOTH. , #10546 ) ;
#2383 = UNCERTAINTY_MEASURE_WITH_UNIT (LENGTH_MEASURE( 1.000000000000000082E-05 ), #2975, 'distance_accuracy_value', 'NONE');
#2384 = DIRECTION ( 'NONE',  ( -0.4856429311786330527, 0.8741572761215372633, 0.000000000000000000 ) ) ;
#2385 = VECTOR ( 'NONE', #6999, 39.37007874015748143 ) ;
#2386 = CARTESIAN_POINT ( 'NONE',  ( 0.000000000000000000, 0.04499999999999999833, -0.02500000000000000139 ) ) ;
#2387 = FACE_OUTER_BOUND ( 'NONE', #1654, .T. ) ;
#2388 =( GEOMETRIC_REPRESENTATION_CONTEXT ( 3 ) GLOBAL_UNCERTAINTY_ASSIGNED_CONTEXT ( ( #6881 ) ) GLOBAL_UNIT_ASSIGNED_CONTEXT ( ( #1484, #10483, #7550 ) ) REPRESENTATION_CONTEXT ( 'NONE', 'WORKASPACE' ) );
#2389 = AXIS2_PLACEMENT_3D ( 'NONE', #7246, #7371, #3633 ) ;
#2390 = VECTOR ( 'NONE', #7584, 39.37007874015748854 ) ;
#2391 = SURFACE_STYLE_USAGE ( .BOTH. , #8795 ) ;
#2392 = FACE_OUTER_BOUND ( 'NONE', #1298, .T. ) ;
#2393 = AXIS2_PLACEMENT_3D ( 'NONE', #9033, #4673, #5520 ) ;
#2394 = COLOUR_RGB ( '',0.8627450980392157298, 0.6274509803921568540, 0.05882352941176470507 ) ;
#2395 = SURFACE_STYLE_FILL_AREA ( #7774 ) ;
#2396 = UNCERTAINTY_MEASURE_WITH_UNIT (LENGTH_MEASURE( 1.000000000000000082E-05 ), #7074, 'distance_accuracy_value', 'NONE');
#2397 = PRESENTATION_LAYER_ASSIGNMENT (  '', '', ( #3555 ) ) ;
#2398 = CARTESIAN_POINT ( 'NONE',  ( -0.05300000000000000544, -0.07499999999999999722, 0.1199999999999999956 ) ) ;
#2399 =( GEOMETRIC_REPRESENTATION_CONTEXT ( 3 ) GLOBAL_UNCERTAINTY_ASSIGNED_CONTEXT ( ( #9522 ) ) GLOBAL_UNIT_ASSIGNED_CONTEXT ( ( #7601, #3087, #1316 ) ) REPRESENTATION_CONTEXT ( 'NONE', 'WORKASPACE' ) );
#2400 = DIRECTION ( 'NONE',  ( -1.000000000000000000, -0.000000000000000000, 0.000000000000000000 ) ) ;
#2401 =( GEOMETRIC_REPRESENTATION_CONTEXT ( 3 ) GLOBAL_UNCERTAINTY_ASSIGNED_CONTEXT ( ( #10819 ) ) GLOBAL_UNIT_ASSIGNED_CONTEXT ( ( #10697, #9679, #6982 ) ) REPRESENTATION_CONTEXT ( 'NONE', 'WORKASPACE' ) );
#2402 = DIMENSIONAL_EXPONENTS ( 1.000000000000000000, 0.000000000000000000, 0.000000000000000000, 0.000000000000000000, 0.000000000000000000, 0.000000000000000000, 0.000000000000000000 ) ;
#2403 = LINE ( 'NONE', #1448, #10005 ) ;
#2404 = ORIENTED_EDGE ( 'NONE', *, *, #6912, .F. ) ;
#2405 = ORIENTED_EDGE ( 'NONE', *, *, #11262, .T. ) ;
#2406 = PRESENTATION_LAYER_ASSIGNMENT (  '', '', ( #8075 ) ) ;
#2407 = VECTOR ( 'NONE', #3493, 39.37007874015748143 ) ;
#2408 = FILL_AREA_STYLE_COLOUR ( '', #334 ) ;
#2409 =( LENGTH_UNIT ( ) NAMED_UNIT ( * ) SI_UNIT ( $, .METRE. ) );
#2410 =( NAMED_UNIT ( * ) PLANE_ANGLE_UNIT ( ) SI_UNIT ( $, .RADIAN. ) );
#2411 = VECTOR ( 'NONE', #5693, 39.37007874015748143 ) ;
#2412 = UNCERTAINTY_MEASURE_WITH_UNIT (LENGTH_MEASURE( 1.000000000000000082E-05 ), #11159, 'distance_accuracy_value', 'NONE');
#2413 = CARTESIAN_POINT ( 'NONE',  ( 0.05299999999999999850, -0.07499999999999999722, 0.1199999999999999956 ) ) ;
#2414 = EDGE_CURVE ( 'NONE', #4338, #8676, #10529, .T. ) ;
#2415 = ORIENTED_EDGE ( 'NONE', *, *, #9397, .T. ) ;
#2416 = DIRECTION ( 'NONE',  ( 1.000000000000000000, 0.000000000000000000, -0.000000000000000000 ) ) ;
#2417 = CARTESIAN_POINT ( 'NONE',  ( 0.007999999999999991493, 0.2099999999999999922, -0.01700000000000000122 ) ) ;
#2418 =( GEOMETRIC_REPRESENTATION_CONTEXT ( 3 ) GLOBAL_UNCERTAINTY_ASSIGNED_CONTEXT ( ( #5545 ) ) GLOBAL_UNIT_ASSIGNED_CONTEXT ( ( #9594, #8865, #5218 ) ) REPRESENTATION_CONTEXT ( 'NONE', 'WORKASPACE' ) );
#2419 = SURFACE_STYLE_FILL_AREA ( #6051 ) ;
#2420 = SURFACE_STYLE_FILL_AREA ( #11522 ) ;
#2421 = PLANE ( 'NONE',  #3921 ) ;
#2422 = ORIENTED_EDGE ( 'NONE', *, *, #4938, .F. ) ;
#2423 = EDGE_CURVE ( 'NONE', #934, #70, #3970, .T. ) ;
#2424 =( NAMED_UNIT ( * ) PLANE_ANGLE_UNIT ( ) SI_UNIT ( $, .RADIAN. ) );
#2425 = AXIS2_PLACEMENT_3D ( 'NONE', #169, #8224, #10229 ) ;
#2426 = ORIENTED_EDGE ( 'NONE', *, *, #4890, .F. ) ;
#2427 = SURFACE_STYLE_FILL_AREA ( #5021 ) ;
#2428 = CARTESIAN_POINT ( 'NONE',  ( 0.3250000000000000111, 0.2099999999999999922, -0.1199999999999999956 ) ) ;
#2429 = ORIENTED_EDGE ( 'NONE', *, *, #10877, .F. ) ;
#2430 = CARTESIAN_POINT ( 'NONE',  ( 0.09699999999999998901, -0.07499999999999998335, 0.02199999999999996403 ) ) ;
#2431 = CARTESIAN_POINT ( 'NONE',  ( -0.3009999999999999898, 0.04499999999999999833, 0.02500000000000000139 ) ) ;
#2432 = LENGTH_MEASURE_WITH_UNIT ( LENGTH_MEASURE( 0.02539999999999999897 ), #11604 );
#2433 = VECTOR ( 'NONE', #153, 39.37007874015748143 ) ;
#2434 = DIRECTION ( 'NONE',  ( -0.4472135954999579277, -0.8944271909999158554, -0.000000000000000000 ) ) ;
#2435 = EDGE_CURVE ( 'NONE', #6777, #4475, #3265, .T. ) ;
#2436 =( CONVERSION_BASED_UNIT ( 'INCH', #4189 ) LENGTH_UNIT ( ) NAMED_UNIT ( #5113 ) );
#2437 = ORIENTED_EDGE ( 'NONE', *, *, #1977, .F. ) ;
#2438 = DIRECTION ( 'NONE',  ( 1.000000000000000000, 0.000000000000000000, -0.000000000000000000 ) ) ;
#2439 = PRESENTATION_LAYER_ASSIGNMENT (  '', '', ( #6813 ) ) ;
#2440 = MECHANICAL_DESIGN_GEOMETRIC_PRESENTATION_REPRESENTATION (  '', ( #1651 ), #3775 ) ;
#2441 = ADVANCED_FACE ( 'NONE', ( #4907 ), #10477, .T. ) ;
#2442 = ORIENTED_EDGE ( 'NONE', *, *, #9782, .T. ) ;
#2443 = CARTESIAN_POINT ( 'NONE',  ( 0.05299999999999998462, -0.07499999999999998335, -0.02200000000000001607 ) ) ;
#2444 = LENGTH_MEASURE_WITH_UNIT ( LENGTH_MEASURE( 0.02539999999999999897 ), #961 );
#2445 =( LENGTH_UNIT ( ) NAMED_UNIT ( * ) SI_UNIT ( $, .METRE. ) );
#2446 = EDGE_CURVE ( 'NONE', #7315, #8714, #8773, .T. ) ;
#2447 = FACE_OUTER_BOUND ( 'NONE', #1399, .T. ) ;
#2448 = LENGTH_MEASURE_WITH_UNIT ( LENGTH_MEASURE( 0.02539999999999999897 ), #2502 );
#2449 =( NAMED_UNIT ( * ) PLANE_ANGLE_UNIT ( ) SI_UNIT ( $, .RADIAN. ) );
#2450 = EDGE_CURVE ( 'NONE', #10334, #906, #10773, .T. ) ;
#2451 = SURFACE_STYLE_USAGE ( .BOTH. , #5105 ) ;
#2452 =( NAMED_UNIT ( * ) SI_UNIT ( $, .STERADIAN. ) SOLID_ANGLE_UNIT ( ) );
#2453 = VERTEX_POINT ( 'NONE', #6992 ) ;
#2454 = DIMENSIONAL_EXPONENTS ( 1.000000000000000000, 0.000000000000000000, 0.000000000000000000, 0.000000000000000000, 0.000000000000000000, 0.000000000000000000, 0.000000000000000000 ) ;
#2455 =( GEOMETRIC_REPRESENTATION_CONTEXT ( 3 ) GLOBAL_UNCERTAINTY_ASSIGNED_CONTEXT ( ( #4767 ) ) GLOBAL_UNIT_ASSIGNED_CONTEXT ( ( #9266, #5568, #3847 ) ) REPRESENTATION_CONTEXT ( 'NONE', 'WORKASPACE' ) );
#2456 =( GEOMETRIC_REPRESENTATION_CONTEXT ( 3 ) GLOBAL_UNCERTAINTY_ASSIGNED_CONTEXT ( ( #10492 ) ) GLOBAL_UNIT_ASSIGNED_CONTEXT ( ( #5743, #8277, #10331 ) ) REPRESENTATION_CONTEXT ( 'NONE', 'WORKASPACE' ) );
#2457 = LENGTH_MEASURE_WITH_UNIT ( LENGTH_MEASURE( 0.02539999999999999897 ), #1775 );
#2458 = CARTESIAN_POINT ( 'NONE',  ( 0.1079999999999999988, -0.07499999999999999722, 0.02199999999999999872 ) ) ;
#2459 =( NAMED_UNIT ( * ) PLANE_ANGLE_UNIT ( ) SI_UNIT ( $, .RADIAN. ) );
#2460 = FACE_OUTER_BOUND ( 'NONE', #10092, .T. ) ;
#2461 =( NAMED_UNIT ( * ) SI_UNIT ( $, .STERADIAN. ) SOLID_ANGLE_UNIT ( ) );
#2462 = ORIENTED_EDGE ( 'NONE', *, *, #7715, .T. ) ;
#2463 = ORIENTED_EDGE ( 'NONE', *, *, #1420, .F. ) ;
#2464 = STYLED_ITEM ( 'NONE', ( #9712 ), #5246 ) ;
#2465 = DIRECTION ( 'NONE',  ( -0.000000000000000000, -1.778546870875169980E-16, 1.000000000000000000 ) ) ;
#2466 = MECHANICAL_DESIGN_GEOMETRIC_PRESENTATION_REPRESENTATION (  '', ( #577 ), #1512 ) ;
#2467 = CARTESIAN_POINT ( 'NONE',  ( 0.02500000000000000139, 0.05000000000000000278, -0.005000000000000000104 ) ) ;
#2468 = CARTESIAN_POINT ( 'NONE',  ( -0.3109999999999999987, 0.04499999999999999833, 0.02500000000000000139 ) ) ;
#2469 = VERTEX_POINT ( 'NONE', #8837 ) ;
#2470 = FILL_AREA_STYLE_COLOUR ( '', #11555 ) ;
#2471 = CARTESIAN_POINT ( 'NONE',  ( -0.008000000000000010575, -0.06600000000000000311, -0.01700000000000000122 ) ) ;
#2472 = MECHANICAL_DESIGN_GEOMETRIC_PRESENTATION_REPRESENTATION (  '', ( #2663 ), #2276 ) ;
#2473 = DIRECTION ( 'NONE',  ( -0.000000000000000000, 1.000000000000000000, 0.000000000000000000 ) ) ;
#2474 = CARTESIAN_POINT ( 'NONE',  ( -0.1079999999999999849, 0.01999999999999999001, 0.03300000000000000155 ) ) ;
#2475 = DIRECTION ( 'NONE',  ( -0.4856429311786317760, 0.8741572761215378184, 0.000000000000000000 ) ) ;
#2476 = DIRECTION ( 'NONE',  ( 0.000000000000000000, 0.000000000000000000, 1.000000000000000000 ) ) ;
#2477 = EDGE_LOOP ( 'NONE', ( #4244, #7935, #6354, #1602 ) ) ;
#2478 = ORIENTED_EDGE ( 'NONE', *, *, #10721, .F. ) ;
#2479 = DIRECTION ( 'NONE',  ( 0.000000000000000000, 0.000000000000000000, 1.000000000000000000 ) ) ;
#2480 = FACE_OUTER_BOUND ( 'NONE', #10647, .T. ) ;
#2481 = DIMENSIONAL_EXPONENTS ( 1.000000000000000000, 0.000000000000000000, 0.000000000000000000, 0.000000000000000000, 0.000000000000000000, 0.000000000000000000, 0.000000000000000000 ) ;
#2482 =( NAMED_UNIT ( * ) SI_UNIT ( $, .STERADIAN. ) SOLID_ANGLE_UNIT ( ) );
#2483 = ORIENTED_EDGE ( 'NONE', *, *, #9328, .F. ) ;
#2484 = FACE_BOUND ( 'NONE', #8877, .T. ) ;
#2485 = LINE ( 'NONE', #3381, #2132 ) ;
#2486 = ORIENTED_EDGE ( 'NONE', *, *, #1669, .T. ) ;
#2487 = SURFACE_SIDE_STYLE ('',( #7110 ) ) ;
#2488 = FACE_BOUND ( 'NONE', #6160, .T. ) ;
#2489 = LINE ( 'NONE', #6244, #1962 ) ;
#2490 = LINE ( 'NONE', #1481, #9612 ) ;
#2491 = SURFACE_STYLE_FILL_AREA ( #8906 ) ;
#2492 = ORIENTED_EDGE ( 'NONE', *, *, #4505, .F. ) ;
#2493 = FACE_OUTER_BOUND ( 'NONE', #8074, .T. ) ;
#2494 = VERTEX_POINT ( 'NONE', #7864 ) ;
#2495 = SURFACE_STYLE_FILL_AREA ( #2621 ) ;
#2496 = EDGE_CURVE ( 'NONE', #1194, #11070, #10840, .T. ) ;
#2497 = DIRECTION ( 'NONE',  ( 0.000000000000000000, -0.8741572761215407050, -0.4856429311786268355 ) ) ;
#2498 = FILL_AREA_STYLE_COLOUR ( '', #7637 ) ;
#2499 =( CONVERSION_BASED_UNIT ( 'INCH', #2444 ) LENGTH_UNIT ( ) NAMED_UNIT ( #7694 ) );
#2500 = LINE ( 'NONE', #5961, #10046 ) ;
#2501 = CARTESIAN_POINT ( 'NONE',  ( -0.008000000000000007105, 0.05000000000000000971, -0.01700000000000000122 ) ) ;
#2502 =( LENGTH_UNIT ( ) NAMED_UNIT ( * ) SI_UNIT ( $, .METRE. ) );
#2503 = VECTOR ( 'NONE', #1987, 39.37007874015748143 ) ;
#2504 = EDGE_CURVE ( 'NONE', #7696, #8123, #4301, .T. ) ;
#2505 =( LENGTH_UNIT ( ) NAMED_UNIT ( * ) SI_UNIT ( $, .METRE. ) );
#2506 = VERTEX_POINT ( 'NONE', #10651 ) ;
#2507 =( GEOMETRIC_REPRESENTATION_CONTEXT ( 3 ) GLOBAL_UNCERTAINTY_ASSIGNED_CONTEXT ( ( #6459 ) ) GLOBAL_UNIT_ASSIGNED_CONTEXT ( ( #10972, #9036, #2739 ) ) REPRESENTATION_CONTEXT ( 'NONE', 'WORKASPACE' ) );
#2508 =( LENGTH_UNIT ( ) NAMED_UNIT ( * ) SI_UNIT ( $, .METRE. ) );
#2509 = VECTOR ( 'NONE', #9790, 39.37007874015748143 ) ;
#2510 = STYLED_ITEM ( 'NONE', ( #8511 ), #3545 ) ;
#2511 = SURFACE_SIDE_STYLE ('',( #3697 ) ) ;
#2512 =( CONVERSION_BASED_UNIT ( 'INCH', #4266 ) LENGTH_UNIT ( ) NAMED_UNIT ( #7890 ) );
#2513 = CARTESIAN_POINT ( 'NONE',  ( 0.1079999999999999988, 0.04000000000000000083, 0.01700000000000000122 ) ) ;
#2514 = UNCERTAINTY_MEASURE_WITH_UNIT (LENGTH_MEASURE( 1.000000000000000082E-05 ), #7022, 'distance_accuracy_value', 'NONE');
#2515 = PRESENTATION_LAYER_ASSIGNMENT (  '', '', ( #7624 ) ) ;
#2516 = PLANE ( 'NONE',  #238 ) ;
#2517 = DIRECTION ( 'NONE',  ( 1.000000000000000000, 0.000000000000000000, -0.000000000000000000 ) ) ;
#2518 = SURFACE_SIDE_STYLE ('',( #9829 ) ) ;
#2520 = EDGE_CURVE ( 'NONE', #4887, #5306, #4363, .T. ) ;
#2519 = DIRECTION ( 'NONE',  ( 1.000000000000000000, 0.000000000000000000, -0.000000000000000000 ) ) ;
#2521 = ORIENTED_EDGE ( 'NONE', *, *, #4462, .T. ) ;
#2522 = VERTEX_POINT ( 'NONE', #6929 ) ;
#2523 = FACE_OUTER_BOUND ( 'NONE', #7734, .T. ) ;
#2524 = PLANE ( 'NONE',  #1246 ) ;
#2525 = EDGE_CURVE ( 'NONE', #5451, #11427, #7806, .T. ) ;
#2526 = VECTOR ( 'NONE', #6407, 39.37007874015748143 ) ;
#2527 = STYLED_ITEM ( 'NONE', ( #3397 ), #2958 ) ;
#2528 = ORIENTED_EDGE ( 'NONE', *, *, #5929, .T. ) ;
#2529 = SURFACE_STYLE_USAGE ( .BOTH. , #5371 ) ;
#2530 =( CONVERSION_BASED_UNIT ( 'INCH', #5308 ) LENGTH_UNIT ( ) NAMED_UNIT ( #8533 ) );
#2531 = DIRECTION ( 'NONE',  ( -0.4368520283305187824, 0.7863336509949342412, -0.4368520283305187824 ) ) ;
#2532 = STYLED_ITEM ( 'NONE', ( #4137 ), #2378 ) ;
#2533 = CARTESIAN_POINT ( 'NONE',  ( 0.007999999999999989758, 0.05000000000000000278, -0.01700000000000000122 ) ) ;
#2534 = DIMENSIONAL_EXPONENTS ( 1.000000000000000000, 0.000000000000000000, 0.000000000000000000, 0.000000000000000000, 0.000000000000000000, 0.000000000000000000, 0.000000000000000000 ) ;
#2535 = AXIS2_PLACEMENT_3D ( 'NONE', #9347, #6622, #8318 ) ;
#2536 = VECTOR ( 'NONE', #7202, 39.37007874015748143 ) ;
#2537 = ORIENTED_EDGE ( 'NONE', *, *, #8135, .T. ) ;
#2538 = ORIENTED_EDGE ( 'NONE', *, *, #1608, .T. ) ;
#2539 = FACE_OUTER_BOUND ( 'NONE', #8953, .T. ) ;
#2540 = FILL_AREA_STYLE_COLOUR ( '', #6760 ) ;
#2541 = FILL_AREA_STYLE_COLOUR ( '', #5832 ) ;
#2542 = ORIENTED_EDGE ( 'NONE', *, *, #3404, .F. ) ;
#2543 = VERTEX_POINT ( 'NONE', #7921 ) ;
#2544 =( CONVERSION_BASED_UNIT ( 'INCH', #3316 ) LENGTH_UNIT ( ) NAMED_UNIT ( #9597 ) );
#2545 = CARTESIAN_POINT ( 'NONE',  ( 0.09199999999999999845, 0.1759999999999999898, 0.1199999999999999956 ) ) ;
#2546 = DIRECTION ( 'NONE',  ( 8.537024980200819846E-16, -0.000000000000000000, -1.000000000000000000 ) ) ;
#2547 = CARTESIAN_POINT ( 'NONE',  ( -0.05799999999999999600, 0.01999999999999999001, -0.03300000000000000155 ) ) ;
#2548 = CARTESIAN_POINT ( 'NONE',  ( 0.1079999999999999988, 0.1849999999999999978, 0.02200000000000000566 ) ) ;
#2549 = EDGE_LOOP ( 'NONE', ( #3, #8963, #9020, #8824 ) ) ;
#2550 = SHAPE_REPRESENTATION ( 'ESHF-105-01-L-D-TH_tr', ( #3927 ), #3354 ) ;
#2551 = LINE ( 'NONE', #11746, #6705 ) ;
#2552 = EDGE_LOOP ( 'NONE', ( #3658, #10629, #5400, #8050 ) ) ;
#2553 = VECTOR ( 'NONE', #3328, 39.37007874015748143 ) ;
#2554 = FILL_AREA_STYLE_COLOUR ( '', #7270 ) ;
#2555 = DIMENSIONAL_EXPONENTS ( 1.000000000000000000, 0.000000000000000000, 0.000000000000000000, 0.000000000000000000, 0.000000000000000000, 0.000000000000000000, 0.000000000000000000 ) ;
#2556 = CARTESIAN_POINT ( 'NONE',  ( -0.05300000000000000544, -0.07499999999999999722, -0.02199999999999999872 ) ) ;
#2557 = EDGE_CURVE ( 'NONE', #681, #4613, #11601, .T. ) ;
#2558 = LENGTH_MEASURE_WITH_UNIT ( LENGTH_MEASURE( 0.02539999999999999897 ), #7998 );
#2559 = DIRECTION ( 'NONE',  ( -1.000000000000000000, -0.000000000000000000, 0.000000000000000000 ) ) ;
#2560 = DIRECTION ( 'NONE',  ( -0.000000000000000000, -0.000000000000000000, 1.000000000000000000 ) ) ;
#2561 = SURFACE_STYLE_USAGE ( .BOTH. , #7886 ) ;
#2562 = PRESENTATION_STYLE_ASSIGNMENT (( #4882 ) ) ;
#2563 = CARTESIAN_POINT ( 'NONE',  ( 0.1079999999999999988, 0.1849999999999999978, 0.02199999999999999872 ) ) ;
#2564 = ADVANCED_FACE ( 'NONE', ( #9859 ), #11666, .F. ) ;
#2565 =( LENGTH_UNIT ( ) NAMED_UNIT ( * ) SI_UNIT ( $, .METRE. ) );
#2566 = ORIENTED_EDGE ( 'NONE', *, *, #6298, .F. ) ;
#2567 = AXIS2_PLACEMENT_3D ( 'NONE', #10861, #6437, #10184 ) ;
#2568 = DIRECTION ( 'NONE',  ( 0.4856429311786310543, -0.8741572761215382625, 0.000000000000000000 ) ) ;
#2569 = PLANE ( 'NONE',  #8140 ) ;
#2570 = CARTESIAN_POINT ( 'NONE',  ( 0.05800000000000000294, 0.04999999999999999584, -0.03299999999999999462 ) ) ;
#2571 = LINE ( 'NONE', #11507, #1262 ) ;
#2572 = VECTOR ( 'NONE', #9898, 39.37007874015748143 ) ;
#2573 =( NAMED_UNIT ( * ) PLANE_ANGLE_UNIT ( ) SI_UNIT ( $, .RADIAN. ) );
#2574 = ORIENTED_EDGE ( 'NONE', *, *, #3455, .F. ) ;
#2575 = AXIS2_PLACEMENT_3D ( 'NONE', #1496, #11689, #9817 ) ;
#2576 = ORIENTED_EDGE ( 'NONE', *, *, #903, .T. ) ;
#2577 = MECHANICAL_DESIGN_GEOMETRIC_PRESENTATION_REPRESENTATION (  '', ( #7306 ), #8063 ) ;
#2578 = ADVANCED_FACE ( 'NONE', ( #6241 ), #5323, .F. ) ;
#2579 = FACE_OUTER_BOUND ( 'NONE', #300, .T. ) ;
#2580 = PRESENTATION_STYLE_ASSIGNMENT (( #4397 ) ) ;
#2581 = STYLED_ITEM ( 'NONE', ( #11371 ), #9850 ) ;
#2582 = COLOUR_RGB ( '',0.2862745098039215508, 0.2862745098039215508, 0.2862745098039215508 ) ;
#2583 = FACE_OUTER_BOUND ( 'NONE', #6132, .T. ) ;
#2584 = EDGE_LOOP ( 'NONE', ( #8216, #1002, #5171, #796 ) ) ;
#2585 =( NAMED_UNIT ( * ) SI_UNIT ( $, .STERADIAN. ) SOLID_ANGLE_UNIT ( ) );
#2586 = VECTOR ( 'NONE', #982, 39.37007874015748854 ) ;
#2587 = ADVANCED_FACE ( 'NONE', ( #4554 ), #8226, .F. ) ;
#2588 = FACE_OUTER_BOUND ( 'NONE', #8376, .T. ) ;
#2589 = COLOUR_RGB ( '',0.8627450980392157298, 0.6274509803921568540, 0.05882352941176470507 ) ;
#2590 = DIRECTION ( 'NONE',  ( 0.4368520283305195040, 0.7863336509949334641, -0.4368520283305195040 ) ) ;
#2591 = FILL_AREA_STYLE ('',( #870 ) ) ;
#2592 =( GEOMETRIC_REPRESENTATION_CONTEXT ( 3 ) GLOBAL_UNCERTAINTY_ASSIGNED_CONTEXT ( ( #6171 ) ) GLOBAL_UNIT_ASSIGNED_CONTEXT ( ( #3010, #6750, #10398 ) ) REPRESENTATION_CONTEXT ( 'NONE', 'WORKASPACE' ) );
#2593 = CARTESIAN_POINT ( 'NONE',  ( -0.05799999999999999600, 0.01999999999999999001, 0.01700000000000000469 ) ) ;
#2594 = STYLED_ITEM ( 'NONE', ( #7404 ), #10499 ) ;
#2595 = EDGE_CURVE ( 'NONE', #2127, #9873, #2227, .T. ) ;
#2596 = EDGE_LOOP ( 'NONE', ( #11552, #11795, #4276, #4287 ) ) ;
#2597 = EDGE_LOOP ( 'NONE', ( #3542, #9580, #3025, #4360 ) ) ;
#2598 = SURFACE_STYLE_FILL_AREA ( #96 ) ;
#2599 = AXIS2_PLACEMENT_3D ( 'NONE', #9776, #6280, #1785 ) ;
#2600 = COLOUR_RGB ( '',0.8627450980392157298, 0.6274509803921568540, 0.05882352941176470507 ) ;
#2601 =( LENGTH_UNIT ( ) NAMED_UNIT ( * ) SI_UNIT ( $, .METRE. ) );
#2602 = EDGE_CURVE ( 'NONE', #3065, #3028, #7409, .T. ) ;
#2603 = CARTESIAN_POINT ( 'NONE',  ( 0.04200000000000000955, 0.04000000000000000083, 0.1199999999999999956 ) ) ;
#2604 = VECTOR ( 'NONE', #332, 39.37007874015748143 ) ;
#2605 =( LENGTH_UNIT ( ) NAMED_UNIT ( * ) SI_UNIT ( $, .METRE. ) );
#2606 = EDGE_LOOP ( 'NONE', ( #8105, #4594, #4733, #8786, #7143, #6467, #10749, #4846, #7625, #3273, #5580, #10221 ) ) ;
#2607 = CARTESIAN_POINT ( 'NONE',  ( 0.05000000000000000278, 0.2099999999999999922, 0.000000000000000000 ) ) ;
#2608 = ORIENTED_EDGE ( 'NONE', *, *, #10877, .T. ) ;
#2609 = DIRECTION ( 'NONE',  ( 0.000000000000000000, 0.000000000000000000, 1.000000000000000000 ) ) ;
#2610 = CARTESIAN_POINT ( 'NONE',  ( -0.3250000000000000111, 0.2099999999999999922, 0.1000000000000000056 ) ) ;
#2611 = SURFACE_STYLE_USAGE ( .BOTH. , #10709 ) ;
#2612 = COLOUR_RGB ( '',0.8627450980392157298, 0.6274509803921568540, 0.05882352941176470507 ) ;
#2613 =( NAMED_UNIT ( * ) SI_UNIT ( $, .STERADIAN. ) SOLID_ANGLE_UNIT ( ) );
#2614 = DIRECTION ( 'NONE',  ( 0.000000000000000000, 0.000000000000000000, 1.000000000000000000 ) ) ;
#2615 =( NAMED_UNIT ( * ) SI_UNIT ( $, .STERADIAN. ) SOLID_ANGLE_UNIT ( ) );
#2616 = ORIENTED_EDGE ( 'NONE', *, *, #3519, .T. ) ;
#2617 = DIMENSIONAL_EXPONENTS ( 1.000000000000000000, 0.000000000000000000, 0.000000000000000000, 0.000000000000000000, 0.000000000000000000, 0.000000000000000000, 0.000000000000000000 ) ;
#2618 = ORIENTED_EDGE ( 'NONE', *, *, #7739, .F. ) ;
#2619 = FACE_OUTER_BOUND ( 'NONE', #6238, .T. ) ;
#2620 = VERTEX_POINT ( 'NONE', #4606 ) ;
#2621 = FILL_AREA_STYLE ('',( #839 ) ) ;
#2622 = AXIS2_PLACEMENT_3D ( 'NONE', #10886, #936, #5243 ) ;
#2623 = PRESENTATION_LAYER_ASSIGNMENT (  '', '', ( #7355 ) ) ;
#2624 = DIRECTION ( 'NONE',  ( -1.000000000000000000, 0.000000000000000000, 0.000000000000000000 ) ) ;
#2625 = SURFACE_STYLE_USAGE ( .BOTH. , #6138 ) ;
#2626 = LINE ( 'NONE', #6257, #11229 ) ;
#2627 = CARTESIAN_POINT ( 'NONE',  ( 0.04200000000000000955, 0.04000000000000001471, -0.03300000000000000155 ) ) ;
#2628 = MECHANICAL_DESIGN_GEOMETRIC_PRESENTATION_REPRESENTATION (  '', ( #3945 ), #11210 ) ;
#2629 = VECTOR ( 'NONE', #7009, 39.37007874015748143 ) ;
#2630 = FILL_AREA_STYLE_COLOUR ( '', #5612 ) ;
#2631 = SURFACE_STYLE_USAGE ( .BOTH. , #9943 ) ;
#2632 = ORIENTED_EDGE ( 'NONE', *, *, #10317, .F. ) ;
#2633 =( NAMED_UNIT ( * ) PLANE_ANGLE_UNIT ( ) SI_UNIT ( $, .RADIAN. ) );
#2634 = EDGE_CURVE ( 'NONE', #4904, #6958, #7229, .T. ) ;
#2635 = CARTESIAN_POINT ( 'NONE',  ( 0.1079999999999999988, 0.1849999999999999978, -0.02799999999999999711 ) ) ;
#2636 = MECHANICAL_DESIGN_GEOMETRIC_PRESENTATION_REPRESENTATION (  '', ( #7563 ), #5868 ) ;
#2637 = UNCERTAINTY_MEASURE_WITH_UNIT (LENGTH_MEASURE( 1.000000000000000082E-05 ), #8579, 'distance_accuracy_value', 'NONE');
#2638 = STYLED_ITEM ( 'NONE', ( #1747 ), #7782 ) ;
#2639 = DIMENSIONAL_EXPONENTS ( 1.000000000000000000, 0.000000000000000000, 0.000000000000000000, 0.000000000000000000, 0.000000000000000000, 0.000000000000000000, 0.000000000000000000 ) ;
#2640 = CARTESIAN_POINT ( 'NONE',  ( 0.04200000000000000955, 0.01999999999999999001, 0.03300000000000000155 ) ) ;
#2641 = LENGTH_MEASURE_WITH_UNIT ( LENGTH_MEASURE( 0.02539999999999999897 ), #2756 );
#2642 = EDGE_LOOP ( 'NONE', ( #9199, #163, #3139 ) ) ;
#2643 = VERTEX_POINT ( 'NONE', #3731 ) ;
#2644 = LINE ( 'NONE', #7263, #3562 ) ;
#2645 = VECTOR ( 'NONE', #11361, 39.37007874015748143 ) ;
#2646 = VECTOR ( 'NONE', #5069, 39.37007874015748143 ) ;
#2647 = PRESENTATION_STYLE_ASSIGNMENT (( #5429 ) ) ;
#2648 =( LENGTH_UNIT ( ) NAMED_UNIT ( * ) SI_UNIT ( $, .METRE. ) );
#2649 = ORIENTED_EDGE ( 'NONE', *, *, #10349, .T. ) ;
#2650 = LINE ( 'NONE', #6283, #1205 ) ;
#2651 = EDGE_CURVE ( 'NONE', #470, #3449, #7345, .T. ) ;
#2652 = SURFACE_SIDE_STYLE ('',( #3369 ) ) ;
#2653 = CARTESIAN_POINT ( 'NONE',  ( -0.2879999999999999782, 0.2099999999999999922, -0.1199999999999999956 ) ) ;
#2654 = PRESENTATION_LAYER_ASSIGNMENT (  '', '', ( #3796 ) ) ;
#2655 = STYLED_ITEM ( 'NONE', ( #10862 ), #8324 ) ;
#2656 =( LENGTH_UNIT ( ) NAMED_UNIT ( * ) SI_UNIT ( $, .METRE. ) );
#2657 = ORIENTED_EDGE ( 'NONE', *, *, #6425, .F. ) ;
#2658 = ORIENTED_EDGE ( 'NONE', *, *, #6851, .F. ) ;
#2659 = SURFACE_STYLE_FILL_AREA ( #1004 ) ;
#2660 = EDGE_CURVE ( 'NONE', #2362, #4395, #5567, .T. ) ;
#2661 = PLANE ( 'NONE',  #2029 ) ;
#2662 = DIRECTION ( 'NONE',  ( 1.000000000000000000, 0.000000000000000000, -0.000000000000000000 ) ) ;
#2663 = STYLED_ITEM ( 'NONE', ( #9158 ), #5405 ) ;
#2664 = ORIENTED_EDGE ( 'NONE', *, *, #6379, .T. ) ;
#2665 = VECTOR ( 'NONE', #4570, 39.37007874015748854 ) ;
#2666 = EDGE_CURVE ( 'NONE', #4474, #10704, #500, .T. ) ;
#2667 = LENGTH_MEASURE_WITH_UNIT ( LENGTH_MEASURE( 0.02539999999999999897 ), #7980 );
#2668 = CARTESIAN_POINT ( 'NONE',  ( 0.09199999999999999845, 0.04000000000000000083, 0.1199999999999999956 ) ) ;
#2669 = ORIENTED_EDGE ( 'NONE', *, *, #267, .T. ) ;
#2670 = FILL_AREA_STYLE ('',( #43 ) ) ;
#2671 = FACE_OUTER_BOUND ( 'NONE', #11460, .T. ) ;
#2672 = SURFACE_SIDE_STYLE ('',( #9797 ) ) ;
#2673 =( NAMED_UNIT ( * ) SI_UNIT ( $, .STERADIAN. ) SOLID_ANGLE_UNIT ( ) );
#2674 = VERTEX_POINT ( 'NONE', #5857 ) ;
#2675 = PRESENTATION_LAYER_ASSIGNMENT (  '', '', ( #11426 ) ) ;
#2676 = VECTOR ( 'NONE', #3975, 39.37007874015748143 ) ;
#2677 = ORIENTED_EDGE ( 'NONE', *, *, #11614, .F. ) ;
#2678 = DIRECTION ( 'NONE',  ( 1.000000000000000000, 0.000000000000000000, -0.000000000000000000 ) ) ;
#2679 = ORIENTED_EDGE ( 'NONE', *, *, #3261, .T. ) ;
#2680 = EDGE_CURVE ( 'NONE', #9391, #9803, #3347, .T. ) ;
#2681 = LENGTH_MEASURE_WITH_UNIT ( LENGTH_MEASURE( 0.02539999999999999897 ), #7294 );
#2682 = ORIENTED_EDGE ( 'NONE', *, *, #423, .T. ) ;
#2683 =( NAMED_UNIT ( * ) PLANE_ANGLE_UNIT ( ) SI_UNIT ( $, .RADIAN. ) );
#2684 = FILL_AREA_STYLE ('',( #10856 ) ) ;
#2685 = PRESENTATION_STYLE_ASSIGNMENT (( #3453 ) ) ;
#2686 = FILL_AREA_STYLE ('',( #11753 ) ) ;
#2687 = LINE ( 'NONE', #6319, #6276 ) ;
#2688 = FILL_AREA_STYLE_COLOUR ( '', #123 ) ;
#2689 = ORIENTED_EDGE ( 'NONE', *, *, #3861, .T. ) ;
#2690 = CARTESIAN_POINT ( 'NONE',  ( 0.04200000000000000955, 0.1759999999999999898, 0.03300000000000000155 ) ) ;
#2691 = DIMENSIONAL_EXPONENTS ( 1.000000000000000000, 0.000000000000000000, 0.000000000000000000, 0.000000000000000000, 0.000000000000000000, 0.000000000000000000, 0.000000000000000000 ) ;
#2692 = CARTESIAN_POINT ( 'NONE',  ( -0.09199999999999999845, 0.1759999999999999898, 0.01699999999999997347 ) ) ;
#2693 = FACE_OUTER_BOUND ( 'NONE', #4134, .T. ) ;
#2694 = PRESENTATION_LAYER_ASSIGNMENT (  '', '', ( #8374 ) ) ;
#2695 = VERTEX_POINT ( 'NONE', #620 ) ;
#2696 = ORIENTED_EDGE ( 'NONE', *, *, #3827, .T. ) ;
#2697 = SURFACE_SIDE_STYLE ('',( #3646 ) ) ;
#2698 = CARTESIAN_POINT ( 'NONE',  ( 0.000000000000000000, 0.2099999999999999922, 0.09499999999999998723 ) ) ;
#2699 = VECTOR ( 'NONE', #972, 39.37007874015748143 ) ;
#2700 = EDGE_LOOP ( 'NONE', ( #7291, #7386, #5370, #4024 ) ) ;
#2701 = SURFACE_STYLE_FILL_AREA ( #7151 ) ;
#2702 = MECHANICAL_DESIGN_GEOMETRIC_PRESENTATION_REPRESENTATION (  '', ( #6697 ), #4959 ) ;
#2703 = CARTESIAN_POINT ( 'NONE',  ( -0.1000000000000000056, 0.1600000000000000033, 0.09499999999999998723 ) ) ;
#2704 = DIRECTION ( 'NONE',  ( -0.4368520283305178942, 0.7863336509949345743, -0.4368520283305193375 ) ) ;
#2705 = EDGE_CURVE ( 'NONE', #1003, #1619, #4994, .T. ) ;
#2706 = DIRECTION ( 'NONE',  ( 0.000000000000000000, 0.000000000000000000, -1.000000000000000000 ) ) ;
#2707 = DIRECTION ( 'NONE',  ( 0.000000000000000000, 0.000000000000000000, 1.000000000000000000 ) ) ;
#2708 = PRESENTATION_STYLE_ASSIGNMENT (( #4408 ) ) ;
#2709 = ORIENTED_EDGE ( 'NONE', *, *, #7517, .F. ) ;
#2710 = ORIENTED_EDGE ( 'NONE', *, *, #11179, .T. ) ;
#2711 = SURFACE_SIDE_STYLE ('',( #2598 ) ) ;
#2712 = VECTOR ( 'NONE', #1272, 39.37007874015748143 ) ;
#2713 = COLOUR_RGB ( '',0.8627450980392157298, 0.6274509803921568540, 0.05882352941176470507 ) ;
#2714 = LENGTH_MEASURE_WITH_UNIT ( LENGTH_MEASURE( 0.02539999999999999897 ), #2776 );
#2715 = MECHANICAL_DESIGN_GEOMETRIC_PRESENTATION_REPRESENTATION (  '', ( #4600 ), #9363 ) ;
#2716 = ADVANCED_FACE ( 'NONE', ( #4265 ), #8691, .T. ) ;
#2717 = DIMENSIONAL_EXPONENTS ( 1.000000000000000000, 0.000000000000000000, 0.000000000000000000, 0.000000000000000000, 0.000000000000000000, 0.000000000000000000, 0.000000000000000000 ) ;
#2718 =( CONVERSION_BASED_UNIT ( 'INCH', #4480 ) LENGTH_UNIT ( ) NAMED_UNIT ( #2402 ) );
#2719 = LINE ( 'NONE', #883, #6588 ) ;
#2720 = ORIENTED_EDGE ( 'NONE', *, *, #2191, .F. ) ;
#2721 = FILL_AREA_STYLE ('',( #10837 ) ) ;
#2722 = EDGE_LOOP ( 'NONE', ( #7134, #1629, #9625, #2113 ) ) ;
#2723 = CARTESIAN_POINT ( 'NONE',  ( -0.05800000000000000294, 0.04000000000000000083, 0.01700000000000000122 ) ) ;
#2724 =( LENGTH_UNIT ( ) NAMED_UNIT ( * ) SI_UNIT ( $, .METRE. ) );
#2725 = SURFACE_SIDE_STYLE ('',( #4608 ) ) ;
#2726 = COLOUR_RGB ( '',0.8627450980392157298, 0.6274509803921568540, 0.05882352941176470507 ) ;
#2727 = DIRECTION ( 'NONE',  ( 0.000000000000000000, 1.000000000000000000, 0.000000000000000000 ) ) ;
#2728 = AXIS2_PLACEMENT_3D ( 'NONE', #2320, #8740, #10606 ) ;
#2729 = PRESENTATION_STYLE_ASSIGNMENT (( #7231 ) ) ;
#2730 = CARTESIAN_POINT ( 'NONE',  ( -0.008000000000000010575, 0.04000000000000000083, 0.01700000000000000122 ) ) ;
#2731 = ORIENTED_EDGE ( 'NONE', *, *, #777, .T. ) ;
#2732 = SURFACE_STYLE_FILL_AREA ( #5332 ) ;
#2733 = VERTEX_POINT ( 'NONE', #5914 ) ;
#2734 = VECTOR ( 'NONE', #1474, 39.37007874015748143 ) ;
#2735 = CARTESIAN_POINT ( 'NONE',  ( 0.000000000000000000, 0.06500000000000000222, 0.01700000000000000122 ) ) ;
#2736 = EDGE_CURVE ( 'NONE', #7068, #5711, #568, .T. ) ;
#2737 = PRESENTATION_LAYER_ASSIGNMENT (  '', '', ( #7465 ) ) ;
#2738 = ORIENTED_EDGE ( 'NONE', *, *, #9650, .T. ) ;
#2739 =( NAMED_UNIT ( * ) SI_UNIT ( $, .STERADIAN. ) SOLID_ANGLE_UNIT ( ) );
#2740 = ORIENTED_EDGE ( 'NONE', *, *, #1149, .T. ) ;
#2741 = CARTESIAN_POINT ( 'NONE',  ( -1.539492385960839556E-17, 0.005590169943749474270, -0.002500000000000000052 ) ) ;
#2742 = ADVANCED_FACE ( 'NONE', ( #4162 ), #6961, .F. ) ;
#2743 =( NAMED_UNIT ( * ) SI_UNIT ( $, .STERADIAN. ) SOLID_ANGLE_UNIT ( ) );
#2744 = CARTESIAN_POINT ( 'NONE',  ( 4.791405270137712932E-18, 0.005590169943749479474, -0.002500000000000000052 ) ) ;
#2745 = LINE ( 'NONE', #10186, #2665 ) ;
#2746 = EDGE_CURVE ( 'NONE', #8180, #9406, #1655, .T. ) ;
#2747 =( NAMED_UNIT ( * ) SI_UNIT ( $, .STERADIAN. ) SOLID_ANGLE_UNIT ( ) );
#2748 = LINE ( 'NONE', #3756, #4452 ) ;
#2749 = EDGE_CURVE ( 'NONE', #5132, #10482, #7252, .T. ) ;
#2750 = VERTEX_POINT ( 'NONE', #1595 ) ;
#2751 =( NAMED_UNIT ( * ) SI_UNIT ( $, .STERADIAN. ) SOLID_ANGLE_UNIT ( ) );
#2752 = LINE ( 'NONE', #1773, #1031 ) ;
#2753 =( CONVERSION_BASED_UNIT ( 'INCH', #3640 ) LENGTH_UNIT ( ) NAMED_UNIT ( #6502 ) );
#2754 = UNCERTAINTY_MEASURE_WITH_UNIT (LENGTH_MEASURE( 1.000000000000000082E-05 ), #2148, 'distance_accuracy_value', 'NONE');
#2755 =( CONVERSION_BASED_UNIT ( 'INCH', #4526 ) LENGTH_UNIT ( ) NAMED_UNIT ( #3395 ) );
#2756 =( LENGTH_UNIT ( ) NAMED_UNIT ( * ) SI_UNIT ( $, .METRE. ) );
#2757 = ORIENTED_EDGE ( 'NONE', *, *, #7292, .T. ) ;
#2758 = CARTESIAN_POINT ( 'NONE',  ( -0.04199999999999998873, 0.02000000000000000042, -0.05999999999999999778 ) ) ;
#2759 = STYLED_ITEM ( 'NONE', ( #728 ), #10811 ) ;
#2760 = DIRECTION ( 'NONE',  ( -0.000000000000000000, -1.000000000000000000, -0.000000000000000000 ) ) ;
#2761 = LINE ( 'NONE', #2698, #5814 ) ;
#2762 = ORIENTED_EDGE ( 'NONE', *, *, #5936, .F. ) ;
#2763 = FACE_OUTER_BOUND ( 'NONE', #7275, .T. ) ;
#2764 = DIRECTION ( 'NONE',  ( -0.000000000000000000, -0.000000000000000000, -1.000000000000000000 ) ) ;
#2765 = CARTESIAN_POINT ( 'NONE',  ( -0.1030000000000000637, 0.1849999999999999978, 0.02800000000000000405 ) ) ;
#2766 = VECTOR ( 'NONE', #5487, 39.37007874015748854 ) ;
#2767 = SURFACE_STYLE_FILL_AREA ( #2052 ) ;
#2768 = FACE_OUTER_BOUND ( 'NONE', #1568, .T. ) ;
#2769 = VECTOR ( 'NONE', #5145, 39.37007874015748143 ) ;
#2770 = DIRECTION ( 'NONE',  ( -0.000000000000000000, 0.000000000000000000, 1.000000000000000000 ) ) ;
#2771 = DIMENSIONAL_EXPONENTS ( 1.000000000000000000, 0.000000000000000000, 0.000000000000000000, 0.000000000000000000, 0.000000000000000000, 0.000000000000000000, 0.000000000000000000 ) ;
#2772 = VERTEX_POINT ( 'NONE', #10013 ) ;
#2773 = ORIENTED_EDGE ( 'NONE', *, *, #3870, .T. ) ;
#2774 = COLOUR_RGB ( '',0.2862745098039215508, 0.2862745098039215508, 0.2862745098039215508 ) ;
#2775 = CARTESIAN_POINT ( 'NONE',  ( 0.1079999999999999988, 0.1759999999999999898, -0.01700000000000000122 ) ) ;
#2776 =( LENGTH_UNIT ( ) NAMED_UNIT ( * ) SI_UNIT ( $, .METRE. ) );
#2777 = SURFACE_SIDE_STYLE ('',( #9017 ) ) ;
#2778 = VECTOR ( 'NONE', #4089, 39.37007874015748143 ) ;
#2779 = ADVANCED_FACE ( 'NONE', ( #11765 ), #9058, .F. ) ;
#2780 =( LENGTH_UNIT ( ) NAMED_UNIT ( * ) SI_UNIT ( $, .METRE. ) );
#2781 = AXIS2_PLACEMENT_3D ( 'NONE', #2374, #6016, #603 ) ;
#2782 =( CONVERSION_BASED_UNIT ( 'INCH', #7281 ) LENGTH_UNIT ( ) NAMED_UNIT ( #6785 ) );
#2783 = ORIENTED_EDGE ( 'NONE', *, *, #6310, .T. ) ;
#2784 = CARTESIAN_POINT ( 'NONE',  ( 0.1079999999999999988, 0.05000000000000000971, -0.01700000000000000122 ) ) ;
#2785 = LENGTH_MEASURE_WITH_UNIT ( LENGTH_MEASURE( 0.02539999999999999897 ), #8225 );
#2786 =( CONVERSION_BASED_UNIT ( 'INCH', #10383 ) LENGTH_UNIT ( ) NAMED_UNIT ( #5250 ) );
#2787 = LINE ( 'NONE', #957, #10435 ) ;
#2788 = PRESENTATION_LAYER_ASSIGNMENT (  '', '', ( #9432 ) ) ;
#2789 = EDGE_CURVE ( 'NONE', #2453, #1536, #4386, .T. ) ;
#2790 = VECTOR ( 'NONE', #8760, 39.37007874015748143 ) ;
#2791 = DIRECTION ( 'NONE',  ( -0.000000000000000000, 1.000000000000000000, 0.000000000000000000 ) ) ;
#2792 = VECTOR ( 'NONE', #289, 39.37007874015748143 ) ;
#2793 = ORIENTED_EDGE ( 'NONE', *, *, #5695, .T. ) ;
#2794 = AXIS2_PLACEMENT_3D ( 'NONE', #1214, #208, #9354 ) ;
#2795 = VERTEX_POINT ( 'NONE', #4334 ) ;
#2796 = CARTESIAN_POINT ( 'NONE',  ( 0.000000000000000000, 0.06500000000000000222, 0.01700000000000000122 ) ) ;
#2797 = PRESENTATION_LAYER_ASSIGNMENT (  '', '', ( #3743 ) ) ;
#2798 = ORIENTED_EDGE ( 'NONE', *, *, #11694, .F. ) ;
#2799 = VECTOR ( 'NONE', #1916, 39.37007874015748143 ) ;
#2800 = FACE_OUTER_BOUND ( 'NONE', #3393, .T. ) ;
#2801 = ORIENTED_EDGE ( 'NONE', *, *, #2435, .T. ) ;
#2802 =( NAMED_UNIT ( * ) SI_UNIT ( $, .STERADIAN. ) SOLID_ANGLE_UNIT ( ) );
#2803 = DIMENSIONAL_EXPONENTS ( 1.000000000000000000, 0.000000000000000000, 0.000000000000000000, 0.000000000000000000, 0.000000000000000000, 0.000000000000000000, 0.000000000000000000 ) ;
#2804 = FACE_OUTER_BOUND ( 'NONE', #10504, .T. ) ;
#2805 = SURFACE_STYLE_FILL_AREA ( #9337 ) ;
#2806 = AXIS2_PLACEMENT_3D ( 'NONE', #5289, #1902, #980 ) ;
#2807 = ADVANCED_FACE ( 'NONE', ( #792 ), #8142, .T. ) ;
#2808 =( GEOMETRIC_REPRESENTATION_CONTEXT ( 3 ) GLOBAL_UNCERTAINTY_ASSIGNED_CONTEXT ( ( #1937 ) ) GLOBAL_UNIT_ASSIGNED_CONTEXT ( ( #7930, #7357, #9272 ) ) REPRESENTATION_CONTEXT ( 'NONE', 'WORKASPACE' ) );
#2809 =( NAMED_UNIT ( * ) PLANE_ANGLE_UNIT ( ) SI_UNIT ( $, .RADIAN. ) );
#2810 = FACE_OUTER_BOUND ( 'NONE', #56, .T. ) ;
#2811 = EDGE_CURVE ( 'NONE', #5401, #6240, #1210, .T. ) ;
#2812 = COLOUR_RGB ( '',0.2862745098039215508, 0.2862745098039215508, 0.2862745098039215508 ) ;
#2813 = EDGE_LOOP ( 'NONE', ( #10885, #6420, #7511, #5279 ) ) ;
#2814 = LINE ( 'NONE', #1968, #348 ) ;
#2815 = ADVANCED_FACE ( 'NONE', ( #2989 ), #2872, .T. ) ;
#2816 = FACE_OUTER_BOUND ( 'NONE', #1642, .T. ) ;
#2817 = DIRECTION ( 'NONE',  ( 0.000000000000000000, 0.000000000000000000, -1.000000000000000000 ) ) ;
#2818 = VECTOR ( 'NONE', #1296, 39.37007874015748143 ) ;
#2819 = EDGE_CURVE ( 'NONE', #4475, #6828, #3985, .T. ) ;
#2820 = ITEM_DEFINED_TRANSFORMATION ( 'NONE', 'NONE', #2984,  #3927 ) ;
#2821 = ORIENTED_EDGE ( 'NONE', *, *, #8572, .T. ) ;
#2822 = DIRECTION ( 'NONE',  ( 1.000000000000000000, -0.000000000000000000, 0.000000000000000000 ) ) ;
#2823 = UNCERTAINTY_MEASURE_WITH_UNIT (LENGTH_MEASURE( 1.000000000000000082E-05 ), #5362, 'distance_accuracy_value', 'NONE');
#2824 = PRESENTATION_STYLE_ASSIGNMENT (( #11230 ) ) ;
#2825 = DIRECTION ( 'NONE',  ( -0.000000000000000000, -0.000000000000000000, 1.000000000000000000 ) ) ;
#2826 = ORIENTED_EDGE ( 'NONE', *, *, #5184, .T. ) ;
#2827 = PRESENTATION_LAYER_ASSIGNMENT (  '', '', ( #548 ) ) ;
#2828 = LINE ( 'NONE', #7267, #2433 ) ;
#2829 = SURFACE_STYLE_USAGE ( .BOTH. , #937 ) ;
#2830 = FILL_AREA_STYLE_COLOUR ( '', #5286 ) ;
#2831 = SURFACE_SIDE_STYLE ('',( #3715 ) ) ;
#2832 = LINE ( 'NONE', #11239, #695 ) ;
#2833 = DIRECTION ( 'NONE',  ( -1.000000000000000000, -0.000000000000000000, -0.000000000000000000 ) ) ;
#2834 = CARTESIAN_POINT ( 'NONE',  ( 0.09199999999999999845, 0.02000000000000000042, -0.05999999999999999778 ) ) ;
#2835 = VERTEX_POINT ( 'NONE', #384 ) ;
#2836 = VERTEX_POINT ( 'NONE', #5592 ) ;
#2837 = AXIS2_PLACEMENT_3D ( 'NONE', #7214, #3484, #5373 ) ;
#2838 =( CONVERSION_BASED_UNIT ( 'INCH', #11012 ) LENGTH_UNIT ( ) NAMED_UNIT ( #9016 ) );
#2839 =( NAMED_UNIT ( * ) SI_UNIT ( $, .STERADIAN. ) SOLID_ANGLE_UNIT ( ) );
#2840 = CARTESIAN_POINT ( 'NONE',  ( -0.1079999999999999988, 0.06499999999999998834, -0.03300000000000000155 ) ) ;
#2841 = LINE ( 'NONE', #9911, #4465 ) ;
#2842 = ORIENTED_EDGE ( 'NONE', *, *, #7368, .T. ) ;
#2843 = DIRECTION ( 'NONE',  ( 1.000000000000000000, 0.000000000000000000, -0.000000000000000000 ) ) ;
#2844 = SURFACE_STYLE_USAGE ( .BOTH. , #11797 ) ;
#2845 = SURFACE_STYLE_USAGE ( .BOTH. , #6537 ) ;
#2846 = COLOUR_RGB ( '',0.8627450980392157298, 0.6274509803921568540, 0.05882352941176470507 ) ;
#2847 = VECTOR ( 'NONE', #6866, 39.37007874015748143 ) ;
#2848 = FACE_BOUND ( 'NONE', #11490, .T. ) ;
#2849 = SURFACE_STYLE_FILL_AREA ( #11200 ) ;
#2850 = SURFACE_STYLE_USAGE ( .BOTH. , #9161 ) ;
#2851 = ORIENTED_EDGE ( 'NONE', *, *, #828, .T. ) ;
#2852 = LENGTH_MEASURE_WITH_UNIT ( LENGTH_MEASURE( 0.02539999999999999897 ), #8297 );
#2853 = ORIENTED_EDGE ( 'NONE', *, *, #11418, .T. ) ;
#2854 =( NAMED_UNIT ( * ) SI_UNIT ( $, .STERADIAN. ) SOLID_ANGLE_UNIT ( ) );
#2855 = DIMENSIONAL_EXPONENTS ( 1.000000000000000000, 0.000000000000000000, 0.000000000000000000, 0.000000000000000000, 0.000000000000000000, 0.000000000000000000, 0.000000000000000000 ) ;
#2856 = STYLED_ITEM ( 'NONE', ( #11407 ), #8303 ) ;
#2857 = ORIENTED_EDGE ( 'NONE', *, *, #10171, .T. ) ;
#2858 =( CONVERSION_BASED_UNIT ( 'INCH', #1953 ) LENGTH_UNIT ( ) NAMED_UNIT ( #31 ) );
#2859 = ORIENTED_EDGE ( 'NONE', *, *, #8839, .F. ) ;
#2860 = DIRECTION ( 'NONE',  ( -0.000000000000000000, -0.000000000000000000, 1.000000000000000000 ) ) ;
#2861 = LENGTH_MEASURE_WITH_UNIT ( LENGTH_MEASURE( 0.02539999999999999897 ), #1145 );
#2862 = LENGTH_MEASURE_WITH_UNIT ( LENGTH_MEASURE( 0.02539999999999999897 ), #8973 );
#2863 = STYLED_ITEM ( 'NONE', ( #11654 ), #5731 ) ;
#2864 = EDGE_CURVE ( 'NONE', #6240, #162, #2150, .T. ) ;
#2865 = SURFACE_STYLE_USAGE ( .BOTH. , #1764 ) ;
#2866 =( LENGTH_UNIT ( ) NAMED_UNIT ( * ) SI_UNIT ( $, .METRE. ) );
#2867 =( NAMED_UNIT ( * ) PLANE_ANGLE_UNIT ( ) SI_UNIT ( $, .RADIAN. ) );
#2868 = FACE_OUTER_BOUND ( 'NONE', #451, .T. ) ;
#2869 = ADVANCED_FACE ( 'NONE', ( #2816 ), #10315, .T. ) ;
#2870 = CARTESIAN_POINT ( 'NONE',  ( -0.05800000000000000294, 0.04000000000000000083, -0.01700000000000000122 ) ) ;
#2871 = ORIENTED_EDGE ( 'NONE', *, *, #6449, .T. ) ;
#2872 = PLANE ( 'NONE',  #2916 ) ;
#2873 = CARTESIAN_POINT ( 'NONE',  ( -0.1029999999999999943, 0.1849999999999999978, -0.02199999999999999872 ) ) ;
#2874 = CARTESIAN_POINT ( 'NONE',  ( 0.04200000000000000955, 0.06500000000000000222, 0.000000000000000000 ) ) ;
#2875 = UNCERTAINTY_MEASURE_WITH_UNIT (LENGTH_MEASURE( 1.000000000000000082E-05 ), #5539, 'distance_accuracy_value', 'NONE');
#2876 =( CONVERSION_BASED_UNIT ( 'INCH', #77 ) LENGTH_UNIT ( ) NAMED_UNIT ( #2317 ) );
#2877 = EDGE_CURVE ( 'NONE', #11466, #9109, #11277, .T. ) ;
#2878 = DIMENSIONAL_EXPONENTS ( 1.000000000000000000, 0.000000000000000000, 0.000000000000000000, 0.000000000000000000, 0.000000000000000000, 0.000000000000000000, 0.000000000000000000 ) ;
#2879 = PRESENTATION_STYLE_ASSIGNMENT (( #7494 ) ) ;
#2880 = ORIENTED_EDGE ( 'NONE', *, *, #1052, .F. ) ;
#2881 =( CONVERSION_BASED_UNIT ( 'INCH', #6398 ) LENGTH_UNIT ( ) NAMED_UNIT ( #3053 ) );
#2882 = ADVANCED_FACE ( 'NONE', ( #11442 ), #3095, .F. ) ;
#2883 =( NAMED_UNIT ( * ) SI_UNIT ( $, .STERADIAN. ) SOLID_ANGLE_UNIT ( ) );
#2884 = PLANE ( 'NONE',  #3363 ) ;
#2885 = SURFACE_STYLE_USAGE ( .BOTH. , #1917 ) ;
#2886 = LINE ( 'NONE', #26, #10517 ) ;
#2887 = UNCERTAINTY_MEASURE_WITH_UNIT (LENGTH_MEASURE( 1.000000000000000082E-05 ), #5179, 'distance_accuracy_value', 'NONE');
#2888 = EDGE_CURVE ( 'NONE', #9761, #8384, #9589, .T. ) ;
#2889 = DIRECTION ( 'NONE',  ( -0.000000000000000000, 0.000000000000000000, -1.000000000000000000 ) ) ;
#2890 = CARTESIAN_POINT ( 'NONE',  ( -0.1080000000000000127, -0.06599999999999998923, -0.03300000000000000155 ) ) ;
#2891 = SURFACE_STYLE_USAGE ( .BOTH. , #4818 ) ;
#2892 = SURFACE_STYLE_FILL_AREA ( #11069 ) ;
#2893 = ORIENTED_EDGE ( 'NONE', *, *, #5598, .T. ) ;
#2894 = ORIENTED_EDGE ( 'NONE', *, *, #8175, .T. ) ;
#2895 = CARTESIAN_POINT ( 'NONE',  ( 0.007999999999999989758, -0.06600000000000000311, 0.1199999999999999956 ) ) ;
#2896 = ADVANCED_FACE ( 'NONE', ( #6796 ), #9532, .T. ) ;
#2897 = PRESENTATION_STYLE_ASSIGNMENT (( #7223 ) ) ;
#2898 = CARTESIAN_POINT ( 'NONE',  ( 0.05800000000000000294, 0.06499999999999998834, -0.01700000000000000122 ) ) ;
#2899 = DIRECTION ( 'NONE',  ( 0.000000000000000000, 0.000000000000000000, -1.000000000000000000 ) ) ;
#2900 = ORIENTED_EDGE ( 'NONE', *, *, #10525, .F. ) ;
#2901 = CARTESIAN_POINT ( 'NONE',  ( -0.07500000000000002498, 0.2099999999999999922, 0.09499999999999998723 ) ) ;
#2902 =( CONVERSION_BASED_UNIT ( 'INCH', #1941 ) LENGTH_UNIT ( ) NAMED_UNIT ( #9313 ) );
#2903 =( LENGTH_UNIT ( ) NAMED_UNIT ( * ) SI_UNIT ( $, .METRE. ) );
#2904 = SURFACE_STYLE_FILL_AREA ( #9095 ) ;
#2905 = MECHANICAL_DESIGN_GEOMETRIC_PRESENTATION_REPRESENTATION (  '', ( #4955 ), #1943 ) ;
#2906 = CARTESIAN_POINT ( 'NONE',  ( 0.1079999999999999988, 0.1759999999999999898, -0.03300000000000000155 ) ) ;
#2907 = CARTESIAN_POINT ( 'NONE',  ( 0.1079999999999999988, 0.1759999999999999898, 0.01700000000000000122 ) ) ;
#2908 = FACE_OUTER_BOUND ( 'NONE', #5331, .T. ) ;
#2909 = SURFACE_STYLE_FILL_AREA ( #3070 ) ;
#2910 = ORIENTED_EDGE ( 'NONE', *, *, #1155, .T. ) ;
#2911 = LINE ( 'NONE', #6545, #3913 ) ;
#2912 = ORIENTED_EDGE ( 'NONE', *, *, #3519, .F. ) ;
#2913 = VECTOR ( 'NONE', #3777, 39.37007874015748143 ) ;
#2914 = ORIENTED_EDGE ( 'NONE', *, *, #5771, .T. ) ;
#2915 = VECTOR ( 'NONE', #7312, 39.37007874015748143 ) ;
#2916 = AXIS2_PLACEMENT_3D ( 'NONE', #3874, #5728, #8495 ) ;
#2917 = CARTESIAN_POINT ( 'NONE',  ( -0.04700000000000000705, 0.1849999999999999978, 0.02199999999999996403 ) ) ;
#2918 =( NAMED_UNIT ( * ) PLANE_ANGLE_UNIT ( ) SI_UNIT ( $, .RADIAN. ) );
#2919 = DIRECTION ( 'NONE',  ( -0.8741572761215372633, 0.4856429311786330527, 0.000000000000000000 ) ) ;
#2920 = CARTESIAN_POINT ( 'NONE',  ( 0.1029999999999999943, -0.07499999999999998335, -0.02199999999999999872 ) ) ;
#2921 = FILL_AREA_STYLE ('',( #1899 ) ) ;
#2922 = MECHANICAL_DESIGN_GEOMETRIC_PRESENTATION_REPRESENTATION (  '', ( #8790 ), #11117 ) ;
#2923 = FILL_AREA_STYLE_COLOUR ( '', #3427 ) ;
#2924 = ORIENTED_EDGE ( 'NONE', *, *, #9284, .T. ) ;
#2925 = PRESENTATION_LAYER_ASSIGNMENT (  '', '', ( #11650 ) ) ;
#2926 = LINE ( 'NONE', #3754, #9982 ) ;
#2927 = EDGE_CURVE ( 'NONE', #594, #4300, #911, .T. ) ;
#2928 = ORIENTED_EDGE ( 'NONE', *, *, #7070, .F. ) ;
#2929 = PRESENTATION_STYLE_ASSIGNMENT (( #2033 ) ) ;
#2930 = DIMENSIONAL_EXPONENTS ( 1.000000000000000000, 0.000000000000000000, 0.000000000000000000, 0.000000000000000000, 0.000000000000000000, 0.000000000000000000, 0.000000000000000000 ) ;
#2931 =( CONVERSION_BASED_UNIT ( 'INCH', #2213 ) LENGTH_UNIT ( ) NAMED_UNIT ( #8451 ) );
#2932 = ADVANCED_FACE ( 'NONE', ( #11557 ), #8918, .F. ) ;
#2933 = DIRECTION ( 'NONE',  ( 0.000000000000000000, 0.4856429311786331082, 0.8741572761215372633 ) ) ;
#2934 = COLOUR_RGB ( '',0.8627450980392157298, 0.6274509803921568540, 0.05882352941176470507 ) ;
#2935 = ORIENTED_EDGE ( 'NONE', *, *, #616, .F. ) ;
#2936 = CARTESIAN_POINT ( 'NONE',  ( -0.04200000000000000955, 0.04000000000000000083, 0.01700000000000000122 ) ) ;
#2937 = DIRECTION ( 'NONE',  ( 1.000000000000000000, 0.000000000000000000, -0.000000000000000000 ) ) ;
#2938 = CARTESIAN_POINT ( 'NONE',  ( -0.09199999999999999845, -0.06600000000000000311, 0.1199999999999999956 ) ) ;
#2939 = CARTESIAN_POINT ( 'NONE',  ( 0.04200000000000000955, -0.06600000000000000311, 0.01699999999999999428 ) ) ;
#2940 = LINE ( 'NONE', #10145, #3784 ) ;
#2941 =( NAMED_UNIT ( * ) PLANE_ANGLE_UNIT ( ) SI_UNIT ( $, .RADIAN. ) );
#2942 = LINE ( 'NONE', #5552, #3868 ) ;
#2943 = DIRECTION ( 'NONE',  ( -1.000000000000000000, 0.000000000000000000, 0.000000000000000000 ) ) ;
#2944 = CARTESIAN_POINT ( 'NONE',  ( 0.000000000000000000, 0.000000000000000000, 0.02500000000000000139 ) ) ;
#2945 = EDGE_CURVE ( 'NONE', #3908, #3077, #726, .T. ) ;
#2946 = LENGTH_MEASURE_WITH_UNIT ( LENGTH_MEASURE( 0.02539999999999999897 ), #3835 );
#2947 = EDGE_LOOP ( 'NONE', ( #2521, #4967, #9978, #8215 ) ) ;
#2948 = EDGE_LOOP ( 'NONE', ( #10674, #9854, #8087, #3244 ) ) ;
#2949 =( NAMED_UNIT ( * ) PLANE_ANGLE_UNIT ( ) SI_UNIT ( $, .RADIAN. ) );
#2950 = SURFACE_STYLE_FILL_AREA ( #11073 ) ;
#2951 = LINE ( 'NONE', #11016, #10981 ) ;
#2952 = SURFACE_STYLE_FILL_AREA ( #3899 ) ;
#2953 = ORIENTED_EDGE ( 'NONE', *, *, #10745, .F. ) ;
#2954 = CARTESIAN_POINT ( 'NONE',  ( 0.05000000000000000971, 0.06499999999999998834, 0.1000000000000000056 ) ) ;
#2955 = PRESENTATION_LAYER_ASSIGNMENT (  '', '', ( #3529 ) ) ;
#2956 = COLOUR_RGB ( '',0.8627450980392157298, 0.6274509803921568540, 0.05882352941176470507 ) ;
#2957 = FILL_AREA_STYLE_COLOUR ( '', #7288 ) ;
#2958 = ADVANCED_FACE ( 'NONE', ( #5404 ), #10795, .T. ) ;
#2959 = FILL_AREA_STYLE_COLOUR ( '', #4468 ) ;
#2960 = VERTEX_POINT ( 'NONE', #10299 ) ;
#2961 = LINE ( 'NONE', #362, #9469 ) ;
#2962 = PRESENTATION_LAYER_ASSIGNMENT (  '', '', ( #6575 ) ) ;
#2963 = ADVANCED_FACE ( 'NONE', ( #2973 ), #975, .T. ) ;
#2964 = MECHANICAL_DESIGN_GEOMETRIC_PRESENTATION_REPRESENTATION (  '', ( #7856 ), #6008 ) ;
#2965 = VECTOR ( 'NONE', #11024, 39.37007874015748143 ) ;
#2966 = VECTOR ( 'NONE', #1020, 39.37007874015748143 ) ;
#2967 = ORIENTED_EDGE ( 'NONE', *, *, #11710, .T. ) ;
#2968 = FACE_OUTER_BOUND ( 'NONE', #6583, .T. ) ;
#2969 = VERTEX_POINT ( 'NONE', #1896 ) ;
#2970 = DIRECTION ( 'NONE',  ( 0.000000000000000000, 0.000000000000000000, 1.000000000000000000 ) ) ;
#2971 = SURFACE_STYLE_USAGE ( .BOTH. , #5715 ) ;
#2972 = MECHANICAL_DESIGN_GEOMETRIC_PRESENTATION_REPRESENTATION (  '', ( #8662 ), #9061 ) ;
#2973 = FACE_OUTER_BOUND ( 'NONE', #9746, .T. ) ;
#2974 =( GEOMETRIC_REPRESENTATION_CONTEXT ( 3 ) GLOBAL_UNCERTAINTY_ASSIGNED_CONTEXT ( ( #1528 ) ) GLOBAL_UNIT_ASSIGNED_CONTEXT ( ( #10952, #11551, #9149 ) ) REPRESENTATION_CONTEXT ( 'NONE', 'WORKASPACE' ) );
#2975 =( CONVERSION_BASED_UNIT ( 'INCH', #8483 ) LENGTH_UNIT ( ) NAMED_UNIT ( #10312 ) );
#2976 = CARTESIAN_POINT ( 'NONE',  ( -0.04200000000000000955, -0.06600000000000000311, -0.03300000000000000155 ) ) ;
#2977 =( GEOMETRIC_REPRESENTATION_CONTEXT ( 3 ) GLOBAL_UNCERTAINTY_ASSIGNED_CONTEXT ( ( #700 ) ) GLOBAL_UNIT_ASSIGNED_CONTEXT ( ( #11013, #3613, #2839 ) ) REPRESENTATION_CONTEXT ( 'NONE', 'WORKASPACE' ) );
#2978 = VECTOR ( 'NONE', #876, 39.37007874015748143 ) ;
#2979 = SURFACE_SIDE_STYLE ('',( #8598 ) ) ;
#2980 = ORIENTED_EDGE ( 'NONE', *, *, #4685, .F. ) ;
#2981 = CARTESIAN_POINT ( 'NONE',  ( -0.1079999999999999988, -0.06600000000000000311, 0.000000000000000000 ) ) ;
#2982 = VECTOR ( 'NONE', #7446, 39.37007874015748143 ) ;
#2983 = PRESENTATION_LAYER_ASSIGNMENT (  '', '', ( #5601 ) ) ;
#2984 = AXIS2_PLACEMENT_3D ( 'NONE', #3047, #7495, #8327 ) ;
#2985 = SURFACE_STYLE_USAGE ( .BOTH. , #6557 ) ;
#2986 = VERTEX_POINT ( 'NONE', #1146 ) ;
#2987 = CARTESIAN_POINT ( 'NONE',  ( 0.007999999999999993228, 0.04000000000000001471, -0.03300000000000000155 ) ) ;
#2988 =( GEOMETRIC_REPRESENTATION_CONTEXT ( 3 ) GLOBAL_UNCERTAINTY_ASSIGNED_CONTEXT ( ( #5123 ) ) GLOBAL_UNIT_ASSIGNED_CONTEXT ( ( #3213, #7546, #6076 ) ) REPRESENTATION_CONTEXT ( 'NONE', 'WORKASPACE' ) );
#2989 = FACE_OUTER_BOUND ( 'NONE', #2114, .T. ) ;
#2990 = PLANE ( 'NONE',  #9182 ) ;
#2991 = UNCERTAINTY_MEASURE_WITH_UNIT (LENGTH_MEASURE( 1.000000000000000082E-05 ), #10270, 'distance_accuracy_value', 'NONE');
#2992 = VECTOR ( 'NONE', #5968, 39.37007874015748143 ) ;
#2993 = PRESENTATION_STYLE_ASSIGNMENT (( #2099 ) ) ;
#2994 = EDGE_CURVE ( 'NONE', #10956, #11712, #8419, .T. ) ;
#2995 = PRODUCT_CONTEXT ( 'NONE', #10613, 'mechanical' ) ;
#2996 = CARTESIAN_POINT ( 'NONE',  ( 0.007999999999999989758, -0.06600000000000000311, 0.1199999999999999956 ) ) ;
#2997 =( CONVERSION_BASED_UNIT ( 'INCH', #6569 ) LENGTH_UNIT ( ) NAMED_UNIT ( #7915 ) );
#2998 = ADVANCED_FACE ( 'NONE', ( #10249 ), #3750, .F. ) ;
#2999 = DIRECTION ( 'NONE',  ( 0.000000000000000000, 0.000000000000000000, -1.000000000000000000 ) ) ;
#3000 = UNCERTAINTY_MEASURE_WITH_UNIT (LENGTH_MEASURE( 1.000000000000000082E-05 ), #9295, 'distance_accuracy_value', 'NONE');
#3001 = COLOUR_RGB ( '',0.2862745098039215508, 0.2862745098039215508, 0.2862745098039215508 ) ;
#3002 = CARTESIAN_POINT ( 'NONE',  ( 0.09199999999999999845, -0.06600000000000000311, 0.1199999999999999956 ) ) ;
#3003 = DIRECTION ( 'NONE',  ( -0.4856429311786330527, -0.8741572761215371523, 0.000000000000000000 ) ) ;
#3004 =( CONVERSION_BASED_UNIT ( 'INCH', #11182 ) LENGTH_UNIT ( ) NAMED_UNIT ( #5361 ) );
#3005 = CARTESIAN_POINT ( 'NONE',  ( 0.1079999999999999988, 0.1849999999999999978, -0.02199999999999999872 ) ) ;
#3006 = DIMENSIONAL_EXPONENTS ( 1.000000000000000000, 0.000000000000000000, 0.000000000000000000, 0.000000000000000000, 0.000000000000000000, 0.000000000000000000, 0.000000000000000000 ) ;
#3007 = VERTEX_POINT ( 'NONE', #2920 ) ;
#3008 = VERTEX_POINT ( 'NONE', #2022 ) ;
#3009 = DIRECTION ( 'NONE',  ( 0.000000000000000000, -0.4856429311786268355, -0.8741572761215407050 ) ) ;
#3010 =( CONVERSION_BASED_UNIT ( 'INCH', #1179 ) LENGTH_UNIT ( ) NAMED_UNIT ( #664 ) );
#3011 = LENGTH_MEASURE_WITH_UNIT ( LENGTH_MEASURE( 0.02539999999999999897 ), #3956 );
#3012 = VECTOR ( 'NONE', #7060, 39.37007874015748143 ) ;
#3013 = DIRECTION ( 'NONE',  ( -0.000000000000000000, 0.000000000000000000, -1.000000000000000000 ) ) ;
#3014 = EDGE_CURVE ( 'NONE', #9548, #5135, #5717, .T. ) ;
#3015 = ORIENTED_EDGE ( 'NONE', *, *, #3585, .T. ) ;
#3016 = CARTESIAN_POINT ( 'NONE',  ( 0.09199999999999999845, 0.01999999999999999001, -0.03300000000000000155 ) ) ;
#3017 = LINE ( 'NONE', #6702, #810 ) ;
#3018 = CARTESIAN_POINT ( 'NONE',  ( 0.04999999999999998196, 0.08000000000000001554, -0.1200000000000000233 ) ) ;
#3019 = SURFACE_STYLE_USAGE ( .BOTH. , #8470 ) ;
#3020 = COLOUR_RGB ( '',0.8627450980392157298, 0.6274509803921568540, 0.05882352941176470507 ) ;
#3021 = EDGE_CURVE ( 'NONE', #2522, #3065, #9631, .T. ) ;
#3022 = ORIENTED_EDGE ( 'NONE', *, *, #4021, .T. ) ;
#3023 = EDGE_CURVE ( 'NONE', #7418, #2291, #7592, .T. ) ;
#3024 = DIRECTION ( 'NONE',  ( -0.4368520283305176166, 0.7863336509949374609, 0.4368520283305142859 ) ) ;
#3025 = ORIENTED_EDGE ( 'NONE', *, *, #5456, .T. ) ;
#3026 = VECTOR ( 'NONE', #7157, 39.37007874015748143 ) ;
#3027 =( NAMED_UNIT ( * ) PLANE_ANGLE_UNIT ( ) SI_UNIT ( $, .RADIAN. ) );
#3028 = VERTEX_POINT ( 'NONE', #4142 ) ;
#3029 = CARTESIAN_POINT ( 'NONE',  ( 0.1079999999999999988, 0.04000000000000000083, -0.01700000000000000122 ) ) ;
#3030 = CARTESIAN_POINT ( 'NONE',  ( 0.1079999999999999988, 0.1849999999999999978, -0.02799999999999999711 ) ) ;
#3031 = PRESENTATION_STYLE_ASSIGNMENT (( #5773 ) ) ;
#3032 = EDGE_CURVE ( 'NONE', #7889, #7352, #539, .T. ) ;
#3033 = CARTESIAN_POINT ( 'NONE',  ( 0.3250000000000000111, 0.2099999999999999922, 0.1000000000000000056 ) ) ;
#3034 = DIRECTION ( 'NONE',  ( -0.8741572761215383736, -0.4856429311786311098, 0.000000000000000000 ) ) ;
#3035 = EDGE_LOOP ( 'NONE', ( #8160, #4844, #1571, #8531 ) ) ;
#3036 = ADVANCED_FACE ( 'NONE', ( #1476 ), #1360, .F. ) ;
#3037 = SURFACE_STYLE_USAGE ( .BOTH. , #481 ) ;
#3038 = FILL_AREA_STYLE ('',( #1253 ) ) ;
#3039 = LINE ( 'NONE', #8427, #8060 ) ;
#3040 = ORIENTED_EDGE ( 'NONE', *, *, #8309, .T. ) ;
#3041 = VECTOR ( 'NONE', #8406, 39.37007874015748143 ) ;
#3042 = AXIS2_PLACEMENT_3D ( 'NONE', #2563, #5214, #11626 ) ;
#3043 = CARTESIAN_POINT ( 'NONE',  ( 0.000000000000000000, 0.06500000000000000222, -0.03300000000000000155 ) ) ;
#3044 = SURFACE_STYLE_USAGE ( .BOTH. , #6732 ) ;
#3045 = CARTESIAN_POINT ( 'NONE',  ( 0.05800000000000000294, 0.05000000000000000278, 0.1199999999999999956 ) ) ;
#3046 = LINE ( 'NONE', #7558, #8148 ) ;
#3047 = CARTESIAN_POINT ( 'NONE',  ( 0.000000000000000000, -0.2099999999999999922, 0.000000000000000000 ) ) ;
#3048 = AXIS2_PLACEMENT_3D ( 'NONE', #6010, #11486, #3323 ) ;
#3049 = ORIENTED_EDGE ( 'NONE', *, *, #1334, .T. ) ;
#3050 = PRODUCT_DEFINITION_CONTEXT ( 'detailed design', #8145, 'design' ) ;
#3051 = DIRECTION ( 'NONE',  ( -0.000000000000000000, -1.000000000000000000, -0.000000000000000000 ) ) ;
#3052 = FILL_AREA_STYLE ('',( #1982 ) ) ;
#3053 = DIMENSIONAL_EXPONENTS ( 1.000000000000000000, 0.000000000000000000, 0.000000000000000000, 0.000000000000000000, 0.000000000000000000, 0.000000000000000000, 0.000000000000000000 ) ;
#3054 =( CONVERSION_BASED_UNIT ( 'INCH', #9308 ) LENGTH_UNIT ( ) NAMED_UNIT ( #1039 ) );
#3055 =( NAMED_UNIT ( * ) PLANE_ANGLE_UNIT ( ) SI_UNIT ( $, .RADIAN. ) );
#3056 = CARTESIAN_POINT ( 'NONE',  ( 0.1079999999999999988, -0.07499999999999999722, 0.02199999999999999872 ) ) ;
#3057 = LINE ( 'NONE', #1276, #1069 ) ;
#3058 = ORIENTED_EDGE ( 'NONE', *, *, #4797, .F. ) ;
#3059 = ORIENTED_EDGE ( 'NONE', *, *, #9227, .F. ) ;
#3060 =( NAMED_UNIT ( * ) PLANE_ANGLE_UNIT ( ) SI_UNIT ( $, .RADIAN. ) );
#3061 = UNCERTAINTY_MEASURE_WITH_UNIT (LENGTH_MEASURE( 1.000000000000000082E-05 ), #1006, 'distance_accuracy_value', 'NONE');
#3062 =( NAMED_UNIT ( * ) SI_UNIT ( $, .STERADIAN. ) SOLID_ANGLE_UNIT ( ) );
#3063 = CARTESIAN_POINT ( 'NONE',  ( 0.1079999999999999988, -0.07499999999999999722, 0.02800000000000000752 ) ) ;
#3064 = EDGE_CURVE ( 'NONE', #6441, #10848, #6005, .T. ) ;
#3065 = VERTEX_POINT ( 'NONE', #5026 ) ;
#3066 = DIRECTION ( 'NONE',  ( 0.4368520283305196705, 0.7863336509949337971, 0.4368520283305189489 ) ) ;
#3067 = PLANE ( 'NONE',  #5368 ) ;
#3068 = DIRECTION ( 'NONE',  ( 1.000000000000000000, 0.000000000000000000, -0.000000000000000000 ) ) ;
#3069 = LENGTH_MEASURE_WITH_UNIT ( LENGTH_MEASURE( 0.02539999999999999897 ), #461 );
#3070 = FILL_AREA_STYLE ('',( #4837 ) ) ;
#3071 =( GEOMETRIC_REPRESENTATION_CONTEXT ( 3 ) GLOBAL_UNCERTAINTY_ASSIGNED_CONTEXT ( ( #9662 ) ) GLOBAL_UNIT_ASSIGNED_CONTEXT ( ( #3127, #5989, #9559 ) ) REPRESENTATION_CONTEXT ( 'NONE', 'WORKASPACE' ) );
#3072 = EDGE_LOOP ( 'NONE', ( #582, #5723, #8515, #9820 ) ) ;
#3073 = EDGE_CURVE ( 'NONE', #5711, #2469, #10419, .T. ) ;
#3074 = FILL_AREA_STYLE_COLOUR ( '', #11203 ) ;
#3075 = FILL_AREA_STYLE_COLOUR ( '', #8258 ) ;
#3076 = DIMENSIONAL_EXPONENTS ( 1.000000000000000000, 0.000000000000000000, 0.000000000000000000, 0.000000000000000000, 0.000000000000000000, 0.000000000000000000, 0.000000000000000000 ) ;
#3077 = VERTEX_POINT ( 'NONE', #474 ) ;
#3078 = DIRECTION ( 'NONE',  ( 0.000000000000000000, 0.8741572761215378184, 0.4856429311786317760 ) ) ;
#3079 = EDGE_LOOP ( 'NONE', ( #717, #8055, #10763, #6889, #1482, #3566, #11358, #4670, #10040, #9989, #345, #9106, #7713, #2238, #4956, #4501, #6523, #11719, #11680, #6969, #8177, #4430, #2871, #2682, #513, #8207, #5364, #1976, #109, #10909, #11387, #680, #661, #456, #11018, #2462 ) ) ;
#3080 = CARTESIAN_POINT ( 'NONE',  ( -0.05800000000000000294, 0.1759999999999999898, 0.1199999999999999956 ) ) ;
#3081 = VECTOR ( 'NONE', #7108, 39.37007874015748143 ) ;
#3082 = DIRECTION ( 'NONE',  ( -0.4856429311786330527, -0.8741572761215372633, 0.000000000000000000 ) ) ;
#3083 = DIRECTION ( 'NONE',  ( 0.000000000000000000, 0.000000000000000000, -1.000000000000000000 ) ) ;
#3084 = EDGE_CURVE ( 'NONE', #4073, #2362, #4187, .T. ) ;
#3085 = DIRECTION ( 'NONE',  ( 0.000000000000000000, 0.000000000000000000, -1.000000000000000000 ) ) ;
#3086 = ORIENTED_EDGE ( 'NONE', *, *, #10745, .T. ) ;
#3087 =( NAMED_UNIT ( * ) PLANE_ANGLE_UNIT ( ) SI_UNIT ( $, .RADIAN. ) );
#3088 = VECTOR ( 'NONE', #154, 39.37007874015748143 ) ;
#3089 =( GEOMETRIC_REPRESENTATION_CONTEXT ( 3 ) GLOBAL_UNCERTAINTY_ASSIGNED_CONTEXT ( ( #7023 ) ) GLOBAL_UNIT_ASSIGNED_CONTEXT ( ( #8560, #3055, #273 ) ) REPRESENTATION_CONTEXT ( 'NONE', 'WORKASPACE' ) );
#3090 = DIRECTION ( 'NONE',  ( -0.000000000000000000, 0.000000000000000000, -1.000000000000000000 ) ) ;
#3091 = PRESENTATION_LAYER_ASSIGNMENT (  '', '', ( #443 ) ) ;
#3092 = EDGE_LOOP ( 'NONE', ( #3417, #3856, #875, #7043 ) ) ;
#3093 = SURFACE_STYLE_USAGE ( .BOTH. , #5607 ) ;
#3094 =( NAMED_UNIT ( * ) PLANE_ANGLE_UNIT ( ) SI_UNIT ( $, .RADIAN. ) );
#3095 = PLANE ( 'NONE',  #7064 ) ;
#3096 = PRESENTATION_LAYER_ASSIGNMENT (  '', '', ( #6536 ) ) ;
#3097 = SURFACE_STYLE_FILL_AREA ( #1491 ) ;
#3098 =( NAMED_UNIT ( * ) SI_UNIT ( $, .STERADIAN. ) SOLID_ANGLE_UNIT ( ) );
#3099 = UNCERTAINTY_MEASURE_WITH_UNIT (LENGTH_MEASURE( 1.000000000000000082E-05 ), #1887, 'distance_accuracy_value', 'NONE');
#3100 = ADVANCED_FACE ( 'NONE', ( #3973 ), #5945, .F. ) ;
#3101 = VECTOR ( 'NONE', #7200, 39.37007874015748143 ) ;
#3102 = VECTOR ( 'NONE', #8512, 39.37007874015748143 ) ;
#3103 = MECHANICAL_DESIGN_GEOMETRIC_PRESENTATION_REPRESENTATION (  '', ( #5769 ), #3673 ) ;
#3104 = SURFACE_SIDE_STYLE ('',( #9415 ) ) ;
#3105 = EDGE_CURVE ( 'NONE', #9093, #594, #2489, .T. ) ;
#3106 = PRESENTATION_LAYER_ASSIGNMENT (  '', '', ( #8790 ) ) ;
#3107 = SURFACE_STYLE_USAGE ( .BOTH. , #5855 ) ;
#3108 = DIRECTION ( 'NONE',  ( 0.000000000000000000, 0.000000000000000000, 1.000000000000000000 ) ) ;
#3109 = PRESENTATION_LAYER_ASSIGNMENT (  '', '', ( #7829 ) ) ;
#3110 = LINE ( 'NONE', #11498, #6607 ) ;
#3111 = LENGTH_MEASURE_WITH_UNIT ( LENGTH_MEASURE( 0.02539999999999999897 ), #4764 );
#3112 = DIRECTION ( 'NONE',  ( 0.000000000000000000, 0.4856429311786318315, 0.8741572761215379295 ) ) ;
#3113 = LENGTH_MEASURE_WITH_UNIT ( LENGTH_MEASURE( 0.02539999999999999897 ), #393 );
#3114 = UNCERTAINTY_MEASURE_WITH_UNIT (LENGTH_MEASURE( 1.000000000000000082E-05 ), #2361, 'distance_accuracy_value', 'NONE');
#3115 = PRESENTATION_LAYER_ASSIGNMENT (  '', '', ( #3873 ) ) ;
#3116 = PLANE ( 'NONE',  #7497 ) ;
#3117 =( CONVERSION_BASED_UNIT ( 'INCH', #9815 ) LENGTH_UNIT ( ) NAMED_UNIT ( #4951 ) );
#3118 = ORIENTED_EDGE ( 'NONE', *, *, #5044, .F. ) ;
#3119 = ORIENTED_EDGE ( 'NONE', *, *, #2435, .F. ) ;
#3120 = DIRECTION ( 'NONE',  ( -0.000000000000000000, -1.778546870875169980E-16, 1.000000000000000000 ) ) ;
#3121 =( NAMED_UNIT ( * ) SI_UNIT ( $, .STERADIAN. ) SOLID_ANGLE_UNIT ( ) );
#3122 = CARTESIAN_POINT ( 'NONE',  ( 0.04200000000000000955, -0.06600000000000000311, -0.03300000000000000155 ) ) ;
#3123 = UNCERTAINTY_MEASURE_WITH_UNIT (LENGTH_MEASURE( 1.000000000000000082E-05 ), #9104, 'distance_accuracy_value', 'NONE');
#3124 = ORIENTED_EDGE ( 'NONE', *, *, #3898, .F. ) ;
#3125 = LENGTH_MEASURE_WITH_UNIT ( LENGTH_MEASURE( 0.02539999999999999897 ), #7626 );
#3126 = ORIENTED_EDGE ( 'NONE', *, *, #10317, .T. ) ;
#3127 =( CONVERSION_BASED_UNIT ( 'INCH', #3069 ) LENGTH_UNIT ( ) NAMED_UNIT ( #8908 ) );
#3128 = LINE ( 'NONE', #11081, #6664 ) ;
#3129 = CARTESIAN_POINT ( 'NONE',  ( 0.09199999999999999845, 0.06500000000000000222, 0.000000000000000000 ) ) ;
#3130 = DIMENSIONAL_EXPONENTS ( 1.000000000000000000, 0.000000000000000000, 0.000000000000000000, 0.000000000000000000, 0.000000000000000000, 0.000000000000000000, 0.000000000000000000 ) ;
#3131 =( CONVERSION_BASED_UNIT ( 'INCH', #299 ) LENGTH_UNIT ( ) NAMED_UNIT ( #11791 ) );
#3132 = VERTEX_POINT ( 'NONE', #3504 ) ;
#3133 = PLANE ( 'NONE',  #8492 ) ;
#3134 = ADVANCED_FACE ( 'NONE', ( #2671 ), #9686, .T. ) ;
#3135 =( LENGTH_UNIT ( ) NAMED_UNIT ( * ) SI_UNIT ( $, .METRE. ) );
#3136 = PRESENTATION_LAYER_ASSIGNMENT (  '', '', ( #302 ) ) ;
#3137 = ORIENTED_EDGE ( 'NONE', *, *, #2819, .T. ) ;
#3138 = PLANE ( 'NONE',  #10484 ) ;
#3139 = ORIENTED_EDGE ( 'NONE', *, *, #784, .F. ) ;
#3140 =( LENGTH_UNIT ( ) NAMED_UNIT ( * ) SI_UNIT ( $, .METRE. ) );
#3141 = EDGE_CURVE ( 'NONE', #2695, #5087, #8117, .T. ) ;
#3142 = FACE_OUTER_BOUND ( 'NONE', #9519, .T. ) ;
#3143 = DIRECTION ( 'NONE',  ( -0.000000000000000000, -0.000000000000000000, -1.000000000000000000 ) ) ;
#3144 = DIRECTION ( 'NONE',  ( 0.000000000000000000, 0.8741572761215371523, 0.4856429311786330527 ) ) ;
#3145 = COLOUR_RGB ( '',0.8627450980392157298, 0.6274509803921568540, 0.05882352941176470507 ) ;
#3146 = FILL_AREA_STYLE_COLOUR ( '', #494 ) ;
#3147 = PRESENTATION_LAYER_ASSIGNMENT (  '', '', ( #10192 ) ) ;
#3148 = PRESENTATION_LAYER_ASSIGNMENT (  '', '', ( #10193 ) ) ;
#3149 = ORIENTED_EDGE ( 'NONE', *, *, #813, .F. ) ;
#3150 =( LENGTH_UNIT ( ) NAMED_UNIT ( * ) SI_UNIT ( $, .METRE. ) );
#3151 =( NAMED_UNIT ( * ) PLANE_ANGLE_UNIT ( ) SI_UNIT ( $, .RADIAN. ) );
#3152 = LINE ( 'NONE', #2266, #5624 ) ;
#3153 = AXIS2_PLACEMENT_3D ( 'NONE', #1369, #3217, #9642 ) ;
#3154 = ORIENTED_EDGE ( 'NONE', *, *, #202, .T. ) ;
#3155 = AXIS2_PLACEMENT_3D ( 'NONE', #6647, #5692, #4826 ) ;
#3156 = DIRECTION ( 'NONE',  ( -0.4856429311786330527, -0.8741572761215372633, 0.000000000000000000 ) ) ;
#3157 = ADVANCED_FACE ( 'NONE', ( #7049 ), #4240, .F. ) ;
#3158 = DIMENSIONAL_EXPONENTS ( 1.000000000000000000, 0.000000000000000000, 0.000000000000000000, 0.000000000000000000, 0.000000000000000000, 0.000000000000000000, 0.000000000000000000 ) ;
#3159 = LINE ( 'NONE', #4587, #541 ) ;
#3160 = DIRECTION ( 'NONE',  ( -0.000000000000000000, 0.000000000000000000, -1.000000000000000000 ) ) ;
#3161 = VECTOR ( 'NONE', #8935, 39.37007874015748143 ) ;
#3162 = DIRECTION ( 'NONE',  ( 0.000000000000000000, 1.000000000000000000, 0.000000000000000000 ) ) ;
#3163 =( CONVERSION_BASED_UNIT ( 'INCH', #5907 ) LENGTH_UNIT ( ) NAMED_UNIT ( #6808 ) );
#3164 = VECTOR ( 'NONE', #8895, 39.37007874015748854 ) ;
#3165 = DIRECTION ( 'NONE',  ( 0.000000000000000000, -1.000000000000000000, 0.000000000000000000 ) ) ;
#3166 = VECTOR ( 'NONE', #11190, 39.37007874015748143 ) ;
#3167 = EDGE_CURVE ( 'NONE', #6290, #3496, #1186, .T. ) ;
#3168 = AXIS2_PLACEMENT_3D ( 'NONE', #631, #5924, #9552 ) ;
#3169 = ORIENTED_EDGE ( 'NONE', *, *, #6130, .T. ) ;
#3170 = UNCERTAINTY_MEASURE_WITH_UNIT (LENGTH_MEASURE( 1.000000000000000082E-05 ), #9018, 'distance_accuracy_value', 'NONE');
#3171 = MECHANICAL_DESIGN_GEOMETRIC_PRESENTATION_REPRESENTATION (  '', ( #4675 ), #10405 ) ;
#3172 = EDGE_CURVE ( 'NONE', #9493, #8899, #9326, .T. ) ;
#3173 = DIRECTION ( 'NONE',  ( 0.000000000000000000, 0.000000000000000000, -1.000000000000000000 ) ) ;
#3174 = PRESENTATION_LAYER_ASSIGNMENT (  '', '', ( #337 ) ) ;
#3175 = FILL_AREA_STYLE_COLOUR ( '', #632 ) ;
#3176 = CARTESIAN_POINT ( 'NONE',  ( -0.09199999999999999845, 0.1759999999999999898, 0.1199999999999999956 ) ) ;
#3177 = EDGE_CURVE ( 'NONE', #1782, #10963, #11020, .T. ) ;
#3178 = VECTOR ( 'NONE', #1838, 39.37007874015748143 ) ;
#3179 = DIRECTION ( 'NONE',  ( 0.000000000000000000, -0.000000000000000000, 1.000000000000000000 ) ) ;
#3180 =( LENGTH_UNIT ( ) NAMED_UNIT ( * ) SI_UNIT ( $, .METRE. ) );
#3181 = VERTEX_POINT ( 'NONE', #9157 ) ;
#3182 = EDGE_LOOP ( 'NONE', ( #7872, #3492, #8493, #10568 ) ) ;
#3183 = SURFACE_STYLE_USAGE ( .BOTH. , #1606 ) ;
#3184 =( GEOMETRIC_REPRESENTATION_CONTEXT ( 3 ) GLOBAL_UNCERTAINTY_ASSIGNED_CONTEXT ( ( #623 ) ) GLOBAL_UNIT_ASSIGNED_CONTEXT ( ( #10194, #4749, #8377 ) ) REPRESENTATION_CONTEXT ( 'NONE', 'WORKASPACE' ) );
#3185 = DIRECTION ( 'NONE',  ( 0.000000000000000000, 0.4856429311786331082, 0.8741572761215372633 ) ) ;
#3186 = EDGE_CURVE ( 'NONE', #833, #8516, #8405, .T. ) ;
#3187 = EDGE_LOOP ( 'NONE', ( #5926, #2040, #2731, #11537 ) ) ;
#3188 = CARTESIAN_POINT ( 'NONE',  ( 0.2899999999999999800, 0.2099999999999999922, 0.07000000000000000666 ) ) ;
#3189 = AXIS2_PLACEMENT_3D ( 'NONE', #1725, #5307, #866 ) ;
#3190 = ORIENTED_EDGE ( 'NONE', *, *, #3881, .T. ) ;
#3191 = MECHANICAL_DESIGN_GEOMETRIC_PRESENTATION_REPRESENTATION (  '', ( #8876 ), #1480 ) ;
#3192 = DIRECTION ( 'NONE',  ( 0.000000000000000000, 0.000000000000000000, 1.000000000000000000 ) ) ;
#3193 = SURFACE_STYLE_FILL_AREA ( #3903 ) ;
#3194 = SURFACE_STYLE_FILL_AREA ( #5570 ) ;
#3195 = SURFACE_STYLE_FILL_AREA ( #4228 ) ;
#3196 =( NAMED_UNIT ( * ) SI_UNIT ( $, .STERADIAN. ) SOLID_ANGLE_UNIT ( ) );
#3197 = ORIENTED_EDGE ( 'NONE', *, *, #1293, .T. ) ;
#3198 =( CONVERSION_BASED_UNIT ( 'INCH', #1136 ) LENGTH_UNIT ( ) NAMED_UNIT ( #9930 ) );
#3199 = MECHANICAL_DESIGN_GEOMETRIC_PRESENTATION_REPRESENTATION (  '', ( #935 ), #176 ) ;
#3200 = PRESENTATION_STYLE_ASSIGNMENT (( #5644 ) ) ;
#3201 = ORIENTED_EDGE ( 'NONE', *, *, #9360, .F. ) ;
#3202 = FACE_OUTER_BOUND ( 'NONE', #6367, .T. ) ;
#3203 = ORIENTED_EDGE ( 'NONE', *, *, #6662, .T. ) ;
#3204 =( CONVERSION_BASED_UNIT ( 'INCH', #11374 ) LENGTH_UNIT ( ) NAMED_UNIT ( #5578 ) );
#3205 = PRESENTATION_LAYER_ASSIGNMENT (  '', '', ( #7181 ) ) ;
#3206 = VECTOR ( 'NONE', #6245, 39.37007874015748143 ) ;
#3207 = PRESENTATION_STYLE_ASSIGNMENT (( #11375 ) ) ;
#3208 = UNCERTAINTY_MEASURE_WITH_UNIT (LENGTH_MEASURE( 1.000000000000000082E-05 ), #2275, 'distance_accuracy_value', 'NONE');
#3209 = PRESENTATION_STYLE_ASSIGNMENT (( #4852 ) ) ;
#3210 = SURFACE_STYLE_FILL_AREA ( #9576 ) ;
#3211 = CARTESIAN_POINT ( 'NONE',  ( 0.05800000000000000294, 0.1759999999999999898, 0.03300000000000000155 ) ) ;
#3212 = VERTEX_POINT ( 'NONE', #4722 ) ;
#3213 =( CONVERSION_BASED_UNIT ( 'INCH', #9341 ) LENGTH_UNIT ( ) NAMED_UNIT ( #7996 ) );
#3214 = DIMENSIONAL_EXPONENTS ( 1.000000000000000000, 0.000000000000000000, 0.000000000000000000, 0.000000000000000000, 0.000000000000000000, 0.000000000000000000, 0.000000000000000000 ) ;
#3215 =( GEOMETRIC_REPRESENTATION_CONTEXT ( 3 ) GLOBAL_UNCERTAINTY_ASSIGNED_CONTEXT ( ( #5595 ) ) GLOBAL_UNIT_ASSIGNED_CONTEXT ( ( #4009, #5988, #7849 ) ) REPRESENTATION_CONTEXT ( 'NONE', 'WORKASPACE' ) );
#3216 = FILL_AREA_STYLE_COLOUR ( '', #8830 ) ;
#3217 = DIRECTION ( 'NONE',  ( 0.000000000000000000, 0.000000000000000000, 1.000000000000000000 ) ) ;
#3218 = ORIENTED_EDGE ( 'NONE', *, *, #9996, .F. ) ;
#3219 = CARTESIAN_POINT ( 'NONE',  ( 0.04200000000000000955, 0.1759999999999999898, 0.03299999999999995992 ) ) ;
#3220 = FILL_AREA_STYLE ('',( #6134 ) ) ;
#3221 = ORIENTED_EDGE ( 'NONE', *, *, #11334, .T. ) ;
#3222 =( NAMED_UNIT ( * ) SI_UNIT ( $, .STERADIAN. ) SOLID_ANGLE_UNIT ( ) );
#3223 = SURFACE_STYLE_FILL_AREA ( #727 ) ;
#3224 = STYLED_ITEM ( 'NONE', ( #3348 ), #5267 ) ;
#3225 = UNCERTAINTY_MEASURE_WITH_UNIT (LENGTH_MEASURE( 1.000000000000000082E-05 ), #2838, 'distance_accuracy_value', 'NONE');
#3226 = MECHANICAL_DESIGN_GEOMETRIC_PRESENTATION_REPRESENTATION (  '', ( #2856 ), #11597 ) ;
#3227 = DIRECTION ( 'NONE',  ( 0.000000000000000000, 0.000000000000000000, 1.000000000000000000 ) ) ;
#3228 = ADVANCED_FACE ( 'NONE', ( #7466 ), #10231, .F. ) ;
#3229 = SURFACE_SIDE_STYLE ('',( #561 ) ) ;
#3230 = FILL_AREA_STYLE_COLOUR ( '', #9251 ) ;
#3231 = PRESENTATION_LAYER_ASSIGNMENT (  '', '', ( #5709 ) ) ;
#3232 = DIRECTION ( 'NONE',  ( 0.4856429311786280567, -0.8741572761215400389, 0.000000000000000000 ) ) ;
#3233 = DIRECTION ( 'NONE',  ( 0.000000000000000000, -0.8741572761215371523, 0.4856429311786330527 ) ) ;
#3234 =( NAMED_UNIT ( * ) SI_UNIT ( $, .STERADIAN. ) SOLID_ANGLE_UNIT ( ) );
#3235 = SURFACE_STYLE_USAGE ( .BOTH. , #2228 ) ;
#3236 = FACE_OUTER_BOUND ( 'NONE', #6724, .T. ) ;
#3237 = UNCERTAINTY_MEASURE_WITH_UNIT (LENGTH_MEASURE( 1.000000000000000082E-05 ), #3709, 'distance_accuracy_value', 'NONE');
#3238 = FILL_AREA_STYLE_COLOUR ( '', #10113 ) ;
#3239 = LENGTH_MEASURE_WITH_UNIT ( LENGTH_MEASURE( 0.02539999999999999897 ), #8514 );
#3240 = DIMENSIONAL_EXPONENTS ( 1.000000000000000000, 0.000000000000000000, 0.000000000000000000, 0.000000000000000000, 0.000000000000000000, 0.000000000000000000, 0.000000000000000000 ) ;
#3241 = COLOUR_RGB ( '',0.8627450980392157298, 0.6274509803921568540, 0.05882352941176470507 ) ;
#3242 = STYLED_ITEM ( 'NONE', ( #5851 ), #8508 ) ;
#3243 = ORIENTED_EDGE ( 'NONE', *, *, #3509, .T. ) ;
#3244 = ORIENTED_EDGE ( 'NONE', *, *, #5646, .F. ) ;
#3245 = EDGE_CURVE ( 'NONE', #9529, #2345, #8171, .T. ) ;
#3246 = DIRECTION ( 'NONE',  ( -1.000000000000000000, -0.000000000000000000, 0.000000000000000000 ) ) ;
#3247 = SURFACE_STYLE_FILL_AREA ( #7900 ) ;
#3248 = DIRECTION ( 'NONE',  ( 0.000000000000000000, 0.8741572761215407050, -0.4856429311786268355 ) ) ;
#3249 = EDGE_CURVE ( 'NONE', #3181, #6290, #3671, .T. ) ;
#3250 = ORIENTED_EDGE ( 'NONE', *, *, #3473, .T. ) ;
#3251 = CARTESIAN_POINT ( 'NONE',  ( 0.1079999999999999988, 0.05000000000000000971, 0.01700000000000000122 ) ) ;
#3252 = EDGE_CURVE ( 'NONE', #9741, #9761, #10172, .T. ) ;
#3253 = SURFACE_STYLE_USAGE ( .BOTH. , #6655 ) ;
#3254 = CARTESIAN_POINT ( 'NONE',  ( 0.2879999999999999782, 0.01999999999999998654, 0.01700000000000000816 ) ) ;
#3255 = CARTESIAN_POINT ( 'NONE',  ( 0.05800000000000000294, 0.04000000000000000777, -0.01700000000000000122 ) ) ;
#3256 = ADVANCED_FACE ( 'NONE', ( #1012 ), #10102, .F. ) ;
#3257 = CARTESIAN_POINT ( 'NONE',  ( 0.007999999999999989758, 0.06499999999999998834, -0.03300000000000000155 ) ) ;
#3258 = ORIENTED_EDGE ( 'NONE', *, *, #1288, .T. ) ;
#3259 = FILL_AREA_STYLE_COLOUR ( '', #4690 ) ;
#3260 = PLANE ( 'NONE',  #7512 ) ;
#3261 = EDGE_CURVE ( 'NONE', #10228, #4887, #11306, .T. ) ;
#3262 = VERTEX_POINT ( 'NONE', #1290 ) ;
#3263 = FILL_AREA_STYLE_COLOUR ( '', #996 ) ;
#3264 = ORIENTED_EDGE ( 'NONE', *, *, #2525, .T. ) ;
#3265 = LINE ( 'NONE', #1301, #5566 ) ;
#3266 = CARTESIAN_POINT ( 'NONE',  ( -0.2879999999999999782, 0.2099999999999999922, -0.1199999999999999956 ) ) ;
#3267 = MECHANICAL_DESIGN_GEOMETRIC_PRESENTATION_REPRESENTATION (  '', ( #8557 ), #428 ) ;
#3268 = FILL_AREA_STYLE ('',( #8663 ) ) ;
#3269 = CARTESIAN_POINT ( 'NONE',  ( 0.000000000000000000, 0.000000000000000000, 2.134256245050205639E-18 ) ) ;
#3270 = EDGE_LOOP ( 'NONE', ( #10527, #10126, #5265, #7675 ) ) ;
#3271 = PRESENTATION_STYLE_ASSIGNMENT (( #5841 ) ) ;
#3272 = COLOUR_RGB ( '',0.8627450980392157298, 0.6274509803921568540, 0.05882352941176470507 ) ;
#3273 = ORIENTED_EDGE ( 'NONE', *, *, #4087, .F. ) ;
#3274 = PRESENTATION_STYLE_ASSIGNMENT (( #5150 ) ) ;
#3275 = CARTESIAN_POINT ( 'NONE',  ( 0.05000000000000000971, 0.06500000000000000222, 0.07000000000000000666 ) ) ;
#3276 = CARTESIAN_POINT ( 'NONE',  ( 0.1079999999999999988, -0.06600000000000000311, -0.01700000000000000122 ) ) ;
#3277 = AXIS2_PLACEMENT_3D ( 'NONE', #10722, #7054, #1701 ) ;
#3278 = CARTESIAN_POINT ( 'NONE',  ( 0.04699999999999998623, 0.1849999999999999978, 0.02799999999999997283 ) ) ;
#3279 = VECTOR ( 'NONE', #8041, 39.37007874015748143 ) ;
#3280 = ORIENTED_EDGE ( 'NONE', *, *, #11340, .T. ) ;
#3281 = SURFACE_SIDE_STYLE ('',( #5966 ) ) ;
#3282 = DIRECTION ( 'NONE',  ( 0.000000000000000000, 0.4856429311786331082, 0.8741572761215372633 ) ) ;
#3283 = COLOUR_RGB ( '',0.8627450980392157298, 0.6274509803921568540, 0.05882352941176470507 ) ;
#3284 = VECTOR ( 'NONE', #8789, 39.37007874015748143 ) ;
#3285 = EDGE_CURVE ( 'NONE', #5132, #2960, #6706, .T. ) ;
#3286 =( CONVERSION_BASED_UNIT ( 'INCH', #8750 ) LENGTH_UNIT ( ) NAMED_UNIT ( #1926 ) );
#3287 = CARTESIAN_POINT ( 'NONE',  ( 0.002999999999999990088, -0.07499999999999999722, -0.02200000000000006464 ) ) ;
#3288 = DIRECTION ( 'NONE',  ( -0.4368520283305178942, -0.7863336509949349074, -0.4368520283305184493 ) ) ;
#3289 = COLOUR_RGB ( '',0.8627450980392157298, 0.6274509803921568540, 0.05882352941176470507 ) ;
#3290 = CARTESIAN_POINT ( 'NONE',  ( 0.1079999999999999988, 0.03999999999999999389, 0.03300000000000000155 ) ) ;
#3291 = ORIENTED_EDGE ( 'NONE', *, *, #2525, .F. ) ;
#3292 = ORIENTED_EDGE ( 'NONE', *, *, #4213, .F. ) ;
#3293 = DIRECTION ( 'NONE',  ( -0.4368520283305180607, 0.7863336509949352404, -0.4368520283305180607 ) ) ;
#3294 =( GEOMETRIC_REPRESENTATION_CONTEXT ( 3 ) GLOBAL_UNCERTAINTY_ASSIGNED_CONTEXT ( ( #21 ) ) GLOBAL_UNIT_ASSIGNED_CONTEXT ( ( #6035, #5107, #3234 ) ) REPRESENTATION_CONTEXT ( 'NONE', 'WORKASPACE' ) );
#3295 = CARTESIAN_POINT ( 'NONE',  ( 0.2879999999999999782, 0.2099999999999999922, -0.1199999999999999956 ) ) ;
#3296 =( GEOMETRIC_REPRESENTATION_CONTEXT ( 3 ) GLOBAL_UNCERTAINTY_ASSIGNED_CONTEXT ( ( #8694 ) ) GLOBAL_UNIT_ASSIGNED_CONTEXT ( ( #7817, #5844, #7654 ) ) REPRESENTATION_CONTEXT ( 'NONE', 'WORKASPACE' ) );
#3297 = CARTESIAN_POINT ( 'NONE',  ( -0.04700000000000001399, -0.07499999999999999722, -0.02200000000000001954 ) ) ;
#3298 = ORIENTED_EDGE ( 'NONE', *, *, #5880, .T. ) ;
#3299 = EDGE_CURVE ( 'NONE', #4116, #7597, #4178, .T. ) ;
#3300 = CARTESIAN_POINT ( 'NONE',  ( 0.1079999999999999988, 0.1759999999999999898, -0.03300000000000000155 ) ) ;
#3301 = STYLED_ITEM ( 'NONE', ( #11620 ), #6867 ) ;
#3302 = DIRECTION ( 'NONE',  ( -1.000000000000000000, 0.000000000000000000, 0.000000000000000000 ) ) ;
#3303 = DIRECTION ( 'NONE',  ( -1.000000000000000000, 0.000000000000000000, 0.000000000000000000 ) ) ;
#3304 = CARTESIAN_POINT ( 'NONE',  ( 0.1079999999999999988, -0.06600000000000000311, -0.01700000000000000122 ) ) ;
#3305 = FILL_AREA_STYLE_COLOUR ( '', #9622 ) ;
#3306 = ORIENTED_EDGE ( 'NONE', *, *, #9079, .F. ) ;
#3307 = DIRECTION ( 'NONE',  ( 0.000000000000000000, -1.000000000000000000, -0.000000000000000000 ) ) ;
#3308 = EDGE_CURVE ( 'NONE', #10452, #2969, #11198, .T. ) ;
#3309 = PRESENTATION_LAYER_ASSIGNMENT (  '', '', ( #8420 ) ) ;
#3310 = SURFACE_SIDE_STYLE ('',( #11425 ) ) ;
#3311 = DIMENSIONAL_EXPONENTS ( 1.000000000000000000, 0.000000000000000000, 0.000000000000000000, 0.000000000000000000, 0.000000000000000000, 0.000000000000000000, 0.000000000000000000 ) ;
#3312 = ORIENTED_EDGE ( 'NONE', *, *, #9778, .F. ) ;
#3313 = ADVANCED_FACE ( 'NONE', ( #2350 ), #2121, .F. ) ;
#3314 = SURFACE_STYLE_FILL_AREA ( #11480 ) ;
#3315 = ORIENTED_EDGE ( 'NONE', *, *, #5118, .T. ) ;
#3316 = LENGTH_MEASURE_WITH_UNIT ( LENGTH_MEASURE( 0.02539999999999999897 ), #10707 );
#3317 = SURFACE_STYLE_USAGE ( .BOTH. , #8594 ) ;
#3318 = UNCERTAINTY_MEASURE_WITH_UNIT (LENGTH_MEASURE( 1.000000000000000082E-05 ), #1857, 'distance_accuracy_value', 'NONE');
#3319 = SURFACE_STYLE_USAGE ( .BOTH. , #6882 ) ;
#3320 = PRESENTATION_STYLE_ASSIGNMENT (( #7927 ) ) ;
#3321 = EDGE_CURVE ( 'NONE', #2795, #4904, #357, .T. ) ;
#3322 = DIRECTION ( 'NONE',  ( 1.000000000000000000, 0.000000000000000000, 0.000000000000000000 ) ) ;
#3323 = DIRECTION ( 'NONE',  ( -1.000000000000000000, 0.000000000000000000, -0.000000000000000000 ) ) ;
#3324 = ORIENTED_EDGE ( 'NONE', *, *, #5695, .F. ) ;
#3325 =( GEOMETRIC_REPRESENTATION_CONTEXT ( 3 ) GLOBAL_UNCERTAINTY_ASSIGNED_CONTEXT ( ( #3772 ) ) GLOBAL_UNIT_ASSIGNED_CONTEXT ( ( #10668, #11289, #6195 ) ) REPRESENTATION_CONTEXT ( 'NONE', 'WORKASPACE' ) );
#3326 = PRESENTATION_STYLE_ASSIGNMENT (( #10536 ) ) ;
#3327 = EDGE_LOOP ( 'NONE', ( #7228, #3683, #9330, #4431 ) ) ;
#3328 = DIRECTION ( 'NONE',  ( 0.000000000000000000, -0.000000000000000000, 1.000000000000000000 ) ) ;
#3329 = LINE ( 'NONE', #2556, #7903 ) ;
#3330 = CARTESIAN_POINT ( 'NONE',  ( 0.1079999999999999988, 0.05000000000000000278, 0.01700000000000000122 ) ) ;
#3331 = VECTOR ( 'NONE', #3599, 39.37007874015748143 ) ;
#3332 = DIRECTION ( 'NONE',  ( 0.000000000000000000, 0.000000000000000000, -1.000000000000000000 ) ) ;
#3333 = VECTOR ( 'NONE', #133, 39.37007874015748143 ) ;
#3334 = PRESENTATION_LAYER_ASSIGNMENT (  '', '', ( #7306 ) ) ;
#3335 = DIRECTION ( 'NONE',  ( 0.8741572761215383736, -0.4856429311786311098, 0.000000000000000000 ) ) ;
#3336 = UNCERTAINTY_MEASURE_WITH_UNIT (LENGTH_MEASURE( 1.000000000000000082E-05 ), #3574, 'distance_accuracy_value', 'NONE');
#3337 = VECTOR ( 'NONE', #2678, 39.37007874015748143 ) ;
#3338 = CARTESIAN_POINT ( 'NONE',  ( 0.04200000000000000955, 0.04000000000000000083, 0.03299999999999999462 ) ) ;
#3339 = VECTOR ( 'NONE', #10365, 39.37007874015748854 ) ;
#3340 =( GEOMETRIC_REPRESENTATION_CONTEXT ( 3 ) GLOBAL_UNCERTAINTY_ASSIGNED_CONTEXT ( ( #1199 ) ) GLOBAL_UNIT_ASSIGNED_CONTEXT ( ( #6351, #4313, #6941 ) ) REPRESENTATION_CONTEXT ( 'NONE', 'WORKASPACE' ) );
#3341 = VECTOR ( 'NONE', #1677, 39.37007874015748854 ) ;
#3342 = UNCERTAINTY_MEASURE_WITH_UNIT (LENGTH_MEASURE( 1.000000000000000082E-05 ), #8715, 'distance_accuracy_value', 'NONE');
#3343 = VECTOR ( 'NONE', #3024, 39.37007874015748854 ) ;
#3344 = FILL_AREA_STYLE ('',( #1332 ) ) ;
#3345 = MECHANICAL_DESIGN_GEOMETRIC_PRESENTATION_REPRESENTATION (  '', ( #5428 ), #10576 ) ;
#3346 =( CONVERSION_BASED_UNIT ( 'INCH', #1503 ) LENGTH_UNIT ( ) NAMED_UNIT ( #5975 ) );
#3347 = LINE ( 'NONE', #5970, #10732 ) ;
#3348 = PRESENTATION_STYLE_ASSIGNMENT (( #8990 ) ) ;
#3349 = SURFACE_STYLE_FILL_AREA ( #9601 ) ;
#3350 = UNCERTAINTY_MEASURE_WITH_UNIT (LENGTH_MEASURE( 1.000000000000000082E-05 ), #9503, 'distance_accuracy_value', 'NONE');
#3351 = CARTESIAN_POINT ( 'NONE',  ( -0.04200000000000000955, 0.1759999999999999898, -0.03300000000000000155 ) ) ;
#3352 = VECTOR ( 'NONE', #8219, 39.37007874015748143 ) ;
#3353 =( NAMED_UNIT ( * ) SI_UNIT ( $, .STERADIAN. ) SOLID_ANGLE_UNIT ( ) );
#3354 =( GEOMETRIC_REPRESENTATION_CONTEXT ( 3 ) GLOBAL_UNCERTAINTY_ASSIGNED_CONTEXT ( ( #2823 ) ) GLOBAL_UNIT_ASSIGNED_CONTEXT ( ( #5362, #5482, #7079 ) ) REPRESENTATION_CONTEXT ( 'NONE', 'WORKASPACE' ) );
#3355 = DIRECTION ( 'NONE',  ( 1.000000000000000000, 0.000000000000000000, -0.000000000000000000 ) ) ;
#3356 = EDGE_LOOP ( 'NONE', ( #6064, #6189, #4612, #5747 ) ) ;
#3357 = ORIENTED_EDGE ( 'NONE', *, *, #2423, .T. ) ;
#3358 = COLOUR_RGB ( '',0.8627450980392157298, 0.6274509803921568540, 0.05882352941176470507 ) ;
#3359 = STYLED_ITEM ( 'NONE', ( #10252 ), #9514 ) ;
#3360 = CARTESIAN_POINT ( 'NONE',  ( -0.008000000000000010575, 0.05000000000000000971, 0.1199999999999999956 ) ) ;
#3361 = PLANE ( 'NONE',  #1088 ) ;
#3362 = LINE ( 'NONE', #11513, #11748 ) ;
#3363 = AXIS2_PLACEMENT_3D ( 'NONE', #9358, #6512, #4812 ) ;
#3364 = ORIENTED_EDGE ( 'NONE', *, *, #8681, .T. ) ;
#3365 =( NAMED_UNIT ( * ) PLANE_ANGLE_UNIT ( ) SI_UNIT ( $, .RADIAN. ) );
#3366 = SURFACE_STYLE_USAGE ( .BOTH. , #6222 ) ;
#3367 = PRESENTATION_LAYER_ASSIGNMENT (  '', '', ( #715 ) ) ;
#3368 = PLANE ( 'NONE',  #6446 ) ;
#3369 = SURFACE_STYLE_FILL_AREA ( #7036 ) ;
#3370 = DIRECTION ( 'NONE',  ( 0.000000000000000000, 1.000000000000000000, -0.000000000000000000 ) ) ;
#3371 = CARTESIAN_POINT ( 'NONE',  ( 0.05800000000000000294, -0.06599999999999998923, 0.01699999999999999428 ) ) ;
#3372 = DIMENSIONAL_EXPONENTS ( 1.000000000000000000, 0.000000000000000000, 0.000000000000000000, 0.000000000000000000, 0.000000000000000000, 0.000000000000000000, 0.000000000000000000 ) ;
#3373 = LINE ( 'NONE', #8822, #1804 ) ;
#3374 = ORIENTED_EDGE ( 'NONE', *, *, #3285, .F. ) ;
#3375 =( NAMED_UNIT ( * ) SI_UNIT ( $, .STERADIAN. ) SOLID_ANGLE_UNIT ( ) );
#3376 = EDGE_CURVE ( 'NONE', #11219, #1356, #11469, .T. ) ;
#3377 =( GEOMETRIC_REPRESENTATION_CONTEXT ( 3 ) GLOBAL_UNCERTAINTY_ASSIGNED_CONTEXT ( ( #3350 ) ) GLOBAL_UNIT_ASSIGNED_CONTEXT ( ( #9503, #457, #7742 ) ) REPRESENTATION_CONTEXT ( 'NONE', 'WORKASPACE' ) );
#3378 =( CONVERSION_BASED_UNIT ( 'INCH', #4972 ) LENGTH_UNIT ( ) NAMED_UNIT ( #9769 ) );
#3379 = ORIENTED_EDGE ( 'NONE', *, *, #2010, .F. ) ;
#3380 = LINE ( 'NONE', #5888, #5329 ) ;
#3381 = CARTESIAN_POINT ( 'NONE',  ( 0.007999999999999989758, 0.06500000000000000222, 0.000000000000000000 ) ) ;
#3382 = ORIENTED_EDGE ( 'NONE', *, *, #4642, .F. ) ;
#3383 = FILL_AREA_STYLE ('',( #5266 ) ) ;
#3384 = LENGTH_MEASURE_WITH_UNIT ( LENGTH_MEASURE( 0.02539999999999999897 ), #5943 );
#3385 = CARTESIAN_POINT ( 'NONE',  ( 0.000000000000000000, 0.000000000000000000, -0.02500000000000000139 ) ) ;
#3386 = EDGE_CURVE ( 'NONE', #10104, #7415, #10573, .T. ) ;
#3387 = STYLED_ITEM ( 'NONE', ( #4018 ), #4536 ) ;
#3388 = MECHANICAL_DESIGN_GEOMETRIC_PRESENTATION_REPRESENTATION (  '', ( #10238 ), #4306 ) ;
#3389 = PLANE ( 'NONE',  #3947 ) ;
#3390 = VERTEX_POINT ( 'NONE', #9008 ) ;
#3391 = AXIS2_PLACEMENT_3D ( 'NONE', #7983, #3502, #1690 ) ;
#3392 =( GEOMETRIC_REPRESENTATION_CONTEXT ( 3 ) GLOBAL_UNCERTAINTY_ASSIGNED_CONTEXT ( ( #2383 ) ) GLOBAL_UNIT_ASSIGNED_CONTEXT ( ( #2975, #9226, #373 ) ) REPRESENTATION_CONTEXT ( 'NONE', 'WORKASPACE' ) );
#3393 = EDGE_LOOP ( 'NONE', ( #3637, #3600, #10789, #312 ) ) ;
#3394 = PRESENTATION_STYLE_ASSIGNMENT (( #6254 ) ) ;
#3395 = DIMENSIONAL_EXPONENTS ( 1.000000000000000000, 0.000000000000000000, 0.000000000000000000, 0.000000000000000000, 0.000000000000000000, 0.000000000000000000, 0.000000000000000000 ) ;
#3396 = DIRECTION ( 'NONE',  ( -1.000000000000000000, -0.000000000000000000, 0.000000000000000000 ) ) ;
#3397 = PRESENTATION_STYLE_ASSIGNMENT (( #1761 ) ) ;
#3398 =( LENGTH_UNIT ( ) NAMED_UNIT ( * ) SI_UNIT ( $, .METRE. ) );
#3399 = DIRECTION ( 'NONE',  ( -1.000000000000000000, 0.000000000000000000, -0.000000000000000000 ) ) ;
#3400 = SURFACE_STYLE_FILL_AREA ( #10729 ) ;
#3401 = COLOUR_RGB ( '',0.8627450980392157298, 0.6274509803921568540, 0.05882352941176470507 ) ;
#3402 = CARTESIAN_POINT ( 'NONE',  ( -0.2899999999999999800, 0.2099999999999999922, 0.000000000000000000 ) ) ;
#3403 = PRESENTATION_LAYER_ASSIGNMENT (  '', '', ( #4523 ) ) ;
#3404 = EDGE_CURVE ( 'NONE', #2836, #11409, #5129, .T. ) ;
#3405 = LENGTH_MEASURE_WITH_UNIT ( LENGTH_MEASURE( 0.02539999999999999897 ), #1544 );
#3406 = ORIENTED_EDGE ( 'NONE', *, *, #10355, .F. ) ;
#3407 = COLOUR_RGB ( '',0.2862745098039215508, 0.2862745098039215508, 0.2862745098039215508 ) ;
#3408 = VECTOR ( 'NONE', #6288, 39.37007874015748143 ) ;
#3409 = PRESENTATION_STYLE_ASSIGNMENT (( #11565 ) ) ;
#3410 = FILL_AREA_STYLE ('',( #9489 ) ) ;
#3411 = CARTESIAN_POINT ( 'NONE',  ( 0.1079999999999999988, 0.04000000000000000083, -0.01700000000000000122 ) ) ;
#3412 = CARTESIAN_POINT ( 'NONE',  ( 0.007999999999999989758, 0.04000000000000000777, -0.01700000000000000122 ) ) ;
#3413 = FILL_AREA_STYLE ('',( #10875 ) ) ;
#3414 = FILL_AREA_STYLE ('',( #5168 ) ) ;
#3415 = LINE ( 'NONE', #9716, #10400 ) ;
#3416 = ORIENTED_EDGE ( 'NONE', *, *, #8811, .F. ) ;
#3417 = ORIENTED_EDGE ( 'NONE', *, *, #10310, .F. ) ;
#3418 = DIRECTION ( 'NONE',  ( 0.000000000000000000, 1.000000000000000000, -0.000000000000000000 ) ) ;
#3419 = AXIS2_PLACEMENT_3D ( 'NONE', #11347, #8002, #8920 ) ;
#3420 = DIRECTION ( 'NONE',  ( 0.000000000000000000, 1.000000000000000000, 0.000000000000000000 ) ) ;
#3421 = FACE_OUTER_BOUND ( 'NONE', #11798, .T. ) ;
#3422 = LENGTH_MEASURE_WITH_UNIT ( LENGTH_MEASURE( 0.02539999999999999897 ), #9608 );
#3423 = ORIENTED_EDGE ( 'NONE', *, *, #8244, .F. ) ;
#3424 = DIRECTION ( 'NONE',  ( 0.000000000000000000, 0.7071067811865474617, -0.7071067811865474617 ) ) ;
#3425 = DIRECTION ( 'NONE',  ( -0.000000000000000000, 0.000000000000000000, 1.000000000000000000 ) ) ;
#3426 = VECTOR ( 'NONE', #3655, 39.37007874015748143 ) ;
#3427 = COLOUR_RGB ( '',0.2862745098039215508, 0.2862745098039215508, 0.2862745098039215508 ) ;
#3428 = LINE ( 'NONE', #693, #5718 ) ;
#3429 = LENGTH_MEASURE_WITH_UNIT ( LENGTH_MEASURE( 0.02539999999999999897 ), #8945 );
#3430 = CARTESIAN_POINT ( 'NONE',  ( -0.008000000000000007105, 0.04000000000000000777, -0.01700000000000000122 ) ) ;
#3431 = ORIENTED_EDGE ( 'NONE', *, *, #11326, .T. ) ;
#3432 = ORIENTED_EDGE ( 'NONE', *, *, #9284, .F. ) ;
#3433 = CARTESIAN_POINT ( 'NONE',  ( -0.1079999999999999988, 0.000000000000000000, -0.01700000000000000122 ) ) ;
#3434 = ADVANCED_FACE ( 'NONE', ( #6916 ), #7850, .F. ) ;
#3435 = DIRECTION ( 'NONE',  ( -0.000000000000000000, 0.000000000000000000, -1.000000000000000000 ) ) ;
#3436 = DIRECTION ( 'NONE',  ( 1.000000000000000000, 0.000000000000000000, 0.000000000000000000 ) ) ;
#3437 = ORIENTED_EDGE ( 'NONE', *, *, #6789, .T. ) ;
#3438 = CARTESIAN_POINT ( 'NONE',  ( 0.1079999999999999988, 0.1759999999999999898, 0.03300000000000000155 ) ) ;
#3439 = DIRECTION ( 'NONE',  ( 1.000000000000000000, 0.000000000000000000, 0.000000000000000000 ) ) ;
#3440 = ORIENTED_EDGE ( 'NONE', *, *, #6698, .T. ) ;
#3441 = DIRECTION ( 'NONE',  ( 0.4368520283305191154, -0.7863336509949342412, 0.4368520283305187824 ) ) ;
#3442 = CARTESIAN_POINT ( 'NONE',  ( 0.1079999999999999988, 0.1759999999999999898, -0.03300000000000000155 ) ) ;
#3443 = ADVANCED_FACE ( 'NONE', ( #4351 ), #5375, .F. ) ;
#3444 = DIRECTION ( 'NONE',  ( 1.000000000000000000, 0.000000000000000000, -0.000000000000000000 ) ) ;
#3445 = FACE_OUTER_BOUND ( 'NONE', #7295, .T. ) ;
#3446 =( LENGTH_UNIT ( ) NAMED_UNIT ( * ) SI_UNIT ( $, .METRE. ) );
#3447 = EDGE_LOOP ( 'NONE', ( #3575, #4418, #4337, #4987 ) ) ;
#3448 = DIMENSIONAL_EXPONENTS ( 1.000000000000000000, 0.000000000000000000, 0.000000000000000000, 0.000000000000000000, 0.000000000000000000, 0.000000000000000000, 0.000000000000000000 ) ;
#3449 = VERTEX_POINT ( 'NONE', #8274 ) ;
#3450 = CARTESIAN_POINT ( 'NONE',  ( 0.1079999999999999988, -0.06600000000000000311, -0.01700000000000000122 ) ) ;
#3451 = CARTESIAN_POINT ( 'NONE',  ( 0.05800000000000000294, -0.06600000000000000311, -0.01700000000000002898 ) ) ;
#3452 = PRESENTATION_STYLE_ASSIGNMENT (( #5403 ) ) ;
#3453 = SURFACE_STYLE_USAGE ( .BOTH. , #8972 ) ;
#3454 = LINE ( 'NONE', #6361, #9506 ) ;
#3455 = EDGE_CURVE ( 'NONE', #4345, #3007, #5683, .T. ) ;
#3456 = CARTESIAN_POINT ( 'NONE',  ( -0.04200000000000006506, 0.1759999999999999898, 0.01700000000000000122 ) ) ;
#3457 = FILL_AREA_STYLE ('',( #5155 ) ) ;
#3458 = CARTESIAN_POINT ( 'NONE',  ( 0.09199999999999999845, -0.06600000000000000311, 0.03299999999999998074 ) ) ;
#3459 = CARTESIAN_POINT ( 'NONE',  ( 0.09199999999999999845, 0.01999999999999999001, -0.01700000000000000122 ) ) ;
#3460 = MECHANICAL_DESIGN_GEOMETRIC_PRESENTATION_REPRESENTATION (  '', ( #7048 ), #7990 ) ;
#3461 = VECTOR ( 'NONE', #11288, 39.37007874015748143 ) ;
#3462 = COLOUR_RGB ( '',0.2862745098039215508, 0.2862745098039215508, 0.2862745098039215508 ) ;
#3463 = VERTEX_POINT ( 'NONE', #3654 ) ;
#3464 = ADVANCED_FACE ( 'NONE', ( #90 ), #1922, .F. ) ;
#3465 = LENGTH_MEASURE_WITH_UNIT ( LENGTH_MEASURE( 0.02539999999999999897 ), #7951 );
#3466 = LENGTH_MEASURE_WITH_UNIT ( LENGTH_MEASURE( 0.02539999999999999897 ), #8928 );
#3467 = UNCERTAINTY_MEASURE_WITH_UNIT (LENGTH_MEASURE( 1.000000000000000082E-05 ), #1170, 'distance_accuracy_value', 'NONE');
#3468 = MECHANICAL_DESIGN_GEOMETRIC_PRESENTATION_REPRESENTATION (  '', ( #10907 ), #5359 ) ;
#3469 = DIRECTION ( 'NONE',  ( -0.4368520283305163399, 0.7863336509949379050, 0.4368520283305145635 ) ) ;
#3470 = LINE ( 'NONE', #5732, #11093 ) ;
#3471 = DIMENSIONAL_EXPONENTS ( 1.000000000000000000, 0.000000000000000000, 0.000000000000000000, 0.000000000000000000, 0.000000000000000000, 0.000000000000000000, 0.000000000000000000 ) ;
#3472 = SURFACE_STYLE_USAGE ( .BOTH. , #2518 ) ;
#3473 = EDGE_CURVE ( 'NONE', #7696, #11416, #10148, .T. ) ;
#3474 = ORIENTED_EDGE ( 'NONE', *, *, #1502, .F. ) ;
#3475 = ORIENTED_EDGE ( 'NONE', *, *, #858, .T. ) ;
#3476 = COLOUR_RGB ( '',0.2862745098039215508, 0.2862745098039215508, 0.2862745098039215508 ) ;
#3477 = CARTESIAN_POINT ( 'NONE',  ( 0.1079999999999999988, 0.1849999999999999978, -0.02799999999999999711 ) ) ;
#3478 = CARTESIAN_POINT ( 'NONE',  ( 0.1079999999999999849, 0.02000000000000000042, -0.05999999999999999778 ) ) ;
#3479 = COLOUR_RGB ( '',0.8627450980392157298, 0.6274509803921568540, 0.05882352941176470507 ) ;
#3480 = AXIS2_PLACEMENT_3D ( 'NONE', #5210, #8061, #7059 ) ;
#3481 = ORIENTED_EDGE ( 'NONE', *, *, #1209, .T. ) ;
#3482 = CARTESIAN_POINT ( 'NONE',  ( -0.008000000000000007105, 0.05000000000000002359, 0.03300000000000000155 ) ) ;
#3483 = LINE ( 'NONE', #5244, #5559 ) ;
#3484 = DIRECTION ( 'NONE',  ( -0.8741572761215400389, -0.4856429311786280567, 0.000000000000000000 ) ) ;
#3485 = SURFACE_SIDE_STYLE ('',( #2420 ) ) ;
#3486 = AXIS2_PLACEMENT_3D ( 'NONE', #10724, #5207, #11617 ) ;
#3487 = FILL_AREA_STYLE_COLOUR ( '', #4167 ) ;
#3488 = LINE ( 'NONE', #7095, #6454 ) ;
#3489 = PRESENTATION_LAYER_ASSIGNMENT (  '', '', ( #8588 ) ) ;
#3490 = LINE ( 'NONE', #1794, #4259 ) ;
#3491 = ORIENTED_EDGE ( 'NONE', *, *, #5481, .T. ) ;
#3492 = ORIENTED_EDGE ( 'NONE', *, *, #6520, .T. ) ;
#3493 = DIRECTION ( 'NONE',  ( 1.000000000000000000, -0.000000000000000000, 0.000000000000000000 ) ) ;
#3494 = CARTESIAN_POINT ( 'NONE',  ( 0.05800000000000000294, 0.05000000000000000971, 0.01700000000000000122 ) ) ;
#3495 = DIRECTION ( 'NONE',  ( 0.000000000000000000, -0.4856429311786311098, 0.8741572761215383736 ) ) ;
#3496 = VERTEX_POINT ( 'NONE', #998 ) ;
#3497 = AXIS2_PLACEMENT_3D ( 'NONE', #9876, #5283, #4434 ) ;
#3498 = DIRECTION ( 'NONE',  ( -0.4368520283305189489, -0.7863336509949370168, -0.4368520283305140084 ) ) ;
#3499 = DIRECTION ( 'NONE',  ( 0.000000000000000000, -0.000000000000000000, 1.000000000000000000 ) ) ;
#3500 = VERTEX_POINT ( 'NONE', #5494 ) ;
#3501 = DIRECTION ( 'NONE',  ( -1.000000000000000000, 0.000000000000000000, 0.000000000000000000 ) ) ;
#3502 = DIRECTION ( 'NONE',  ( 0.8741572761215383736, -0.4856429311786311098, 0.000000000000000000 ) ) ;
#3503 = FACE_OUTER_BOUND ( 'NONE', #6093, .T. ) ;
#3504 = CARTESIAN_POINT ( 'NONE',  ( 0.3250000000000000111, 0.2099999999999999922, -0.1199999999999999956 ) ) ;
#3505 = LINE ( 'NONE', #10044, #2070 ) ;
#3506 = VECTOR ( 'NONE', #7891, 39.37007874015748143 ) ;
#3507 = STYLED_ITEM ( 'NONE', ( #10327 ), #7093 ) ;
#3508 = EDGE_LOOP ( 'NONE', ( #10475, #3406, #4180, #6988 ) ) ;
#3509 = EDGE_CURVE ( 'NONE', #4425, #2986, #4644, .T. ) ;
#3510 = ORIENTED_EDGE ( 'NONE', *, *, #11256, .F. ) ;
#3511 = CARTESIAN_POINT ( 'NONE',  ( -0.09199999999999999845, 0.06500000000000000222, 0.000000000000000000 ) ) ;
#3512 = ORIENTED_EDGE ( 'NONE', *, *, #9142, .F. ) ;
#3513 = VECTOR ( 'NONE', #10486, 39.37007874015748143 ) ;
#3514 = SURFACE_STYLE_FILL_AREA ( #11681 ) ;
#3515 = DIRECTION ( 'NONE',  ( 0.8741572761215383736, 0.4856429311786311098, 0.000000000000000000 ) ) ;
#3516 = DIRECTION ( 'NONE',  ( 1.000000000000000000, 0.000000000000000000, 0.000000000000000000 ) ) ;
#3517 =( LENGTH_UNIT ( ) NAMED_UNIT ( * ) SI_UNIT ( $, .METRE. ) );
#3518 = FACE_OUTER_BOUND ( 'NONE', #9214, .T. ) ;
#3519 = EDGE_CURVE ( 'NONE', #1356, #5036, #4470, .T. ) ;
#3520 = ORIENTED_EDGE ( 'NONE', *, *, #7372, .F. ) ;
#3521 = VECTOR ( 'NONE', #6088, 39.37007874015748143 ) ;
#3522 = DIMENSIONAL_EXPONENTS ( 1.000000000000000000, 0.000000000000000000, 0.000000000000000000, 0.000000000000000000, 0.000000000000000000, 0.000000000000000000, 0.000000000000000000 ) ;
#3523 =( LENGTH_UNIT ( ) NAMED_UNIT ( * ) SI_UNIT ( $, .METRE. ) );
#3524 =( LENGTH_UNIT ( ) NAMED_UNIT ( * ) SI_UNIT ( $, .METRE. ) );
#3525 = ADVANCED_FACE ( 'NONE', ( #1791 ), #1112, .F. ) ;
#3526 =( CONVERSION_BASED_UNIT ( 'INCH', #8015 ) LENGTH_UNIT ( ) NAMED_UNIT ( #2014 ) );
#3527 = ADVANCED_FACE ( 'NONE', ( #1171 ), #11405, .F. ) ;
#3528 = DIRECTION ( 'NONE',  ( 0.000000000000000000, 0.000000000000000000, -1.000000000000000000 ) ) ;
#3529 = STYLED_ITEM ( 'NONE', ( #2824 ), #894 ) ;
#3530 =( LENGTH_UNIT ( ) NAMED_UNIT ( * ) SI_UNIT ( $, .METRE. ) );
#3531 = VERTEX_POINT ( 'NONE', #6636 ) ;
#3532 = VECTOR ( 'NONE', #315, 39.37007874015748143 ) ;
#3533 = EDGE_LOOP ( 'NONE', ( #7163, #9334, #8956, #3324 ) ) ;
#3534 = VECTOR ( 'NONE', #1692, 39.37007874015748143 ) ;
#3535 = PLANE ( 'NONE',  #913 ) ;
#3536 = EDGE_CURVE ( 'NONE', #4217, #10354, #6689, .T. ) ;
#3537 = MECHANICAL_DESIGN_GEOMETRIC_PRESENTATION_REPRESENTATION (  '', ( #11512 ), #9046 ) ;
#3538 = EDGE_CURVE ( 'NONE', #7628, #555, #8447, .T. ) ;
#3539 = MECHANICAL_DESIGN_GEOMETRIC_PRESENTATION_REPRESENTATION (  '', ( #1089 ), #1617 ) ;
#3540 = DIRECTION ( 'NONE',  ( 1.000000000000000000, 0.000000000000000000, -0.000000000000000000 ) ) ;
#3541 = FILL_AREA_STYLE_COLOUR ( '', #5638 ) ;
#3542 = ORIENTED_EDGE ( 'NONE', *, *, #251, .T. ) ;
#3543 = DIRECTION ( 'NONE',  ( -1.000000000000000000, -0.000000000000000000, -0.000000000000000000 ) ) ;
#3544 = MECHANICAL_DESIGN_GEOMETRIC_PRESENTATION_REPRESENTATION (  '', ( #317 ), #10199 ) ;
#3545 = ADVANCED_FACE ( 'NONE', ( #2167 ), #2333, .F. ) ;
#3546 =( NAMED_UNIT ( * ) SI_UNIT ( $, .STERADIAN. ) SOLID_ANGLE_UNIT ( ) );
#3547 = MECHANICAL_DESIGN_GEOMETRIC_PRESENTATION_REPRESENTATION (  '', ( #7132 ), #2401 ) ;
#3548 = CARTESIAN_POINT ( 'NONE',  ( 0.1079999999999999988, 0.03999999999999999389, 0.03300000000000000155 ) ) ;
#3549 = FACE_OUTER_BOUND ( 'NONE', #2019, .T. ) ;
#3550 = LINE ( 'NONE', #1615, #191 ) ;
#3551 = LINE ( 'NONE', #4542, #330 ) ;
#3552 = ORIENTED_EDGE ( 'NONE', *, *, #11114, .F. ) ;
#3553 = VERTEX_POINT ( 'NONE', #9664 ) ;
#3554 = EDGE_CURVE ( 'NONE', #9340, #2795, #4269, .T. ) ;
#3555 = STYLED_ITEM ( 'NONE', ( #10226 ), #1545 ) ;
#3556 = COLOUR_RGB ( '',0.8627450980392157298, 0.6274509803921568540, 0.05882352941176470507 ) ;
#3557 = AXIS2_PLACEMENT_3D ( 'NONE', #5977, #4931, #3355 ) ;
#3558 = LINE ( 'NONE', #9202, #10206 ) ;
#3559 = DIMENSIONAL_EXPONENTS ( 1.000000000000000000, 0.000000000000000000, 0.000000000000000000, 0.000000000000000000, 0.000000000000000000, 0.000000000000000000, 0.000000000000000000 ) ;
#3560 = LINE ( 'NONE', #1874, #11356 ) ;
#3561 = SURFACE_SIDE_STYLE ('',( #4913 ) ) ;
#3562 = VECTOR ( 'NONE', #10023, 39.37007874015748143 ) ;
#3563 = EDGE_LOOP ( 'NONE', ( #2679, #418, #11611, #9162, #2478, #850, #2664, #7109 ) ) ;
#3564 = DIRECTION ( 'NONE',  ( 1.000000000000000000, 0.000000000000000000, -0.000000000000000000 ) ) ;
#3565 = LINE ( 'NONE', #7861, #3279 ) ;
#3566 = ORIENTED_EDGE ( 'NONE', *, *, #1492, .T. ) ;
#3567 = CARTESIAN_POINT ( 'NONE',  ( -0.002999999999999991823, 0.1849999999999999978, 0.02199999999999999872 ) ) ;
#3568 = DIRECTION ( 'NONE',  ( -0.000000000000000000, 1.000000000000000000, 0.000000000000000000 ) ) ;
#3569 = AXIS2_PLACEMENT_3D ( 'NONE', #1442, #3282, #3233 ) ;
#3570 = CARTESIAN_POINT ( 'NONE',  ( 0.1079999999999999988, 0.1849999999999999978, 0.02799999999999999711 ) ) ;
#3571 = LINE ( 'NONE', #7987, #7923 ) ;
#3572 = ORIENTED_EDGE ( 'NONE', *, *, #8159, .T. ) ;
#3573 = COLOUR_RGB ( '',0.2862745098039215508, 0.2862745098039215508, 0.2862745098039215508 ) ;
#3574 =( CONVERSION_BASED_UNIT ( 'INCH', #50 ) LENGTH_UNIT ( ) NAMED_UNIT ( #6211 ) );
#3575 = ORIENTED_EDGE ( 'NONE', *, *, #701, .T. ) ;
#3576 = VERTEX_POINT ( 'NONE', #2570 ) ;
#3577 = SURFACE_STYLE_USAGE ( .BOTH. , #837 ) ;
#3578 = ORIENTED_EDGE ( 'NONE', *, *, #2877, .T. ) ;
#3579 = FILL_AREA_STYLE ('',( #2554 ) ) ;
#3580 = STYLED_ITEM ( 'NONE', ( #10025 ), #4307 ) ;
#3581 = PLANE ( 'NONE',  #3682 ) ;
#3582 = DIRECTION ( 'NONE',  ( 1.000000000000000000, 0.000000000000000000, 0.000000000000000000 ) ) ;
#3583 = PRESENTATION_STYLE_ASSIGNMENT (( #1707 ) ) ;
#3584 = CARTESIAN_POINT ( 'NONE',  ( 0.1079999999999999988, 0.05000000000000000971, -0.01700000000000000122 ) ) ;
#3585 = EDGE_CURVE ( 'NONE', #8146, #11658, #11571, .T. ) ;
#3586 = VERTEX_POINT ( 'NONE', #3412 ) ;
#3587 = SURFACE_STYLE_FILL_AREA ( #7069 ) ;
#3588 = SURFACE_STYLE_USAGE ( .BOTH. , #11764 ) ;
#3589 = CARTESIAN_POINT ( 'NONE',  ( 0.1079999999999999988, -0.06599999999999998923, 0.03300000000000000155 ) ) ;
#3590 = VECTOR ( 'NONE', #4665, 39.37007874015748143 ) ;
#3591 = UNCERTAINTY_MEASURE_WITH_UNIT (LENGTH_MEASURE( 1.000000000000000082E-05 ), #5846, 'distance_accuracy_value', 'NONE');
#3592 = SURFACE_STYLE_FILL_AREA ( #4166 ) ;
#3593 = EDGE_CURVE ( 'NONE', #2345, #7552, #11455, .T. ) ;
#3594 = LENGTH_MEASURE_WITH_UNIT ( LENGTH_MEASURE( 0.02539999999999999897 ), #11640 );
#3595 = ORIENTED_EDGE ( 'NONE', *, *, #11535, .T. ) ;
#3596 = ORIENTED_EDGE ( 'NONE', *, *, #11413, .F. ) ;
#3597 = MECHANICAL_DESIGN_GEOMETRIC_PRESENTATION_REPRESENTATION (  '', ( #3963 ), #8909 ) ;
#3598 = VECTOR ( 'NONE', #3950, 39.37007874015748143 ) ;
#3599 = DIRECTION ( 'NONE',  ( 0.000000000000000000, -0.000000000000000000, 1.000000000000000000 ) ) ;
#3600 = ORIENTED_EDGE ( 'NONE', *, *, #6130, .F. ) ;
#3601 = LINE ( 'NONE', #6161, #6041 ) ;
#3602 = DIRECTION ( 'NONE',  ( -0.000000000000000000, -1.000000000000000000, -0.000000000000000000 ) ) ;
#3603 = CARTESIAN_POINT ( 'NONE',  ( -0.04200000000000000955, -0.06600000000000000311, 0.03299999999999995992 ) ) ;
#3604 = FILL_AREA_STYLE_COLOUR ( '', #9906 ) ;
#3605 = SURFACE_STYLE_FILL_AREA ( #2591 ) ;
#3606 = SURFACE_STYLE_USAGE ( .BOTH. , #11585 ) ;
#3607 = ADVANCED_FACE ( 'NONE', ( #8696 ), #2516, .T. ) ;
#3608 = DIMENSIONAL_EXPONENTS ( 1.000000000000000000, 0.000000000000000000, 0.000000000000000000, 0.000000000000000000, 0.000000000000000000, 0.000000000000000000, 0.000000000000000000 ) ;
#3609 =( GEOMETRIC_REPRESENTATION_CONTEXT ( 3 ) GLOBAL_UNCERTAINTY_ASSIGNED_CONTEXT ( ( #6561 ) ) GLOBAL_UNIT_ASSIGNED_CONTEXT ( ( #1159, #6504, #9349 ) ) REPRESENTATION_CONTEXT ( 'NONE', 'WORKASPACE' ) );
#3610 = EDGE_LOOP ( 'NONE', ( #11631, #9183, #8705, #1515 ) ) ;
#3611 = ORIENTED_EDGE ( 'NONE', *, *, #6310, .F. ) ;
#3612 = DIRECTION ( 'NONE',  ( -0.000000000000000000, 1.000000000000000000, 0.000000000000000000 ) ) ;
#3613 =( NAMED_UNIT ( * ) PLANE_ANGLE_UNIT ( ) SI_UNIT ( $, .RADIAN. ) );
#3614 =( CONVERSION_BASED_UNIT ( 'INCH', #10765 ) LENGTH_UNIT ( ) NAMED_UNIT ( #6918 ) );
#3615 = PRESENTATION_LAYER_ASSIGNMENT (  '', '', ( #2663 ) ) ;
#3616 = VERTEX_POINT ( 'NONE', #5111 ) ;
#3617 =( NAMED_UNIT ( * ) PLANE_ANGLE_UNIT ( ) SI_UNIT ( $, .RADIAN. ) );
#3618 = VERTEX_POINT ( 'NONE', #7836 ) ;
#3619 = LINE ( 'NONE', #7230, #10621 ) ;
#3620 = EDGE_CURVE ( 'NONE', #5501, #5658, #5166, .T. ) ;
#3621 = SURFACE_STYLE_FILL_AREA ( #5143 ) ;
#3622 = PLANE ( 'NONE',  #5082 ) ;
#3623 = LINE ( 'NONE', #6306, #2965 ) ;
#3624 = ORIENTED_EDGE ( 'NONE', *, *, #5049, .T. ) ;
#3625 = SURFACE_STYLE_USAGE ( .BOTH. , #135 ) ;
#3626 = EDGE_CURVE ( 'NONE', #6369, #6002, #739, .T. ) ;
#3627 = ORIENTED_EDGE ( 'NONE', *, *, #6585, .F. ) ;
#3628 = VERTEX_POINT ( 'NONE', #6903 ) ;
#3629 = VERTEX_POINT ( 'NONE', #677 ) ;
#3630 = DIMENSIONAL_EXPONENTS ( 1.000000000000000000, 0.000000000000000000, 0.000000000000000000, 0.000000000000000000, 0.000000000000000000, 0.000000000000000000, 0.000000000000000000 ) ;
#3631 = FILL_AREA_STYLE_COLOUR ( '', #6355 ) ;
#3632 = LINE ( 'NONE', #1835, #774 ) ;
#3633 = DIRECTION ( 'NONE',  ( 0.000000000000000000, -0.7071067811865474617, -0.7071067811865475727 ) ) ;
#3634 =( GEOMETRIC_REPRESENTATION_CONTEXT ( 3 ) GLOBAL_UNCERTAINTY_ASSIGNED_CONTEXT ( ( #4996 ) ) GLOBAL_UNIT_ASSIGNED_CONTEXT ( ( #8238, #3027, #2018 ) ) REPRESENTATION_CONTEXT ( 'NONE', 'WORKASPACE' ) );
#3635 = PLANE ( 'NONE',  #8677 ) ;
#3636 = DIRECTION ( 'NONE',  ( 0.000000000000000000, 0.000000000000000000, 1.000000000000000000 ) ) ;
#3637 = ORIENTED_EDGE ( 'NONE', *, *, #6316, .F. ) ;
#3638 = SURFACE_SIDE_STYLE ('',( #9054 ) ) ;
#3639 = SURFACE_SIDE_STYLE ('',( #1846 ) ) ;
#3640 = LENGTH_MEASURE_WITH_UNIT ( LENGTH_MEASURE( 0.02539999999999999897 ), #9235 );
#3641 = CARTESIAN_POINT ( 'NONE',  ( -0.008000000000000057412, 0.1759999999999999898, 0.01700000000000000122 ) ) ;
#3642 = FACE_OUTER_BOUND ( 'NONE', #943, .T. ) ;
#3643 = DIRECTION ( 'NONE',  ( -0.4368520283305193375, -0.7863336509949337971, 0.4368520283305193375 ) ) ;
#3644 = ORIENTED_EDGE ( 'NONE', *, *, #7533, .F. ) ;
#3645 = FACE_OUTER_BOUND ( 'NONE', #2813, .T. ) ;
#3646 = SURFACE_STYLE_FILL_AREA ( #7147 ) ;
#3647 =( CONVERSION_BASED_UNIT ( 'INCH', #2239 ) LENGTH_UNIT ( ) NAMED_UNIT ( #10291 ) );
#3648 = EDGE_CURVE ( 'NONE', #6174, #9548, #11679, .T. ) ;
#3649 = VERTEX_POINT ( 'NONE', #9108 ) ;
#3650 = LINE ( 'NONE', #6513, #361 ) ;
#3651 = STYLED_ITEM ( 'NONE', ( #1687 ), #6063 ) ;
#3652 = FILL_AREA_STYLE ('',( #995 ) ) ;
#3653 = SURFACE_STYLE_FILL_AREA ( #8886 ) ;
#3654 = CARTESIAN_POINT ( 'NONE',  ( -0.05800000000000000988, 0.04000000000000000083, 0.03299999999999999462 ) ) ;
#3655 = DIRECTION ( 'NONE',  ( 0.000000000000000000, -1.000000000000000000, -0.000000000000000000 ) ) ;
#3656 = CARTESIAN_POINT ( 'NONE',  ( -0.05000000000000000278, 0.2099999999999999922, -0.1199999999999999956 ) ) ;
#3657 = CARTESIAN_POINT ( 'NONE',  ( 0.04699999999999998623, -0.07499999999999999722, 0.02799999999999997283 ) ) ;
#3658 = ORIENTED_EDGE ( 'NONE', *, *, #10677, .T. ) ;
#3659 = VERTEX_POINT ( 'NONE', #6370 ) ;
#3660 =( LENGTH_UNIT ( ) NAMED_UNIT ( * ) SI_UNIT ( $, .METRE. ) );
#3661 = MECHANICAL_DESIGN_GEOMETRIC_PRESENTATION_REPRESENTATION (  '', ( #2527 ), #2331 ) ;
#3662 = DIRECTION ( 'NONE',  ( -1.000000000000000000, -0.000000000000000000, 0.000000000000000000 ) ) ;
#3663 = FACE_OUTER_BOUND ( 'NONE', #10894, .T. ) ;
#3664 = DIRECTION ( 'NONE',  ( -1.000000000000000000, 0.000000000000000000, -0.000000000000000000 ) ) ;
#3665 = EDGE_CURVE ( 'NONE', #6202, #209, #7119, .T. ) ;
#3666 = ORIENTED_EDGE ( 'NONE', *, *, #1436, .F. ) ;
#3667 =( NAMED_UNIT ( * ) PLANE_ANGLE_UNIT ( ) SI_UNIT ( $, .RADIAN. ) );
#3668 = FACE_OUTER_BOUND ( 'NONE', #9085, .T. ) ;
#3669 =( NAMED_UNIT ( * ) PLANE_ANGLE_UNIT ( ) SI_UNIT ( $, .RADIAN. ) );
#3670 = CARTESIAN_POINT ( 'NONE',  ( -0.05300000000000000544, 0.1849999999999999978, -0.02200000000000002648 ) ) ;
#3671 = LINE ( 'NONE', #6479, #1181 ) ;
#3672 = MECHANICAL_DESIGN_GEOMETRIC_PRESENTATION_REPRESENTATION (  '', ( #6887 ), #1212 ) ;
#3673 =( GEOMETRIC_REPRESENTATION_CONTEXT ( 3 ) GLOBAL_UNCERTAINTY_ASSIGNED_CONTEXT ( ( #6902 ) ) GLOBAL_UNIT_ASSIGNED_CONTEXT ( ( #5326, #769, #10777 ) ) REPRESENTATION_CONTEXT ( 'NONE', 'WORKASPACE' ) );
#3674 = SURFACE_STYLE_USAGE ( .BOTH. , #2672 ) ;
#3675 = LINE ( 'NONE', #9212, #10378 ) ;
#3676 = ORIENTED_EDGE ( 'NONE', *, *, #4746, .T. ) ;
#3677 = SURFACE_STYLE_USAGE ( .BOTH. , #1751 ) ;
#3678 = ORIENTED_EDGE ( 'NONE', *, *, #5417, .T. ) ;
#3679 = PRESENTATION_STYLE_ASSIGNMENT (( #6427 ) ) ;
#3680 = DIMENSIONAL_EXPONENTS ( 1.000000000000000000, 0.000000000000000000, 0.000000000000000000, 0.000000000000000000, 0.000000000000000000, 0.000000000000000000, 0.000000000000000000 ) ;
#3681 = ADVANCED_FACE ( 'NONE', ( #2800 ), #4316, .T. ) ;
#3682 = AXIS2_PLACEMENT_3D ( 'NONE', #3749, #2919, #3082 ) ;
#3683 = ORIENTED_EDGE ( 'NONE', *, *, #3880, .T. ) ;
#3684 = ORIENTED_EDGE ( 'NONE', *, *, #3084, .T. ) ;
#3685 = PRESENTATION_STYLE_ASSIGNMENT (( #1956 ) ) ;
#3686 = APPLICATION_CONTEXT ( 'automotive_design' ) ;
#3687 = SURFACE_STYLE_USAGE ( .BOTH. , #6255 ) ;
#3688 = EDGE_CURVE ( 'NONE', #820, #4338, #2551, .T. ) ;
#3689 = FILL_AREA_STYLE_COLOUR ( '', #10133 ) ;
#3690 = CARTESIAN_POINT ( 'NONE',  ( 0.007999999999999988023, -0.06599999999999998923, -0.03300000000000005707 ) ) ;
#3691 = VECTOR ( 'NONE', #2546, 39.37007874015748143 ) ;
#3692 =( CONVERSION_BASED_UNIT ( 'INCH', #4684 ) LENGTH_UNIT ( ) NAMED_UNIT ( #8698 ) );
#3693 = PLANE ( 'NONE',  #2389 ) ;
#3694 = PRESENTATION_LAYER_ASSIGNMENT (  '', '', ( #9584 ) ) ;
#3695 = DIRECTION ( 'NONE',  ( 0.000000000000000000, -1.000000000000000000, -0.000000000000000000 ) ) ;
#3696 = EDGE_LOOP ( 'NONE', ( #6145, #1757, #860, #10180 ) ) ;
#3697 = SURFACE_STYLE_FILL_AREA ( #6269 ) ;
#3698 = DIRECTION ( 'NONE',  ( 0.000000000000000000, -0.000000000000000000, -1.000000000000000000 ) ) ;
#3699 = UNCERTAINTY_MEASURE_WITH_UNIT (LENGTH_MEASURE( 1.000000000000000082E-05 ), #6271, 'distance_accuracy_value', 'NONE');
#3700 = DIMENSIONAL_EXPONENTS ( 1.000000000000000000, 0.000000000000000000, 0.000000000000000000, 0.000000000000000000, 0.000000000000000000, 0.000000000000000000, 0.000000000000000000 ) ;
#3701 = FILL_AREA_STYLE ('',( #78 ) ) ;
#3702 = ORIENTED_EDGE ( 'NONE', *, *, #2344, .T. ) ;
#3703 = DIRECTION ( 'NONE',  ( -1.000000000000000000, -0.000000000000000000, 0.000000000000000000 ) ) ;
#3704 = AXIS2_PLACEMENT_3D ( 'NONE', #11127, #2943, #6578 ) ;
#3705 = CARTESIAN_POINT ( 'NONE',  ( 0.002999999999999957562, 0.1849999999999999978, 0.02799999999999999711 ) ) ;
#3706 = FILL_AREA_STYLE_COLOUR ( '', #2009 ) ;
#3707 = SURFACE_STYLE_FILL_AREA ( #3052 ) ;
#3708 = ORIENTED_EDGE ( 'NONE', *, *, #3819, .T. ) ;
#3709 =( CONVERSION_BASED_UNIT ( 'INCH', #4036 ) LENGTH_UNIT ( ) NAMED_UNIT ( #4576 ) );
#3710 = LINE ( 'NONE', #1918, #6140 ) ;
#3711 = UNCERTAINTY_MEASURE_WITH_UNIT (LENGTH_MEASURE( 1.000000000000000082E-05 ), #1811, 'distance_accuracy_value', 'NONE');
#3712 = VECTOR ( 'NONE', #11282, 39.37007874015748143 ) ;
#3713 = LENGTH_MEASURE_WITH_UNIT ( LENGTH_MEASURE( 0.02539999999999999897 ), #6576 );
#3714 = MECHANICAL_DESIGN_GEOMETRIC_PRESENTATION_REPRESENTATION (  '', ( #5998 ), #4455 ) ;
#3715 = SURFACE_STYLE_FILL_AREA ( #7328 ) ;
#3716 = MECHANICAL_DESIGN_GEOMETRIC_PRESENTATION_REPRESENTATION (  '', ( #9042 ), #9230 ) ;
#3717 = DIRECTION ( 'NONE',  ( -0.000000000000000000, -0.000000000000000000, -1.000000000000000000 ) ) ;
#3718 = ORIENTED_EDGE ( 'NONE', *, *, #2666, .F. ) ;
#3719 = VERTEX_POINT ( 'NONE', #8912 ) ;
#3720 = MECHANICAL_DESIGN_GEOMETRIC_PRESENTATION_REPRESENTATION (  '', ( #8836 ), #9234 ) ;
#3721 = LENGTH_MEASURE_WITH_UNIT ( LENGTH_MEASURE( 0.02539999999999999897 ), #10034 );
#3722 = SURFACE_STYLE_USAGE ( .BOTH. , #4479 ) ;
#3723 =( LENGTH_UNIT ( ) NAMED_UNIT ( * ) SI_UNIT ( $, .METRE. ) );
#3724 = AXIS2_PLACEMENT_3D ( 'NONE', #5092, #7225, #8735 ) ;
#3725 = FILL_AREA_STYLE_COLOUR ( '', #7128 ) ;
#3726 = VECTOR ( 'NONE', #2438, 39.37007874015748143 ) ;
#3727 = DIRECTION ( 'NONE',  ( -0.000000000000000000, -1.000000000000000000, -0.000000000000000000 ) ) ;
#3728 = ORIENTED_EDGE ( 'NONE', *, *, #8526, .F. ) ;
#3729 =( CONVERSION_BASED_UNIT ( 'INCH', #2785 ) LENGTH_UNIT ( ) NAMED_UNIT ( #3076 ) );
#3730 = COLOUR_RGB ( '',1.000000000000000000, 0.000000000000000000, 0.000000000000000000 ) ;
#3731 = CARTESIAN_POINT ( 'NONE',  ( -0.04200000000000003036, -0.06600000000000000311, -0.01700000000000002898 ) ) ;
#3732 =( LENGTH_UNIT ( ) NAMED_UNIT ( * ) SI_UNIT ( $, .METRE. ) );
#3733 = MECHANICAL_DESIGN_GEOMETRIC_PRESENTATION_REPRESENTATION (  '', ( #9432 ), #10396 ) ;
#3734 =( LENGTH_UNIT ( ) NAMED_UNIT ( * ) SI_UNIT ( $, .METRE. ) );
#3735 = FILL_AREA_STYLE ('',( #8741 ) ) ;
#3736 = VECTOR ( 'NONE', #8288, 39.37007874015748854 ) ;
#3737 = CARTESIAN_POINT ( 'NONE',  ( 0.000000000000000000, 0.04499999999999999833, 0.02500000000000000139 ) ) ;
#3738 = ORIENTED_EDGE ( 'NONE', *, *, #325, .T. ) ;
#3739 = EDGE_CURVE ( 'NONE', #11574, #5075, #5338, .T. ) ;
#3740 =( NAMED_UNIT ( * ) SI_UNIT ( $, .STERADIAN. ) SOLID_ANGLE_UNIT ( ) );
#3741 = ORIENTED_EDGE ( 'NONE', *, *, #4439, .F. ) ;
#3742 = COLOUR_RGB ( '',0.8627450980392157298, 0.6274509803921568540, 0.05882352941176470507 ) ;
#3743 = STYLED_ITEM ( 'NONE', ( #6694 ), #9215 ) ;
#3744 = ORIENTED_EDGE ( 'NONE', *, *, #11128, .T. ) ;
#3745 = ORIENTED_EDGE ( 'NONE', *, *, #3064, .T. ) ;
#3746 = ADVANCED_FACE ( 'NONE', ( #2619 ), #4369, .T. ) ;
#3747 = LINE ( 'NONE', #5650, #10716 ) ;
#3748 = CARTESIAN_POINT ( 'NONE',  ( 0.05800000000000000294, 0.2099999999999999922, -0.03300000000000000155 ) ) ;
#3749 = CARTESIAN_POINT ( 'NONE',  ( 0.1029999999999999943, -0.07499999999999999722, 0.1199999999999999956 ) ) ;
#3750 = PLANE ( 'NONE',  #1033 ) ;
#3751 = STYLED_ITEM ( 'NONE', ( #1710 ), #10322 ) ;
#3752 = ADVANCED_FACE ( 'NONE', ( #5712 ), #8301, .F. ) ;
#3753 = CARTESIAN_POINT ( 'NONE',  ( 0.002999999999999991823, -0.07499999999999999722, 0.02799999999999999711 ) ) ;
#3754 = CARTESIAN_POINT ( 'NONE',  ( -0.3109999999999999987, 0.000000000000000000, 0.02500000000000000139 ) ) ;
#3755 = CARTESIAN_POINT ( 'NONE',  ( 0.1079999999999999988, 0.05000000000000000278, 0.01700000000000000122 ) ) ;
#3756 = CARTESIAN_POINT ( 'NONE',  ( -0.1079999999999999988, -0.06600000000000000311, -0.01700000000000000122 ) ) ;
#3757 = VECTOR ( 'NONE', #3307, 39.37007874015748143 ) ;
#3758 = ADVANCED_FACE ( 'NONE', ( #2968 ), #7360, .T. ) ;
#3759 = ORIENTED_EDGE ( 'NONE', *, *, #8811, .T. ) ;
#3760 = SURFACE_SIDE_STYLE ('',( #9293 ) ) ;
#3761 = DIMENSIONAL_EXPONENTS ( 1.000000000000000000, 0.000000000000000000, 0.000000000000000000, 0.000000000000000000, 0.000000000000000000, 0.000000000000000000, 0.000000000000000000 ) ;
#3762 = SURFACE_STYLE_FILL_AREA ( #7138 ) ;
#3763 = SURFACE_STYLE_FILL_AREA ( #6623 ) ;
#3764 = DIRECTION ( 'NONE',  ( 0.000000000000000000, -0.000000000000000000, 1.000000000000000000 ) ) ;
#3765 = FILL_AREA_STYLE ('',( #1848 ) ) ;
#3766 = EDGE_CURVE ( 'NONE', #9084, #3908, #5766, .T. ) ;
#3767 =( GEOMETRIC_REPRESENTATION_CONTEXT ( 3 ) GLOBAL_UNCERTAINTY_ASSIGNED_CONTEXT ( ( #1335 ) ) GLOBAL_UNIT_ASSIGNED_CONTEXT ( ( #10664, #11554, #6891 ) ) REPRESENTATION_CONTEXT ( 'NONE', 'WORKASPACE' ) );
#3768 = PRESENTATION_LAYER_ASSIGNMENT (  '', '', ( #8500 ) ) ;
#3769 = ORIENTED_EDGE ( 'NONE', *, *, #4968, .F. ) ;
#3770 = SURFACE_STYLE_FILL_AREA ( #211 ) ;
#3771 = LINE ( 'NONE', #797, #7135 ) ;
#3772 = UNCERTAINTY_MEASURE_WITH_UNIT (LENGTH_MEASURE( 1.000000000000000082E-05 ), #10668, 'distance_accuracy_value', 'NONE');
#3773 = LENGTH_MEASURE_WITH_UNIT ( LENGTH_MEASURE( 0.02539999999999999897 ), #11119 );
#3774 = VECTOR ( 'NONE', #3568, 39.37007874015748143 ) ;
#3775 =( GEOMETRIC_REPRESENTATION_CONTEXT ( 3 ) GLOBAL_UNCERTAINTY_ASSIGNED_CONTEXT ( ( #7255 ) ) GLOBAL_UNIT_ASSIGNED_CONTEXT ( ( #6084, #8792, #9648 ) ) REPRESENTATION_CONTEXT ( 'NONE', 'WORKASPACE' ) );
#3776 = FILL_AREA_STYLE ('',( #9474 ) ) ;
#3777 = DIRECTION ( 'NONE',  ( 1.000000000000000000, -0.000000000000000000, 0.000000000000000000 ) ) ;
#3778 =( NAMED_UNIT ( * ) SI_UNIT ( $, .STERADIAN. ) SOLID_ANGLE_UNIT ( ) );
#3779 = DIRECTION ( 'NONE',  ( 0.000000000000000000, -1.000000000000000000, -0.000000000000000000 ) ) ;
#3780 = CARTESIAN_POINT ( 'NONE',  ( 0.007999999999999989758, 0.04000000000000000777, 0.1199999999999999956 ) ) ;
#3781 = LINE ( 'NONE', #10277, #6590 ) ;
#3782 = EDGE_LOOP ( 'NONE', ( #5933, #6247, #10366, #9627 ) ) ;
#3783 = EDGE_LOOP ( 'NONE', ( #7233, #8780, #9912, #7674 ) ) ;
#3784 = VECTOR ( 'NONE', #4766, 39.37007874015748143 ) ;
#3785 = CARTESIAN_POINT ( 'NONE',  ( -0.1250000000000000000, 0.2099999999999999922, 0.09499999999999998723 ) ) ;
#3786 = AXIS2_PLACEMENT_3D ( 'NONE', #9460, #1308, #8368 ) ;
#3787 =( LENGTH_UNIT ( ) NAMED_UNIT ( * ) SI_UNIT ( $, .METRE. ) );
#3788 = LINE ( 'NONE', #288, #6198 ) ;
#3789 = CARTESIAN_POINT ( 'NONE',  ( 0.007999999999999989758, 0.1759999999999999898, 0.1199999999999999956 ) ) ;
#3790 = CARTESIAN_POINT ( 'NONE',  ( 0.04200000000000000955, -0.06600000000000000311, 0.1199999999999999956 ) ) ;
#3791 = ORIENTED_EDGE ( 'NONE', *, *, #10721, .T. ) ;
#3792 = CARTESIAN_POINT ( 'NONE',  ( -0.008000000000000003636, 0.1759999999999999898, -0.01700000000000003939 ) ) ;
#3793 = DIRECTION ( 'NONE',  ( -0.4368520283305170615, -0.7863336509949377939, -0.4368520283305144525 ) ) ;
#3794 = CARTESIAN_POINT ( 'NONE',  ( 0.002999999999999990088, -0.07499999999999999722, 0.1199999999999999956 ) ) ;
#3795 = SURFACE_SIDE_STYLE ('',( #2120 ) ) ;
#3796 = STYLED_ITEM ( 'NONE', ( #8559 ), #5172 ) ;
#3797 = VECTOR ( 'NONE', #8582, 39.37007874015748143 ) ;
#3798 = LINE ( 'NONE', #4897, #3041 ) ;
#3799 = DIRECTION ( 'NONE',  ( 0.000000000000000000, 0.000000000000000000, -1.000000000000000000 ) ) ;
#3800 = ORIENTED_EDGE ( 'NONE', *, *, #3376, .F. ) ;
#3801 = EDGE_CURVE ( 'NONE', #11574, #8966, #5828, .T. ) ;
#3802 = CARTESIAN_POINT ( 'NONE',  ( -0.008000000000000010575, 0.04000000000000000083, 0.1199999999999999956 ) ) ;
#3803 = CARTESIAN_POINT ( 'NONE',  ( 0.04200000000000000955, 0.06499999999999998834, 0.01700000000000000122 ) ) ;
#3804 = VECTOR ( 'NONE', #10232, 39.37007874015748143 ) ;
#3805 = ORIENTED_EDGE ( 'NONE', *, *, #1750, .F. ) ;
#3806 = SURFACE_SIDE_STYLE ('',( #2187 ) ) ;
#3807 = ORIENTED_EDGE ( 'NONE', *, *, #10555, .F. ) ;
#3808 = ADVANCED_FACE ( 'NONE', ( #3202, #4905, #4182, #6827, #6770, #8718, #1524, #4954, #9570, #11479, #2484 ), #3138, .T. ) ;
#3809 = FACE_OUTER_BOUND ( 'NONE', #5941, .T. ) ;
#3810 = DIRECTION ( 'NONE',  ( 0.000000000000000000, -1.000000000000000000, 0.000000000000000000 ) ) ;
#3811 = COLOUR_RGB ( '',0.8627450980392157298, 0.6274509803921568540, 0.05882352941176470507 ) ;
#3812 = VECTOR ( 'NONE', #2196, 39.37007874015748143 ) ;
#3813 =( LENGTH_UNIT ( ) NAMED_UNIT ( * ) SI_UNIT ( $, .METRE. ) );
#3814 = LINE ( 'NONE', #1030, #2095 ) ;
#3815 = ORIENTED_EDGE ( 'NONE', *, *, #11195, .F. ) ;
#3816 = SURFACE_SIDE_STYLE ('',( #8372 ) ) ;
#3817 =( NAMED_UNIT ( * ) PLANE_ANGLE_UNIT ( ) SI_UNIT ( $, .RADIAN. ) );
#3818 = ORIENTED_EDGE ( 'NONE', *, *, #2746, .F. ) ;
#3819 = EDGE_CURVE ( 'NONE', #8464, #5827, #3380, .T. ) ;
#3820 = CARTESIAN_POINT ( 'NONE',  ( 0.09199999999999999845, 0.2099999999999999922, 0.03300000000000000155 ) ) ;
#3821 = SURFACE_SIDE_STYLE ('',( #206 ) ) ;
#3822 = UNCERTAINTY_MEASURE_WITH_UNIT (LENGTH_MEASURE( 1.000000000000000082E-05 ), #5181, 'distance_accuracy_value', 'NONE');
#3823 =( NAMED_UNIT ( * ) SI_UNIT ( $, .STERADIAN. ) SOLID_ANGLE_UNIT ( ) );
#3824 =( GEOMETRIC_REPRESENTATION_CONTEXT ( 3 ) GLOBAL_UNCERTAINTY_ASSIGNED_CONTEXT ( ( #6574 ) ) GLOBAL_UNIT_ASSIGNED_CONTEXT ( ( #4072, #593, #10584 ) ) REPRESENTATION_CONTEXT ( 'NONE', 'WORKASPACE' ) );
#3825 = AXIS2_PLACEMENT_3D ( 'NONE', #2906, #4556, #8294 ) ;
#3826 = EDGE_LOOP ( 'NONE', ( #3854, #10451, #10824, #8878 ) ) ;
#3827 = EDGE_CURVE ( 'NONE', #934, #10342, #8589, .T. ) ;
#3828 =( LENGTH_UNIT ( ) NAMED_UNIT ( * ) SI_UNIT ( $, .METRE. ) );
#3829 = LINE ( 'NONE', #4875, #7061 ) ;
#3830 = CARTESIAN_POINT ( 'NONE',  ( 0.02500000000000000486, 0.05000000000000000971, -0.005000000000000000104 ) ) ;
#3831 = UNCERTAINTY_MEASURE_WITH_UNIT (LENGTH_MEASURE( 1.000000000000000082E-05 ), #3204, 'distance_accuracy_value', 'NONE');
#3832 = ADVANCED_FACE ( 'NONE', ( #2302 ), #1471, .F. ) ;
#3833 = DIRECTION ( 'NONE',  ( 1.000000000000000000, -0.000000000000000000, 0.000000000000000000 ) ) ;
#3834 = DIMENSIONAL_EXPONENTS ( 1.000000000000000000, 0.000000000000000000, 0.000000000000000000, 0.000000000000000000, 0.000000000000000000, 0.000000000000000000, 0.000000000000000000 ) ;
#3835 =( LENGTH_UNIT ( ) NAMED_UNIT ( * ) SI_UNIT ( $, .METRE. ) );
#3836 = ORIENTED_EDGE ( 'NONE', *, *, #939, .F. ) ;
#3837 = ORIENTED_EDGE ( 'NONE', *, *, #11456, .T. ) ;
#3838 = DIRECTION ( 'NONE',  ( 0.000000000000000000, 0.8741572761215407050, -0.4856429311786268355 ) ) ;
#3839 = STYLED_ITEM ( 'NONE', ( #6807 ), #3527 ) ;
#3840 =( NAMED_UNIT ( * ) SI_UNIT ( $, .STERADIAN. ) SOLID_ANGLE_UNIT ( ) );
#3841 = CARTESIAN_POINT ( 'NONE',  ( 0.007999999999999989758, 0.04999999999999999584, -0.03299999999999999462 ) ) ;
#3842 = DIRECTION ( 'NONE',  ( 0.000000000000000000, 0.000000000000000000, -1.000000000000000000 ) ) ;
#3843 = ORIENTED_EDGE ( 'NONE', *, *, #11122, .F. ) ;
#3844 = CARTESIAN_POINT ( 'NONE',  ( 0.1079999999999999988, 0.05000000000000000278, 0.01700000000000000122 ) ) ;
#3845 = FILL_AREA_STYLE_COLOUR ( '', #8574 ) ;
#3846 =( LENGTH_UNIT ( ) NAMED_UNIT ( * ) SI_UNIT ( $, .METRE. ) );
#3847 =( NAMED_UNIT ( * ) SI_UNIT ( $, .STERADIAN. ) SOLID_ANGLE_UNIT ( ) );
#3848 =( GEOMETRIC_REPRESENTATION_CONTEXT ( 3 ) GLOBAL_UNCERTAINTY_ASSIGNED_CONTEXT ( ( #9421 ) ) GLOBAL_UNIT_ASSIGNED_CONTEXT ( ( #9872, #8178, #6188 ) ) REPRESENTATION_CONTEXT ( 'NONE', 'WORKASPACE' ) );
#3849 = CARTESIAN_POINT ( 'NONE',  ( -0.2879999999999999782, 0.2099999999999999922, -0.1000000000000000056 ) ) ;
#3850 = CARTESIAN_POINT ( 'NONE',  ( 0.09699999999999998901, -0.07499999999999999722, -0.02200000000000005770 ) ) ;
#3851 = ORIENTED_EDGE ( 'NONE', *, *, #2651, .T. ) ;
#3852 =( LENGTH_UNIT ( ) NAMED_UNIT ( * ) SI_UNIT ( $, .METRE. ) );
#3853 = DIRECTION ( 'NONE',  ( -1.000000000000000000, 0.000000000000000000, -0.000000000000000000 ) ) ;
#3854 = ORIENTED_EDGE ( 'NONE', *, *, #7638, .F. ) ;
#3855 = VECTOR ( 'NONE', #2764, 39.37007874015748143 ) ;
#3856 = ORIENTED_EDGE ( 'NONE', *, *, #947, .T. ) ;
#3857 = VECTOR ( 'NONE', #6734, 39.37007874015748143 ) ;
#3858 = VECTOR ( 'NONE', #11106, 39.37007874015748854 ) ;
#3859 = LENGTH_MEASURE_WITH_UNIT ( LENGTH_MEASURE( 0.02539999999999999897 ), #6715 );
#3860 = SURFACE_STYLE_FILL_AREA ( #1083 ) ;
#3861 = EDGE_CURVE ( 'NONE', #944, #6291, #765, .T. ) ;
#3862 =( NAMED_UNIT ( * ) PLANE_ANGLE_UNIT ( ) SI_UNIT ( $, .RADIAN. ) );
#3863 = SURFACE_STYLE_FILL_AREA ( #3922 ) ;
#3864 = CARTESIAN_POINT ( 'NONE',  ( -0.1079999999999999988, 0.06499999999999998834, -0.01700000000000000122 ) ) ;
#3865 = DIRECTION ( 'NONE',  ( 1.000000000000000000, 0.000000000000000000, 0.000000000000000000 ) ) ;
#3866 = MECHANICAL_DESIGN_GEOMETRIC_PRESENTATION_REPRESENTATION (  '', ( #9185 ), #3294 ) ;
#3867 = VERTEX_POINT ( 'NONE', #6175 ) ;
#3868 = VECTOR ( 'NONE', #9193, 39.37007874015748143 ) ;
#3869 = DIRECTION ( 'NONE',  ( 0.000000000000000000, 0.000000000000000000, -1.000000000000000000 ) ) ;
#3870 = EDGE_CURVE ( 'NONE', #2835, #5451, #9094, .T. ) ;
#3871 = PLANE ( 'NONE',  #4112 ) ;
#3872 = ORIENTED_EDGE ( 'NONE', *, *, #11710, .F. ) ;
#3873 = STYLED_ITEM ( 'NONE', ( #5389 ), #2564 ) ;
#3874 = CARTESIAN_POINT ( 'NONE',  ( -0.05800000000000000294, 0.2099999999999999922, 0.03300000000000000155 ) ) ;
#3875 = CARTESIAN_POINT ( 'NONE',  ( 0.1079999999999999988, -0.07499999999999999722, 0.02799999999999999711 ) ) ;
#3876 = FILL_AREA_STYLE_COLOUR ( '', #4029 ) ;
#3877 = SURFACE_STYLE_USAGE ( .BOTH. , #4753 ) ;
#3878 = LINE ( 'NONE', #8326, #11412 ) ;
#3879 = ORIENTED_EDGE ( 'NONE', *, *, #8175, .F. ) ;
#3880 = EDGE_CURVE ( 'NONE', #7628, #11712, #10705, .T. ) ;
#3881 = EDGE_CURVE ( 'NONE', #7780, #4615, #1630, .T. ) ;
#3882 = FILL_AREA_STYLE ('',( #266 ) ) ;
#3883 = UNCERTAINTY_MEASURE_WITH_UNIT (LENGTH_MEASURE( 1.000000000000000082E-05 ), #8752, 'distance_accuracy_value', 'NONE');
#3884 = PRESENTATION_STYLE_ASSIGNMENT (( #2044 ) ) ;
#3885 = SURFACE_STYLE_USAGE ( .BOTH. , #9306 ) ;
#3886 = ADVANCED_FACE ( 'NONE', ( #10957 ), #1806, .F. ) ;
#3887 = DIRECTION ( 'NONE',  ( 0.000000000000000000, 0.000000000000000000, -1.000000000000000000 ) ) ;
#3888 = CARTESIAN_POINT ( 'NONE',  ( 0.1079999999999999988, -0.06600000000000000311, 0.03300000000000000155 ) ) ;
#3889 = LINE ( 'NONE', #6579, #11802 ) ;
#3890 = EDGE_CURVE ( 'NONE', #8008, #138, #954, .T. ) ;
#3891 = LINE ( 'NONE', #8452, #6766 ) ;
#3892 = ORIENTED_EDGE ( 'NONE', *, *, #5997, .T. ) ;
#3893 = ORIENTED_EDGE ( 'NONE', *, *, #1588, .T. ) ;
#3894 = EDGE_CURVE ( 'NONE', #1353, #8687, #7227, .T. ) ;
#3895 = FACE_OUTER_BOUND ( 'NONE', #10971, .T. ) ;
#3896 = PRESENTATION_STYLE_ASSIGNMENT (( #5560 ) ) ;
#3897 = SURFACE_SIDE_STYLE ('',( #9260 ) ) ;
#3898 = EDGE_CURVE ( 'NONE', #8097, #6441, #4416, .T. ) ;
#3899 = FILL_AREA_STYLE ('',( #2117 ) ) ;
#3900 = VERTEX_POINT ( 'NONE', #8040 ) ;
#3901 = LINE ( 'NONE', #4777, #5662 ) ;
#3902 = PRESENTATION_LAYER_ASSIGNMENT (  '', '', ( #9980 ) ) ;
#3903 = FILL_AREA_STYLE ('',( #1401 ) ) ;
#3904 = PRESENTATION_LAYER_ASSIGNMENT (  '', '', ( #7676 ) ) ;
#3905 = COLOUR_RGB ( '',0.8627450980392157298, 0.6274509803921568540, 0.05882352941176470507 ) ;
#3906 =( NAMED_UNIT ( * ) SI_UNIT ( $, .STERADIAN. ) SOLID_ANGLE_UNIT ( ) );
#3907 = ADVANCED_FACE ( 'NONE', ( #7172 ), #5193, .F. ) ;
#3908 = VERTEX_POINT ( 'NONE', #1878 ) ;
#3909 = VECTOR ( 'NONE', #8606, 39.37007874015748143 ) ;
#3910 = VECTOR ( 'NONE', #7528, 39.37007874015748143 ) ;
#3911 = CARTESIAN_POINT ( 'NONE',  ( 0.1079999999999999988, 0.1759999999999999898, -0.03300000000000000155 ) ) ;
#3912 = DIMENSIONAL_EXPONENTS ( 1.000000000000000000, 0.000000000000000000, 0.000000000000000000, 0.000000000000000000, 0.000000000000000000, 0.000000000000000000, 0.000000000000000000 ) ;
#3913 = VECTOR ( 'NONE', #9984, 39.37007874015748143 ) ;
#3914 = VECTOR ( 'NONE', #11662, 39.37007874015748143 ) ;
#3915 = EDGE_LOOP ( 'NONE', ( #5120, #3119, #2080, #1559 ) ) ;
#3916 = CARTESIAN_POINT ( 'NONE',  ( -0.008000000000000007105, -0.06600000000000000311, -0.03300000000000000155 ) ) ;
#3917 = ORIENTED_EDGE ( 'NONE', *, *, #5909, .T. ) ;
#3918 =( CONVERSION_BASED_UNIT ( 'INCH', #10298 ) LENGTH_UNIT ( ) NAMED_UNIT ( #1191 ) );
#3919 = VECTOR ( 'NONE', #8349, 39.37007874015748143 ) ;
#3920 = UNCERTAINTY_MEASURE_WITH_UNIT (LENGTH_MEASURE( 1.000000000000000082E-05 ), #4687, 'distance_accuracy_value', 'NONE');
#3921 = AXIS2_PLACEMENT_3D ( 'NONE', #5014, #527, #4473 ) ;
#3922 = FILL_AREA_STYLE ('',( #188 ) ) ;
#3923 = CARTESIAN_POINT ( 'NONE',  ( 0.002999999999999993124, -0.07499999999999998335, 0.02799999999999999364 ) ) ;
#3924 = STYLED_ITEM ( 'NONE', ( #1395 ), #10019 ) ;
#3925 = PRESENTATION_STYLE_ASSIGNMENT (( #425 ) ) ;
#3926 = VERTEX_POINT ( 'NONE', #1231 ) ;
#3927 = AXIS2_PLACEMENT_3D ( 'NONE', #8018, #79, #10020 ) ;
#3928 = LENGTH_MEASURE_WITH_UNIT ( LENGTH_MEASURE( 0.02539999999999999897 ), #5725 );
#3929 = VERTEX_POINT ( 'NONE', #9154 ) ;
#3930 = MECHANICAL_DESIGN_GEOMETRIC_PRESENTATION_REPRESENTATION (  '', ( #5448 ), #2032 ) ;
#3931 = LENGTH_MEASURE_WITH_UNIT ( LENGTH_MEASURE( 0.02539999999999999897 ), #7485 );
#3932 = PRESENTATION_LAYER_ASSIGNMENT (  '', '', ( #4483 ) ) ;
#3933 = SURFACE_SIDE_STYLE ('',( #9294 ) ) ;
#3934 = EDGE_LOOP ( 'NONE', ( #10836, #7722, #178, #2566 ) ) ;
#3935 =( LENGTH_UNIT ( ) NAMED_UNIT ( * ) SI_UNIT ( $, .METRE. ) );
#3936 =( NAMED_UNIT ( * ) SI_UNIT ( $, .STERADIAN. ) SOLID_ANGLE_UNIT ( ) );
#3937 = UNCERTAINTY_MEASURE_WITH_UNIT (LENGTH_MEASURE( 1.000000000000000082E-05 ), #10329, 'distance_accuracy_value', 'NONE');
#3938 = STYLED_ITEM ( 'NONE', ( #6108 ), #4233 ) ;
#3939 = EDGE_CURVE ( 'NONE', #8199, #1632, #3901, .T. ) ;
#3940 =( CONVERSION_BASED_UNIT ( 'INCH', #11227 ) LENGTH_UNIT ( ) NAMED_UNIT ( #3630 ) );
#3941 = FILL_AREA_STYLE ('',( #335 ) ) ;
#3942 = FACE_OUTER_BOUND ( 'NONE', #6542, .T. ) ;
#3943 = EDGE_CURVE ( 'NONE', #8889, #11573, #7521, .T. ) ;
#3944 = PRESENTATION_STYLE_ASSIGNMENT (( #4928 ) ) ;
#3945 = STYLED_ITEM ( 'NONE', ( #4200 ), #4432 ) ;
#3946 = UNCERTAINTY_MEASURE_WITH_UNIT (LENGTH_MEASURE( 1.000000000000000082E-05 ), #841, 'distance_accuracy_value', 'NONE');
#3947 = AXIS2_PLACEMENT_3D ( 'NONE', #3802, #832, #6543 ) ;
#3948 =( NAMED_UNIT ( * ) SI_UNIT ( $, .STERADIAN. ) SOLID_ANGLE_UNIT ( ) );
#3949 = CARTESIAN_POINT ( 'NONE',  ( 0.1079999999999999988, 0.04000000000000001471, -0.01700000000000000122 ) ) ;
#3950 = DIRECTION ( 'NONE',  ( -0.000000000000000000, -1.778546870875169980E-16, 1.000000000000000000 ) ) ;
#3951 = CARTESIAN_POINT ( 'NONE',  ( 0.1079999999999999988, 0.04000000000000000083, -0.01700000000000000122 ) ) ;
#3952 = EDGE_LOOP ( 'NONE', ( #11441, #3149, #8400, #6783 ) ) ;
#3953 = VERTEX_POINT ( 'NONE', #103 ) ;
#3954 = FACE_OUTER_BOUND ( 'NONE', #3508, .T. ) ;
#3955 =( LENGTH_UNIT ( ) NAMED_UNIT ( * ) SI_UNIT ( $, .METRE. ) );
#3956 =( LENGTH_UNIT ( ) NAMED_UNIT ( * ) SI_UNIT ( $, .METRE. ) );
#3957 = VECTOR ( 'NONE', #8044, 39.37007874015748143 ) ;
#3958 = COLOUR_RGB ( '',0.8627450980392157298, 0.6274509803921568540, 0.05882352941176470507 ) ;
#3959 = ORIENTED_EDGE ( 'NONE', *, *, #3665, .F. ) ;
#3960 = DIRECTION ( 'NONE',  ( -1.000000000000000000, -0.000000000000000000, 0.000000000000000000 ) ) ;
#3961 = EDGE_CURVE ( 'NONE', #8152, #4651, #4829, .T. ) ;
#3962 = SURFACE_STYLE_FILL_AREA ( #524 ) ;
#3963 = STYLED_ITEM ( 'NONE', ( #8392 ), #5151 ) ;
#3964 = COLOUR_RGB ( '',0.8627450980392157298, 0.6274509803921568540, 0.05882352941176470507 ) ;
#3965 = ORIENTED_EDGE ( 'NONE', *, *, #7437, .T. ) ;
#3966 = FACE_OUTER_BOUND ( 'NONE', #8620, .T. ) ;
#3967 = ORIENTED_EDGE ( 'NONE', *, *, #9620, .T. ) ;
#3968 = EDGE_CURVE ( 'NONE', #9406, #11474, #7344, .T. ) ;
#3969 = ORIENTED_EDGE ( 'NONE', *, *, #2002, .F. ) ;
#3970 = LINE ( 'NONE', #7698, #4215 ) ;
#3971 =( NAMED_UNIT ( * ) PLANE_ANGLE_UNIT ( ) SI_UNIT ( $, .RADIAN. ) );
#3972 = DIRECTION ( 'NONE',  ( 0.000000000000000000, -1.000000000000000000, 0.000000000000000000 ) ) ;
#3973 = FACE_OUTER_BOUND ( 'NONE', #11373, .T. ) ;
#3974 = DIRECTION ( 'NONE',  ( -0.000000000000000000, 1.000000000000000000, 0.000000000000000000 ) ) ;
#3975 = DIRECTION ( 'NONE',  ( -0.000000000000000000, -0.000000000000000000, -1.000000000000000000 ) ) ;
#3976 = VERTEX_POINT ( 'NONE', #6475 ) ;
#3977 =( NAMED_UNIT ( * ) PLANE_ANGLE_UNIT ( ) SI_UNIT ( $, .RADIAN. ) );
#3978 = PRESENTATION_STYLE_ASSIGNMENT (( #5953 ) ) ;
#3979 = CARTESIAN_POINT ( 'NONE',  ( -0.008000000000000010575, 0.06499999999999998834, 0.03300000000000000155 ) ) ;
#3980 = ORIENTED_EDGE ( 'NONE', *, *, #1018, .F. ) ;
#3981 = LINE ( 'NONE', #7604, #9213 ) ;
#3982 = DIMENSIONAL_EXPONENTS ( 1.000000000000000000, 0.000000000000000000, 0.000000000000000000, 0.000000000000000000, 0.000000000000000000, 0.000000000000000000, 0.000000000000000000 ) ;
#3983 =( NAMED_UNIT ( * ) PLANE_ANGLE_UNIT ( ) SI_UNIT ( $, .RADIAN. ) );
#3984 = VERTEX_POINT ( 'NONE', #3016 ) ;
#3985 = LINE ( 'NONE', #10129, #3858 ) ;
#3986 = DIRECTION ( 'NONE',  ( -0.4368520283305193375, -0.7863336509949346853, 0.4368520283305177832 ) ) ;
#3987 = FACE_OUTER_BOUND ( 'NONE', #767, .T. ) ;
#3988 =( NAMED_UNIT ( * ) PLANE_ANGLE_UNIT ( ) SI_UNIT ( $, .RADIAN. ) );
#3989 = FILL_AREA_STYLE_COLOUR ( '', #11155 ) ;
#3990 = LINE ( 'NONE', #9595, #8827 ) ;
#3991 = SURFACE_STYLE_USAGE ( .BOTH. , #6633 ) ;
#3992 = LENGTH_MEASURE_WITH_UNIT ( LENGTH_MEASURE( 0.02539999999999999897 ), #5916 );
#3993 = LINE ( 'NONE', #5682, #5398 ) ;
#3994 = LINE ( 'NONE', #4930, #6147 ) ;
#3995 = LENGTH_MEASURE_WITH_UNIT ( LENGTH_MEASURE( 0.02539999999999999897 ), #7012 );
#3996 =( CONVERSION_BASED_UNIT ( 'INCH', #3239 ) LENGTH_UNIT ( ) NAMED_UNIT ( #9546 ) );
#3997 = ORIENTED_EDGE ( 'NONE', *, *, #3880, .F. ) ;
#3998 = ORIENTED_EDGE ( 'NONE', *, *, #11262, .F. ) ;
#3999 =( NAMED_UNIT ( * ) SI_UNIT ( $, .STERADIAN. ) SOLID_ANGLE_UNIT ( ) );
#4000 =( NAMED_UNIT ( * ) PLANE_ANGLE_UNIT ( ) SI_UNIT ( $, .RADIAN. ) );
#4001 = EDGE_CURVE ( 'NONE', #11113, #9928, #10099, .T. ) ;
#4002 = LINE ( 'NONE', #11298, #329 ) ;
#4003 = DIRECTION ( 'NONE',  ( 0.000000000000000000, -0.4856429311786268355, -0.8741572761215407050 ) ) ;
#4004 = CARTESIAN_POINT ( 'NONE',  ( -0.09199999999999999845, 0.06499999999999998834, 0.03300000000000000155 ) ) ;
#4005 = ORIENTED_EDGE ( 'NONE', *, *, #4757, .F. ) ;
#4006 =( LENGTH_UNIT ( ) NAMED_UNIT ( * ) SI_UNIT ( $, .METRE. ) );
#4007 =( LENGTH_UNIT ( ) NAMED_UNIT ( * ) SI_UNIT ( $, .METRE. ) );
#4008 = PRESENTATION_LAYER_ASSIGNMENT (  '', '', ( #4760 ) ) ;
#4009 =( CONVERSION_BASED_UNIT ( 'INCH', #10512 ) LENGTH_UNIT ( ) NAMED_UNIT ( #9902 ) );
#4010 = FILL_AREA_STYLE_COLOUR ( '', #8949 ) ;
#4011 = DIRECTION ( 'NONE',  ( -1.000000000000000000, -0.000000000000000000, 0.000000000000000000 ) ) ;
#4012 = ORIENTED_EDGE ( 'NONE', *, *, #7931, .T. ) ;
#4013 = SURFACE_STYLE_USAGE ( .BOTH. , #6764 ) ;
#4014 = EDGE_CURVE ( 'NONE', #4936, #4794, #6650, .T. ) ;
#4015 = VERTEX_POINT ( 'NONE', #3792 ) ;
#4016 = ORIENTED_EDGE ( 'NONE', *, *, #3376, .T. ) ;
#4017 =( CONVERSION_BASED_UNIT ( 'INCH', #421 ) LENGTH_UNIT ( ) NAMED_UNIT ( #8672 ) );
#4018 = PRESENTATION_STYLE_ASSIGNMENT (( #2020 ) ) ;
#4019 = VECTOR ( 'NONE', #9557, 39.37007874015748143 ) ;
#4020 = UNCERTAINTY_MEASURE_WITH_UNIT (LENGTH_MEASURE( 1.000000000000000082E-05 ), #7828, 'distance_accuracy_value', 'NONE');
#4021 = EDGE_CURVE ( 'NONE', #5036, #6107, #10287, .T. ) ;
#4022 = CARTESIAN_POINT ( 'NONE',  ( 0.02220491502812529938, 0.05000000000000000278, -0.005000000000000000104 ) ) ;
#4023 = EDGE_CURVE ( 'NONE', #5921, #3576, #9263, .T. ) ;
#4024 = ORIENTED_EDGE ( 'NONE', *, *, #42, .F. ) ;
#4025 =( LENGTH_UNIT ( ) NAMED_UNIT ( * ) SI_UNIT ( $, .METRE. ) );
#4026 = DIMENSIONAL_EXPONENTS ( 1.000000000000000000, 0.000000000000000000, 0.000000000000000000, 0.000000000000000000, 0.000000000000000000, 0.000000000000000000, 0.000000000000000000 ) ;
#4027 = LENGTH_MEASURE_WITH_UNIT ( LENGTH_MEASURE( 0.02539999999999999897 ), #6786 );
#4028 = AXIS2_PLACEMENT_3D ( 'NONE', #9488, #9307, #4705 ) ;
#4029 = COLOUR_RGB ( '',0.8627450980392157298, 0.6274509803921568540, 0.05882352941176470507 ) ;
#4030 = CARTESIAN_POINT ( 'NONE',  ( -0.008000000000000007105, 0.1759999999999999898, 0.03300000000000000155 ) ) ;
#4031 = PRESENTATION_LAYER_ASSIGNMENT (  '', '', ( #2527 ) ) ;
#4032 = CARTESIAN_POINT ( 'NONE',  ( 0.1079999999999999849, 0.01999999999999999001, 0.01700000000000000469 ) ) ;
#4033 = EDGE_CURVE ( 'NONE', #5075, #4149, #1067, .T. ) ;
#4034 = ORIENTED_EDGE ( 'NONE', *, *, #628, .F. ) ;
#4035 = DIRECTION ( 'NONE',  ( 0.000000000000000000, 1.778546870875169980E-16, -1.000000000000000000 ) ) ;
#4036 = LENGTH_MEASURE_WITH_UNIT ( LENGTH_MEASURE( 0.02539999999999999897 ), #3828 );
#4037 = DIRECTION ( 'NONE',  ( -0.4368520283305180607, 0.7863336509949352404, -0.4368520283305180607 ) ) ;
#4038 = SURFACE_SIDE_STYLE ('',( #5099 ) ) ;
#4039 = CARTESIAN_POINT ( 'NONE',  ( 0.09199999999999999845, 0.06499999999999998834, -0.03300000000000000155 ) ) ;
#4040 = CARTESIAN_POINT ( 'NONE',  ( 0.05800000000000000294, 0.04000000000000000777, 0.1199999999999999956 ) ) ;
#4041 = UNCERTAINTY_MEASURE_WITH_UNIT (LENGTH_MEASURE( 1.000000000000000082E-05 ), #4057, 'distance_accuracy_value', 'NONE');
#4042 = VECTOR ( 'NONE', #243, 39.37007874015748143 ) ;
#4043 = FILL_AREA_STYLE ('',( #6030 ) ) ;
#4044 =( CONVERSION_BASED_UNIT ( 'INCH', #5910 ) LENGTH_UNIT ( ) NAMED_UNIT ( #2639 ) );
#4045 = FACE_OUTER_BOUND ( 'NONE', #7052, .T. ) ;
#4046 = VECTOR ( 'NONE', #608, 39.37007874015748143 ) ;
#4047 = PLANE ( 'NONE',  #64 ) ;
#4048 = PLANE ( 'NONE',  #8784 ) ;
#4049 = UNCERTAINTY_MEASURE_WITH_UNIT (LENGTH_MEASURE( 1.000000000000000082E-05 ), #11584, 'distance_accuracy_value', 'NONE');
#4050 = VECTOR ( 'NONE', #1809, 39.37007874015748143 ) ;
#4051 = CARTESIAN_POINT ( 'NONE',  ( -0.04200000000000000955, 0.2099999999999999922, -0.03300000000000000155 ) ) ;
#4052 = DIMENSIONAL_EXPONENTS ( 1.000000000000000000, 0.000000000000000000, 0.000000000000000000, 0.000000000000000000, 0.000000000000000000, 0.000000000000000000, 0.000000000000000000 ) ;
#4053 = PRESENTATION_LAYER_ASSIGNMENT (  '', '', ( #9587 ) ) ;
#4054 = DIRECTION ( 'NONE',  ( 0.000000000000000000, -0.000000000000000000, -1.000000000000000000 ) ) ;
#4055 = ORIENTED_EDGE ( 'NONE', *, *, #4439, .T. ) ;
#4056 = ORIENTED_EDGE ( 'NONE', *, *, #9142, .T. ) ;
#4057 =( CONVERSION_BASED_UNIT ( 'INCH', #10455 ) LENGTH_UNIT ( ) NAMED_UNIT ( #7102 ) );
#4058 = MECHANICAL_DESIGN_GEOMETRIC_PRESENTATION_REPRESENTATION (  '', ( #7660 ), #7821 ) ;
#4059 = ORIENTED_EDGE ( 'NONE', *, *, #6383, .T. ) ;
#4060 = LINE ( 'NONE', #2413, #1814 ) ;
#4061 = VERTEX_POINT ( 'NONE', #7408 ) ;
#4062 = CARTESIAN_POINT ( 'NONE',  ( -0.05000000000000000278, 0.2099999999999999922, -0.1000000000000000056 ) ) ;
#4063 = PRESENTATION_STYLE_ASSIGNMENT (( #5815 ) ) ;
#4064 = PRESENTATION_STYLE_ASSIGNMENT (( #6978 ) ) ;
#4065 = CARTESIAN_POINT ( 'NONE',  ( 0.1079999999999999988, 0.1849999999999999978, -0.02199999999999999872 ) ) ;
#4066 = LENGTH_MEASURE_WITH_UNIT ( LENGTH_MEASURE( 0.02539999999999999897 ), #7633 );
#4067 = FACE_OUTER_BOUND ( 'NONE', #918, .T. ) ;
#4068 = VERTEX_POINT ( 'NONE', #2954 ) ;
#4069 = FILL_AREA_STYLE ('',( #8409 ) ) ;
#4070 = LINE ( 'NONE', #10413, #2198 ) ;
#4071 = EDGE_LOOP ( 'NONE', ( #9789, #2677, #4784, #353 ) ) ;
#4072 =( CONVERSION_BASED_UNIT ( 'INCH', #7640 ) LENGTH_UNIT ( ) NAMED_UNIT ( #3522 ) );
#4073 = VERTEX_POINT ( 'NONE', #2901 ) ;
#4074 = SURFACE_STYLE_FILL_AREA ( #472 ) ;
#4075 = DIRECTION ( 'NONE',  ( -0.000000000000000000, -1.000000000000000000, 0.000000000000000000 ) ) ;
#4076 = EDGE_CURVE ( 'NONE', #801, #1104, #7461, .T. ) ;
#4077 = SURFACE_STYLE_USAGE ( .BOTH. , #540 ) ;
#4078 = VECTOR ( 'NONE', #3051, 39.37007874015748143 ) ;
#4079 = SURFACE_SIDE_STYLE ('',( #8596 ) ) ;
#4080 = AXIS2_PLACEMENT_3D ( 'NONE', #8407, #11254, #10346 ) ;
#4081 = LINE ( 'NONE', #5896, #2676 ) ;
#4082 = ORIENTED_EDGE ( 'NONE', *, *, #947, .F. ) ;
#4083 = VECTOR ( 'NONE', #5189, 39.37007874015748143 ) ;
#4084 = DIRECTION ( 'NONE',  ( 0.000000000000000000, -0.000000000000000000, 1.000000000000000000 ) ) ;
#4085 = AXIS2_PLACEMENT_3D ( 'NONE', #10646, #6788, #9731 ) ;
#4086 = DIRECTION ( 'NONE',  ( -0.4368520283305185048, 0.7863336509949344633, 0.4368520283305188934 ) ) ;
#4087 = EDGE_CURVE ( 'NONE', #10916, #5424, #10167, .T. ) ;
#4088 = LENGTH_MEASURE_WITH_UNIT ( LENGTH_MEASURE( 0.02539999999999999897 ), #5317 );
#4089 = DIRECTION ( 'NONE',  ( 0.000000000000000000, 0.000000000000000000, -1.000000000000000000 ) ) ;
#4090 = VECTOR ( 'NONE', #9528, 39.37007874015748143 ) ;
#4091 = EDGE_LOOP ( 'NONE', ( #2246, #420, #6998, #10503 ) ) ;
#4092 = VECTOR ( 'NONE', #3703, 39.37007874015748143 ) ;
#4093 = CARTESIAN_POINT ( 'NONE',  ( 0.1029999999999999943, -0.07499999999999999722, 0.1199999999999999956 ) ) ;
#4094 = FACE_OUTER_BOUND ( 'NONE', #4236, .T. ) ;
#4095 = ORIENTED_EDGE ( 'NONE', *, *, #3870, .F. ) ;
#4096 = EDGE_CURVE ( 'NONE', #6771, #4425, #9324, .T. ) ;
#4097 = CARTESIAN_POINT ( 'NONE',  ( 0.02500000000000000486, 0.05000000000000000971, 8.003460918938271148E-19 ) ) ;
#4098 = DIRECTION ( 'NONE',  ( 0.000000000000000000, 0.000000000000000000, -1.000000000000000000 ) ) ;
#4099 =( GEOMETRIC_REPRESENTATION_CONTEXT ( 3 ) GLOBAL_UNCERTAINTY_ASSIGNED_CONTEXT ( ( #7810 ) ) GLOBAL_UNIT_ASSIGNED_CONTEXT ( ( #9501, #11465, #10567 ) ) REPRESENTATION_CONTEXT ( 'NONE', 'WORKASPACE' ) );
#4100 = STYLED_ITEM ( 'NONE', ( #5616 ), #11682 ) ;
#4101 =( NAMED_UNIT ( * ) SI_UNIT ( $, .STERADIAN. ) SOLID_ANGLE_UNIT ( ) );
#4102 = EDGE_CURVE ( 'NONE', #4820, #1509, #6755, .T. ) ;
#4103 = DIRECTION ( 'NONE',  ( 1.000000000000000000, 0.000000000000000000, -0.000000000000000000 ) ) ;
#4104 = COLOUR_RGB ( '',0.8627450980392157298, 0.6274509803921568540, 0.05882352941176470507 ) ;
#4105 = MECHANICAL_DESIGN_GEOMETRIC_PRESENTATION_REPRESENTATION (  '', ( #1823 ), #4856 ) ;
#4106 = EDGE_CURVE ( 'NONE', #6177, #3900, #1459, .T. ) ;
#4107 = STYLED_ITEM ( 'NONE', ( #8333 ), #1826 ) ;
#4108 =( LENGTH_UNIT ( ) NAMED_UNIT ( * ) SI_UNIT ( $, .METRE. ) );
#4109 = DIRECTION ( 'NONE',  ( -0.000000000000000000, -1.000000000000000000, -0.000000000000000000 ) ) ;
#4110 = DIRECTION ( 'NONE',  ( -0.000000000000000000, 0.000000000000000000, -1.000000000000000000 ) ) ;
#4111 = DIRECTION ( 'NONE',  ( -1.000000000000000000, -0.000000000000000000, 0.000000000000000000 ) ) ;
#4112 = AXIS2_PLACEMENT_3D ( 'NONE', #3755, #7373, #11044 ) ;
#4113 = SURFACE_SIDE_STYLE ('',( #509 ) ) ;
#4114 = EDGE_CURVE ( 'NONE', #1928, #2469, #4225, .T. ) ;
#4115 =( NAMED_UNIT ( * ) SI_UNIT ( $, .STERADIAN. ) SOLID_ANGLE_UNIT ( ) );
#4116 = VERTEX_POINT ( 'NONE', #5126 ) ;
#4117 = EDGE_LOOP ( 'NONE', ( #11761, #5618, #6877, #2184 ) ) ;
#4118 =( NAMED_UNIT ( * ) PLANE_ANGLE_UNIT ( ) SI_UNIT ( $, .RADIAN. ) );
#4119 =( NAMED_UNIT ( * ) SI_UNIT ( $, .STERADIAN. ) SOLID_ANGLE_UNIT ( ) );
#4120 = LENGTH_MEASURE_WITH_UNIT ( LENGTH_MEASURE( 0.02539999999999999897 ), #10633 );
#4121 = DIRECTION ( 'NONE',  ( -1.000000000000000000, 0.000000000000000000, 0.000000000000000000 ) ) ;
#4122 = VECTOR ( 'NONE', #8884, 39.37007874015748143 ) ;
#4123 = VERTEX_POINT ( 'NONE', #2180 ) ;
#4124 = VECTOR ( 'NONE', #5503, 39.37007874015748143 ) ;
#4125 = CARTESIAN_POINT ( 'NONE',  ( 0.007999999999999970676, 0.2099999999999999922, 0.01700000000000000122 ) ) ;
#4126 = SURFACE_SIDE_STYLE ('',( #9725 ) ) ;
#4127 = DIRECTION ( 'NONE',  ( 0.000000000000000000, 0.000000000000000000, 1.000000000000000000 ) ) ;
#4128 = LINE ( 'NONE', #7853, #10642 ) ;
#4129 = DIRECTION ( 'NONE',  ( -0.000000000000000000, -0.000000000000000000, 1.000000000000000000 ) ) ;
#4130 = ORIENTED_EDGE ( 'NONE', *, *, #5327, .F. ) ;
#4131 =( NAMED_UNIT ( * ) PLANE_ANGLE_UNIT ( ) SI_UNIT ( $, .RADIAN. ) );
#4132 = CARTESIAN_POINT ( 'NONE',  ( 0.1079999999999999988, 0.1849999999999999978, -0.02199999999999999872 ) ) ;
#4133 = DIMENSIONAL_EXPONENTS ( 1.000000000000000000, 0.000000000000000000, 0.000000000000000000, 0.000000000000000000, 0.000000000000000000, 0.000000000000000000, 0.000000000000000000 ) ;
#4134 = EDGE_LOOP ( 'NONE', ( #4863, #1079, #10333, #9301 ) ) ;
#4135 = DIRECTION ( 'NONE',  ( 0.000000000000000000, 1.000000000000000000, 0.000000000000000000 ) ) ;
#4136 = ORIENTED_EDGE ( 'NONE', *, *, #9273, .F. ) ;
#4137 = PRESENTATION_STYLE_ASSIGNMENT (( #11209 ) ) ;
#4138 = FILL_AREA_STYLE_COLOUR ( '', #7910 ) ;
#4139 = MECHANICAL_DESIGN_GEOMETRIC_PRESENTATION_REPRESENTATION (  '', ( #933 ), #5081 ) ;
#4140 = VECTOR ( 'NONE', #713, 39.37007874015748143 ) ;
#4141 = CARTESIAN_POINT ( 'NONE',  ( 0.007999999999999970676, 0.06500000000000000222, 0.000000000000000000 ) ) ;
#4142 = CARTESIAN_POINT ( 'NONE',  ( -0.3009999999999999898, 0.000000000000000000, -0.02500000000000000139 ) ) ;
#4143 = ORIENTED_EDGE ( 'NONE', *, *, #6210, .F. ) ;
#4144 =( NAMED_UNIT ( * ) SI_UNIT ( $, .STERADIAN. ) SOLID_ANGLE_UNIT ( ) );
#4145 = COLOUR_RGB ( '',0.2862745098039215508, 0.2862745098039215508, 0.2862745098039215508 ) ;
#4146 = VECTOR ( 'NONE', #6981, 39.37007874015748143 ) ;
#4147 = EDGE_CURVE ( 'NONE', #3262, #1939, #11302, .T. ) ;
#4148 = LINE ( 'NONE', #5901, #3909 ) ;
#4149 = VERTEX_POINT ( 'NONE', #3251 ) ;
#4150 = SURFACE_STYLE_FILL_AREA ( #9586 ) ;
#4151 = VERTEX_POINT ( 'NONE', #5813 ) ;
#4152 =( NAMED_UNIT ( * ) SI_UNIT ( $, .STERADIAN. ) SOLID_ANGLE_UNIT ( ) );
#4153 = SURFACE_STYLE_FILL_AREA ( #556 ) ;
#4154 = UNCERTAINTY_MEASURE_WITH_UNIT (LENGTH_MEASURE( 1.000000000000000082E-05 ), #8841, 'distance_accuracy_value', 'NONE');
#4155 = PRESENTATION_LAYER_ASSIGNMENT (  '', '', ( #8141 ) ) ;
#4156 = FACE_OUTER_BOUND ( 'NONE', #11372, .T. ) ;
#4157 = FACE_OUTER_BOUND ( 'NONE', #183, .T. ) ;
#4158 = EDGE_CURVE ( 'NONE', #11046, #2125, #10403, .T. ) ;
#4159 = MECHANICAL_DESIGN_GEOMETRIC_PRESENTATION_REPRESENTATION (  '', ( #8534 ), #210 ) ;
#4160 = CARTESIAN_POINT ( 'NONE',  ( 0.1079999999999999988, 0.1759999999999999898, -0.01700000000000000122 ) ) ;
#4161 = DIRECTION ( 'NONE',  ( 1.000000000000000000, 0.000000000000000000, -0.000000000000000000 ) ) ;
#4162 = FACE_OUTER_BOUND ( 'NONE', #1311, .T. ) ;
#4163 =( CONVERSION_BASED_UNIT ( 'INCH', #736 ) LENGTH_UNIT ( ) NAMED_UNIT ( #1338 ) );
#4164 = UNCERTAINTY_MEASURE_WITH_UNIT (LENGTH_MEASURE( 1.000000000000000082E-05 ), #9233, 'distance_accuracy_value', 'NONE');
#4165 = EDGE_CURVE ( 'NONE', #5306, #2127, #11417, .T. ) ;
#4166 = FILL_AREA_STYLE ('',( #9602 ) ) ;
#4167 = COLOUR_RGB ( '',0.8627450980392157298, 0.6274509803921568540, 0.05882352941176470507 ) ;
#4168 = COLOUR_RGB ( '',0.8627450980392157298, 0.6274509803921568540, 0.05882352941176470507 ) ;
#4169 = EDGE_LOOP ( 'NONE', ( #7991, #6169, #5159, #5185 ) ) ;
#4170 = EDGE_LOOP ( 'NONE', ( #7203, #1820, #2429, #9229 ) ) ;
#4171 = CARTESIAN_POINT ( 'NONE',  ( -0.09199999999999998457, -0.06600000000000000311, 0.03300000000000000155 ) ) ;
#4172 = ADVANCED_FACE ( 'NONE', ( #1348 ), #408, .F. ) ;
#4173 = DIRECTION ( 'NONE',  ( -1.000000000000000000, 0.000000000000000000, 0.000000000000000000 ) ) ;
#4174 = PRESENTATION_STYLE_ASSIGNMENT (( #8635 ) ) ;
#4175 = DIRECTION ( 'NONE',  ( 0.000000000000000000, 1.778546870875169980E-16, -1.000000000000000000 ) ) ;
#4176 = EDGE_LOOP ( 'NONE', ( #4487, #1566, #10616, #10770 ) ) ;
#4177 = LINE ( 'NONE', #2471, #4970 ) ;
#4178 = LINE ( 'NONE', #5875, #9167 ) ;
#4179 = SURFACE_STYLE_FILL_AREA ( #11471 ) ;
#4180 = ORIENTED_EDGE ( 'NONE', *, *, #3861, .F. ) ;
#4181 = EDGE_LOOP ( 'NONE', ( #4886, #7399, #9409, #9619 ) ) ;
#4182 = FACE_BOUND ( 'NONE', #3327, .T. ) ;
#4183 = DIRECTION ( 'NONE',  ( -0.000000000000000000, 0.000000000000000000, 1.000000000000000000 ) ) ;
#4184 = VERTEX_POINT ( 'NONE', #2292 ) ;
#4185 = LENGTH_MEASURE_WITH_UNIT ( LENGTH_MEASURE( 0.02539999999999999897 ), #6930 );
#4186 = VECTOR ( 'NONE', #2590, 39.37007874015748854 ) ;
#4187 = LINE ( 'NONE', #11431, #10115 ) ;
#4188 = PLANE ( 'NONE',  #6814 ) ;
#4189 = LENGTH_MEASURE_WITH_UNIT ( LENGTH_MEASURE( 0.02539999999999999897 ), #773 );
#4190 = ORIENTED_EDGE ( 'NONE', *, *, #2369, .T. ) ;
#4191 = SURFACE_STYLE_FILL_AREA ( #11742 ) ;
#4192 = DIRECTION ( 'NONE',  ( 0.4472135954999579277, -0.8944271909999158554, 0.000000000000000000 ) ) ;
#4193 = SHAPE_REPRESENTATION ( 'ESHF-105-01-L-D-TH_t', ( #3927 ), #10018 ) ;
#4194 = DIRECTION ( 'NONE',  ( 0.4368520283305167839, -0.7863336509949356845, 0.4368520283305186158 ) ) ;
#4195 =( GEOMETRIC_REPRESENTATION_CONTEXT ( 3 ) GLOBAL_UNCERTAINTY_ASSIGNED_CONTEXT ( ( #1549 ) ) GLOBAL_UNIT_ASSIGNED_CONTEXT ( ( #3729, #5010, #10288 ) ) REPRESENTATION_CONTEXT ( 'NONE', 'WORKASPACE' ) );
#4196 = VERTEX_POINT ( 'NONE', #5927 ) ;
#4197 = PRESENTATION_LAYER_ASSIGNMENT (  '', '', ( #9355 ) ) ;
#4198 = CARTESIAN_POINT ( 'NONE',  ( 0.09700000000000000289, 0.1849999999999999978, 0.1199999999999999956 ) ) ;
#4199 = DIMENSIONAL_EXPONENTS ( 1.000000000000000000, 0.000000000000000000, 0.000000000000000000, 0.000000000000000000, 0.000000000000000000, 0.000000000000000000, 0.000000000000000000 ) ;
#4200 = PRESENTATION_STYLE_ASSIGNMENT (( #11619 ) ) ;
#4201 =( NAMED_UNIT ( * ) SI_UNIT ( $, .STERADIAN. ) SOLID_ANGLE_UNIT ( ) );
#4202 = VERTEX_POINT ( 'NONE', #9556 ) ;
#4203 = PLANE ( 'NONE',  #10246 ) ;
#4204 = CARTESIAN_POINT ( 'NONE',  ( -0.05800000000000000294, 0.06499999999999998834, -0.01700000000000000122 ) ) ;
#4205 = PRESENTATION_STYLE_ASSIGNMENT (( #8744 ) ) ;
#4206 = PLANE ( 'NONE',  #10571 ) ;
#4207 = PRESENTATION_STYLE_ASSIGNMENT (( #2451 ) ) ;
#4208 = SURFACE_STYLE_FILL_AREA ( #5912 ) ;
#4209 = LINE ( 'NONE', #6959, #5053 ) ;
#4210 = CARTESIAN_POINT ( 'NONE',  ( 0.008000000000000000167, 0.1759999999999999898, -0.01700000000000003245 ) ) ;
#4211 = PRESENTATION_LAYER_ASSIGNMENT (  '', '', ( #66 ) ) ;
#4212 =( CONVERSION_BASED_UNIT ( 'INCH', #6743 ) LENGTH_UNIT ( ) NAMED_UNIT ( #1410 ) );
#4213 = EDGE_CURVE ( 'NONE', #9928, #1238, #6914, .T. ) ;
#4214 =( LENGTH_UNIT ( ) NAMED_UNIT ( * ) SI_UNIT ( $, .METRE. ) );
#4215 = VECTOR ( 'NONE', #11260, 39.37007874015748143 ) ;
#4216 = EDGE_LOOP ( 'NONE', ( #7030, #10008, #8835, #8020 ) ) ;
#4217 = VERTEX_POINT ( 'NONE', #8637 ) ;
#4218 = CARTESIAN_POINT ( 'NONE',  ( -0.2899999999999999800, 0.06500000000000000222, 0.07000000000000000666 ) ) ;
#4219 = VECTOR ( 'NONE', #9111, 39.37007874015748143 ) ;
#4220 = SURFACE_STYLE_FILL_AREA ( #7678 ) ;
#4221 = ADVANCED_FACE ( 'NONE', ( #519 ), #10569, .T. ) ;
#4222 = EDGE_CURVE ( 'NONE', #2620, #9830, #11649, .T. ) ;
#4223 = CARTESIAN_POINT ( 'NONE',  ( -0.3250000000000000111, 0.000000000000000000, -0.1199999999999999956 ) ) ;
#4224 = ORIENTED_EDGE ( 'NONE', *, *, #2024, .F. ) ;
#4225 = LINE ( 'NONE', #1516, #8685 ) ;
#4226 = DIRECTION ( 'NONE',  ( -1.000000000000000000, -0.000000000000000000, 0.000000000000000000 ) ) ;
#4227 =( CONVERSION_BASED_UNIT ( 'INCH', #10637 ) LENGTH_UNIT ( ) NAMED_UNIT ( #7307 ) );
#4228 = FILL_AREA_STYLE ('',( #9560 ) ) ;
#4229 = EDGE_CURVE ( 'NONE', #11221, #5132, #3601, .T. ) ;
#4230 = VERTEX_POINT ( 'NONE', #3482 ) ;
#4231 = CARTESIAN_POINT ( 'NONE',  ( -0.09199999999999999845, 0.1759999999999999898, 0.1199999999999999956 ) ) ;
#4232 =( GEOMETRIC_REPRESENTATION_CONTEXT ( 3 ) GLOBAL_UNCERTAINTY_ASSIGNED_CONTEXT ( ( #2396 ) ) GLOBAL_UNIT_ASSIGNED_CONTEXT ( ( #7074, #920, #8432 ) ) REPRESENTATION_CONTEXT ( 'NONE', 'WORKASPACE' ) );
#4233 = ADVANCED_FACE ( 'NONE', ( #10635 ), #8939, .T. ) ;
#4234 = ORIENTED_EDGE ( 'NONE', *, *, #3308, .F. ) ;
#4235 =( LENGTH_UNIT ( ) NAMED_UNIT ( * ) SI_UNIT ( $, .METRE. ) );
#4236 = EDGE_LOOP ( 'NONE', ( #10706, #81, #11192, #1080 ) ) ;
#4237 = DIRECTION ( 'NONE',  ( 0.4368520283305175611, -0.7863336509949347963, -0.4368520283305190599 ) ) ;
#4238 = EDGE_CURVE ( 'NONE', #5380, #4184, #7846, .T. ) ;
#4239 = DIRECTION ( 'NONE',  ( -1.000000000000000000, 0.000000000000000000, 0.000000000000000000 ) ) ;
#4240 = PLANE ( 'NONE',  #11087 ) ;
#4241 =( NAMED_UNIT ( * ) PLANE_ANGLE_UNIT ( ) SI_UNIT ( $, .RADIAN. ) );
#4242 = CARTESIAN_POINT ( 'NONE',  ( 0.05800000000000000294, 0.01999999999999999001, 0.01700000000000000469 ) ) ;
#4243 = SURFACE_SIDE_STYLE ('',( #8846 ) ) ;
#4244 = ORIENTED_EDGE ( 'NONE', *, *, #4343, .T. ) ;
#4245 = COLOUR_RGB ( '',0.8627450980392157298, 0.6274509803921568540, 0.05882352941176470507 ) ;
#4246 = SURFACE_STYLE_USAGE ( .BOTH. , #10661 ) ;
#4247 = DIMENSIONAL_EXPONENTS ( 1.000000000000000000, 0.000000000000000000, 0.000000000000000000, 0.000000000000000000, 0.000000000000000000, 0.000000000000000000, 0.000000000000000000 ) ;
#4248 = FILL_AREA_STYLE ('',( #1483 ) ) ;
#4249 = ORIENTED_EDGE ( 'NONE', *, *, #6874, .T. ) ;
#4250 = SURFACE_SIDE_STYLE ('',( #4150 ) ) ;
#4251 = FACE_OUTER_BOUND ( 'NONE', #3934, .T. ) ;
#4252 =( NAMED_UNIT ( * ) SI_UNIT ( $, .STERADIAN. ) SOLID_ANGLE_UNIT ( ) );
#4253 = VECTOR ( 'NONE', #1366, 39.37007874015748143 ) ;
#4254 = CARTESIAN_POINT ( 'NONE',  ( -0.05800000000000000294, 0.04000000000000000083, 0.1199999999999999956 ) ) ;
#4255 = CARTESIAN_POINT ( 'NONE',  ( 0.1079999999999999988, 0.1759999999999999898, 0.01700000000000000122 ) ) ;
#4256 = COLOUR_RGB ( '',0.8627450980392157298, 0.6274509803921568540, 0.05882352941176470507 ) ;
#4257 = LINE ( 'NONE', #3402, #7205 ) ;
#4258 = VECTOR ( 'NONE', #3727, 39.37007874015748143 ) ;
#4259 = VECTOR ( 'NONE', #9903, 39.37007874015748143 ) ;
#4260 = FACE_OUTER_BOUND ( 'NONE', #6608, .T. ) ;
#4261 =( CONVERSION_BASED_UNIT ( 'INCH', #7067 ) LENGTH_UNIT ( ) NAMED_UNIT ( #9359 ) );
#4262 = EDGE_LOOP ( 'NONE', ( #4299, #9517, #3292, #9500 ) ) ;
#4263 =( LENGTH_UNIT ( ) NAMED_UNIT ( * ) SI_UNIT ( $, .METRE. ) );
#4264 = SURFACE_SIDE_STYLE ('',( #9710 ) ) ;
#4265 = FACE_OUTER_BOUND ( 'NONE', #4717, .T. ) ;
#4266 = LENGTH_MEASURE_WITH_UNIT ( LENGTH_MEASURE( 0.02539999999999999897 ), #3524 );
#4267 = DIRECTION ( 'NONE',  ( 0.000000000000000000, 1.000000000000000000, 0.000000000000000000 ) ) ;
#4268 = UNCERTAINTY_MEASURE_WITH_UNIT (LENGTH_MEASURE( 1.000000000000000082E-05 ), #10587, 'distance_accuracy_value', 'NONE');
#4269 = LINE ( 'NONE', #2398, #7053 ) ;
#4270 = MECHANICAL_DESIGN_GEOMETRIC_PRESENTATION_REPRESENTATION (  '', ( #517 ), #8271 ) ;
#4271 = VECTOR ( 'NONE', #572, 39.37007874015748854 ) ;
#4272 = DIMENSIONAL_EXPONENTS ( 1.000000000000000000, 0.000000000000000000, 0.000000000000000000, 0.000000000000000000, 0.000000000000000000, 0.000000000000000000, 0.000000000000000000 ) ;
#4273 = EDGE_CURVE ( 'NONE', #8720, #4149, #4403, .T. ) ;
#4274 = FACE_OUTER_BOUND ( 'NONE', #366, .T. ) ;
#4275 = CARTESIAN_POINT ( 'NONE',  ( -0.09199999999999999845, 0.04000000000000000083, 0.03299999999999999462 ) ) ;
#4276 = ORIENTED_EDGE ( 'NONE', *, *, #3626, .T. ) ;
#4277 = ORIENTED_EDGE ( 'NONE', *, *, #2705, .F. ) ;
#4278 = AXIS2_PLACEMENT_3D ( 'NONE', #1932, #9148, #8036 ) ;
#4279 = VECTOR ( 'NONE', #6525, 39.37007874015748143 ) ;
#4280 = DIRECTION ( 'NONE',  ( 0.000000000000000000, 0.4856429311786318315, -0.8741572761215379295 ) ) ;
#4281 = SURFACE_STYLE_FILL_AREA ( #4341 ) ;
#4282 =( CONVERSION_BASED_UNIT ( 'INCH', #23 ) LENGTH_UNIT ( ) NAMED_UNIT ( #7599 ) );
#4283 =( GEOMETRIC_REPRESENTATION_CONTEXT ( 3 ) GLOBAL_UNCERTAINTY_ASSIGNED_CONTEXT ( ( #4538 ) ) GLOBAL_UNIT_ASSIGNED_CONTEXT ( ( #10675, #7136, #2751 ) ) REPRESENTATION_CONTEXT ( 'NONE', 'WORKASPACE' ) );
#4284 = UNCERTAINTY_MEASURE_WITH_UNIT (LENGTH_MEASURE( 1.000000000000000082E-05 ), #5659, 'distance_accuracy_value', 'NONE');
#4285 = LINE ( 'NONE', #4223, #1622 ) ;
#4286 = EDGE_CURVE ( 'NONE', #11219, #1422, #749, .T. ) ;
#4287 = ORIENTED_EDGE ( 'NONE', *, *, #10086, .F. ) ;
#4288 =( LENGTH_UNIT ( ) NAMED_UNIT ( * ) SI_UNIT ( $, .METRE. ) );
#4289 = CARTESIAN_POINT ( 'NONE',  ( -0.05000000000000000278, 0.000000000000000000, 0.07000000000000000666 ) ) ;
#4290 = PRESENTATION_LAYER_ASSIGNMENT (  '', '', ( #8669 ) ) ;
#4291 = SURFACE_STYLE_USAGE ( .BOTH. , #750 ) ;
#4292 = CARTESIAN_POINT ( 'NONE',  ( -0.04200000000000000955, -0.06600000000000000311, -0.01700000000000000122 ) ) ;
#4293 = STYLED_ITEM ( 'NONE', ( #5533 ), #2017 ) ;
#4294 = EDGE_LOOP ( 'NONE', ( #11664, #6154, #8670, #10352 ) ) ;
#4295 = ORIENTED_EDGE ( 'NONE', *, *, #11515, .T. ) ;
#4296 = VECTOR ( 'NONE', #226, 39.37007874015748143 ) ;
#4297 = FACE_OUTER_BOUND ( 'NONE', #1318, .T. ) ;
#4298 = EDGE_CURVE ( 'NONE', #10644, #4015, #3159, .T. ) ;
#4299 = ORIENTED_EDGE ( 'NONE', *, *, #2010, .T. ) ;
#4300 = VERTEX_POINT ( 'NONE', #6794 ) ;
#4301 = LINE ( 'NONE', #9914, #5965 ) ;
#4302 =( NAMED_UNIT ( * ) PLANE_ANGLE_UNIT ( ) SI_UNIT ( $, .RADIAN. ) );
#4303 = SURFACE_STYLE_USAGE ( .BOTH. , #712 ) ;
#4304 = LINE ( 'NONE', #656, #5680 ) ;
#4305 = PRESENTATION_LAYER_ASSIGNMENT (  '', '', ( #3945 ) ) ;
#4306 =( GEOMETRIC_REPRESENTATION_CONTEXT ( 3 ) GLOBAL_UNCERTAINTY_ASSIGNED_CONTEXT ( ( #5962 ) ) GLOBAL_UNIT_ASSIGNED_CONTEXT ( ( #6660, #5762, #5643 ) ) REPRESENTATION_CONTEXT ( 'NONE', 'WORKASPACE' ) );
#4307 = ADVANCED_FACE ( 'NONE', ( #2763 ), #11062, .T. ) ;
#4308 =( NAMED_UNIT ( * ) SI_UNIT ( $, .STERADIAN. ) SOLID_ANGLE_UNIT ( ) );
#4309 = LINE ( 'NONE', #7928, #4561 ) ;
#4310 = ORIENTED_EDGE ( 'NONE', *, *, #1328, .T. ) ;
#4311 =( LENGTH_UNIT ( ) NAMED_UNIT ( * ) SI_UNIT ( $, .METRE. ) );
#4312 = EDGE_CURVE ( 'NONE', #7276, #11056, #10369, .T. ) ;
#4313 =( NAMED_UNIT ( * ) PLANE_ANGLE_UNIT ( ) SI_UNIT ( $, .RADIAN. ) );
#4314 = MECHANICAL_DESIGN_GEOMETRIC_PRESENTATION_REPRESENTATION (  '', ( #7181 ), #9847 ) ;
#4315 = PRESENTATION_LAYER_ASSIGNMENT (  '', '', ( #1651 ) ) ;
#4316 = PLANE ( 'NONE',  #3277 ) ;
#4317 = ORIENTED_EDGE ( 'NONE', *, *, #427, .F. ) ;
#4318 = SURFACE_STYLE_FILL_AREA ( #3579 ) ;
#4319 = CARTESIAN_POINT ( 'NONE',  ( -0.02500000000000000139, 0.05000000000000000278, -0.005000000000000000104 ) ) ;
#4320 = EDGE_CURVE ( 'NONE', #1782, #4474, #3650, .T. ) ;
#4321 = CARTESIAN_POINT ( 'NONE',  ( 0.1079999999999999988, 0.05000000000000000278, -0.03300000000000000155 ) ) ;
#4322 = CARTESIAN_POINT ( 'NONE',  ( -0.1079999999999999988, 0.04000000000000000083, 0.01700000000000000122 ) ) ;
#4323 = CARTESIAN_POINT ( 'NONE',  ( -0.05800000000000000294, 0.1759999999999999898, 0.1199999999999999956 ) ) ;
#4324 =( NAMED_UNIT ( * ) SI_UNIT ( $, .STERADIAN. ) SOLID_ANGLE_UNIT ( ) );
#4325 =( NAMED_UNIT ( * ) SI_UNIT ( $, .STERADIAN. ) SOLID_ANGLE_UNIT ( ) );
#4326 = FACE_OUTER_BOUND ( 'NONE', #6936, .T. ) ;
#4327 = PRESENTATION_LAYER_ASSIGNMENT (  '', '', ( #4704 ) ) ;
#4328 = DIRECTION ( 'NONE',  ( -1.000000000000000000, -0.000000000000000000, -0.000000000000000000 ) ) ;
#4329 = CARTESIAN_POINT ( 'NONE',  ( 0.007999999999999993228, -0.06600000000000000311, 0.03299999999999995992 ) ) ;
#4330 = ORIENTED_EDGE ( 'NONE', *, *, #8940, .T. ) ;
#4331 = DIMENSIONAL_EXPONENTS ( 1.000000000000000000, 0.000000000000000000, 0.000000000000000000, 0.000000000000000000, 0.000000000000000000, 0.000000000000000000, 0.000000000000000000 ) ;
#4332 = VECTOR ( 'NONE', #10031, 39.37007874015748143 ) ;
#4333 = FILL_AREA_STYLE ('',( #3175 ) ) ;
#4334 = CARTESIAN_POINT ( 'NONE',  ( -0.05300000000000000544, -0.07499999999999999722, 0.02199999999999999872 ) ) ;
#4335 = DIRECTION ( 'NONE',  ( 0.4856429311786310543, 0.8741572761215382625, 0.000000000000000000 ) ) ;
#4336 = DIRECTION ( 'NONE',  ( -0.000000000000000000, -0.000000000000000000, 1.000000000000000000 ) ) ;
#4337 = ORIENTED_EDGE ( 'NONE', *, *, #1497, .T. ) ;
#4338 = VERTEX_POINT ( 'NONE', #4535 ) ;
#4339 = LINE ( 'NONE', #2981, #8469 ) ;
#4340 = VECTOR ( 'NONE', #4098, 39.37007874015748143 ) ;
#4341 = FILL_AREA_STYLE ('',( #11645 ) ) ;
#4342 = LINE ( 'NONE', #8879, #6921 ) ;
#4343 = EDGE_CURVE ( 'NONE', #7226, #8714, #7323, .T. ) ;
#4344 = DIRECTION ( 'NONE',  ( 0.000000000000000000, -1.000000000000000000, -0.000000000000000000 ) ) ;
#4345 = VERTEX_POINT ( 'NONE', #25 ) ;
#4346 = LENGTH_MEASURE_WITH_UNIT ( LENGTH_MEASURE( 0.02539999999999999897 ), #8098 );
#4347 = EDGE_CURVE ( 'NONE', #3500, #6000, #10143, .T. ) ;
#4348 =( NAMED_UNIT ( * ) SI_UNIT ( $, .STERADIAN. ) SOLID_ANGLE_UNIT ( ) );
#4349 = STYLED_ITEM ( 'NONE', ( #10574 ), #5606 ) ;
#4350 = VECTOR ( 'NONE', #2214, 39.37007874015748143 ) ;
#4351 = FACE_OUTER_BOUND ( 'NONE', #11273, .T. ) ;
#4352 =( LENGTH_UNIT ( ) NAMED_UNIT ( * ) SI_UNIT ( $, .METRE. ) );
#4353 = EDGE_LOOP ( 'NONE', ( #7679, #2914, #8260, #9691 ) ) ;
#4354 = ORIENTED_EDGE ( 'NONE', *, *, #9478, .T. ) ;
#4355 = EDGE_CURVE ( 'NONE', #1632, #6983, #2828, .T. ) ;
#4356 = DIRECTION ( 'NONE',  ( -1.000000000000000000, 0.000000000000000000, 0.000000000000000000 ) ) ;
#4357 = DIMENSIONAL_EXPONENTS ( 1.000000000000000000, 0.000000000000000000, 0.000000000000000000, 0.000000000000000000, 0.000000000000000000, 0.000000000000000000, 0.000000000000000000 ) ;
#4358 = PLANE ( 'NONE',  #8664 ) ;
#4359 = SURFACE_STYLE_FILL_AREA ( #10703 ) ;
#4360 = ORIENTED_EDGE ( 'NONE', *, *, #6646, .F. ) ;
#4361 = LINE ( 'NONE', #2668, #3081 ) ;
#4362 = ORIENTED_EDGE ( 'NONE', *, *, #10671, .F. ) ;
#4363 = LINE ( 'NONE', #5139, #7080 ) ;
#4364 = PLANE ( 'NONE',  #3391 ) ;
#4365 = CARTESIAN_POINT ( 'NONE',  ( 0.1079999999999999988, 0.2099999999999999922, 0.03300000000000000155 ) ) ;
#4366 = ADVANCED_FACE ( 'NONE', ( #6457 ), #994, .F. ) ;
#4367 = ORIENTED_EDGE ( 'NONE', *, *, #4102, .T. ) ;
#4368 = LINE ( 'NONE', #7812, #2385 ) ;
#4369 = PLANE ( 'NONE',  #9173 ) ;
#4370 = EDGE_CURVE ( 'NONE', #3531, #4820, #9695, .T. ) ;
#4371 = VECTOR ( 'NONE', #6758, 39.37007874015748143 ) ;
#4372 = ORIENTED_EDGE ( 'NONE', *, *, #466, .F. ) ;
#4373 = PLANE ( 'NONE',  #7463 ) ;
#4374 = CARTESIAN_POINT ( 'NONE',  ( 0.1079999999999999988, -0.07499999999999999722, 0.02799999999999999711 ) ) ;
#4375 = SURFACE_SIDE_STYLE ('',( #6315 ) ) ;
#4376 = SURFACE_STYLE_FILL_AREA ( #9934 ) ;
#4377 =( CONVERSION_BASED_UNIT ( 'INCH', #2862 ) LENGTH_UNIT ( ) NAMED_UNIT ( #3982 ) );
#4378 = EDGE_CURVE ( 'NONE', #10482, #9255, #3329, .T. ) ;
#4379 = PRODUCT_DEFINITION_SHAPE ( 'NONE', 'NONE',  #6014 ) ;
#4380 = CARTESIAN_POINT ( 'NONE',  ( -0.09700000000000001676, 0.1849999999999999978, 0.02799999999999996936 ) ) ;
#4381 = VECTOR ( 'NONE', #3469, 39.37007874015748854 ) ;
#4382 =( GEOMETRIC_REPRESENTATION_CONTEXT ( 3 ) GLOBAL_UNCERTAINTY_ASSIGNED_CONTEXT ( ( #8081 ) ) GLOBAL_UNIT_ASSIGNED_CONTEXT ( ( #3526, #11768, #8874 ) ) REPRESENTATION_CONTEXT ( 'NONE', 'WORKASPACE' ) );
#4383 = EDGE_CURVE ( 'NONE', #162, #3984, #1538, .T. ) ;
#4384 = ORIENTED_EDGE ( 'NONE', *, *, #1288, .F. ) ;
#4385 = LENGTH_MEASURE_WITH_UNIT ( LENGTH_MEASURE( 0.02539999999999999897 ), #2508 );
#4386 = LINE ( 'NONE', #6148, #1767 ) ;
#4387 =( NAMED_UNIT ( * ) SI_UNIT ( $, .STERADIAN. ) SOLID_ANGLE_UNIT ( ) );
#4388 = CARTESIAN_POINT ( 'NONE',  ( 0.1079999999999999988, -0.07499999999999999722, -0.02799999999999999711 ) ) ;
#4389 = UNCERTAINTY_MEASURE_WITH_UNIT (LENGTH_MEASURE( 1.000000000000000082E-05 ), #7286, 'distance_accuracy_value', 'NONE');
#4390 = EDGE_CURVE ( 'NONE', #8767, #833, #665, .T. ) ;
#4391 = COLOUR_RGB ( '',0.8627450980392157298, 0.6274509803921568540, 0.05882352941176470507 ) ;
#4392 = CARTESIAN_POINT ( 'NONE',  ( 0.09699999999999998901, -0.07499999999999998335, -0.02800000000000005956 ) ) ;
#4393 = CARTESIAN_POINT ( 'NONE',  ( -0.02220491502812529938, 0.05000000000000000278, -0.002500000000000000052 ) ) ;
#4394 = ORIENTED_EDGE ( 'NONE', *, *, #536, .F. ) ;
#4395 = VERTEX_POINT ( 'NONE', #552 ) ;
#4396 = CARTESIAN_POINT ( 'NONE',  ( 0.000000000000000000, 0.000000000000000000, 0.000000000000000000 ) ) ;
#4397 = SURFACE_STYLE_USAGE ( .BOTH. , #2697 ) ;
#4398 = CARTESIAN_POINT ( 'NONE',  ( 0.002999999999999957562, -0.07499999999999999722, -0.02799999999999999711 ) ) ;
#4399 = AXIS2_PLACEMENT_3D ( 'NONE', #5372, #7153, #8208 ) ;
#4400 = STYLED_ITEM ( 'NONE', ( #9236 ), #7278 ) ;
#4401 = COLOUR_RGB ( '',0.2862745098039215508, 0.2862745098039215508, 0.2862745098039215508 ) ;
#4402 = ORIENTED_EDGE ( 'NONE', *, *, #11773, .F. ) ;
#4403 = LINE ( 'NONE', #10690, #4122 ) ;
#4404 = LINE ( 'NONE', #10888, #566 ) ;
#4405 = VECTOR ( 'NONE', #5582, 39.37007874015748143 ) ;
#4406 = SURFACE_SIDE_STYLE ('',( #10030 ) ) ;
#4407 = DIMENSIONAL_EXPONENTS ( 1.000000000000000000, 0.000000000000000000, 0.000000000000000000, 0.000000000000000000, 0.000000000000000000, 0.000000000000000000, 0.000000000000000000 ) ;
#4408 = SURFACE_STYLE_USAGE ( .BOTH. , #5439 ) ;
#4409 = ORIENTED_EDGE ( 'NONE', *, *, #11247, .T. ) ;
#4410 = ORIENTED_EDGE ( 'NONE', *, *, #4298, .T. ) ;
#4411 = PLANE ( 'NONE',  #5634 ) ;
#4412 = SURFACE_SIDE_STYLE ('',( #811 ) ) ;
#4413 = FACE_OUTER_BOUND ( 'NONE', #927, .T. ) ;
#4414 = ORIENTED_EDGE ( 'NONE', *, *, #10734, .T. ) ;
#4415 = AXIS2_PLACEMENT_3D ( 'NONE', #10433, #8788, #6023 ) ;
#4416 = LINE ( 'NONE', #6118, #11110 ) ;
#4417 = LENGTH_MEASURE_WITH_UNIT ( LENGTH_MEASURE( 0.02539999999999999897 ), #8719 );
#4418 = ORIENTED_EDGE ( 'NONE', *, *, #11506, .T. ) ;
#4419 = DIRECTION ( 'NONE',  ( 0.000000000000000000, -0.000000000000000000, -1.000000000000000000 ) ) ;
#4420 = CARTESIAN_POINT ( 'NONE',  ( 0.1079999999999999988, 0.1850000000000000533, -0.02800000000000004222 ) ) ;
#4421 = FACE_OUTER_BOUND ( 'NONE', #1156, .T. ) ;
#4422 = FILL_AREA_STYLE ('',( #7867 ) ) ;
#4423 = DIRECTION ( 'NONE',  ( -1.000000000000000000, -0.000000000000000000, 0.000000000000000000 ) ) ;
#4424 = MECHANICAL_DESIGN_GEOMETRIC_PRESENTATION_REPRESENTATION (  '', ( #88 ), #6552 ) ;
#4425 = VERTEX_POINT ( 'NONE', #3451 ) ;
#4426 = ADVANCED_FACE ( 'NONE', ( #11439 ), #8611, .F. ) ;
#4427 = AXIS2_PLACEMENT_3D ( 'NONE', #1385, #4814, #3887 ) ;
#4428 = EDGE_LOOP ( 'NONE', ( #2234, #1202, #5020, #1758 ) ) ;
#4429 = CARTESIAN_POINT ( 'NONE',  ( 0.1079999999999999988, 0.1849999999999999978, 0.02799999999999999711 ) ) ;
#4430 = ORIENTED_EDGE ( 'NONE', *, *, #6298, .T. ) ;
#4431 = ORIENTED_EDGE ( 'NONE', *, *, #2142, .T. ) ;
#4432 = ADVANCED_FACE ( 'NONE', ( #4094 ), #2318, .F. ) ;
#4433 = DIMENSIONAL_EXPONENTS ( 1.000000000000000000, 0.000000000000000000, 0.000000000000000000, 0.000000000000000000, 0.000000000000000000, 0.000000000000000000, 0.000000000000000000 ) ;
#4434 = DIRECTION ( 'NONE',  ( 0.000000000000000000, 0.000000000000000000, -1.000000000000000000 ) ) ;
#4435 = SURFACE_STYLE_FILL_AREA ( #9751 ) ;
#4436 = SURFACE_STYLE_USAGE ( .BOTH. , #8184 ) ;
#4437 = DIRECTION ( 'NONE',  ( -0.4856429311786317760, -0.8741572761215378184, 0.000000000000000000 ) ) ;
#4438 = DIRECTION ( 'NONE',  ( -0.4368520283305193375, -0.7863336509949346853, 0.4368520283305177832 ) ) ;
#4439 = EDGE_CURVE ( 'NONE', #138, #605, #6, .T. ) ;
#4440 = CARTESIAN_POINT ( 'NONE',  ( -0.02500000000000000139, 0.05000000000000000278, 2.134256245050205639E-18 ) ) ;
#4441 = CARTESIAN_POINT ( 'NONE',  ( -0.05000000000000000971, 0.06499999999999998834, 0.1000000000000000056 ) ) ;
#4442 = VECTOR ( 'NONE', #6844, 39.37007874015748143 ) ;
#4443 = ORIENTED_EDGE ( 'NONE', *, *, #10233, .F. ) ;
#4444 = VECTOR ( 'NONE', #6638, 39.37007874015748143 ) ;
#4445 = CARTESIAN_POINT ( 'NONE',  ( -0.09199999999999999845, -0.06600000000000000311, 0.1199999999999999956 ) ) ;
#4446 = EDGE_CURVE ( 'NONE', #4586, #3553, #5282, .T. ) ;
#4447 = PRESENTATION_LAYER_ASSIGNMENT (  '', '', ( #3359 ) ) ;
#4448 =( NAMED_UNIT ( * ) PLANE_ANGLE_UNIT ( ) SI_UNIT ( $, .RADIAN. ) );
#4449 = FACE_OUTER_BOUND ( 'NONE', #2597, .T. ) ;
#4450 = LINE ( 'NONE', #9828, #2536 ) ;
#4451 = SURFACE_SIDE_STYLE ('',( #857 ) ) ;
#4452 = VECTOR ( 'NONE', #8189, 39.37007874015748143 ) ;
#4453 = EDGE_CURVE ( 'NONE', #10251, #10452, #9931, .T. ) ;
#4454 = ORIENTED_EDGE ( 'NONE', *, *, #7269, .T. ) ;
#4455 =( GEOMETRIC_REPRESENTATION_CONTEXT ( 3 ) GLOBAL_UNCERTAINTY_ASSIGNED_CONTEXT ( ( #3208 ) ) GLOBAL_UNIT_ASSIGNED_CONTEXT ( ( #2275, #7014, #6320 ) ) REPRESENTATION_CONTEXT ( 'NONE', 'WORKASPACE' ) );
#4456 = EDGE_LOOP ( 'NONE', ( #5522, #11025, #6043, #1951 ) ) ;
#4457 = VECTOR ( 'NONE', #2791, 39.37007874015748143 ) ;
#4458 = LINE ( 'NONE', #3705, #10009 ) ;
#4459 = UNCERTAINTY_MEASURE_WITH_UNIT (LENGTH_MEASURE( 1.000000000000000082E-05 ), #10076, 'distance_accuracy_value', 'NONE');
#4460 = VECTOR ( 'NONE', #6296, 39.37007874015748143 ) ;
#4461 = LINE ( 'NONE', #11775, #3331 ) ;
#4462 = EDGE_CURVE ( 'NONE', #7220, #8289, #5524, .T. ) ;
#4463 = CARTESIAN_POINT ( 'NONE',  ( 0.1079999999999999988, 0.1759999999999999898, -0.01700000000000000122 ) ) ;
#4464 = ORIENTED_EDGE ( 'NONE', *, *, #5122, .F. ) ;
#4465 = VECTOR ( 'NONE', #11794, 39.37007874015748854 ) ;
#4466 = CARTESIAN_POINT ( 'NONE',  ( -0.3250000000000000111, 0.2099999999999999922, -0.1199999999999999956 ) ) ;
#4467 = PRESENTATION_LAYER_ASSIGNMENT (  '', '', ( #9621 ) ) ;
#4468 = COLOUR_RGB ( '',0.8627450980392157298, 0.6274509803921568540, 0.05882352941176470507 ) ;
#4469 = FILL_AREA_STYLE ('',( #5435 ) ) ;
#4470 = LINE ( 'NONE', #8101, #10687 ) ;
#4471 = CARTESIAN_POINT ( 'NONE',  ( 0.1079999999999999988, 0.1849999999999999978, -0.02799999999999999711 ) ) ;
#4472 = VECTOR ( 'NONE', #7783, 39.37007874015748854 ) ;
#4473 = DIRECTION ( 'NONE',  ( 0.000000000000000000, -0.000000000000000000, 1.000000000000000000 ) ) ;
#4474 = VERTEX_POINT ( 'NONE', #8915 ) ;
#4475 = VERTEX_POINT ( 'NONE', #2741 ) ;
#4476 = DIRECTION ( 'NONE',  ( 0.000000000000000000, -0.000000000000000000, 1.000000000000000000 ) ) ;
#4477 = MECHANICAL_DESIGN_GEOMETRIC_PRESENTATION_REPRESENTATION (  '', ( #10399 ), #1457 ) ;
#4478 =( GEOMETRIC_REPRESENTATION_CONTEXT ( 3 ) GLOBAL_UNCERTAINTY_ASSIGNED_CONTEXT ( ( #8265 ) ) GLOBAL_UNIT_ASSIGNED_CONTEXT ( ( #679, #625, #9547 ) ) REPRESENTATION_CONTEXT ( 'NONE', 'WORKASPACE' ) );
#4479 = SURFACE_SIDE_STYLE ('',( #1063 ) ) ;
#4480 = LENGTH_MEASURE_WITH_UNIT ( LENGTH_MEASURE( 0.02539999999999999897 ), #880 );
#4481 =( GEOMETRIC_REPRESENTATION_CONTEXT ( 3 ) GLOBAL_UNCERTAINTY_ASSIGNED_CONTEXT ( ( #8066 ) ) GLOBAL_UNIT_ASSIGNED_CONTEXT ( ( #3940, #439, #10138 ) ) REPRESENTATION_CONTEXT ( 'NONE', 'WORKASPACE' ) );
#4482 = SURFACE_STYLE_USAGE ( .BOTH. , #6353 ) ;
#4483 = STYLED_ITEM ( 'NONE', ( #1312 ), #9635 ) ;
#4484 = ORIENTED_EDGE ( 'NONE', *, *, #1349, .T. ) ;
#4485 = CARTESIAN_POINT ( 'NONE',  ( -0.05799999999999996825, 0.02000000000000000042, -0.05999999999999999778 ) ) ;
#4486 = PLANE ( 'NONE',  #8187 ) ;
#4487 = ORIENTED_EDGE ( 'NONE', *, *, #3881, .F. ) ;
#4488 = SURFACE_STYLE_USAGE ( .BOTH. , #9155 ) ;
#4489 = LINE ( 'NONE', #2610, #1494 ) ;
#4490 = CARTESIAN_POINT ( 'NONE',  ( 0.1079999999999999988, 0.04000000000000000083, -0.01700000000000000122 ) ) ;
#4491 = STYLED_ITEM ( 'NONE', ( #2929 ), #2135 ) ;
#4492 = DIRECTION ( 'NONE',  ( 1.000000000000000000, 0.000000000000000000, -0.000000000000000000 ) ) ;
#4493 =( CONVERSION_BASED_UNIT ( 'INCH', #107 ) LENGTH_UNIT ( ) NAMED_UNIT ( #3240 ) );
#4494 = CARTESIAN_POINT ( 'NONE',  ( 0.04200000000000000955, -0.06600000000000000311, 0.03299999999999997380 ) ) ;
#4495 = EDGE_LOOP ( 'NONE', ( #2851, #6668, #2669, #8479 ) ) ;
#4496 = VECTOR ( 'NONE', #2843, 39.37007874015748143 ) ;
#4497 = VERTEX_POINT ( 'NONE', #4619 ) ;
#4498 = CARTESIAN_POINT ( 'NONE',  ( 0.1079999999999999988, 0.04000000000000000083, -0.01700000000000000122 ) ) ;
#4499 = DIMENSIONAL_EXPONENTS ( 1.000000000000000000, 0.000000000000000000, 0.000000000000000000, 0.000000000000000000, 0.000000000000000000, 0.000000000000000000, 0.000000000000000000 ) ;
#4500 = VECTOR ( 'NONE', #1208, 39.37007874015748143 ) ;
#4501 = ORIENTED_EDGE ( 'NONE', *, *, #4355, .F. ) ;
#4502 = VERTEX_POINT ( 'NONE', #9991 ) ;
#4503 = CARTESIAN_POINT ( 'NONE',  ( 0.2879999999999999782, 0.01999999999999998307, 0.03300000000000000155 ) ) ;
#4504 = PRESENTATION_LAYER_ASSIGNMENT (  '', '', ( #9654 ) ) ;
#4505 = EDGE_CURVE ( 'NONE', #4726, #4116, #7997, .T. ) ;
#4506 = MECHANICAL_DESIGN_GEOMETRIC_PRESENTATION_REPRESENTATION (  '', ( #10614 ), #11560 ) ;
#4507 = PLANE ( 'NONE',  #3497 ) ;
#4508 =( CONVERSION_BASED_UNIT ( 'INCH', #8858 ) LENGTH_UNIT ( ) NAMED_UNIT ( #6187 ) );
#4509 =( CONVERSION_BASED_UNIT ( 'INCH', #5407 ) LENGTH_UNIT ( ) NAMED_UNIT ( #7760 ) );
#4510 = PLANE ( 'NONE',  #6665 ) ;
#4511 = ADVANCED_FACE ( 'NONE', ( #2804 ), #7242, .F. ) ;
#4512 = VECTOR ( 'NONE', #5343, 39.37007874015748854 ) ;
#4513 = COLOUR_RGB ( '',0.8627450980392157298, 0.6274509803921568540, 0.05882352941176470507 ) ;
#4514 = DIRECTION ( 'NONE',  ( 0.000000000000000000, -0.4856429311786311098, 0.8741572761215383736 ) ) ;
#4515 =( NAMED_UNIT ( * ) SI_UNIT ( $, .STERADIAN. ) SOLID_ANGLE_UNIT ( ) );
#4516 = LINE ( 'NONE', #7888, #9239 ) ;
#4517 = ORIENTED_EDGE ( 'NONE', *, *, #11338, .F. ) ;
#4518 = DIRECTION ( 'NONE',  ( 1.000000000000000000, 0.000000000000000000, 0.000000000000000000 ) ) ;
#4519 = LINE ( 'NONE', #3589, #8517 ) ;
#4520 = CARTESIAN_POINT ( 'NONE',  ( 0.04200000000000000955, 0.05000000000000002359, 0.03300000000000000155 ) ) ;
#4521 =( GEOMETRIC_REPRESENTATION_CONTEXT ( 3 ) GLOBAL_UNCERTAINTY_ASSIGNED_CONTEXT ( ( #4643 ) ) GLOBAL_UNIT_ASSIGNED_CONTEXT ( ( #11318, #3971, #1197 ) ) REPRESENTATION_CONTEXT ( 'NONE', 'WORKASPACE' ) );
#4522 = UNCERTAINTY_MEASURE_WITH_UNIT (LENGTH_MEASURE( 1.000000000000000082E-05 ), #1984, 'distance_accuracy_value', 'NONE');
#4523 = STYLED_ITEM ( 'NONE', ( #4898 ), #7794 ) ;
#4524 = CARTESIAN_POINT ( 'NONE',  ( -0.2879999999999999782, 0.01999999999999999001, 0.05999999999999999084 ) ) ;
#4525 = DIMENSIONAL_EXPONENTS ( 1.000000000000000000, 0.000000000000000000, 0.000000000000000000, 0.000000000000000000, 0.000000000000000000, 0.000000000000000000, 0.000000000000000000 ) ;
#4526 = LENGTH_MEASURE_WITH_UNIT ( LENGTH_MEASURE( 0.02539999999999999897 ), #5597 );
#4527 = ORIENTED_EDGE ( 'NONE', *, *, #2060, .F. ) ;
#4528 = ORIENTED_EDGE ( 'NONE', *, *, #1293, .F. ) ;
#4529 = EDGE_CURVE ( 'NONE', #4615, #2733, #6433, .T. ) ;
#4530 = VECTOR ( 'NONE', #2704, 39.37007874015748854 ) ;
#4531 = COLOUR_RGB ( '',0.8627450980392157298, 0.6274509803921568540, 0.05882352941176470507 ) ;
#4532 = LINE ( 'NONE', #1607, #7302 ) ;
#4533 = PRESENTATION_STYLE_ASSIGNMENT (( #8205 ) ) ;
#4534 = ORIENTED_EDGE ( 'NONE', *, *, #9434, .F. ) ;
#4535 = CARTESIAN_POINT ( 'NONE',  ( 0.002999999999999991389, -0.07499999999999999722, 0.02199999999999996403 ) ) ;
#4536 = ADVANCED_FACE ( 'NONE', ( #3809 ), #5583, .F. ) ;
#4537 =( NAMED_UNIT ( * ) PLANE_ANGLE_UNIT ( ) SI_UNIT ( $, .RADIAN. ) );
#4538 = UNCERTAINTY_MEASURE_WITH_UNIT (LENGTH_MEASURE( 1.000000000000000082E-05 ), #10675, 'distance_accuracy_value', 'NONE');
#4539 = CARTESIAN_POINT ( 'NONE',  ( 0.04699999999999999317, 0.1849999999999999978, 0.1199999999999999956 ) ) ;
#4540 = MECHANICAL_DESIGN_GEOMETRIC_PRESENTATION_REPRESENTATION (  '', ( #3796 ), #386 ) ;
#4541 = ADVANCED_FACE ( 'NONE', ( #10356 ), #8481, .F. ) ;
#4542 = CARTESIAN_POINT ( 'NONE',  ( 0.1079999999999999988, 0.1850000000000000533, -0.02800000000000004222 ) ) ;
#4543 = ORIENTED_EDGE ( 'NONE', *, *, #3968, .F. ) ;
#4544 = VERTEX_POINT ( 'NONE', #1302 ) ;
#4545 = SURFACE_STYLE_USAGE ( .BOTH. , #2711 ) ;
#4546 = FILL_AREA_STYLE_COLOUR ( '', #2589 ) ;
#4547 = SURFACE_SIDE_STYLE ('',( #7279 ) ) ;
#4548 = EDGE_CURVE ( 'NONE', #8311, #7226, #1082, .T. ) ;
#4549 = CARTESIAN_POINT ( 'NONE',  ( 0.1079999999999999988, -0.06599999999999998923, 0.03300000000000000155 ) ) ;
#4550 = COLOUR_RGB ( '',0.2862745098039215508, 0.2862745098039215508, 0.2862745098039215508 ) ;
#4551 = VERTEX_POINT ( 'NONE', #7540 ) ;
#4552 = VECTOR ( 'NONE', #1151, 39.37007874015748143 ) ;
#4553 =( NAMED_UNIT ( * ) SI_UNIT ( $, .STERADIAN. ) SOLID_ANGLE_UNIT ( ) );
#4554 = FACE_OUTER_BOUND ( 'NONE', #3187, .T. ) ;
#4555 = LINE ( 'NONE', #10841, #737 ) ;
#4556 = DIRECTION ( 'NONE',  ( 0.000000000000000000, -0.4856429311786268355, 0.8741572761215407050 ) ) ;
#4557 = FACE_OUTER_BOUND ( 'NONE', #10476, .T. ) ;
#4558 = SURFACE_STYLE_FILL_AREA ( #1813 ) ;
#4559 = CARTESIAN_POINT ( 'NONE',  ( 0.04199999999999997485, 0.1759999999999999898, 0.03300000000000000155 ) ) ;
#4560 = ORIENTED_EDGE ( 'NONE', *, *, #5660, .F. ) ;
#4561 = VECTOR ( 'NONE', #6074, 39.37007874015748143 ) ;
#4562 = ORIENTED_EDGE ( 'NONE', *, *, #6125, .F. ) ;
#4563 = ORIENTED_EDGE ( 'NONE', *, *, #3186, .T. ) ;
#4564 = LENGTH_MEASURE_WITH_UNIT ( LENGTH_MEASURE( 0.02539999999999999897 ), #10788 );
#4565 = ORIENTED_EDGE ( 'NONE', *, *, #8206, .F. ) ;
#4566 = DIRECTION ( 'NONE',  ( 0.000000000000000000, 0.000000000000000000, 1.000000000000000000 ) ) ;
#4567 = CARTESIAN_POINT ( 'NONE',  ( 0.05800000000000000294, 0.1759999999999999898, -0.01700000000000006714 ) ) ;
#4568 = FILL_AREA_STYLE_COLOUR ( '', #5673 ) ;
#4569 = DIRECTION ( 'NONE',  ( -0.8741572761215379295, 0.4856429311786318315, 0.000000000000000000 ) ) ;
#4570 = DIRECTION ( 'NONE',  ( 0.4368520283305225571, -0.7863336509949322428, 0.4368520283305187824 ) ) ;
#4571 = STYLED_ITEM ( 'NONE', ( #10649 ), #3832 ) ;
#4572 = CARTESIAN_POINT ( 'NONE',  ( -0.04200000000000000955, 0.06499999999999998834, -0.03300000000000000155 ) ) ;
#4573 = CARTESIAN_POINT ( 'NONE',  ( 0.1029999999999999943, -0.07499999999999999722, -0.02799999999999999711 ) ) ;
#4574 = ORIENTED_EDGE ( 'NONE', *, *, #1699, .T. ) ;
#4575 = FILL_AREA_STYLE ('',( #984 ) ) ;
#4576 = DIMENSIONAL_EXPONENTS ( 1.000000000000000000, 0.000000000000000000, 0.000000000000000000, 0.000000000000000000, 0.000000000000000000, 0.000000000000000000, 0.000000000000000000 ) ;
#4577 = DIRECTION ( 'NONE',  ( -0.4856429311786330527, -0.8741572761215371523, 0.000000000000000000 ) ) ;
#4578 = FILL_AREA_STYLE ('',( #8872 ) ) ;
#4579 =( NAMED_UNIT ( * ) SI_UNIT ( $, .STERADIAN. ) SOLID_ANGLE_UNIT ( ) );
#4580 = LENGTH_MEASURE_WITH_UNIT ( LENGTH_MEASURE( 0.02539999999999999897 ), #990 );
#4581 = VERTEX_POINT ( 'NONE', #4680 ) ;
#4582 = LINE ( 'NONE', #8329, #4092 ) ;
#4583 =( NAMED_UNIT ( * ) SI_UNIT ( $, .STERADIAN. ) SOLID_ANGLE_UNIT ( ) );
#4584 = UNCERTAINTY_MEASURE_WITH_UNIT (LENGTH_MEASURE( 1.000000000000000082E-05 ), #1618, 'distance_accuracy_value', 'NONE');
#4585 = LENGTH_MEASURE_WITH_UNIT ( LENGTH_MEASURE( 0.02539999999999999897 ), #1050 );
#4586 = VERTEX_POINT ( 'NONE', #7421 ) ;
#4587 = CARTESIAN_POINT ( 'NONE',  ( -0.003000000000000000062, 0.1849999999999999978, -0.02200000000000006464 ) ) ;
#4588 = MECHANICAL_DESIGN_GEOMETRIC_PRESENTATION_REPRESENTATION (  '', ( #3651 ), #7799 ) ;
#4589 = PLANE ( 'NONE',  #4399 ) ;
#4590 = EDGE_CURVE ( 'NONE', #3390, #4786, #9277, .T. ) ;
#4591 = FILL_AREA_STYLE ('',( #2830 ) ) ;
#4592 = FACE_OUTER_BOUND ( 'NONE', #2549, .T. ) ;
#4593 = LENGTH_MEASURE_WITH_UNIT ( LENGTH_MEASURE( 0.02539999999999999897 ), #2656 );
#4594 = ORIENTED_EDGE ( 'NONE', *, *, #4738, .F. ) ;
#4595 = VERTEX_POINT ( 'NONE', #11430 ) ;
#4596 = FILL_AREA_STYLE_COLOUR ( '', #9814 ) ;
#4597 = PRESENTATION_LAYER_ASSIGNMENT (  '', '', ( #2328 ) ) ;
#4598 =( GEOMETRIC_REPRESENTATION_CONTEXT ( 3 ) GLOBAL_UNCERTAINTY_ASSIGNED_CONTEXT ( ( #2514 ) ) GLOBAL_UNIT_ASSIGNED_CONTEXT ( ( #7022, #6901, #5057 ) ) REPRESENTATION_CONTEXT ( 'NONE', 'WORKASPACE' ) );
#4599 = EDGE_CURVE ( 'NONE', #11409, #4425, #9574, .T. ) ;
#4600 = STYLED_ITEM ( 'NONE', ( #2685 ), #2932 ) ;
#4601 = DIMENSIONAL_EXPONENTS ( 1.000000000000000000, 0.000000000000000000, 0.000000000000000000, 0.000000000000000000, 0.000000000000000000, 0.000000000000000000, 0.000000000000000000 ) ;
#4602 = LINE ( 'NONE', #10097, #11721 ) ;
#4603 = ORIENTED_EDGE ( 'NONE', *, *, #4096, .T. ) ;
#4604 = DIRECTION ( 'NONE',  ( -1.000000000000000000, -0.000000000000000000, 0.000000000000000000 ) ) ;
#4605 = PRESENTATION_STYLE_ASSIGNMENT (( #2844 ) ) ;
#4606 = CARTESIAN_POINT ( 'NONE',  ( -0.2880000000000000338, 0.01999999999999999001, -0.05999999999999999778 ) ) ;
#4607 = CARTESIAN_POINT ( 'NONE',  ( 0.3109999999999999987, 0.000000000000000000, 0.02500000000000000139 ) ) ;
#4608 = SURFACE_STYLE_FILL_AREA ( #1128 ) ;
#4609 = STYLED_ITEM ( 'NONE', ( #5974 ), #5873 ) ;
#4610 = LINE ( 'NONE', #8229, #7382 ) ;
#4611 = LINE ( 'NONE', #7232, #3534 ) ;
#4612 = ORIENTED_EDGE ( 'NONE', *, *, #8502, .T. ) ;
#4613 = VERTEX_POINT ( 'NONE', #2430 ) ;
#4614 = PRESENTATION_LAYER_ASSIGNMENT (  '', '', ( #9754 ) ) ;
#4615 = VERTEX_POINT ( 'NONE', #5890 ) ;
#4616 = ADVANCED_FACE ( 'NONE', ( #2488, #1573 ), #8722, .F. ) ;
#4617 = CARTESIAN_POINT ( 'NONE',  ( 0.09199999999999999845, 0.1759999999999999898, 0.03300000000000000155 ) ) ;
#4618 = ORIENTED_EDGE ( 'NONE', *, *, #7213, .T. ) ;
#4619 = CARTESIAN_POINT ( 'NONE',  ( 0.09700000000000000289, 0.1849999999999999978, -0.02800000000000000752 ) ) ;
#4620 = FACE_OUTER_BOUND ( 'NONE', #10048, .T. ) ;
#4621 = DIRECTION ( 'NONE',  ( 0.000000000000000000, 0.000000000000000000, -1.000000000000000000 ) ) ;
#4622 = MECHANICAL_DESIGN_GEOMETRIC_PRESENTATION_REPRESENTATION (  '', ( #3873 ), #11304 ) ;
#4623 = COLOUR_RGB ( '',0.8627450980392157298, 0.6274509803921568540, 0.05882352941176470507 ) ;
#4624 = LINE ( 'NONE', #6438, #5710 ) ;
#4625 = PRESENTATION_LAYER_ASSIGNMENT (  '', '', ( #11696 ) ) ;
#4626 = SURFACE_STYLE_USAGE ( .BOTH. , #9941 ) ;
#4627 = CARTESIAN_POINT ( 'NONE',  ( 0.1079999999999999988, 0.1759999999999999898, -0.01700000000000000122 ) ) ;
#4628 = ORIENTED_EDGE ( 'NONE', *, *, #3827, .F. ) ;
#4629 = SURFACE_STYLE_FILL_AREA ( #4575 ) ;
#4630 = UNCERTAINTY_MEASURE_WITH_UNIT (LENGTH_MEASURE( 1.000000000000000082E-05 ), #7462, 'distance_accuracy_value', 'NONE');
#4631 = SURFACE_STYLE_FILL_AREA ( #10264 ) ;
#4632 = FILL_AREA_STYLE_COLOUR ( '', #8527 ) ;
#4633 = APPLICATION_PROTOCOL_DEFINITION ( 'draft international standard', 'automotive_design', 1998, #3686 ) ;
#4634 = ORIENTED_EDGE ( 'NONE', *, *, #8071, .T. ) ;
#4635 = DIRECTION ( 'NONE',  ( 0.000000000000000000, 1.778546870875169980E-16, -1.000000000000000000 ) ) ;
#4636 = VECTOR ( 'NONE', #5685, 39.37007874015748143 ) ;
#4637 = CARTESIAN_POINT ( 'NONE',  ( 0.05299999999999998462, 0.1849999999999999978, 0.02199999999999999872 ) ) ;
#4638 =( NAMED_UNIT ( * ) PLANE_ANGLE_UNIT ( ) SI_UNIT ( $, .RADIAN. ) );
#4639 =( NAMED_UNIT ( * ) PLANE_ANGLE_UNIT ( ) SI_UNIT ( $, .RADIAN. ) );
#4640 = DIRECTION ( 'NONE',  ( -0.000000000000000000, 1.000000000000000000, 0.000000000000000000 ) ) ;
#4641 =( NAMED_UNIT ( * ) PLANE_ANGLE_UNIT ( ) SI_UNIT ( $, .RADIAN. ) );
#4642 = EDGE_CURVE ( 'NONE', #7419, #5461, #537, .T. ) ;
#4643 = UNCERTAINTY_MEASURE_WITH_UNIT (LENGTH_MEASURE( 1.000000000000000082E-05 ), #11318, 'distance_accuracy_value', 'NONE');
#4644 = LINE ( 'NONE', #6340, #2503 ) ;
#4645 =( GEOMETRIC_REPRESENTATION_CONTEXT ( 3 ) GLOBAL_UNCERTAINTY_ASSIGNED_CONTEXT ( ( #1306 ) ) GLOBAL_UNIT_ASSIGNED_CONTEXT ( ( #8068, #10731, #8794 ) ) REPRESENTATION_CONTEXT ( 'NONE', 'WORKASPACE' ) );
#4646 = CARTESIAN_POINT ( 'NONE',  ( 0.002999999999999990088, -0.07499999999999999722, 0.1199999999999999956 ) ) ;
#4647 = VECTOR ( 'NONE', #374, 39.37007874015748143 ) ;
#4648 = DIRECTION ( 'NONE',  ( 0.000000000000000000, 0.000000000000000000, 1.000000000000000000 ) ) ;
#4649 = DIMENSIONAL_EXPONENTS ( 1.000000000000000000, 0.000000000000000000, 0.000000000000000000, 0.000000000000000000, 0.000000000000000000, 0.000000000000000000, 0.000000000000000000 ) ;
#4650 = SURFACE_STYLE_FILL_AREA ( #282 ) ;
#4651 = VERTEX_POINT ( 'NONE', #8838 ) ;
#4652 = ORIENTED_EDGE ( 'NONE', *, *, #1986, .F. ) ;
#4653 =( GEOMETRIC_REPRESENTATION_CONTEXT ( 3 ) GLOBAL_UNCERTAINTY_ASSIGNED_CONTEXT ( ( #10282 ) ) GLOBAL_UNIT_ASSIGNED_CONTEXT ( ( #417, #6823, #5825 ) ) REPRESENTATION_CONTEXT ( 'NONE', 'WORKASPACE' ) );
#4654 = LINE ( 'NONE', #5442, #2978 ) ;
#4655 = DIRECTION ( 'NONE',  ( -0.000000000000000000, 1.000000000000000000, 0.000000000000000000 ) ) ;
#4656 = ADVANCED_FACE ( 'NONE', ( #1416 ), #6879, .F. ) ;
#4657 = DIRECTION ( 'NONE',  ( -0.4472135954999579277, -0.8944271909999158554, -0.000000000000000000 ) ) ;
#4658 =( NAMED_UNIT ( * ) SI_UNIT ( $, .STERADIAN. ) SOLID_ANGLE_UNIT ( ) );
#4659 = STYLED_ITEM ( 'NONE', ( #9197 ), #11581 ) ;
#4660 = LINE ( 'NONE', #6699, #3166 ) ;
#4661 = EDGE_LOOP ( 'NONE', ( #1929, #10601, #10559, #236 ) ) ;
#4662 =( LENGTH_UNIT ( ) NAMED_UNIT ( * ) SI_UNIT ( $, .METRE. ) );
#4663 = FILL_AREA_STYLE ('',( #3845 ) ) ;
#4664 = VECTOR ( 'NONE', #150, 39.37007874015748143 ) ;
#4665 = DIRECTION ( 'NONE',  ( 1.000000000000000000, 0.000000000000000000, -0.000000000000000000 ) ) ;
#4666 =( NAMED_UNIT ( * ) SI_UNIT ( $, .STERADIAN. ) SOLID_ANGLE_UNIT ( ) );
#4667 = VECTOR ( 'NONE', #6106, 39.37007874015748143 ) ;
#4668 = CARTESIAN_POINT ( 'NONE',  ( -0.05800000000000000294, 0.05000000000000000971, 0.1199999999999999956 ) ) ;
#4669 = VECTOR ( 'NONE', #3435, 39.37007874015748143 ) ;
#4670 = ORIENTED_EDGE ( 'NONE', *, *, #1927, .T. ) ;
#4671 = VECTOR ( 'NONE', #2519, 39.37007874015748143 ) ;
#4672 =( GEOMETRIC_REPRESENTATION_CONTEXT ( 3 ) GLOBAL_UNCERTAINTY_ASSIGNED_CONTEXT ( ( #10439 ) ) GLOBAL_UNIT_ASSIGNED_CONTEXT ( ( #5410, #8980, #15 ) ) REPRESENTATION_CONTEXT ( 'NONE', 'WORKASPACE' ) );
#4673 = DIRECTION ( 'NONE',  ( 0.000000000000000000, 1.000000000000000000, 0.000000000000000000 ) ) ;
#4674 = EDGE_CURVE ( 'NONE', #5581, #6666, #1009, .T. ) ;
#4675 = STYLED_ITEM ( 'NONE', ( #9848 ), #9189 ) ;
#4676 = ORIENTED_EDGE ( 'NONE', *, *, #1600, .T. ) ;
#4677 = VECTOR ( 'NONE', #9485, 39.37007874015748143 ) ;
#4678 = ORIENTED_EDGE ( 'NONE', *, *, #10373, .T. ) ;
#4679 = DIMENSIONAL_EXPONENTS ( 1.000000000000000000, 0.000000000000000000, 0.000000000000000000, 0.000000000000000000, 0.000000000000000000, 0.000000000000000000, 0.000000000000000000 ) ;
#4680 = CARTESIAN_POINT ( 'NONE',  ( 0.05800000000000000294, 0.04000000000000000083, 0.01700000000000000122 ) ) ;
#4681 = FILL_AREA_STYLE_COLOUR ( '', #3462 ) ;
#4682 = AXIS2_PLACEMENT_3D ( 'NONE', #2200, #250, #10308 ) ;
#4683 = SURFACE_STYLE_USAGE ( .BOTH. , #914 ) ;
#4684 = LENGTH_MEASURE_WITH_UNIT ( LENGTH_MEASURE( 0.02539999999999999897 ), #8186 );
#4685 = EDGE_CURVE ( 'NONE', #9761, #9391, #9794, .T. ) ;
#4686 = CARTESIAN_POINT ( 'NONE',  ( 0.000000000000000000, 0.06500000000000000222, -0.03300000000000000155 ) ) ;
#4687 =( CONVERSION_BASED_UNIT ( 'INCH', #67 ) LENGTH_UNIT ( ) NAMED_UNIT ( #7000 ) );
#4688 =( NAMED_UNIT ( * ) SI_UNIT ( $, .STERADIAN. ) SOLID_ANGLE_UNIT ( ) );
#4689 = VECTOR ( 'NONE', #6701, 39.37007874015748143 ) ;
#4690 = COLOUR_RGB ( '',0.8627450980392157298, 0.6274509803921568540, 0.05882352941176470507 ) ;
#4691 = VERTEX_POINT ( 'NONE', #9860 ) ;
#4692 = DIRECTION ( 'NONE',  ( 0.4472135954999579277, 0.8944271909999158554, 0.000000000000000000 ) ) ;
#4693 = PLANE ( 'NONE',  #6345 ) ;
#4694 = FILL_AREA_STYLE_COLOUR ( '', #4401 ) ;
#4695 = CARTESIAN_POINT ( 'NONE',  ( -0.09200000000000001232, -0.06600000000000000311, -0.01700000000000000122 ) ) ;
#4696 = SURFACE_SIDE_STYLE ('',( #6505 ) ) ;
#4697 = VECTOR ( 'NONE', #6194, 39.37007874015748143 ) ;
#4698 = ITEM_DEFINED_TRANSFORMATION ( 'NONE', 'NONE', #9633,  #3927 ) ;
#4699 = EDGE_LOOP ( 'NONE', ( #9583, #2859, #5300, #8717 ) ) ;
#4700 = PLANE ( 'NONE',  #6589 ) ;
#4701 =( NAMED_UNIT ( * ) SI_UNIT ( $, .STERADIAN. ) SOLID_ANGLE_UNIT ( ) );
#4702 = PLANE ( 'NONE',  #3569 ) ;
#4703 = AXIS2_PLACEMENT_3D ( 'NONE', #1942, #8468, #3068 ) ;
#4704 = STYLED_ITEM ( 'NONE', ( #2729 ), #7789 ) ;
#4705 = DIRECTION ( 'NONE',  ( 1.000000000000000000, 0.000000000000000000, -0.000000000000000000 ) ) ;
#4706 = CARTESIAN_POINT ( 'NONE',  ( 0.008000000000000007105, -0.06600000000000000311, -0.03300000000000000155 ) ) ;
#4707 = FILL_AREA_STYLE_COLOUR ( '', #5538 ) ;
#4708 = PRESENTATION_STYLE_ASSIGNMENT (( #11238 ) ) ;
#4709 = DIRECTION ( 'NONE',  ( 0.000000000000000000, -1.000000000000000000, -0.000000000000000000 ) ) ;
#4710 = CARTESIAN_POINT ( 'NONE',  ( -0.008000000000000014044, 0.01999999999999999001, -0.03300000000000000155 ) ) ;
#4711 = VERTEX_POINT ( 'NONE', #6178 ) ;
#4712 = ORIENTED_EDGE ( 'NONE', *, *, #7122, .T. ) ;
#4713 = VECTOR ( 'NONE', #10945, 39.37007874015748143 ) ;
#4714 = VECTOR ( 'NONE', #2770, 39.37007874015748143 ) ;
#4715 = SURFACE_SIDE_STYLE ('',( #8286 ) ) ;
#4716 = CARTESIAN_POINT ( 'NONE',  ( 0.3009999999999999898, 0.04499999999999999833, -0.02500000000000000139 ) ) ;
#4717 = EDGE_LOOP ( 'NONE', ( #1732, #3815, #11215, #2422 ) ) ;
#4718 = CARTESIAN_POINT ( 'NONE',  ( 0.000000000000000000, 0.06500000000000000222, -0.03300000000000000155 ) ) ;
#4719 = CARTESIAN_POINT ( 'NONE',  ( -0.003000000000000000062, 0.1849999999999999978, 0.1199999999999999956 ) ) ;
#4720 = LENGTH_MEASURE_WITH_UNIT ( LENGTH_MEASURE( 0.02539999999999999897 ), #2903 );
#4721 = VECTOR ( 'NONE', #5476, 39.37007874015748143 ) ;
#4722 = CARTESIAN_POINT ( 'NONE',  ( -0.003000000000000017410, -0.07499999999999999722, -0.02199999999999999872 ) ) ;
#4723 = LINE ( 'NONE', #9383, #3804 ) ;
#4724 = EDGE_CURVE ( 'NONE', #2543, #7184, #3619, .T. ) ;
#4725 = DIRECTION ( 'NONE',  ( -0.8741572761215383736, -0.4856429311786311098, 0.000000000000000000 ) ) ;
#4726 = VERTEX_POINT ( 'NONE', #3670 ) ;
#4727 = CARTESIAN_POINT ( 'NONE',  ( 0.09199999999999999845, 0.04000000000000000083, 0.1199999999999999956 ) ) ;
#4728 = LINE ( 'NONE', #4498, #1797 ) ;
#4729 = DIMENSIONAL_EXPONENTS ( 1.000000000000000000, 0.000000000000000000, 0.000000000000000000, 0.000000000000000000, 0.000000000000000000, 0.000000000000000000, 0.000000000000000000 ) ;
#4730 = STYLED_ITEM ( 'NONE', ( #1291 ), #5530 ) ;
#4731 = COLOUR_RGB ( '',0.8627450980392157298, 0.6274509803921568540, 0.05882352941176470507 ) ;
#4732 = ORIENTED_EDGE ( 'NONE', *, *, #828, .F. ) ;
#4733 = ORIENTED_EDGE ( 'NONE', *, *, #3939, .T. ) ;
#4734 = CARTESIAN_POINT ( 'NONE',  ( -0.09199999999999999845, 0.05000000000000000278, 0.1199999999999999956 ) ) ;
#4735 = DIRECTION ( 'NONE',  ( 0.000000000000000000, 0.000000000000000000, 1.000000000000000000 ) ) ;
#4736 = FILL_AREA_STYLE_COLOUR ( '', #6720 ) ;
#4737 = FILL_AREA_STYLE ('',( #3689 ) ) ;
#4738 = EDGE_CURVE ( 'NONE', #8199, #3262, #10905, .T. ) ;
#4739 = PRESENTATION_STYLE_ASSIGNMENT (( #2136 ) ) ;
#4740 =( GEOMETRIC_REPRESENTATION_CONTEXT ( 3 ) GLOBAL_UNCERTAINTY_ASSIGNED_CONTEXT ( ( #7490 ) ) GLOBAL_UNIT_ASSIGNED_CONTEXT ( ( #6865, #1562, #8766 ) ) REPRESENTATION_CONTEXT ( 'NONE', 'WORKASPACE' ) );
#4741 = STYLED_ITEM ( 'NONE', ( #11609 ), #8828 ) ;
#4742 = LENGTH_MEASURE_WITH_UNIT ( LENGTH_MEASURE( 0.02539999999999999897 ), #1148 );
#4743 = EDGE_LOOP ( 'NONE', ( #1702, #1697, #11324, #9732 ) ) ;
#4744 = CARTESIAN_POINT ( 'NONE',  ( -0.09199999999999999845, 0.06499999999999998834, -0.01700000000000000122 ) ) ;
#4745 =( CONVERSION_BASED_UNIT ( 'INCH', #10062 ) LENGTH_UNIT ( ) NAMED_UNIT ( #10516 ) );
#4746 = EDGE_CURVE ( 'NONE', #8414, #8966, #768, .T. ) ;
#4747 = ADVANCED_BREP_SHAPE_REPRESENTATION ( '', ( #9942, #3927 ), #3354 ) ;
#4748 = ORIENTED_EDGE ( 'NONE', *, *, #580, .F. ) ;
#4749 =( NAMED_UNIT ( * ) PLANE_ANGLE_UNIT ( ) SI_UNIT ( $, .RADIAN. ) );
#4750 = EDGE_CURVE ( 'NONE', #11281, #10916, #4555, .T. ) ;
#4751 = DIRECTION ( 'NONE',  ( 0.000000000000000000, 1.000000000000000000, 0.000000000000000000 ) ) ;
#4752 = UNCERTAINTY_MEASURE_WITH_UNIT (LENGTH_MEASURE( 1.000000000000000082E-05 ), #2499, 'distance_accuracy_value', 'NONE');
#4753 = SURFACE_SIDE_STYLE ('',( #1161 ) ) ;
#4754 = PLANE ( 'NONE',  #764 ) ;
#4755 = EDGE_CURVE ( 'NONE', #2262, #3629, #8115, .T. ) ;
#4756 = ORIENTED_EDGE ( 'NONE', *, *, #3032, .T. ) ;
#4757 = EDGE_CURVE ( 'NONE', #5812, #2835, #2787, .T. ) ;
#4758 = SURFACE_STYLE_USAGE ( .BOTH. , #7387 ) ;
#4759 =( NAMED_UNIT ( * ) PLANE_ANGLE_UNIT ( ) SI_UNIT ( $, .RADIAN. ) );
#4760 = STYLED_ITEM ( 'NONE', ( #8903 ), #3157 ) ;
#4761 = LINE ( 'NONE', #8203, #1429 ) ;
#4762 =( LENGTH_UNIT ( ) NAMED_UNIT ( * ) SI_UNIT ( $, .METRE. ) );
#4763 = ADVANCED_FACE ( 'NONE', ( #1634 ), #4364, .F. ) ;
#4764 =( LENGTH_UNIT ( ) NAMED_UNIT ( * ) SI_UNIT ( $, .METRE. ) );
#4765 = COLOUR_RGB ( '',0.8627450980392157298, 0.6274509803921568540, 0.05882352941176470507 ) ;
#4766 = DIRECTION ( 'NONE',  ( 0.000000000000000000, 0.000000000000000000, -1.000000000000000000 ) ) ;
#4767 = UNCERTAINTY_MEASURE_WITH_UNIT (LENGTH_MEASURE( 1.000000000000000082E-05 ), #9266, 'distance_accuracy_value', 'NONE');
#4768 = CARTESIAN_POINT ( 'NONE',  ( -0.05000000000000000278, 0.2099999999999999922, -0.1199999999999999956 ) ) ;
#4769 = CARTESIAN_POINT ( 'NONE',  ( -0.2899999999999999800, 0.2099999999999999922, -0.07000000000000000666 ) ) ;
#4770 = CARTESIAN_POINT ( 'NONE',  ( 0.04200000000000000955, 0.1759999999999999898, 0.03300000000000000155 ) ) ;
#4771 = EDGE_LOOP ( 'NONE', ( #5065, #7039, #3807, #1688 ) ) ;
#4772 = ORIENTED_EDGE ( 'NONE', *, *, #2300, .F. ) ;
#4773 = VECTOR ( 'NONE', #9998, 39.37007874015748143 ) ;
#4774 = AXIS2_PLACEMENT_3D ( 'NONE', #4719, #10100, #5387 ) ;
#4775 = CARTESIAN_POINT ( 'NONE',  ( -0.008000000000000007105, 0.04000000000000000083, 0.01700000000000000122 ) ) ;
#4776 = ORIENTED_EDGE ( 'NONE', *, *, #8309, .F. ) ;
#4777 = CARTESIAN_POINT ( 'NONE',  ( -0.1079999999999999988, 0.05000000000000000278, -0.01700000000000000122 ) ) ;
#4778 = DIRECTION ( 'NONE',  ( 1.000000000000000000, 0.000000000000000000, 0.000000000000000000 ) ) ;
#4779 =( NAMED_UNIT ( * ) PLANE_ANGLE_UNIT ( ) SI_UNIT ( $, .RADIAN. ) );
#4780 = FACE_OUTER_BOUND ( 'NONE', #10459, .T. ) ;
#4781 =( NAMED_UNIT ( * ) PLANE_ANGLE_UNIT ( ) SI_UNIT ( $, .RADIAN. ) );
#4782 = ORIENTED_EDGE ( 'NONE', *, *, #10764, .T. ) ;
#4783 = DIRECTION ( 'NONE',  ( -0.000000000000000000, 1.000000000000000000, 0.000000000000000000 ) ) ;
#4784 = ORIENTED_EDGE ( 'NONE', *, *, #11061, .T. ) ;
#4785 = COLOUR_RGB ( '',0.2862745098039215508, 0.2862745098039215508, 0.2862745098039215508 ) ;
#4786 = VERTEX_POINT ( 'NONE', #10774 ) ;
#4787 = MECHANICAL_DESIGN_GEOMETRIC_PRESENTATION_REPRESENTATION (  '', ( #4400 ), #5955 ) ;
#4788 = DIRECTION ( 'NONE',  ( -0.4856429311786317760, 0.8741572761215378184, 0.000000000000000000 ) ) ;
#4789 = LENGTH_MEASURE_WITH_UNIT ( LENGTH_MEASURE( 0.02539999999999999897 ), #8183 );
#4790 =( NAMED_UNIT ( * ) SI_UNIT ( $, .STERADIAN. ) SOLID_ANGLE_UNIT ( ) );
#4791 = DIRECTION ( 'NONE',  ( 0.000000000000000000, -0.000000000000000000, 1.000000000000000000 ) ) ;
#4792 =( GEOMETRIC_REPRESENTATION_CONTEXT ( 3 ) GLOBAL_UNCERTAINTY_ASSIGNED_CONTEXT ( ( #9542 ) ) GLOBAL_UNIT_ASSIGNED_CONTEXT ( ( #4017, #8539, #9392 ) ) REPRESENTATION_CONTEXT ( 'NONE', 'WORKASPACE' ) );
#4793 = STYLED_ITEM ( 'NONE', ( #142 ), #6671 ) ;
#4794 = VERTEX_POINT ( 'NONE', #890 ) ;
#4795 = SURFACE_SIDE_STYLE ('',( #8488 ) ) ;
#4796 = CARTESIAN_POINT ( 'NONE',  ( 0.007999999999999955064, 0.02000000000000000042, -0.05999999999999999778 ) ) ;
#4797 = EDGE_CURVE ( 'NONE', #1074, #5847, #4489, .T. ) ;
#4798 = ORIENTED_EDGE ( 'NONE', *, *, #7999, .F. ) ;
#4799 = DIMENSIONAL_EXPONENTS ( 1.000000000000000000, 0.000000000000000000, 0.000000000000000000, 0.000000000000000000, 0.000000000000000000, 0.000000000000000000, 0.000000000000000000 ) ;
#4800 = MECHANICAL_DESIGN_GEOMETRIC_PRESENTATION_REPRESENTATION (  '', ( #9953 ), #1763 ) ;
#4801 =( NAMED_UNIT ( * ) SI_UNIT ( $, .STERADIAN. ) SOLID_ANGLE_UNIT ( ) );
#4802 = ORIENTED_EDGE ( 'NONE', *, *, #6524, .T. ) ;
#4803 = LINE ( 'NONE', #8380, #10454 ) ;
#4804 = PLANE ( 'NONE',  #3042 ) ;
#4805 = APPLICATION_PROTOCOL_DEFINITION ( 'draft international standard', 'automotive_design', 1998, #10613 ) ;
#4806 = MECHANICAL_DESIGN_GEOMETRIC_PRESENTATION_REPRESENTATION (  '', ( #8420 ), #4232 ) ;
#4807 = PLANE ( 'NONE',  #6193 ) ;
#4808 = DIRECTION ( 'NONE',  ( 0.000000000000000000, 0.000000000000000000, 1.000000000000000000 ) ) ;
#4810 = ADVANCED_FACE ( 'NONE', ( #6359 ), #5324, .F. ) ;
#4809 = UNCERTAINTY_MEASURE_WITH_UNIT (LENGTH_MEASURE( 1.000000000000000082E-05 ), #7825, 'distance_accuracy_value', 'NONE');
#4811 = LINE ( 'NONE', #5547, #2766 ) ;
#4812 = DIRECTION ( 'NONE',  ( 0.4472135954999579277, 0.8944271909999158554, 0.000000000000000000 ) ) ;
#4813 = CARTESIAN_POINT ( 'NONE',  ( 0.09199999999999999845, 0.05000000000000000971, 0.01700000000000000122 ) ) ;
#4814 = DIRECTION ( 'NONE',  ( 1.000000000000000000, 0.000000000000000000, 0.000000000000000000 ) ) ;
#4815 = EDGE_CURVE ( 'NONE', #5746, #3028, #6478, .T. ) ;
#4816 = LENGTH_MEASURE_WITH_UNIT ( LENGTH_MEASURE( 0.02539999999999999897 ), #11345 );
#4817 = DIRECTION ( 'NONE',  ( 1.000000000000000000, -0.000000000000000000, 0.000000000000000000 ) ) ;
#4818 = SURFACE_SIDE_STYLE ('',( #10090 ) ) ;
#4819 = SURFACE_STYLE_USAGE ( .BOTH. , #7509 ) ;
#4820 = VERTEX_POINT ( 'NONE', #1070 ) ;
#4821 = VERTEX_POINT ( 'NONE', #6703 ) ;
#4822 = VECTOR ( 'NONE', #7369, 39.37007874015748143 ) ;
#4823 = FILL_AREA_STYLE ('',( #4934 ) ) ;
#4824 = EDGE_CURVE ( 'NONE', #6809, #8137, #9444, .T. ) ;
#4825 = PRESENTATION_STYLE_ASSIGNMENT (( #9374 ) ) ;
#4826 = DIRECTION ( 'NONE',  ( 0.4856429311786268355, 0.8741572761215407050, 0.000000000000000000 ) ) ;
#4827 = PLANE ( 'NONE',  #1264 ) ;
#4828 = ORIENTED_EDGE ( 'NONE', *, *, #2927, .F. ) ;
#4829 = LINE ( 'NONE', #11193, #5853 ) ;
#4830 = AXIS2_PLACEMENT_3D ( 'NONE', #6630, #9305, #7561 ) ;
#4831 = MECHANICAL_DESIGN_GEOMETRIC_PRESENTATION_REPRESENTATION (  '', ( #7125 ), #7305 ) ;
#4832 = VECTOR ( 'NONE', #8962, 39.37007874015748143 ) ;
#4833 = CARTESIAN_POINT ( 'NONE',  ( 0.2899999999999999800, 0.06500000000000000222, 0.000000000000000000 ) ) ;
#4834 = DIRECTION ( 'NONE',  ( 0.000000000000000000, 0.8741572761215382625, -0.4856429311786310543 ) ) ;
#4835 = VECTOR ( 'NONE', #11269, 39.37007874015748143 ) ;
#4836 = PLANE ( 'NONE',  #11217 ) ;
#4837 = FILL_AREA_STYLE_COLOUR ( '', #8831 ) ;
#4838 = ORIENTED_EDGE ( 'NONE', *, *, #4964, .T. ) ;
#4839 = SURFACE_STYLE_FILL_AREA ( #4069 ) ;
#4840 = VECTOR ( 'NONE', #8548, 39.37007874015748143 ) ;
#4841 = PLANE ( 'NONE',  #10196 ) ;
#4842 = PRESENTATION_LAYER_ASSIGNMENT (  '', '', ( #10001 ) ) ;
#4843 = AXIS2_PLACEMENT_3D ( 'NONE', #1601, #3528, #10813 ) ;
#4844 = ORIENTED_EDGE ( 'NONE', *, *, #6858, .T. ) ;
#4845 = DIRECTION ( 'NONE',  ( 0.000000000000000000, -1.000000000000000000, -0.000000000000000000 ) ) ;
#4846 = ORIENTED_EDGE ( 'NONE', *, *, #8992, .F. ) ;
#4847 = SURFACE_SIDE_STYLE ('',( #8593 ) ) ;
#4848 = LENGTH_MEASURE_WITH_UNIT ( LENGTH_MEASURE( 0.02539999999999999897 ), #10112 );
#4849 = SURFACE_SIDE_STYLE ('',( #3860 ) ) ;
#4850 = VECTOR ( 'NONE', #1285, 39.37007874015748143 ) ;
#4851 = UNCERTAINTY_MEASURE_WITH_UNIT (LENGTH_MEASURE( 1.000000000000000082E-05 ), #8979, 'distance_accuracy_value', 'NONE');
#4852 = SURFACE_STYLE_USAGE ( .BOTH. , #7703 ) ;
#4853 = MECHANICAL_DESIGN_GEOMETRIC_PRESENTATION_REPRESENTATION (  '', ( #2216 ), #11530 ) ;
#4854 = DIRECTION ( 'NONE',  ( 0.000000000000000000, -0.000000000000000000, 1.000000000000000000 ) ) ;
#4855 = STYLED_ITEM ( 'NONE', ( #4825 ), #9975 ) ;
#4856 =( GEOMETRIC_REPRESENTATION_CONTEXT ( 3 ) GLOBAL_UNCERTAINTY_ASSIGNED_CONTEXT ( ( #3225 ) ) GLOBAL_UNIT_ASSIGNED_CONTEXT ( ( #2838, #7277, #8282 ) ) REPRESENTATION_CONTEXT ( 'NONE', 'WORKASPACE' ) );
#4857 =( NAMED_UNIT ( * ) PLANE_ANGLE_UNIT ( ) SI_UNIT ( $, .RADIAN. ) );
#4858 = ORIENTED_EDGE ( 'NONE', *, *, #9117, .T. ) ;
#4859 =( CONVERSION_BASED_UNIT ( 'INCH', #4027 ) LENGTH_UNIT ( ) NAMED_UNIT ( #4026 ) );
#4860 =( GEOMETRIC_REPRESENTATION_CONTEXT ( 3 ) GLOBAL_UNCERTAINTY_ASSIGNED_CONTEXT ( ( #11003 ) ) GLOBAL_UNIT_ASSIGNED_CONTEXT ( ( #11632, #735, #1772 ) ) REPRESENTATION_CONTEXT ( 'NONE', 'WORKASPACE' ) );
#4861 =( NAMED_UNIT ( * ) SI_UNIT ( $, .STERADIAN. ) SOLID_ANGLE_UNIT ( ) );
#4862 = SURFACE_STYLE_FILL_AREA ( #2202 ) ;
#4863 = ORIENTED_EDGE ( 'NONE', *, *, #10605, .T. ) ;
#4864 = VECTOR ( 'NONE', #2760, 39.37007874015748143 ) ;
#4865 = LENGTH_MEASURE_WITH_UNIT ( LENGTH_MEASURE( 0.02539999999999999897 ), #3523 );
#4866 = SURFACE_SIDE_STYLE ('',( #3763 ) ) ;
#4867 = PLANE ( 'NONE',  #9878 ) ;
#4868 = LINE ( 'NONE', #323, #3857 ) ;
#4869 = UNCERTAINTY_MEASURE_WITH_UNIT (LENGTH_MEASURE( 1.000000000000000082E-05 ), #7593, 'distance_accuracy_value', 'NONE');
#4870 = EDGE_CURVE ( 'NONE', #5313, #3628, #1233, .T. ) ;
#4871 = SURFACE_SIDE_STYLE ('',( #326 ) ) ;
#4872 = CONTEXT_DEPENDENT_SHAPE_REPRESENTATION ( #275, #9720 ) ;
#4873 = PRESENTATION_LAYER_ASSIGNMENT (  '', '', ( #10028 ) ) ;
#4874 = PRESENTATION_STYLE_ASSIGNMENT (( #4990 ) ) ;
#4875 = CARTESIAN_POINT ( 'NONE',  ( 0.007999999999999989758, 0.02000000000000000042, -0.05999999999999999778 ) ) ;
#4876 = CARTESIAN_POINT ( 'NONE',  ( 0.2879999999999999782, 0.2099999999999999922, -0.1199999999999999956 ) ) ;
#4877 = SURFACE_STYLE_USAGE ( .BOTH. , #1274 ) ;
#4878 = UNCERTAINTY_MEASURE_WITH_UNIT (LENGTH_MEASURE( 1.000000000000000082E-05 ), #9990, 'distance_accuracy_value', 'NONE');
#4879 = STYLED_ITEM ( 'NONE', ( #6482 ), #8896 ) ;
#4880 = SURFACE_SIDE_STYLE ('',( #277 ) ) ;
#4881 = LINE ( 'NONE', #8449, #671 ) ;
#4882 = SURFACE_STYLE_USAGE ( .BOTH. , #11007 ) ;
#4883 = ADVANCED_FACE ( 'NONE', ( #1289 ), #295, .F. ) ;
#4884 = DIMENSIONAL_EXPONENTS ( 1.000000000000000000, 0.000000000000000000, 0.000000000000000000, 0.000000000000000000, 0.000000000000000000, 0.000000000000000000, 0.000000000000000000 ) ;
#4885 = PLANE ( 'NONE',  #11738 ) ;
#4886 = ORIENTED_EDGE ( 'NONE', *, *, #5627, .T. ) ;
#4887 = VERTEX_POINT ( 'NONE', #3018 ) ;
#4888 = SURFACE_STYLE_FILL_AREA ( #349 ) ;
#4889 =( GEOMETRIC_REPRESENTATION_CONTEXT ( 3 ) GLOBAL_UNCERTAINTY_ASSIGNED_CONTEXT ( ( #987 ) ) GLOBAL_UNIT_ASSIGNED_CONTEXT ( ( #2931, #7557, #3098 ) ) REPRESENTATION_CONTEXT ( 'NONE', 'WORKASPACE' ) );
#4890 = EDGE_CURVE ( 'NONE', #10839, #1782, #6652, .T. ) ;
#4891 = DIRECTION ( 'NONE',  ( -1.000000000000000000, 0.000000000000000000, -0.000000000000000000 ) ) ;
#4892 = ORIENTED_EDGE ( 'NONE', *, *, #2355, .F. ) ;
#4893 = DIRECTION ( 'NONE',  ( 0.8741572761215372633, 0.4856429311786330527, 0.000000000000000000 ) ) ;
#4894 =( NAMED_UNIT ( * ) SI_UNIT ( $, .STERADIAN. ) SOLID_ANGLE_UNIT ( ) );
#4895 = EDGE_CURVE ( 'NONE', #758, #3659, #9505, .T. ) ;
#4896 = DIRECTION ( 'NONE',  ( -1.000000000000000000, -0.000000000000000000, -0.000000000000000000 ) ) ;
#4897 = CARTESIAN_POINT ( 'NONE',  ( 0.1079999999999999988, 0.1759999999999999898, 0.03300000000000000155 ) ) ;
#4898 = PRESENTATION_STYLE_ASSIGNMENT (( #9384 ) ) ;
#4899 = PRESENTATION_LAYER_ASSIGNMENT (  '', '', ( #7564 ) ) ;
#4900 = ORIENTED_EDGE ( 'NONE', *, *, #7372, .T. ) ;
#4901 = DIRECTION ( 'NONE',  ( -0.4368520283305187824, 0.7863336509949342412, -0.4368520283305187824 ) ) ;
#4902 = CARTESIAN_POINT ( 'NONE',  ( 0.1079999999999999988, 0.04000000000000000083, -0.01700000000000000122 ) ) ;
#4903 = PRESENTATION_LAYER_ASSIGNMENT (  '', '', ( #3224 ) ) ;
#4904 = VERTEX_POINT ( 'NONE', #10404 ) ;
#4905 = FACE_BOUND ( 'NONE', #11740, .T. ) ;
#4906 = ORIENTED_EDGE ( 'NONE', *, *, #6152, .F. ) ;
#4907 = FACE_OUTER_BOUND ( 'NONE', #5889, .T. ) ;
#4908 = SURFACE_SIDE_STYLE ('',( #7477 ) ) ;
#4909 = PRESENTATION_STYLE_ASSIGNMENT (( #7866 ) ) ;
#4910 = CARTESIAN_POINT ( 'NONE',  ( -0.1079999999999999849, 0.01999999999999999001, -0.03300000000000000155 ) ) ;
#4911 = DIRECTION ( 'NONE',  ( 1.000000000000000000, 0.000000000000000000, -0.000000000000000000 ) ) ;
#4912 = ORIENTED_EDGE ( 'NONE', *, *, #11035, .T. ) ;
#4913 = SURFACE_STYLE_FILL_AREA ( #11722 ) ;
#4914 = LINE ( 'NONE', #6790, #5822 ) ;
#4915 = ORIENTED_EDGE ( 'NONE', *, *, #7385, .F. ) ;
#4916 = SURFACE_STYLE_USAGE ( .BOTH. , #9530 ) ;
#4917 = VECTOR ( 'NONE', #6166, 39.37007874015748143 ) ;
#4918 =( GEOMETRIC_REPRESENTATION_CONTEXT ( 3 ) GLOBAL_UNCERTAINTY_ASSIGNED_CONTEXT ( ( #11335 ) ) GLOBAL_UNIT_ASSIGNED_CONTEXT ( ( #6089, #8793, #1586 ) ) REPRESENTATION_CONTEXT ( 'NONE', 'WORKASPACE' ) );
#4919 =( NAMED_UNIT ( * ) PLANE_ANGLE_UNIT ( ) SI_UNIT ( $, .RADIAN. ) );
#4920 = CARTESIAN_POINT ( 'NONE',  ( -0.09700000000000000289, 0.1849999999999999978, -0.02799999999999999711 ) ) ;
#4921 = FILL_AREA_STYLE ('',( #9352 ) ) ;
#4922 = ORIENTED_EDGE ( 'NONE', *, *, #8472, .T. ) ;
#4923 = CARTESIAN_POINT ( 'NONE',  ( 0.05299999999999998462, 0.1849999999999999978, 0.02799999999999997283 ) ) ;
#4924 = SURFACE_STYLE_USAGE ( .BOTH. , #8623 ) ;
#4925 = DIMENSIONAL_EXPONENTS ( 1.000000000000000000, 0.000000000000000000, 0.000000000000000000, 0.000000000000000000, 0.000000000000000000, 0.000000000000000000, 0.000000000000000000 ) ;
#4926 = SURFACE_SIDE_STYLE ('',( #11286 ) ) ;
#4927 = CARTESIAN_POINT ( 'NONE',  ( 0.1079999999999999988, -0.07499999999999999722, 0.02199999999999999872 ) ) ;
#4928 = SURFACE_STYLE_USAGE ( .BOTH. , #7566 ) ;
#4929 = SURFACE_STYLE_FILL_AREA ( #9423 ) ;
#4930 = CARTESIAN_POINT ( 'NONE',  ( 0.1079999999999999988, 0.05000000000000000971, 0.03300000000000000155 ) ) ;
#4931 = DIRECTION ( 'NONE',  ( 0.000000000000000000, 0.000000000000000000, 1.000000000000000000 ) ) ;
#4932 = VERTEX_POINT ( 'NONE', #6862 ) ;
#4933 = ORIENTED_EDGE ( 'NONE', *, *, #1919, .T. ) ;
#4934 = FILL_AREA_STYLE_COLOUR ( '', #7331 ) ;
#4935 =( GEOMETRIC_REPRESENTATION_CONTEXT ( 3 ) GLOBAL_UNCERTAINTY_ASSIGNED_CONTEXT ( ( #3711 ) ) GLOBAL_UNIT_ASSIGNED_CONTEXT ( ( #1811, #11142, #960 ) ) REPRESENTATION_CONTEXT ( 'NONE', 'WORKASPACE' ) );
#4936 = VERTEX_POINT ( 'NONE', #2244 ) ;
#4937 = SURFACE_STYLE_FILL_AREA ( #7740 ) ;
#4938 = EDGE_CURVE ( 'NONE', #11712, #5135, #409, .T. ) ;
#4939 = ORIENTED_EDGE ( 'NONE', *, *, #1362, .T. ) ;
#4940 = SURFACE_STYLE_USAGE ( .BOTH. , #8524 ) ;
#4941 = FILL_AREA_STYLE_COLOUR ( '', #7572 ) ;
#4942 = DIRECTION ( 'NONE',  ( 1.000000000000000000, 0.000000000000000000, -0.000000000000000000 ) ) ;
#4943 = LINE ( 'NONE', #640, #7406 ) ;
#4944 = LINE ( 'NONE', #5931, #3797 ) ;
#4945 = PRESENTATION_LAYER_ASSIGNMENT (  '', '', ( #7976 ) ) ;
#4946 = ORIENTED_EDGE ( 'NONE', *, *, #5007, .T. ) ;
#4947 = ADVANCED_FACE ( 'NONE', ( #8708 ), #3368, .F. ) ;
#4948 = CARTESIAN_POINT ( 'NONE',  ( 0.09200000000000001232, 0.1759999999999999898, 0.03299999999999999462 ) ) ;
#4949 = AXIS2_PLACEMENT_3D ( 'NONE', #5298, #7895, #6331 ) ;
#4950 = PRESENTATION_LAYER_ASSIGNMENT (  '', '', ( #5769 ) ) ;
#4951 = DIMENSIONAL_EXPONENTS ( 1.000000000000000000, 0.000000000000000000, 0.000000000000000000, 0.000000000000000000, 0.000000000000000000, 0.000000000000000000, 0.000000000000000000 ) ;
#4952 = ADVANCED_FACE ( 'NONE', ( #1517 ), #11468, .F. ) ;
#4953 = ORIENTED_EDGE ( 'NONE', *, *, #6083, .T. ) ;
#4954 = FACE_BOUND ( 'NONE', #102, .T. ) ;
#4955 = STYLED_ITEM ( 'NONE', ( #1832 ), #3607 ) ;
#4956 = ORIENTED_EDGE ( 'NONE', *, *, #7234, .T. ) ;
#4957 =( NAMED_UNIT ( * ) SI_UNIT ( $, .STERADIAN. ) SOLID_ANGLE_UNIT ( ) );
#4958 =( NAMED_UNIT ( * ) SI_UNIT ( $, .STERADIAN. ) SOLID_ANGLE_UNIT ( ) );
#4959 =( GEOMETRIC_REPRESENTATION_CONTEXT ( 3 ) GLOBAL_UNCERTAINTY_ASSIGNED_CONTEXT ( ( #9060 ) ) GLOBAL_UNIT_ASSIGNED_CONTEXT ( ( #2902, #1126, #1879 ) ) REPRESENTATION_CONTEXT ( 'NONE', 'WORKASPACE' ) );
#4960 = CARTESIAN_POINT ( 'NONE',  ( 0.007999999999999989758, 0.05000000000000000278, 0.1199999999999999956 ) ) ;
#4961 = UNCERTAINTY_MEASURE_WITH_UNIT (LENGTH_MEASURE( 1.000000000000000082E-05 ), #8521, 'distance_accuracy_value', 'NONE');
#4962 = CARTESIAN_POINT ( 'NONE',  ( 0.09199999999999999845, 0.04000000000000000083, 0.1199999999999999956 ) ) ;
#4963 = DIRECTION ( 'NONE',  ( 1.000000000000000000, 0.000000000000000000, -0.000000000000000000 ) ) ;
#4964 = EDGE_CURVE ( 'NONE', #8384, #9803, #7091, .T. ) ;
#4965 = LINE ( 'NONE', #424, #5614 ) ;
#4966 = LINE ( 'NONE', #3211, #10286 ) ;
#4967 = ORIENTED_EDGE ( 'NONE', *, *, #11055, .T. ) ;
#4968 = EDGE_CURVE ( 'NONE', #5979, #2620, #868, .T. ) ;
#4969 = SURFACE_SIDE_STYLE ('',( #10306 ) ) ;
#4970 = VECTOR ( 'NONE', #1561, 39.37007874015748854 ) ;
#4971 = PRESENTATION_LAYER_ASSIGNMENT (  '', '', ( #7062 ) ) ;
#4972 = LENGTH_MEASURE_WITH_UNIT ( LENGTH_MEASURE( 0.02539999999999999897 ), #5260 );
#4973 = STYLED_ITEM ( 'NONE', ( #5772 ), #2963 ) ;
#4974 = CARTESIAN_POINT ( 'NONE',  ( 0.1079999999999999988, 0.06499999999999998834, 0.03300000000000000155 ) ) ;
#4975 = ORIENTED_EDGE ( 'NONE', *, *, #7986, .F. ) ;
#4976 = DIRECTION ( 'NONE',  ( 0.4856429311786268355, 0.8741572761215407050, 0.000000000000000000 ) ) ;
#4977 = LENGTH_MEASURE_WITH_UNIT ( LENGTH_MEASURE( 0.02539999999999999897 ), #487 );
#4978 = DIRECTION ( 'NONE',  ( 0.000000000000000000, 0.000000000000000000, 1.000000000000000000 ) ) ;
#4979 = VERTEX_POINT ( 'NONE', #8028 ) ;
#4980 = LENGTH_MEASURE_WITH_UNIT ( LENGTH_MEASURE( 0.02539999999999999897 ), #11332 );
#4981 = VECTOR ( 'NONE', #2860, 39.37007874015748143 ) ;
#4982 = PLANE ( 'NONE',  #9838 ) ;
#4983 = UNCERTAINTY_MEASURE_WITH_UNIT (LENGTH_MEASURE( 1.000000000000000082E-05 ), #9592, 'distance_accuracy_value', 'NONE');
#4984 = VECTOR ( 'NONE', #4037, 39.37007874015748854 ) ;
#4985 =( GEOMETRIC_REPRESENTATION_CONTEXT ( 3 ) GLOBAL_UNCERTAINTY_ASSIGNED_CONTEXT ( ( #11454 ) ) GLOBAL_UNIT_ASSIGNED_CONTEXT ( ( #7541, #2082, #10116 ) ) REPRESENTATION_CONTEXT ( 'NONE', 'WORKASPACE' ) );
#4986 = CARTESIAN_POINT ( 'NONE',  ( 0.05000000000000000971, 0.2099999999999999922, -0.1199999999999999956 ) ) ;
#4987 = ORIENTED_EDGE ( 'NONE', *, *, #2496, .T. ) ;
#4988 = PRESENTATION_LAYER_ASSIGNMENT (  '', '', ( #10149 ) ) ;
#4989 =( NAMED_UNIT ( * ) SI_UNIT ( $, .STERADIAN. ) SOLID_ANGLE_UNIT ( ) );
#4990 = SURFACE_STYLE_USAGE ( .BOTH. , #10551 ) ;
#4991 = VECTOR ( 'NONE', #8613, 39.37007874015748143 ) ;
#4992 = SURFACE_STYLE_FILL_AREA ( #3344 ) ;
#4993 = LENGTH_MEASURE_WITH_UNIT ( LENGTH_MEASURE( 0.02539999999999999897 ), #11401 );
#4994 = LINE ( 'NONE', #8625, #1975 ) ;
#4995 = SURFACE_STYLE_FILL_AREA ( #9365 ) ;
#4996 = UNCERTAINTY_MEASURE_WITH_UNIT (LENGTH_MEASURE( 1.000000000000000082E-05 ), #8238, 'distance_accuracy_value', 'NONE');
#4997 = SURFACE_STYLE_USAGE ( .BOTH. , #8394 ) ;
#4998 = AXIS2_PLACEMENT_3D ( 'NONE', #6739, #2001, #956 ) ;
#4999 = CARTESIAN_POINT ( 'NONE',  ( -0.1079999999999999988, 0.000000000000000000, 0.03300000000000000155 ) ) ;
#5000 = FACE_OUTER_BOUND ( 'NONE', #6679, .T. ) ;
#5001 = VERTEX_POINT ( 'NONE', #2765 ) ;
#5002 = EDGE_LOOP ( 'NONE', ( #2696, #8362, #11786, #5641 ) ) ;
#5003 = DIRECTION ( 'NONE',  ( 0.000000000000000000, 0.000000000000000000, -1.000000000000000000 ) ) ;
#5004 = LINE ( 'NONE', #6105, #11741 ) ;
#5005 = CARTESIAN_POINT ( 'NONE',  ( 0.1079999999999999988, 0.1849999999999999978, -0.02199999999999999872 ) ) ;
#5006 = PLANE ( 'NONE',  #7876 ) ;
#5007 = EDGE_CURVE ( 'NONE', #6983, #6273, #6284, .T. ) ;
#5008 = ORIENTED_EDGE ( 'NONE', *, *, #165, .F. ) ;
#5009 = DIRECTION ( 'NONE',  ( 0.000000000000000000, -1.000000000000000000, -0.000000000000000000 ) ) ;
#5010 =( NAMED_UNIT ( * ) PLANE_ANGLE_UNIT ( ) SI_UNIT ( $, .RADIAN. ) );
#5011 = PRESENTATION_STYLE_ASSIGNMENT (( #3253 ) ) ;
#5012 = CARTESIAN_POINT ( 'NONE',  ( 0.1029999999999999943, -0.07499999999999999722, 0.02199999999999999872 ) ) ;
#5013 = DIMENSIONAL_EXPONENTS ( 1.000000000000000000, 0.000000000000000000, 0.000000000000000000, 0.000000000000000000, 0.000000000000000000, 0.000000000000000000, 0.000000000000000000 ) ;
#5014 = CARTESIAN_POINT ( 'NONE',  ( 0.000000000000000000, 0.2099999999999999922, 0.000000000000000000 ) ) ;
#5015 = EDGE_LOOP ( 'NONE', ( #6230, #10176, #11434, #3805 ) ) ;
#5016 = EDGE_CURVE ( 'NONE', #9153, #10644, #4404, .T. ) ;
#5017 = DIRECTION ( 'NONE',  ( -1.000000000000000000, 0.000000000000000000, 0.000000000000000000 ) ) ;
#5018 = SURFACE_STYLE_USAGE ( .BOTH. , #9454 ) ;
#5019 = VECTOR ( 'NONE', #2083, 39.37007874015748143 ) ;
#5020 = ORIENTED_EDGE ( 'NONE', *, *, #1196, .F. ) ;
#5021 = FILL_AREA_STYLE ('',( #419 ) ) ;
#5022 = ORIENTED_EDGE ( 'NONE', *, *, #2557, .F. ) ;
#5023 = DIRECTION ( 'NONE',  ( 0.000000000000000000, 0.000000000000000000, -1.000000000000000000 ) ) ;
#5024 = FILL_AREA_STYLE ('',( #5080 ) ) ;
#5025 = LINE ( 'NONE', #4141, #10351 ) ;
#5026 = CARTESIAN_POINT ( 'NONE',  ( -0.3009999999999999898, 0.04499999999999999833, -0.02500000000000000139 ) ) ;
#5027 = DIRECTION ( 'NONE',  ( 0.4368520283305215024, 0.7863336509949334641, -0.4368520283305174501 ) ) ;
#5028 = PRESENTATION_LAYER_ASSIGNMENT (  '', '', ( #10190 ) ) ;
#5029 = LINE ( 'NONE', #8668, #2769 ) ;
#5030 = MECHANICAL_DESIGN_GEOMETRIC_PRESENTATION_REPRESENTATION (  '', ( #10192 ), #2399 ) ;
#5031 =( GEOMETRIC_REPRESENTATION_CONTEXT ( 3 ) GLOBAL_UNCERTAINTY_ASSIGNED_CONTEXT ( ( #2105 ) ) GLOBAL_UNIT_ASSIGNED_CONTEXT ( ( #1947, #895, #2673 ) ) REPRESENTATION_CONTEXT ( 'NONE', 'WORKASPACE' ) );
#5032 = ADVANCED_FACE ( 'NONE', ( #692 ), #7967, .F. ) ;
#5033 = VERTEX_POINT ( 'NONE', #5247 ) ;
#5034 =( NAMED_UNIT ( * ) PLANE_ANGLE_UNIT ( ) SI_UNIT ( $, .RADIAN. ) );
#5035 = VECTOR ( 'NONE', #159, 39.37007874015748143 ) ;
#5036 = VERTEX_POINT ( 'NONE', #11583 ) ;
#5037 = COLOUR_RGB ( '',0.2862745098039215508, 0.2862745098039215508, 0.2862745098039215508 ) ;
#5038 = DIRECTION ( 'NONE',  ( -0.000000000000000000, 1.000000000000000000, 0.000000000000000000 ) ) ;
#5039 = DIMENSIONAL_EXPONENTS ( 1.000000000000000000, 0.000000000000000000, 0.000000000000000000, 0.000000000000000000, 0.000000000000000000, 0.000000000000000000, 0.000000000000000000 ) ;
#5040 = SURFACE_STYLE_FILL_AREA ( #1539 ) ;
#5041 = SURFACE_STYLE_USAGE ( .BOTH. , #9647 ) ;
#5042 = CARTESIAN_POINT ( 'NONE',  ( 0.1079999999999999988, 0.1849999999999999978, 0.02799999999999999711 ) ) ;
#5043 = VECTOR ( 'NONE', #2339, 39.37007874015748143 ) ;
#5044 = EDGE_CURVE ( 'NONE', #6019, #1342, #9901, .T. ) ;
#5045 =( NAMED_UNIT ( * ) SI_UNIT ( $, .STERADIAN. ) SOLID_ANGLE_UNIT ( ) );
#5046 = VECTOR ( 'NONE', #3842, 39.37007874015748143 ) ;
#5047 = COLOUR_RGB ( '',0.8627450980392157298, 0.6274509803921568540, 0.05882352941176470507 ) ;
#5048 = AXIS2_PLACEMENT_3D ( 'NONE', #6852, #10683, #6101 ) ;
#5049 = EDGE_CURVE ( 'NONE', #7585, #6549, #1672, .T. ) ;
#5050 = STYLED_ITEM ( 'NONE', ( #3326 ), #9709 ) ;
#5051 = CARTESIAN_POINT ( 'NONE',  ( -0.04200000000000000955, 0.01999999999999999001, -0.03300000000000000155 ) ) ;
#5052 =( NAMED_UNIT ( * ) PLANE_ANGLE_UNIT ( ) SI_UNIT ( $, .RADIAN. ) );
#5053 = VECTOR ( 'NONE', #2279, 39.37007874015748143 ) ;
#5054 = PRESENTATION_STYLE_ASSIGNMENT (( #1444 ) ) ;
#5055 = SURFACE_STYLE_USAGE ( .BOTH. , #1333 ) ;
#5056 = CARTESIAN_POINT ( 'NONE',  ( -0.09700000000000001676, 0.1849999999999999978, 0.02199999999999998485 ) ) ;
#5057 =( NAMED_UNIT ( * ) SI_UNIT ( $, .STERADIAN. ) SOLID_ANGLE_UNIT ( ) );
#5058 = LINE ( 'NONE', #571, #5571 ) ;
#5059 = MECHANICAL_DESIGN_GEOMETRIC_PRESENTATION_REPRESENTATION (  '', ( #1639 ), #148 ) ;
#5060 = CARTESIAN_POINT ( 'NONE',  ( 0.2879999999999999782, 0.05999999999999999084, 0.09999999999999999167 ) ) ;
#5061 = ORIENTED_EDGE ( 'NONE', *, *, #3285, .T. ) ;
#5062 = ORIENTED_EDGE ( 'NONE', *, *, #4076, .F. ) ;
#5063 = LINE ( 'NONE', #11411, #6950 ) ;
#5064 = AXIS2_PLACEMENT_3D ( 'NONE', #4062, #3192, #10460 ) ;
#5065 = ORIENTED_EDGE ( 'NONE', *, *, #7724, .T. ) ;
#5066 = STYLED_ITEM ( 'NONE', ( #589 ), #8969 ) ;
#5067 = LINE ( 'NONE', #8707, #11285 ) ;
#5068 = CARTESIAN_POINT ( 'NONE',  ( 0.1079999999999999988, -0.06600000000000000311, -0.03300000000000000155 ) ) ;
#5069 = DIRECTION ( 'NONE',  ( 1.000000000000000000, 0.000000000000000000, -0.000000000000000000 ) ) ;
#5070 = VERTEX_POINT ( 'NONE', #3603 ) ;
#5071 =( GEOMETRIC_REPRESENTATION_CONTEXT ( 3 ) GLOBAL_UNCERTAINTY_ASSIGNED_CONTEXT ( ( #5609 ) ) GLOBAL_UNIT_ASSIGNED_CONTEXT ( ( #11750, #10794, #909 ) ) REPRESENTATION_CONTEXT ( 'NONE', 'WORKASPACE' ) );
#5072 = CARTESIAN_POINT ( 'NONE',  ( 0.007999999999999989758, 0.1759999999999999898, 0.1199999999999999956 ) ) ;
#5073 = ADVANCED_FACE ( 'NONE', ( #10757 ), #5309, .T. ) ;
#5074 = PRESENTATION_STYLE_ASSIGNMENT (( #9623 ) ) ;
#5075 = VERTEX_POINT ( 'NONE', #4813 ) ;
#5076 =( NAMED_UNIT ( * ) PLANE_ANGLE_UNIT ( ) SI_UNIT ( $, .RADIAN. ) );
#5077 = ORIENTED_EDGE ( 'NONE', *, *, #6432, .F. ) ;
#5078 = FILL_AREA_STYLE_COLOUR ( '', #10929 ) ;
#5079 = EDGE_CURVE ( 'NONE', #7552, #2031, #8336, .T. ) ;
#5080 = FILL_AREA_STYLE_COLOUR ( '', #8891 ) ;
#5081 =( GEOMETRIC_REPRESENTATION_CONTEXT ( 3 ) GLOBAL_UNCERTAINTY_ASSIGNED_CONTEXT ( ( #8338 ) ) GLOBAL_UNIT_ASSIGNED_CONTEXT ( ( #8660, #6993, #4958 ) ) REPRESENTATION_CONTEXT ( 'NONE', 'WORKASPACE' ) );
#5082 = AXIS2_PLACEMENT_3D ( 'NONE', #5393, #9025, #2614 ) ;
#5083 =( NAMED_UNIT ( * ) SI_UNIT ( $, .STERADIAN. ) SOLID_ANGLE_UNIT ( ) );
#5084 = CARTESIAN_POINT ( 'NONE',  ( 0.1079999999999999988, 0.1850000000000000533, -0.02800000000000004222 ) ) ;
#5085 = FILL_AREA_STYLE_COLOUR ( '', #10632 ) ;
#5086 = FILL_AREA_STYLE ('',( #8843 ) ) ;
#5087 = VERTEX_POINT ( 'NONE', #6458 ) ;
#5088 = DIRECTION ( 'NONE',  ( 0.000000000000000000, -0.4856429311786311098, -0.8741572761215383736 ) ) ;
#5089 = DIMENSIONAL_EXPONENTS ( 1.000000000000000000, 0.000000000000000000, 0.000000000000000000, 0.000000000000000000, 0.000000000000000000, 0.000000000000000000, 0.000000000000000000 ) ;
#5090 = MECHANICAL_DESIGN_GEOMETRIC_PRESENTATION_REPRESENTATION (  '', ( #7922 ), #2455 ) ;
#5091 = STYLED_ITEM ( 'NONE', ( #2562 ), #8236 ) ;
#5092 = CARTESIAN_POINT ( 'NONE',  ( 0.1079999999999999988, -0.06600000000000000311, 0.03300000000000000155 ) ) ;
#5093 = ORIENTED_EDGE ( 'NONE', *, *, #5095, .F. ) ;
#5094 = LINE ( 'NONE', #1427, #3513 ) ;
#5095 = EDGE_CURVE ( 'NONE', #5461, #2146, #1220, .T. ) ;
#5096 = CARTESIAN_POINT ( 'NONE',  ( 0.1079999999999999988, 0.1759999999999999898, -0.03300000000000000155 ) ) ;
#5097 = DIRECTION ( 'NONE',  ( -0.4368520283305183938, 0.7863336509949350184, -0.4368520283305179497 ) ) ;
#5098 = ORIENTED_EDGE ( 'NONE', *, *, #5490, .F. ) ;
#5099 = SURFACE_STYLE_FILL_AREA ( #9698 ) ;
#5100 = FACE_BOUND ( 'NONE', #9262, .T. ) ;
#5101 = CARTESIAN_POINT ( 'NONE',  ( 0.000000000000000000, 0.06500000000000000222, 0.07000000000000000666 ) ) ;
#5102 =( GEOMETRIC_REPRESENTATION_CONTEXT ( 3 ) GLOBAL_UNCERTAINTY_ASSIGNED_CONTEXT ( ( #10742 ) ) GLOBAL_UNIT_ASSIGNED_CONTEXT ( ( #2753, #5729, #6559 ) ) REPRESENTATION_CONTEXT ( 'NONE', 'WORKASPACE' ) );
#5103 = UNCERTAINTY_MEASURE_WITH_UNIT (LENGTH_MEASURE( 1.000000000000000082E-05 ), #4509, 'distance_accuracy_value', 'NONE');
#5104 = EDGE_CURVE ( 'NONE', #3496, #10916, #2940, .T. ) ;
#5105 = SURFACE_SIDE_STYLE ('',( #1498 ) ) ;
#5106 = AXIS2_PLACEMENT_3D ( 'NONE', #5408, #1765, #1960 ) ;
#5107 =( NAMED_UNIT ( * ) PLANE_ANGLE_UNIT ( ) SI_UNIT ( $, .RADIAN. ) );
#5108 = DIRECTION ( 'NONE',  ( 0.000000000000000000, 1.000000000000000000, 0.000000000000000000 ) ) ;
#5109 = FILL_AREA_STYLE ('',( #1384 ) ) ;
#5110 = UNCERTAINTY_MEASURE_WITH_UNIT (LENGTH_MEASURE( 1.000000000000000082E-05 ), #8306, 'distance_accuracy_value', 'NONE');
#5111 = CARTESIAN_POINT ( 'NONE',  ( -0.1000000000000000194, 0.1600000000000000033, 0.1000000000000000056 ) ) ;
#5112 = LINE ( 'NONE', #5919, #10719 ) ;
#5113 = DIMENSIONAL_EXPONENTS ( 1.000000000000000000, 0.000000000000000000, 0.000000000000000000, 0.000000000000000000, 0.000000000000000000, 0.000000000000000000, 0.000000000000000000 ) ;
#5114 =( GEOMETRIC_REPRESENTATION_CONTEXT ( 3 ) GLOBAL_UNCERTAINTY_ASSIGNED_CONTEXT ( ( #3937 ) ) GLOBAL_UNIT_ASSIGNED_CONTEXT ( ( #10329, #5684, #3778 ) ) REPRESENTATION_CONTEXT ( 'NONE', 'WORKASPACE' ) );
#5115 =( CONVERSION_BASED_UNIT ( 'INCH', #6100 ) LENGTH_UNIT ( ) NAMED_UNIT ( #1624 ) );
#5116 = VECTOR ( 'NONE', #8370, 39.37007874015748143 ) ;
#5118 = EDGE_CURVE ( 'NONE', #3132, #8152, #8273, .T. ) ;
#5117 =( NAMED_UNIT ( * ) PLANE_ANGLE_UNIT ( ) SI_UNIT ( $, .RADIAN. ) );
#5119 = VERTEX_POINT ( 'NONE', #6634 ) ;
#5120 = ORIENTED_EDGE ( 'NONE', *, *, #10847, .T. ) ;
#5121 = CARTESIAN_POINT ( 'NONE',  ( 0.05800000000000000294, -0.06600000000000000311, 0.1199999999999999956 ) ) ;
#5122 = EDGE_CURVE ( 'NONE', #8237, #7597, #8444, .T. ) ;
#5123 = UNCERTAINTY_MEASURE_WITH_UNIT (LENGTH_MEASURE( 1.000000000000000082E-05 ), #3213, 'distance_accuracy_value', 'NONE');
#5124 = DIRECTION ( 'NONE',  ( 0.000000000000000000, 0.000000000000000000, 1.000000000000000000 ) ) ;
#5125 = ORIENTED_EDGE ( 'NONE', *, *, #1418, .F. ) ;
#5126 = CARTESIAN_POINT ( 'NONE',  ( -0.05800000000000001682, 0.1759999999999999898, -0.01700000000000003245 ) ) ;
#5127 =( LENGTH_UNIT ( ) NAMED_UNIT ( * ) SI_UNIT ( $, .METRE. ) );
#5128 = DIRECTION ( 'NONE',  ( 0.000000000000000000, -0.8741572761215407050, -0.4856429311786268355 ) ) ;
#5129 = LINE ( 'NONE', #10693, #4186 ) ;
#5130 = CARTESIAN_POINT ( 'NONE',  ( 0.1079999999999999988, -0.07499999999999999722, -0.02799999999999999711 ) ) ;
#5131 = SURFACE_STYLE_FILL_AREA ( #11526 ) ;
#5132 = VERTEX_POINT ( 'NONE', #217 ) ;
#5133 = PLANE ( 'NONE',  #7166 ) ;
#5134 = FACE_OUTER_BOUND ( 'NONE', #4743, .T. ) ;
#5135 = VERTEX_POINT ( 'NONE', #997 ) ;
#5136 =( LENGTH_UNIT ( ) NAMED_UNIT ( * ) SI_UNIT ( $, .METRE. ) );
#5137 = DIRECTION ( 'NONE',  ( -0.4368520283305180607, -0.7863336509949352404, 0.4368520283305180607 ) ) ;
#5138 = ORIENTED_EDGE ( 'NONE', *, *, #8466, .T. ) ;
#5139 = CARTESIAN_POINT ( 'NONE',  ( 0.04999999999999987788, 0.08000000000000000167, -0.1199999999999999956 ) ) ;
#5140 = PRESENTATION_STYLE_ASSIGNMENT (( #5197 ) ) ;
#5141 = SURFACE_STYLE_FILL_AREA ( #9521 ) ;
#5142 = MECHANICAL_DESIGN_GEOMETRIC_PRESENTATION_REPRESENTATION (  '', ( #10307 ), #11270 ) ;
#5143 = FILL_AREA_STYLE ('',( #6071 ) ) ;
#5144 =( CONVERSION_BASED_UNIT ( 'INCH', #2432 ) LENGTH_UNIT ( ) NAMED_UNIT ( #4884 ) );
#5145 = DIRECTION ( 'NONE',  ( -1.000000000000000000, -0.000000000000000000, 0.000000000000000000 ) ) ;
#5146 = VERTEX_POINT ( 'NONE', #11233 ) ;
#5147 = LINE ( 'NONE', #1799, #3726 ) ;
#5148 = VERTEX_POINT ( 'NONE', #3830 ) ;
#5149 = VECTOR ( 'NONE', #1884, 39.37007874015748143 ) ;
#5150 = SURFACE_STYLE_USAGE ( .BOTH. , #4250 ) ;
#5151 = ADVANCED_FACE ( 'NONE', ( #11180 ), #2109, .F. ) ;
#5152 = SURFACE_SIDE_STYLE ('',( #2380 ) ) ;
#5153 = CARTESIAN_POINT ( 'NONE',  ( -0.008000000000000010575, 0.04000000000000000083, 0.1199999999999999956 ) ) ;
#5154 = CARTESIAN_POINT ( 'NONE',  ( -0.09199999999999999845, 0.04999999999999999584, -0.03299999999999999462 ) ) ;
#5155 = FILL_AREA_STYLE_COLOUR ( '', #4245 ) ;
#5156 = VECTOR ( 'NONE', #688, 39.37007874015747433 ) ;
#5157 = ADVANCED_FACE ( 'NONE', ( #89 ), #11001, .F. ) ;
#5158 = FACE_OUTER_BOUND ( 'NONE', #2722, .T. ) ;
#5159 = ORIENTED_EDGE ( 'NONE', *, *, #1092, .T. ) ;
#5160 = DIMENSIONAL_EXPONENTS ( 1.000000000000000000, 0.000000000000000000, 0.000000000000000000, 0.000000000000000000, 0.000000000000000000, 0.000000000000000000, 0.000000000000000000 ) ;
#5161 = MECHANICAL_DESIGN_GEOMETRIC_PRESENTATION_REPRESENTATION (  '', ( #1393 ), #8783 ) ;
#5162 = MECHANICAL_DESIGN_GEOMETRIC_PRESENTATION_REPRESENTATION (  '', ( #8977 ), #4598 ) ;
#5163 = FILL_AREA_STYLE ('',( #10498 ) ) ;
#5164 = MECHANICAL_DESIGN_GEOMETRIC_PRESENTATION_REPRESENTATION (  '', ( #4973 ), #4985 ) ;
#5165 = CARTESIAN_POINT ( 'NONE',  ( -0.008000000000000007105, 0.1759999999999999898, 0.03300000000000000155 ) ) ;
#5166 = LINE ( 'NONE', #3287, #8571 ) ;
#5167 = DIRECTION ( 'NONE',  ( 1.000000000000000000, 0.000000000000000000, -0.000000000000000000 ) ) ;
#5168 = FILL_AREA_STYLE_COLOUR ( '', #7874 ) ;
#5169 = CARTESIAN_POINT ( 'NONE',  ( 0.04199999999999999567, 0.1759999999999999898, 0.01699999999999996653 ) ) ;
#5170 = ORIENTED_EDGE ( 'NONE', *, *, #6905, .T. ) ;
#5171 = ORIENTED_EDGE ( 'NONE', *, *, #2359, .T. ) ;
#5172 = ADVANCED_FACE ( 'NONE', ( #10384 ), #11287, .F. ) ;
#5173 = CARTESIAN_POINT ( 'NONE',  ( 0.000000000000000000, 0.06500000000000000222, -0.01700000000000000122 ) ) ;
#5174 = MECHANICAL_DESIGN_GEOMETRIC_PRESENTATION_REPRESENTATION (  '', ( #3301 ), #9382 ) ;
#5175 = SURFACE_STYLE_USAGE ( .BOTH. , #8757 ) ;
#5176 = CARTESIAN_POINT ( 'NONE',  ( -0.1029999999999999943, 0.1849999999999999978, 0.1199999999999999956 ) ) ;
#5177 = FACE_OUTER_BOUND ( 'NONE', #11706, .T. ) ;
#5178 = ORIENTED_EDGE ( 'NONE', *, *, #8544, .F. ) ;
#5179 =( CONVERSION_BASED_UNIT ( 'INCH', #4346 ) LENGTH_UNIT ( ) NAMED_UNIT ( #6265 ) );
#5180 = LINE ( 'NONE', #8814, #5156 ) ;
#5181 =( CONVERSION_BASED_UNIT ( 'INCH', #11652 ) LENGTH_UNIT ( ) NAMED_UNIT ( #2691 ) );
#5182 = PRESENTATION_STYLE_ASSIGNMENT (( #7094 ) ) ;
#5183 = LINE ( 'NONE', #4292, #7017 ) ;
#5184 = EDGE_CURVE ( 'NONE', #7889, #5451, #444, .T. ) ;
#5185 = ORIENTED_EDGE ( 'NONE', *, *, #7413, .F. ) ;
#5186 = CLOSED_SHELL ( 'NONE', ( #8436, #10064, #1818, #207, #10293, #6219, #11607, #9514 ) ) ;
#5187 = ORIENTED_EDGE ( 'NONE', *, *, #2736, .T. ) ;
#5188 = VECTOR ( 'NONE', #2281, 39.37007874015748143 ) ;
#5189 = DIRECTION ( 'NONE',  ( 1.000000000000000000, 0.000000000000000000, -0.000000000000000000 ) ) ;
#5190 = DIMENSIONAL_EXPONENTS ( 1.000000000000000000, 0.000000000000000000, 0.000000000000000000, 0.000000000000000000, 0.000000000000000000, 0.000000000000000000, 0.000000000000000000 ) ;
#5191 = LINE ( 'NONE', #10427, #3164 ) ;
#5192 = ORIENTED_EDGE ( 'NONE', *, *, #276, .T. ) ;
#5193 = PLANE ( 'NONE',  #2425 ) ;
#5194 = LINE ( 'NONE', #2607, #7247 ) ;
#5195 = ORIENTED_EDGE ( 'NONE', *, *, #7444, .F. ) ;
#5196 = DIRECTION ( 'NONE',  ( 0.000000000000000000, 0.000000000000000000, 1.000000000000000000 ) ) ;
#5197 = SURFACE_STYLE_USAGE ( .BOTH. , #10417 ) ;
#5198 = LENGTH_MEASURE_WITH_UNIT ( LENGTH_MEASURE( 0.02539999999999999897 ), #218 );
#5199 = DIRECTION ( 'NONE',  ( 0.000000000000000000, -5.021779400118129785E-16, -1.000000000000000000 ) ) ;
#5200 = LINE ( 'NONE', #6996, #1605 ) ;
#5201 = DIRECTION ( 'NONE',  ( -1.000000000000000000, 0.000000000000000000, 0.000000000000000000 ) ) ;
#5202 = EDGE_LOOP ( 'NONE', ( #233, #10715, #11461, #6837 ) ) ;
#5203 = MECHANICAL_DESIGN_GEOMETRIC_PRESENTATION_REPRESENTATION (  '', ( #10562 ), #7852 ) ;
#5204 = LINE ( 'NONE', #6938, #6388 ) ;
#5205 = SURFACE_STYLE_USAGE ( .BOTH. , #8733 ) ;
#5206 = VERTEX_POINT ( 'NONE', #5056 ) ;
#5207 = DIRECTION ( 'NONE',  ( 0.8741572761215379295, 0.4856429311786318315, 0.000000000000000000 ) ) ;
#5208 = DIRECTION ( 'NONE',  ( -0.4856429311786310543, 0.8741572761215382625, 0.000000000000000000 ) ) ;
#5209 = VECTOR ( 'NONE', #8936, 39.37007874015748143 ) ;
#5210 = CARTESIAN_POINT ( 'NONE',  ( 0.1079999999999999988, 0.1849999999999999978, 0.02199999999999999872 ) ) ;
#5211 = MECHANICAL_DESIGN_GEOMETRIC_PRESENTATION_REPRESENTATION (  '', ( #881 ), #6385 ) ;
#5212 = COLOUR_RGB ( '',0.8627450980392157298, 0.6274509803921568540, 0.05882352941176470507 ) ;
#5213 = DIRECTION ( 'NONE',  ( 1.000000000000000000, 0.000000000000000000, -0.000000000000000000 ) ) ;
#5214 = DIRECTION ( 'NONE',  ( 0.000000000000000000, -1.000000000000000000, 0.000000000000000000 ) ) ;
#5215 = SURFACE_STYLE_FILL_AREA ( #1709 ) ;
#5216 = VECTOR ( 'NONE', #8952, 39.37007874015748143 ) ;
#5217 = VECTOR ( 'NONE', #11014, 39.37007874015748143 ) ;
#5218 =( NAMED_UNIT ( * ) SI_UNIT ( $, .STERADIAN. ) SOLID_ANGLE_UNIT ( ) );
#5219 = ORIENTED_EDGE ( 'NONE', *, *, #8206, .T. ) ;
#5220 = MECHANICAL_DESIGN_GEOMETRIC_PRESENTATION_REPRESENTATION (  '', ( #2219 ), #2592 ) ;
#5221 = CARTESIAN_POINT ( 'NONE',  ( -0.1080000000000000265, 0.1759999999999999898, 0.03299999999999999462 ) ) ;
#5222 = AXIS2_PLACEMENT_3D ( 'NONE', #2603, #3436, #9527 ) ;
#5223 = DIRECTION ( 'NONE',  ( 0.000000000000000000, 0.000000000000000000, 1.000000000000000000 ) ) ;
#5224 = EDGE_CURVE ( 'NONE', #11564, #7585, #8626, .T. ) ;
#5225 = FILL_AREA_STYLE_COLOUR ( '', #10060 ) ;
#5226 = CARTESIAN_POINT ( 'NONE',  ( 0.1079999999999999988, 0.04000000000000000083, 0.01700000000000000122 ) ) ;
#5227 = UNCERTAINTY_MEASURE_WITH_UNIT (LENGTH_MEASURE( 1.000000000000000082E-05 ), #853, 'distance_accuracy_value', 'NONE');
#5228 = COLOUR_RGB ( '',0.2862745098039215508, 0.2862745098039215508, 0.2862745098039215508 ) ;
#5229 =( CONVERSION_BASED_UNIT ( 'INCH', #1598 ) LENGTH_UNIT ( ) NAMED_UNIT ( #8139 ) );
#5230 = VECTOR ( 'NONE', #3662, 39.37007874015748143 ) ;
#5231 = CARTESIAN_POINT ( 'NONE',  ( 0.09199999999999999845, 0.04000000000000000083, 0.1199999999999999956 ) ) ;
#5232 = AXIS2_PLACEMENT_3D ( 'NONE', #1265, #1045, #8383 ) ;
#5233 = PLANE ( 'NONE',  #8647 ) ;
#5234 = ORIENTED_EDGE ( 'NONE', *, *, #7848, .F. ) ;
#5235 = ORIENTED_EDGE ( 'NONE', *, *, #7524, .F. ) ;
#5236 = VECTOR ( 'NONE', #2043, 39.37007874015748143 ) ;
#5237 = SURFACE_SIDE_STYLE ('',( #9286 ) ) ;
#5238 = PRODUCT_DEFINITION_SHAPE ( 'NONE', 'NONE',  #11808 ) ;
#5239 = DIRECTION ( 'NONE',  ( -0.000000000000000000, -1.778546870875169980E-16, 1.000000000000000000 ) ) ;
#5240 = VECTOR ( 'NONE', #10067, 39.37007874015748143 ) ;
#5241 = PRESENTATION_STYLE_ASSIGNMENT (( #8096 ) ) ;
#5242 = ORIENTED_EDGE ( 'NONE', *, *, #11396, .T. ) ;
#5243 = DIRECTION ( 'NONE',  ( 1.000000000000000000, 0.000000000000000000, -0.000000000000000000 ) ) ;
#5244 = CARTESIAN_POINT ( 'NONE',  ( 0.1079999999999999988, 0.1759999999999999898, 0.03300000000000000155 ) ) ;
#5245 = AXIS2_PLACEMENT_3D ( 'NONE', #1048, #6452, #928 ) ;
#5246 = ADVANCED_FACE ( 'NONE', ( #7728 ), #11402, .T. ) ;
#5247 = CARTESIAN_POINT ( 'NONE',  ( -0.09200000000000004008, -0.06600000000000000311, -0.03299999999999999462 ) ) ;
#5248 = CARTESIAN_POINT ( 'NONE',  ( 0.000000000000000000, 0.06500000000000000222, 0.03300000000000000155 ) ) ;
#5249 = DIRECTION ( 'NONE',  ( 0.000000000000000000, 1.000000000000000000, -0.000000000000000000 ) ) ;
#5250 = DIMENSIONAL_EXPONENTS ( 1.000000000000000000, 0.000000000000000000, 0.000000000000000000, 0.000000000000000000, 0.000000000000000000, 0.000000000000000000, 0.000000000000000000 ) ;
#5251 = CARTESIAN_POINT ( 'NONE',  ( -0.04200000000000000955, 0.05000000000000000278, 0.1199999999999999956 ) ) ;
#5252 = ORIENTED_EDGE ( 'NONE', *, *, #9028, .F. ) ;
#5253 = ORIENTED_EDGE ( 'NONE', *, *, #7559, .F. ) ;
#5254 =( LENGTH_UNIT ( ) NAMED_UNIT ( * ) SI_UNIT ( $, .METRE. ) );
#5255 = EDGE_CURVE ( 'NONE', #4936, #3576, #8801, .T. ) ;
#5256 = LINE ( 'NONE', #6987, #4083 ) ;
#5257 = VECTOR ( 'NONE', #5629, 39.37007874015748143 ) ;
#5258 = VECTOR ( 'NONE', #5994, 39.37007874015748143 ) ;
#5259 =( NAMED_UNIT ( * ) SI_UNIT ( $, .STERADIAN. ) SOLID_ANGLE_UNIT ( ) );
#5260 =( LENGTH_UNIT ( ) NAMED_UNIT ( * ) SI_UNIT ( $, .METRE. ) );
#5261 = EDGE_LOOP ( 'NONE', ( #6508, #5577, #5441, #381 ) ) ;
#5262 = EDGE_CURVE ( 'NONE', #10342, #6202, #4519, .T. ) ;
#5263 = DIRECTION ( 'NONE',  ( -0.000000000000000000, -1.778546870875169980E-16, 1.000000000000000000 ) ) ;
#5264 = LINE ( 'NONE', #6119, #9926 ) ;
#5265 = ORIENTED_EDGE ( 'NONE', *, *, #11418, .F. ) ;
#5266 = FILL_AREA_STYLE_COLOUR ( '', #2348 ) ;
#5267 = ADVANCED_FACE ( 'NONE', ( #676 ), #7892, .F. ) ;
#5268 = SURFACE_STYLE_FILL_AREA ( #2670 ) ;
#5269 = DIRECTION ( 'NONE',  ( 1.000000000000000000, 0.000000000000000000, 0.000000000000000000 ) ) ;
#5270 =( LENGTH_UNIT ( ) NAMED_UNIT ( * ) SI_UNIT ( $, .METRE. ) );
#5271 = COLOUR_RGB ( '',0.8627450980392157298, 0.6274509803921568540, 0.05882352941176470507 ) ;
#5272 = VECTOR ( 'NONE', #1762, 39.37007874015748143 ) ;
#5273 = ADVANCED_FACE ( 'NONE', ( #7952 ), #2569, .F. ) ;
#5274 =( LENGTH_UNIT ( ) NAMED_UNIT ( * ) SI_UNIT ( $, .METRE. ) );
#5275 = FILL_AREA_STYLE_COLOUR ( '', #4168 ) ;
#5276 = ORIENTED_EDGE ( 'NONE', *, *, #1065, .T. ) ;
#5277 = FILL_AREA_STYLE_COLOUR ( '', #3905 ) ;
#5278 = PRESENTATION_LAYER_ASSIGNMENT (  '', '', ( #933 ) ) ;
#5279 = ORIENTED_EDGE ( 'NONE', *, *, #4642, .T. ) ;
#5280 = FACE_OUTER_BOUND ( 'NONE', #454, .T. ) ;
#5281 = DIMENSIONAL_EXPONENTS ( 1.000000000000000000, 0.000000000000000000, 0.000000000000000000, 0.000000000000000000, 0.000000000000000000, 0.000000000000000000, 0.000000000000000000 ) ;
#5282 = LINE ( 'NONE', #3748, #6049 ) ;
#5283 = DIRECTION ( 'NONE',  ( 1.000000000000000000, 0.000000000000000000, 0.000000000000000000 ) ) ;
#5284 = FACE_OUTER_BOUND ( 'NONE', #9894, .T. ) ;
#5285 = LINE ( 'NONE', #613, #3521 ) ;
#5286 = COLOUR_RGB ( '',0.8627450980392157298, 0.6274509803921568540, 0.05882352941176470507 ) ;
#5287 = VECTOR ( 'NONE', #9864, 39.37007874015748143 ) ;
#5288 = DIRECTION ( 'NONE',  ( 0.000000000000000000, 0.4856429311786331082, -0.8741572761215372633 ) ) ;
#5289 = CARTESIAN_POINT ( 'NONE',  ( 0.000000000000000000, 0.005590169943749469933, -0.002500000000000000052 ) ) ;
#5290 = CARTESIAN_POINT ( 'NONE',  ( -0.04200000000000000955, 0.06499999999999998834, -0.01700000000000000122 ) ) ;
#5291 = VERTEX_POINT ( 'NONE', #7434 ) ;
#5292 = LINE ( 'NONE', #8869, #8864 ) ;
#5293 = VECTOR ( 'NONE', #6639, 39.37007874015748143 ) ;
#5294 = FILL_AREA_STYLE_COLOUR ( '', #5765 ) ;
#5295 = LENGTH_MEASURE_WITH_UNIT ( LENGTH_MEASURE( 0.02539999999999999897 ), #7139 );
#5296 = SURFACE_STYLE_FILL_AREA ( #9826 ) ;
#5297 = DIRECTION ( 'NONE',  ( 0.4368520283305186158, -0.7863336509949347963, 0.4368520283305182272 ) ) ;
#5298 = CARTESIAN_POINT ( 'NONE',  ( 0.04200000000000000955, 0.1759999999999999898, 0.1199999999999999956 ) ) ;
#5299 = CARTESIAN_POINT ( 'NONE',  ( -0.09700000000000000289, 0.1849999999999999978, 0.02199999999999999872 ) ) ;
#5300 = ORIENTED_EDGE ( 'NONE', *, *, #10011, .T. ) ;
#5301 = EDGE_LOOP ( 'NONE', ( #8057, #3423, #3312, #8397 ) ) ;
#5302 = FILL_AREA_STYLE_COLOUR ( '', #4256 ) ;
#5303 =( GEOMETRIC_REPRESENTATION_CONTEXT ( 3 ) GLOBAL_UNCERTAINTY_ASSIGNED_CONTEXT ( ( #5103 ) ) GLOBAL_UNIT_ASSIGNED_CONTEXT ( ( #4509, #5670, #1780 ) ) REPRESENTATION_CONTEXT ( 'NONE', 'WORKASPACE' ) );
#5304 = LINE ( 'NONE', #10080, #4864 ) ;
#5305 = LINE ( 'NONE', #4398, #7683 ) ;
#5306 = VERTEX_POINT ( 'NONE', #7253 ) ;
#5307 = DIRECTION ( 'NONE',  ( -1.000000000000000000, 0.000000000000000000, 0.000000000000000000 ) ) ;
#5308 = LENGTH_MEASURE_WITH_UNIT ( LENGTH_MEASURE( 0.02539999999999999897 ), #5127 );
#5309 = PLANE ( 'NONE',  #5879 ) ;
#5310 = MECHANICAL_DESIGN_GEOMETRIC_PRESENTATION_REPRESENTATION (  '', ( #1518 ), #1898 ) ;
#5311 = DIRECTION ( 'NONE',  ( 1.000000000000000000, 0.000000000000000000, 0.000000000000000000 ) ) ;
#5312 = SURFACE_STYLE_FILL_AREA ( #1674 ) ;
#5313 = VERTEX_POINT ( 'NONE', #4695 ) ;
#5314 = ORIENTED_EDGE ( 'NONE', *, *, #2927, .T. ) ;
#5315 = LINE ( 'NONE', #9086, #11743 ) ;
#5316 = EDGE_CURVE ( 'NONE', #470, #6958, #8320, .T. ) ;
#5317 =( LENGTH_UNIT ( ) NAMED_UNIT ( * ) SI_UNIT ( $, .METRE. ) );
#5318 = CARTESIAN_POINT ( 'NONE',  ( -0.09199999999999999845, 0.02000000000000000042, -0.05999999999999999778 ) ) ;
#5319 = VERTEX_POINT ( 'NONE', #10261 ) ;
#5320 = DIRECTION ( 'NONE',  ( -0.4856429311786330527, -0.8741572761215371523, 0.000000000000000000 ) ) ;
#5321 = LINE ( 'NONE', #6176, #6514 ) ;
#5322 = ORIENTED_EDGE ( 'NONE', *, *, #11437, .F. ) ;
#5323 = PLANE ( 'NONE',  #4998 ) ;
#5324 = PLANE ( 'NONE',  #4703 ) ;
#5325 = CARTESIAN_POINT ( 'NONE',  ( 0.05000000000000000278, 0.2099999999999999922, -0.1000000000000000056 ) ) ;
#5326 =( CONVERSION_BASED_UNIT ( 'INCH', #7644 ) LENGTH_UNIT ( ) NAMED_UNIT ( #872 ) );
#5327 = EDGE_CURVE ( 'NONE', #9255, #1565, #11051, .T. ) ;
#5328 = FILL_AREA_STYLE ('',( #1013 ) ) ;
#5329 = VECTOR ( 'NONE', #6001, 39.37007874015748143 ) ;
#5330 = DIRECTION ( 'NONE',  ( 0.000000000000000000, 0.000000000000000000, 1.000000000000000000 ) ) ;
#5331 = EDGE_LOOP ( 'NONE', ( #8363, #4136, #859, #1391 ) ) ;
#5332 = FILL_AREA_STYLE ('',( #11739 ) ) ;
#5333 = ORIENTED_EDGE ( 'NONE', *, *, #3801, .F. ) ;
#5334 = CARTESIAN_POINT ( 'NONE',  ( 0.002999999999999972741, 0.1849999999999999978, 0.02799999999999997283 ) ) ;
#5335 = EDGE_CURVE ( 'NONE', #181, #820, #4803, .T. ) ;
#5336 = DIMENSIONAL_EXPONENTS ( 1.000000000000000000, 0.000000000000000000, 0.000000000000000000, 0.000000000000000000, 0.000000000000000000, 0.000000000000000000, 0.000000000000000000 ) ;
#5337 = VERTEX_POINT ( 'NONE', #5536 ) ;
#5338 = LINE ( 'NONE', #55, #8580 ) ;
#5339 = EDGE_CURVE ( 'NONE', #3553, #11046, #1100, .T. ) ;
#5340 = VECTOR ( 'NONE', #5635, 39.37007874015748854 ) ;
#5341 = ORIENTED_EDGE ( 'NONE', *, *, #6150, .T. ) ;
#5342 =( LENGTH_UNIT ( ) NAMED_UNIT ( * ) SI_UNIT ( $, .METRE. ) );
#5343 = DIRECTION ( 'NONE',  ( -0.4368520283305186158, 0.7863336509949349074, -0.4368520283305178942 ) ) ;
#5344 =( CONVERSION_BASED_UNIT ( 'INCH', #2558 ) LENGTH_UNIT ( ) NAMED_UNIT ( #3834 ) );
#5345 = CARTESIAN_POINT ( 'NONE',  ( 0.007999999999999989758, -0.06600000000000000311, -0.03300000000000000155 ) ) ;
#5346 = DIRECTION ( 'NONE',  ( -1.000000000000000000, -0.000000000000000000, 0.000000000000000000 ) ) ;
#5347 = FACE_OUTER_BOUND ( 'NONE', #8535, .T. ) ;
#5348 = CARTESIAN_POINT ( 'NONE',  ( -0.02500000000000000139, 0.05000000000000000278, 8.003460918938271148E-19 ) ) ;
#5349 = ADVANCED_FACE ( 'NONE', ( #10072 ), #10197, .F. ) ;
#5350 = PRESENTATION_LAYER_ASSIGNMENT (  '', '', ( #2510 ) ) ;
#5351 = MECHANICAL_DESIGN_GEOMETRIC_PRESENTATION_REPRESENTATION (  '', ( #11650 ), #9572 ) ;
#5352 = DIRECTION ( 'NONE',  ( 1.000000000000000000, 0.000000000000000000, -0.000000000000000000 ) ) ;
#5353 = EDGE_CURVE ( 'NONE', #9803, #6000, #7378, .T. ) ;
#5354 = EDGE_LOOP ( 'NONE', ( #1364, #8590, #11725, #874 ) ) ;
#5355 = CARTESIAN_POINT ( 'NONE',  ( -0.04200000000000000955, 0.1759999999999999898, 0.1199999999999999956 ) ) ;
#5356 = CARTESIAN_POINT ( 'NONE',  ( -0.04200000000000000955, 0.2099999999999999922, 0.01700000000000000122 ) ) ;
#5357 = DIRECTION ( 'NONE',  ( 0.000000000000000000, -5.021779400118129785E-16, -1.000000000000000000 ) ) ;
#5358 = UNCERTAINTY_MEASURE_WITH_UNIT (LENGTH_MEASURE( 1.000000000000000082E-05 ), #9210, 'distance_accuracy_value', 'NONE');
#5359 =( GEOMETRIC_REPRESENTATION_CONTEXT ( 3 ) GLOBAL_UNCERTAINTY_ASSIGNED_CONTEXT ( ( #2637 ) ) GLOBAL_UNIT_ASSIGNED_CONTEXT ( ( #8579, #8525, #8402 ) ) REPRESENTATION_CONTEXT ( 'NONE', 'WORKASPACE' ) );
#5360 =( NAMED_UNIT ( * ) PLANE_ANGLE_UNIT ( ) SI_UNIT ( $, .RADIAN. ) );
#5361 = DIMENSIONAL_EXPONENTS ( 1.000000000000000000, 0.000000000000000000, 0.000000000000000000, 0.000000000000000000, 0.000000000000000000, 0.000000000000000000, 0.000000000000000000 ) ;
#5362 =( CONVERSION_BASED_UNIT ( 'INCH', #3594 ) LENGTH_UNIT ( ) NAMED_UNIT ( #4601 ) );
#5363 = ORIENTED_EDGE ( 'NONE', *, *, #8388, .F. ) ;
#5364 = ORIENTED_EDGE ( 'NONE', *, *, #4590, .T. ) ;
#5365 = DIRECTION ( 'NONE',  ( 1.000000000000000000, 0.000000000000000000, -0.000000000000000000 ) ) ;
#5366 = CARTESIAN_POINT ( 'NONE',  ( -0.3250000000000000111, 0.2099999999999999922, 0.1000000000000000056 ) ) ;
#5367 = CARTESIAN_POINT ( 'NONE',  ( -0.05800000000000001682, 0.05000000000000000971, 0.01700000000000000122 ) ) ;
#5368 = AXIS2_PLACEMENT_3D ( 'NONE', #7790, #1671, #9675 ) ;
#5369 = PRESENTATION_LAYER_ASSIGNMENT (  '', '', ( #1025 ) ) ;
#5370 = ORIENTED_EDGE ( 'NONE', *, *, #3538, .F. ) ;
#5371 = SURFACE_SIDE_STYLE ('',( #2701 ) ) ;
#5372 = CARTESIAN_POINT ( 'NONE',  ( 0.05800000000000000294, 0.2099999999999999922, 0.03300000000000000155 ) ) ;
#5373 = DIRECTION ( 'NONE',  ( 0.4856429311786280567, -0.8741572761215400389, 0.000000000000000000 ) ) ;
#5374 = UNCERTAINTY_MEASURE_WITH_UNIT (LENGTH_MEASURE( 1.000000000000000082E-05 ), #2881, 'distance_accuracy_value', 'NONE');
#5375 = PLANE ( 'NONE',  #5739 ) ;
#5376 = DIRECTION ( 'NONE',  ( 1.000000000000000000, 0.000000000000000000, 0.000000000000000000 ) ) ;
#5377 =( GEOMETRIC_REPRESENTATION_CONTEXT ( 3 ) GLOBAL_UNCERTAINTY_ASSIGNED_CONTEXT ( ( #8433 ) ) GLOBAL_UNIT_ASSIGNED_CONTEXT ( ( #1845, #8986, #985 ) ) REPRESENTATION_CONTEXT ( 'NONE', 'WORKASPACE' ) );
#5378 = DIRECTION ( 'NONE',  ( -1.000000000000000000, -0.000000000000000000, 0.000000000000000000 ) ) ;
#5379 = COLOUR_RGB ( '',0.8627450980392157298, 0.6274509803921568540, 0.05882352941176470507 ) ;
#5380 = VERTEX_POINT ( 'NONE', #3275 ) ;
#5381 = ORIENTED_EDGE ( 'NONE', *, *, #4968, .T. ) ;
#5382 = ADVANCED_FACE ( 'NONE', ( #10490 ), #10316, .F. ) ;
#5383 = CARTESIAN_POINT ( 'NONE',  ( 0.1079999999999999988, 0.1759999999999999898, 0.01700000000000000122 ) ) ;
#5384 = CARTESIAN_POINT ( 'NONE',  ( 0.1079999999999999988, -0.07499999999999999722, 0.02800000000000000752 ) ) ;
#5385 = ORIENTED_EDGE ( 'NONE', *, *, #3245, .T. ) ;
#5386 = VECTOR ( 'NONE', #10665, 39.37007874015748143 ) ;
#5387 = DIRECTION ( 'NONE',  ( 0.4856429311786310543, 0.8741572761215382625, 0.000000000000000000 ) ) ;
#5388 = ORIENTED_EDGE ( 'NONE', *, *, #4286, .T. ) ;
#5389 = PRESENTATION_STYLE_ASSIGNMENT (( #1741 ) ) ;
#5390 = SURFACE_STYLE_USAGE ( .BOTH. , #8958 ) ;
#5391 =( CONVERSION_BASED_UNIT ( 'INCH', #10776 ) LENGTH_UNIT ( ) NAMED_UNIT ( #6663 ) );
#5392 = ADVANCED_FACE ( 'NONE', ( #1433 ), #4867, .T. ) ;
#5393 = CARTESIAN_POINT ( 'NONE',  ( 0.05800000000000000294, -0.06600000000000000311, 0.1199999999999999956 ) ) ;
#5394 = DIRECTION ( 'NONE',  ( -0.000000000000000000, 1.000000000000000000, 0.000000000000000000 ) ) ;
#5395 = VECTOR ( 'NONE', #5108, 39.37007874015748143 ) ;
#5396 = ORIENTED_EDGE ( 'NONE', *, *, #4229, .F. ) ;
#5397 = FILL_AREA_STYLE ('',( #10049 ) ) ;
#5398 = VECTOR ( 'NONE', #2165, 39.37007874015748143 ) ;
#5399 = ORIENTED_EDGE ( 'NONE', *, *, #6095, .F. ) ;
#5400 = ORIENTED_EDGE ( 'NONE', *, *, #2811, .T. ) ;
#5401 = VERTEX_POINT ( 'NONE', #4039 ) ;
#5402 = CARTESIAN_POINT ( 'NONE',  ( 0.1079999999999999988, -0.06600000000000000311, 0.01700000000000000122 ) ) ;
#5403 = SURFACE_STYLE_USAGE ( .BOTH. , #4375 ) ;
#5404 = FACE_OUTER_BOUND ( 'NONE', #9269, .T. ) ;
#5405 = ADVANCED_FACE ( 'NONE', ( #11333 ), #5960, .F. ) ;
#5406 =( NAMED_UNIT ( * ) SI_UNIT ( $, .STERADIAN. ) SOLID_ANGLE_UNIT ( ) );
#5407 = LENGTH_MEASURE_WITH_UNIT ( LENGTH_MEASURE( 0.02539999999999999897 ), #9937 );
#5408 = CARTESIAN_POINT ( 'NONE',  ( 0.1079999999999999988, 0.04000000000000000083, -0.01700000000000000122 ) ) ;
#5409 = ADVANCED_FACE ( 'NONE', ( #4557, #11622, #1812, #6082, #9699, #6948, #5100, #2848, #10607, #10103, #5455 ), #10043, .T. ) ;
#5410 =( CONVERSION_BASED_UNIT ( 'INCH', #8007 ) LENGTH_UNIT ( ) NAMED_UNIT ( #4357 ) );
#5411 = FILL_AREA_STYLE ('',( #2688 ) ) ;
#5412 = MECHANICAL_DESIGN_GEOMETRIC_PRESENTATION_REPRESENTATION (  '', ( #10190 ), #2377 ) ;
#5413 = ORIENTED_EDGE ( 'NONE', *, *, #5909, .F. ) ;
#5414 = COLOUR_RGB ( '',0.2862745098039215508, 0.2862745098039215508, 0.2862745098039215508 ) ;
#5415 = PRESENTATION_STYLE_ASSIGNMENT (( #8076 ) ) ;
#5416 = DIMENSIONAL_EXPONENTS ( 1.000000000000000000, 0.000000000000000000, 0.000000000000000000, 0.000000000000000000, 0.000000000000000000, 0.000000000000000000, 0.000000000000000000 ) ;
#5417 = EDGE_CURVE ( 'NONE', #485, #7352, #1541, .T. ) ;
#5418 = FACE_OUTER_BOUND ( 'NONE', #2606, .T. ) ;
#5419 = SURFACE_SIDE_STYLE ('',( #10619 ) ) ;
#5420 = CARTESIAN_POINT ( 'NONE',  ( 0.007999999999999989758, 0.06499999999999998834, -0.01700000000000000122 ) ) ;
#5421 = DIRECTION ( 'NONE',  ( -0.000000000000000000, 5.021779400118129785E-16, 1.000000000000000000 ) ) ;
#5422 = ORIENTED_EDGE ( 'NONE', *, *, #11592, .T. ) ;
#5423 = PRESENTATION_LAYER_ASSIGNMENT (  '', '', ( #7856 ) ) ;
#5424 = VERTEX_POINT ( 'NONE', #4322 ) ;
#5425 = PRESENTATION_LAYER_ASSIGNMENT (  '', '', ( #6009 ) ) ;
#5426 = FILL_AREA_STYLE ('',( #5544 ) ) ;
#5427 = UNCERTAINTY_MEASURE_WITH_UNIT (LENGTH_MEASURE( 1.000000000000000082E-05 ), #1116, 'distance_accuracy_value', 'NONE');
#5428 = STYLED_ITEM ( 'NONE', ( #9909 ), #10533 ) ;
#5429 = SURFACE_STYLE_USAGE ( .BOTH. , #863 ) ;
#5430 =( NAMED_UNIT ( * ) PLANE_ANGLE_UNIT ( ) SI_UNIT ( $, .RADIAN. ) );
#5431 = ORIENTED_EDGE ( 'NONE', *, *, #11384, .T. ) ;
#5432 = PRESENTATION_LAYER_ASSIGNMENT (  '', '', ( #6017 ) ) ;
#5433 = SURFACE_STYLE_FILL_AREA ( #3652 ) ;
#5434 = MECHANICAL_DESIGN_GEOMETRIC_PRESENTATION_REPRESENTATION (  '', ( #9621 ), #10977 ) ;
#5435 = FILL_AREA_STYLE_COLOUR ( '', #4145 ) ;
#5436 = PRESENTATION_LAYER_ASSIGNMENT (  '', '', ( #3924 ) ) ;
#5437 = DIRECTION ( 'NONE',  ( 0.4368520283305201146, 0.7863336509949332420, -0.4368520283305193930 ) ) ;
#5438 = VECTOR ( 'NONE', #5620, 39.37007874015748143 ) ;
#5439 = SURFACE_SIDE_STYLE ('',( #9143 ) ) ;
#5440 = ORIENTED_EDGE ( 'NONE', *, *, #1018, .T. ) ;
#5441 = ORIENTED_EDGE ( 'NONE', *, *, #10124, .T. ) ;
#5442 = CARTESIAN_POINT ( 'NONE',  ( 0.1079999999999999988, -0.07499999999999999722, -0.02799999999999999711 ) ) ;
#5443 = MECHANICAL_DESIGN_GEOMETRIC_PRESENTATION_REPRESENTATION (  '', ( #9816 ), #6787 ) ;
#5444 =( GEOMETRIC_REPRESENTATION_CONTEXT ( 3 ) GLOBAL_UNCERTAINTY_ASSIGNED_CONTEXT ( ( #6278 ) ) GLOBAL_UNIT_ASSIGNED_CONTEXT ( ( #7733, #5117, #4115 ) ) REPRESENTATION_CONTEXT ( 'NONE', 'WORKASPACE' ) );
#5445 =( NAMED_UNIT ( * ) PLANE_ANGLE_UNIT ( ) SI_UNIT ( $, .RADIAN. ) );
#5446 = DIMENSIONAL_EXPONENTS ( 1.000000000000000000, 0.000000000000000000, 0.000000000000000000, 0.000000000000000000, 0.000000000000000000, 0.000000000000000000, 0.000000000000000000 ) ;
#5447 = DIRECTION ( 'NONE',  ( 1.000000000000000000, 0.000000000000000000, -0.000000000000000000 ) ) ;
#5448 = STYLED_ITEM ( 'NONE', ( #1268 ), #10241 ) ;
#5449 = SURFACE_STYLE_FILL_AREA ( #1681 ) ;
#5450 = MECHANICAL_DESIGN_GEOMETRIC_PRESENTATION_REPRESENTATION (  '', ( #3359 ), #11183 ) ;
#5451 = VERTEX_POINT ( 'NONE', #7939 ) ;
#5452 = DIRECTION ( 'NONE',  ( 0.000000000000000000, 0.000000000000000000, -1.000000000000000000 ) ) ;
#5453 = FILL_AREA_STYLE_COLOUR ( '', #1303 ) ;
#5454 = VECTOR ( 'NONE', #5665, 39.37007874015748143 ) ;
#5455 = FACE_BOUND ( 'NONE', #2552, .T. ) ;
#5456 = EDGE_CURVE ( 'NONE', #5827, #10228, #3454, .T. ) ;
#5457 = DIRECTION ( 'NONE',  ( 1.000000000000000000, 0.000000000000000000, -0.000000000000000000 ) ) ;
#5458 = VERTEX_POINT ( 'NONE', #2907 ) ;
#5459 = PRESENTATION_LAYER_ASSIGNMENT (  '', '', ( #3938 ) ) ;
#5460 = ORIENTED_EDGE ( 'NONE', *, *, #1750, .T. ) ;
#5461 = VERTEX_POINT ( 'NONE', #11252 ) ;
#5462 = ORIENTED_EDGE ( 'NONE', *, *, #916, .T. ) ;
#5463 = SURFACE_STYLE_USAGE ( .BOTH. , #8415 ) ;
#5464 = AXIS2_PLACEMENT_3D ( 'NONE', #10920, #3515, #10975 ) ;
#5465 = LENGTH_MEASURE_WITH_UNIT ( LENGTH_MEASURE( 0.02539999999999999897 ), #7188 );
#5466 = CARTESIAN_POINT ( 'NONE',  ( -0.05800000000000000294, 0.06500000000000000222, 0.000000000000000000 ) ) ;
#5467 = DIRECTION ( 'NONE',  ( -1.000000000000000000, -0.000000000000000000, 0.000000000000000000 ) ) ;
#5468 = CARTESIAN_POINT ( 'NONE',  ( 0.05800000000000000294, 0.05000000000000000278, 0.01700000000000000122 ) ) ;
#5469 = CARTESIAN_POINT ( 'NONE',  ( -0.003000000000000010904, -0.07499999999999999722, 0.1199999999999999956 ) ) ;
#5470 = EDGE_CURVE ( 'NONE', #4300, #2674, #3128, .T. ) ;
#5471 = DIRECTION ( 'NONE',  ( 1.000000000000000000, -0.000000000000000000, 0.000000000000000000 ) ) ;
#5472 = ORIENTED_EDGE ( 'NONE', *, *, #8144, .F. ) ;
#5473 = DIRECTION ( 'NONE',  ( 1.000000000000000000, 0.000000000000000000, 0.000000000000000000 ) ) ;
#5474 =( CONVERSION_BASED_UNIT ( 'INCH', #4385 ) LENGTH_UNIT ( ) NAMED_UNIT ( #10154 ) );
#5475 = PRESENTATION_STYLE_ASSIGNMENT (( #8079 ) ) ;
#5476 = DIRECTION ( 'NONE',  ( 1.000000000000000000, 0.000000000000000000, -0.000000000000000000 ) ) ;
#5477 = LENGTH_MEASURE_WITH_UNIT ( LENGTH_MEASURE( 0.02539999999999999897 ), #1041 );
#5478 = STYLED_ITEM ( 'NONE', ( #4064 ), #4947 ) ;
#5479 = UNCERTAINTY_MEASURE_WITH_UNIT (LENGTH_MEASURE( 1.000000000000000082E-05 ), #2530, 'distance_accuracy_value', 'NONE');
#5480 = VECTOR ( 'NONE', #8904, 39.37007874015748143 ) ;
#5481 = EDGE_CURVE ( 'NONE', #9391, #3500, #6759, .T. ) ;
#5482 =( NAMED_UNIT ( * ) PLANE_ANGLE_UNIT ( ) SI_UNIT ( $, .RADIAN. ) );
#5483 = VERTEX_POINT ( 'NONE', #229 ) ;
#5484 = DIRECTION ( 'NONE',  ( 1.000000000000000000, -0.000000000000000000, 0.000000000000000000 ) ) ;
#5485 =( CONVERSION_BASED_UNIT ( 'INCH', #11708 ) LENGTH_UNIT ( ) NAMED_UNIT ( #5446 ) );
#5486 = VECTOR ( 'NONE', #11421, 39.37007874015748143 ) ;
#5487 = DIRECTION ( 'NONE',  ( 0.4368520283305203922, 0.7863336509949336861, -0.4368520283305185048 ) ) ;
#5488 = ORIENTED_EDGE ( 'NONE', *, *, #2680, .F. ) ;
#5489 = CARTESIAN_POINT ( 'NONE',  ( 0.000000000000000000, 0.000000000000000000, 0.1000000000000000056 ) ) ;
#5490 = EDGE_CURVE ( 'NONE', #4149, #5458, #4723, .T. ) ;
#5491 = LENGTH_MEASURE_WITH_UNIT ( LENGTH_MEASURE( 0.02539999999999999897 ), #9900 );
#5492 =( LENGTH_UNIT ( ) NAMED_UNIT ( * ) SI_UNIT ( $, .METRE. ) );
#5493 = EDGE_CURVE ( 'NONE', #7356, #9406, #11143, .T. ) ;
#5494 = CARTESIAN_POINT ( 'NONE',  ( -0.1080000000000000127, 0.1759999999999999898, -0.03299999999999999462 ) ) ;
#5495 =( NAMED_UNIT ( * ) PLANE_ANGLE_UNIT ( ) SI_UNIT ( $, .RADIAN. ) );
#5496 = LINE ( 'NONE', #3780, #182 ) ;
#5497 = DIMENSIONAL_EXPONENTS ( 1.000000000000000000, 0.000000000000000000, 0.000000000000000000, 0.000000000000000000, 0.000000000000000000, 0.000000000000000000, 0.000000000000000000 ) ;
#5498 = MECHANICAL_DESIGN_GEOMETRIC_PRESENTATION_REPRESENTATION (  '', ( #5709 ), #7397 ) ;
#5499 = MECHANICAL_DESIGN_GEOMETRIC_PRESENTATION_REPRESENTATION (  '', ( #6267 ), #201 ) ;
#5500 = DIRECTION ( 'NONE',  ( -0.000000000000000000, -1.778546870875169980E-16, 1.000000000000000000 ) ) ;
#5501 = VERTEX_POINT ( 'NONE', #6539 ) ;
#5502 = ORIENTED_EDGE ( 'NONE', *, *, #8666, .F. ) ;
#5503 = DIRECTION ( 'NONE',  ( -0.000000000000000000, -0.000000000000000000, -1.000000000000000000 ) ) ;
#5504 = EDGE_CURVE ( 'NONE', #11474, #9177, #2004, .T. ) ;
#5505 = CARTESIAN_POINT ( 'NONE',  ( 0.1079999999999999988, -0.06600000000000000311, 0.01700000000000000122 ) ) ;
#5506 = FILL_AREA_STYLE ('',( #2541 ) ) ;
#5507 = VECTOR ( 'NONE', #3986, 39.37007874015748143 ) ;
#5508 = ORIENTED_EDGE ( 'NONE', *, *, #4165, .F. ) ;
#5509 =( GEOMETRIC_REPRESENTATION_CONTEXT ( 3 ) GLOBAL_UNCERTAINTY_ASSIGNED_CONTEXT ( ( #490 ) ) GLOBAL_UNIT_ASSIGNED_CONTEXT ( ( #3692, #2809, #130 ) ) REPRESENTATION_CONTEXT ( 'NONE', 'WORKASPACE' ) );
#5510 = CARTESIAN_POINT ( 'NONE',  ( -0.008000000000000008840, -0.06599999999999998923, 0.03300000000000000155 ) ) ;
#5511 =( NAMED_UNIT ( * ) SI_UNIT ( $, .STERADIAN. ) SOLID_ANGLE_UNIT ( ) );
#5512 = DIRECTION ( 'NONE',  ( -0.000000000000000000, 1.000000000000000000, 0.000000000000000000 ) ) ;
#5513 = CARTESIAN_POINT ( 'NONE',  ( -0.09199999999999998457, 0.1759999999999999898, -0.03300000000000000155 ) ) ;
#5514 = SURFACE_STYLE_USAGE ( .BOTH. , #8172 ) ;
#5515 = CARTESIAN_POINT ( 'NONE',  ( 0.1079999999999999988, -0.07499999999999999722, 0.02199999999999999872 ) ) ;
#5516 = LINE ( 'NONE', #10962, #9788 ) ;
#5517 = EDGE_LOOP ( 'NONE', ( #6700, #10024, #11600, #4527 ) ) ;
#5518 =( NAMED_UNIT ( * ) SI_UNIT ( $, .STERADIAN. ) SOLID_ANGLE_UNIT ( ) );
#5519 = ORIENTED_EDGE ( 'NONE', *, *, #7859, .F. ) ;
#5520 = DIRECTION ( 'NONE',  ( 0.000000000000000000, -0.000000000000000000, 1.000000000000000000 ) ) ;
#5521 = ORIENTED_EDGE ( 'NONE', *, *, #691, .T. ) ;
#5522 = ORIENTED_EDGE ( 'NONE', *, *, #7429, .F. ) ;
#5523 = CARTESIAN_POINT ( 'NONE',  ( -0.09199999999999999845, -0.06600000000000000311, 0.1199999999999999956 ) ) ;
#5524 = LINE ( 'NONE', #8058, #7549 ) ;
#5525 = CARTESIAN_POINT ( 'NONE',  ( 0.007999999999999989758, 0.1759999999999999898, 0.03300000000000000155 ) ) ;
#5526 = LINE ( 'NONE', #8185, #9972 ) ;
#5527 = LINE ( 'NONE', #9047, #7948 ) ;
#5528 = DIRECTION ( 'NONE',  ( 0.000000000000000000, 1.000000000000000000, 0.000000000000000000 ) ) ;
#5529 = FILL_AREA_STYLE ('',( #785 ) ) ;
#5530 = ADVANCED_FACE ( 'NONE', ( #4780 ), #172, .F. ) ;
#5531 = CARTESIAN_POINT ( 'NONE',  ( 0.1029999999999999943, -0.07499999999999999722, 0.1199999999999999956 ) ) ;
#5532 = ORIENTED_EDGE ( 'NONE', *, *, #2634, .T. ) ;
#5533 = PRESENTATION_STYLE_ASSIGNMENT (( #11163 ) ) ;
#5534 =( LENGTH_UNIT ( ) NAMED_UNIT ( * ) SI_UNIT ( $, .METRE. ) );
#5535 =( LENGTH_UNIT ( ) NAMED_UNIT ( * ) SI_UNIT ( $, .METRE. ) );
#5536 = CARTESIAN_POINT ( 'NONE',  ( -0.04200000000000000955, 0.06499999999999998834, 0.01700000000000000122 ) ) ;
#5537 = CARTESIAN_POINT ( 'NONE',  ( -0.09199999999999999845, 0.05000000000000000278, 0.1199999999999999956 ) ) ;
#5538 = COLOUR_RGB ( '',0.8627450980392157298, 0.6274509803921568540, 0.05882352941176470507 ) ;
#5539 =( CONVERSION_BASED_UNIT ( 'INCH', #8381 ) LENGTH_UNIT ( ) NAMED_UNIT ( #11088 ) );
#5540 = EDGE_CURVE ( 'NONE', #3008, #10754, #3798, .T. ) ;
#5541 = LENGTH_MEASURE_WITH_UNIT ( LENGTH_MEASURE( 0.02539999999999999897 ), #11112 );
#5542 = ORIENTED_EDGE ( 'NONE', *, *, #1328, .F. ) ;
#5543 = CARTESIAN_POINT ( 'NONE',  ( -0.1030000000000000221, -0.07499999999999999722, -0.02199999999999999872 ) ) ;
#5544 = FILL_AREA_STYLE_COLOUR ( '', #4104 ) ;
#5545 = UNCERTAINTY_MEASURE_WITH_UNIT (LENGTH_MEASURE( 1.000000000000000082E-05 ), #9594, 'distance_accuracy_value', 'NONE');
#5546 = PRESENTATION_LAYER_ASSIGNMENT (  '', '', ( #10696 ) ) ;
#5547 = CARTESIAN_POINT ( 'NONE',  ( -0.09700000000000000289, -0.07499999999999999722, 0.02199999999999999872 ) ) ;
#5548 =( NAMED_UNIT ( * ) SI_UNIT ( $, .STERADIAN. ) SOLID_ANGLE_UNIT ( ) );
#5549 =( GEOMETRIC_REPRESENTATION_CONTEXT ( 3 ) GLOBAL_UNCERTAINTY_ASSIGNED_CONTEXT ( ( #6447 ) ) GLOBAL_UNIT_ASSIGNED_CONTEXT ( ( #2876, #1973, #7436 ) ) REPRESENTATION_CONTEXT ( 'NONE', 'WORKASPACE' ) );
#5550 = LINE ( 'NONE', #4466, #9562 ) ;
#5551 = DIRECTION ( 'NONE',  ( -1.000000000000000000, 0.000000000000000000, -0.000000000000000000 ) ) ;
#5552 = CARTESIAN_POINT ( 'NONE',  ( 0.04699999999999999317, -0.07499999999999999722, -0.02199999999999999872 ) ) ;
#5553 = SURFACE_STYLE_USAGE ( .BOTH. , #7329 ) ;
#5554 = LINE ( 'NONE', #4770, #11400 ) ;
#5555 = EDGE_CURVE ( 'NONE', #685, #5306, #7412, .T. ) ;
#5556 = ORIENTED_EDGE ( 'NONE', *, *, #9650, .F. ) ;
#5557 = ORIENTED_EDGE ( 'NONE', *, *, #1555, .T. ) ;
#5558 = SURFACE_SIDE_STYLE ('',( #2659 ) ) ;
#5559 = VECTOR ( 'NONE', #8885, 39.37007874015748143 ) ;
#5560 = SURFACE_STYLE_USAGE ( .BOTH. , #1996 ) ;
#5561 = SURFACE_STYLE_USAGE ( .BOTH. , #3897 ) ;
#5562 =( NAMED_UNIT ( * ) PLANE_ANGLE_UNIT ( ) SI_UNIT ( $, .RADIAN. ) );
#5563 = ORIENTED_EDGE ( 'NONE', *, *, #8699, .T. ) ;
#5564 = DIRECTION ( 'NONE',  ( -1.000000000000000000, 0.000000000000000000, -0.000000000000000000 ) ) ;
#5565 = LENGTH_MEASURE_WITH_UNIT ( LENGTH_MEASURE( 0.02539999999999999897 ), #4235 );
#5566 = VECTOR ( 'NONE', #5770, 39.37007874015748854 ) ;
#5567 = LINE ( 'NONE', #8292, #3506 ) ;
#5568 =( NAMED_UNIT ( * ) PLANE_ANGLE_UNIT ( ) SI_UNIT ( $, .RADIAN. ) );
#5569 = ADVANCED_FACE ( 'NONE', ( #8529 ), #1187, .T. ) ;
#5570 = FILL_AREA_STYLE ('',( #1944 ) ) ;
#5571 = VECTOR ( 'NONE', #5167, 39.37007874015748143 ) ;
#5572 = SURFACE_STYLE_USAGE ( .BOTH. , #5817 ) ;
#5573 =( GEOMETRIC_REPRESENTATION_CONTEXT ( 3 ) GLOBAL_UNCERTAINTY_ASSIGNED_CONTEXT ( ( #10272 ) ) GLOBAL_UNIT_ASSIGNED_CONTEXT ( ( #7754, #9459, #1307 ) ) REPRESENTATION_CONTEXT ( 'NONE', 'WORKASPACE' ) );
#5574 = LINE ( 'NONE', #4668, #310 ) ;
#5575 = ORIENTED_EDGE ( 'NONE', *, *, #7085, .F. ) ;
#5576 = SURFACE_STYLE_FILL_AREA ( #5397 ) ;
#5577 = ORIENTED_EDGE ( 'NONE', *, *, #4755, .F. ) ;
#5578 = DIMENSIONAL_EXPONENTS ( 1.000000000000000000, 0.000000000000000000, 0.000000000000000000, 0.000000000000000000, 0.000000000000000000, 0.000000000000000000, 0.000000000000000000 ) ;
#5579 = VECTOR ( 'NONE', #11440, 39.37007874015748143 ) ;
#5580 = ORIENTED_EDGE ( 'NONE', *, *, #5104, .F. ) ;
#5581 = VERTEX_POINT ( 'NONE', #5930 ) ;
#5582 = DIRECTION ( 'NONE',  ( 1.000000000000000000, 0.000000000000000000, -0.000000000000000000 ) ) ;
#5583 = PLANE ( 'NONE',  #1131 ) ;
#5584 = CARTESIAN_POINT ( 'NONE',  ( 0.1079999999999999988, 0.2099999999999999922, -0.01700000000000000122 ) ) ;
#5585 = DIRECTION ( 'NONE',  ( 0.000000000000000000, -0.000000000000000000, -1.000000000000000000 ) ) ;
#5586 = SURFACE_STYLE_FILL_AREA ( #6376 ) ;
#5587 = DIRECTION ( 'NONE',  ( -0.000000000000000000, -1.000000000000000000, 0.000000000000000000 ) ) ;
#5588 = PRESENTATION_STYLE_ASSIGNMENT (( #9048 ) ) ;
#5589 = PRESENTATION_LAYER_ASSIGNMENT (  '', '', ( #7660 ) ) ;
#5590 = SURFACE_STYLE_FILL_AREA ( #1965 ) ;
#5591 = VERTEX_POINT ( 'NONE', #2245 ) ;
#5592 = CARTESIAN_POINT ( 'NONE',  ( 0.05300000000000000544, -0.07499999999999998335, -0.02800000000000002834 ) ) ;
#5593 = CARTESIAN_POINT ( 'NONE',  ( 0.1079999999999999988, 0.04000000000000000777, 0.01700000000000000122 ) ) ;
#5594 =( NAMED_UNIT ( * ) SI_UNIT ( $, .STERADIAN. ) SOLID_ANGLE_UNIT ( ) );
#5595 = UNCERTAINTY_MEASURE_WITH_UNIT (LENGTH_MEASURE( 1.000000000000000082E-05 ), #4009, 'distance_accuracy_value', 'NONE');
#5596 = DIMENSIONAL_EXPONENTS ( 1.000000000000000000, 0.000000000000000000, 0.000000000000000000, 0.000000000000000000, 0.000000000000000000, 0.000000000000000000, 0.000000000000000000 ) ;
#5597 =( LENGTH_UNIT ( ) NAMED_UNIT ( * ) SI_UNIT ( $, .METRE. ) );
#5598 = EDGE_CURVE ( 'NONE', #10839, #1578, #3428, .T. ) ;
#5599 = ORIENTED_EDGE ( 'NONE', *, *, #484, .T. ) ;
#5600 = FACE_OUTER_BOUND ( 'NONE', #426, .T. ) ;
#5601 = STYLED_ITEM ( 'NONE', ( #11133 ), #563 ) ;
#5602 =( GEOMETRIC_REPRESENTATION_CONTEXT ( 3 ) GLOBAL_UNCERTAINTY_ASSIGNED_CONTEXT ( ( #930 ) ) GLOBAL_UNIT_ASSIGNED_CONTEXT ( ( #9999, #9936, #5406 ) ) REPRESENTATION_CONTEXT ( 'NONE', 'WORKASPACE' ) );
#5603 = FILL_AREA_STYLE ('',( #5676 ) ) ;
#5604 = DIRECTION ( 'NONE',  ( -1.000000000000000000, -0.000000000000000000, -0.000000000000000000 ) ) ;
#5605 = LENGTH_MEASURE_WITH_UNIT ( LENGTH_MEASURE( 0.02539999999999999897 ), #1270 );
#5606 = ADVANCED_FACE ( 'NONE', ( #6110 ), #7851, .F. ) ;
#5607 = SURFACE_SIDE_STYLE ('',( #10085 ) ) ;
#5608 = LINE ( 'NONE', #2703, #5758 ) ;
#5609 = UNCERTAINTY_MEASURE_WITH_UNIT (LENGTH_MEASURE( 1.000000000000000082E-05 ), #11750, 'distance_accuracy_value', 'NONE');
#5610 = MECHANICAL_DESIGN_GEOMETRIC_PRESENTATION_REPRESENTATION (  '', ( #10376 ), #7124 ) ;
#5611 = DIRECTION ( 'NONE',  ( 0.000000000000000000, -0.000000000000000000, 1.000000000000000000 ) ) ;
#5612 = COLOUR_RGB ( '',0.2862745098039215508, 0.2862745098039215508, 0.2862745098039215508 ) ;
#5613 = FILL_AREA_STYLE_COLOUR ( '', #8591 ) ;
#5615 =( NAMED_UNIT ( * ) SI_UNIT ( $, .STERADIAN. ) SOLID_ANGLE_UNIT ( ) );
#5614 = VECTOR ( 'NONE', #11213, 39.37007874015748143 ) ;
#5616 = PRESENTATION_STYLE_ASSIGNMENT (( #1990 ) ) ;
#5617 = VERTEX_POINT ( 'NONE', #2474 ) ;
#5618 = ORIENTED_EDGE ( 'NONE', *, *, #5262, .T. ) ;
#5619 = MECHANICAL_DESIGN_GEOMETRIC_PRESENTATION_REPRESENTATION (  '', ( #322 ), #6937 ) ;
#5620 = DIRECTION ( 'NONE',  ( -0.000000000000000000, -0.000000000000000000, 1.000000000000000000 ) ) ;
#5621 = SURFACE_STYLE_FILL_AREA ( #11188 ) ;
#5622 = FILL_AREA_STYLE ('',( #2061 ) ) ;
#5623 = LINE ( 'NONE', #1121, #2792 ) ;
#5624 = VECTOR ( 'NONE', #11271, 39.37007874015748143 ) ;
#5625 = VECTOR ( 'NONE', #7442, 39.37007874015748143 ) ;
#5626 =( NAMED_UNIT ( * ) SI_UNIT ( $, .STERADIAN. ) SOLID_ANGLE_UNIT ( ) );
#5627 = EDGE_CURVE ( 'NONE', #10342, #10973, #4943, .T. ) ;
#5628 = ORIENTED_EDGE ( 'NONE', *, *, #406, .F. ) ;
#5629 = DIRECTION ( 'NONE',  ( -0.000000000000000000, 1.000000000000000000, 0.000000000000000000 ) ) ;
#5630 = SURFACE_STYLE_FILL_AREA ( #8113 ) ;
#5631 = AXIS2_PLACEMENT_3D ( 'NONE', #287, #3185, #8519 ) ;
#5632 = DIRECTION ( 'NONE',  ( -0.4856429311786330527, -0.8741572761215371523, 0.000000000000000000 ) ) ;
#5633 = CARTESIAN_POINT ( 'NONE',  ( 0.000000000000000000, 0.000000000000000000, -0.02500000000000000139 ) ) ;
#5634 = AXIS2_PLACEMENT_3D ( 'NONE', #10280, #3009, #3838 ) ;
#5635 = DIRECTION ( 'NONE',  ( -0.4368520283305189489, 0.7863336509949370168, 0.4368520283305140084 ) ) ;
#5636 = LENGTH_MEASURE_WITH_UNIT ( LENGTH_MEASURE( 0.02539999999999999897 ), #9446 );
#5637 = FILL_AREA_STYLE ('',( #8530 ) ) ;
#5638 = COLOUR_RGB ( '',0.8627450980392157298, 0.6274509803921568540, 0.05882352941176470507 ) ;
#5639 = SURFACE_STYLE_USAGE ( .BOTH. , #5820 ) ;
#5640 = STYLED_ITEM ( 'NONE', ( #1455 ), #643 ) ;
#5641 = ORIENTED_EDGE ( 'NONE', *, *, #8198, .F. ) ;
#5642 = EDGE_CURVE ( 'NONE', #2643, #10279, #5183, .T. ) ;
#5643 =( NAMED_UNIT ( * ) SI_UNIT ( $, .STERADIAN. ) SOLID_ANGLE_UNIT ( ) );
#5644 = SURFACE_STYLE_USAGE ( .BOTH. , #2013 ) ;
#5645 = MECHANICAL_DESIGN_GEOMETRIC_PRESENTATION_REPRESENTATION (  '', ( #10970 ), #10218 ) ;
#5646 = EDGE_CURVE ( 'NONE', #1177, #11255, #8581, .T. ) ;
#5647 = EDGE_LOOP ( 'NONE', ( #7097, #8806, #10561, #2793 ) ) ;
#5648 = AXIS2_PLACEMENT_3D ( 'NONE', #2938, #1105, #9187 ) ;
#5649 = ORIENTED_EDGE ( 'NONE', *, *, #2242, .F. ) ;
#5650 = CARTESIAN_POINT ( 'NONE',  ( 0.002999999999999987486, 0.1849999999999999978, 0.1199999999999999956 ) ) ;
#5651 = DIRECTION ( 'NONE',  ( -1.000000000000000000, -0.000000000000000000, 0.000000000000000000 ) ) ;
#5652 =( NAMED_UNIT ( * ) SI_UNIT ( $, .STERADIAN. ) SOLID_ANGLE_UNIT ( ) );
#5653 = EDGE_CURVE ( 'NONE', #681, #5821, #5876, .T. ) ;
#5654 = VECTOR ( 'NONE', #68, 39.37007874015748143 ) ;
#5655 = FACE_OUTER_BOUND ( 'NONE', #9772, .T. ) ;
#5656 = FACE_OUTER_BOUND ( 'NONE', #1295, .T. ) ;
#5657 = SURFACE_SIDE_STYLE ('',( #13 ) ) ;
#5658 = VERTEX_POINT ( 'NONE', #6980 ) ;
#5659 =( CONVERSION_BASED_UNIT ( 'INCH', #861 ) LENGTH_UNIT ( ) NAMED_UNIT ( #8768 ) );
#5660 = EDGE_CURVE ( 'NONE', #7356, #10524, #5990, .T. ) ;
#5661 = CARTESIAN_POINT ( 'NONE',  ( 0.1079999999999999988, 0.1759999999999999898, 0.01700000000000000122 ) ) ;
#5662 = VECTOR ( 'NONE', #294, 39.37007874015748143 ) ;
#5663 =( GEOMETRIC_REPRESENTATION_CONTEXT ( 3 ) GLOBAL_UNCERTAINTY_ASSIGNED_CONTEXT ( ( #3336 ) ) GLOBAL_UNIT_ASSIGNED_CONTEXT ( ( #3574, #7416, #3740 ) ) REPRESENTATION_CONTEXT ( 'NONE', 'WORKASPACE' ) );
#5664 = ORIENTED_EDGE ( 'NONE', *, *, #466, .T. ) ;
#5665 = DIRECTION ( 'NONE',  ( -1.000000000000000000, -0.000000000000000000, -0.000000000000000000 ) ) ;
#5666 = DIMENSIONAL_EXPONENTS ( 1.000000000000000000, 0.000000000000000000, 0.000000000000000000, 0.000000000000000000, 0.000000000000000000, 0.000000000000000000, 0.000000000000000000 ) ;
#5667 = VECTOR ( 'NONE', #4035, 39.37007874015748143 ) ;
#5668 = PRESENTATION_STYLE_ASSIGNMENT (( #2097 ) ) ;
#5669 =( LENGTH_UNIT ( ) NAMED_UNIT ( * ) SI_UNIT ( $, .METRE. ) );
#5670 =( NAMED_UNIT ( * ) PLANE_ANGLE_UNIT ( ) SI_UNIT ( $, .RADIAN. ) );
#5671 = COLOUR_RGB ( '',0.8627450980392157298, 0.6274509803921568540, 0.05882352941176470507 ) ;
#5672 = PRESENTATION_STYLE_ASSIGNMENT (( #9950 ) ) ;
#5673 = COLOUR_RGB ( '',0.8627450980392157298, 0.6274509803921568540, 0.05882352941176470507 ) ;
#5674 = ORIENTED_EDGE ( 'NONE', *, *, #11340, .F. ) ;
#5675 = SURFACE_SIDE_STYLE ('',( #2042 ) ) ;
#5676 = FILL_AREA_STYLE_COLOUR ( '', #6031 ) ;
#5677 = UNCERTAINTY_MEASURE_WITH_UNIT (LENGTH_MEASURE( 1.000000000000000082E-05 ), #7260, 'distance_accuracy_value', 'NONE');
#5678 =( NAMED_UNIT ( * ) PLANE_ANGLE_UNIT ( ) SI_UNIT ( $, .RADIAN. ) );
#5679 = PRESENTATION_LAYER_ASSIGNMENT (  '', '', ( #8313 ) ) ;
#5680 = VECTOR ( 'NONE', #9523, 39.37007874015748143 ) ;
#5681 =( LENGTH_UNIT ( ) NAMED_UNIT ( * ) SI_UNIT ( $, .METRE. ) );
#5682 = CARTESIAN_POINT ( 'NONE',  ( 0.09199999999999999845, 0.06500000000000000222, 0.000000000000000000 ) ) ;
#5683 = LINE ( 'NONE', #11004, #232 ) ;
#5684 =( NAMED_UNIT ( * ) PLANE_ANGLE_UNIT ( ) SI_UNIT ( $, .RADIAN. ) );
#5685 = DIRECTION ( 'NONE',  ( 0.000000000000000000, -0.000000000000000000, 1.000000000000000000 ) ) ;
#5686 = LENGTH_MEASURE_WITH_UNIT ( LENGTH_MEASURE( 0.02539999999999999897 ), #1174 );
#5687 = VERTEX_POINT ( 'NONE', #7217 ) ;
#5688 = ORIENTED_EDGE ( 'NONE', *, *, #7517, .T. ) ;
#5689 = VECTOR ( 'NONE', #7391, 39.37007874015748143 ) ;
#5690 = SURFACE_SIDE_STYLE ('',( #285 ) ) ;
#5691 = COLOUR_RGB ( '',0.2862745098039215508, 0.2862745098039215508, 0.2862745098039215508 ) ;
#5692 = DIRECTION ( 'NONE',  ( 0.8741572761215407050, -0.4856429311786268355, 0.000000000000000000 ) ) ;
#5693 = DIRECTION ( 'NONE',  ( 0.000000000000000000, -1.000000000000000000, -0.000000000000000000 ) ) ;
#5694 = DIRECTION ( 'NONE',  ( 1.000000000000000000, 0.000000000000000000, 0.000000000000000000 ) ) ;
#5695 = EDGE_CURVE ( 'NONE', #5146, #283, #9009, .T. ) ;
#5696 = ORIENTED_EDGE ( 'NONE', *, *, #4815, .T. ) ;
#5697 = CARTESIAN_POINT ( 'NONE',  ( -0.1079999999999999988, 0.000000000000000000, 0.01700000000000000122 ) ) ;
#5698 = DIRECTION ( 'NONE',  ( 0.000000000000000000, 0.000000000000000000, 1.000000000000000000 ) ) ;
#5699 = CARTESIAN_POINT ( 'NONE',  ( 0.1079999999999999988, 0.03999999999999999389, 0.03300000000000000155 ) ) ;
#5700 = VECTOR ( 'NONE', #7720, 39.37007874015748143 ) ;
#5701 = CARTESIAN_POINT ( 'NONE',  ( 0.04699999999999999317, 0.1849999999999999978, 0.1199999999999999956 ) ) ;
#5702 = CARTESIAN_POINT ( 'NONE',  ( 0.05000000000000000971, 0.2099999999999999922, -0.1000000000000000056 ) ) ;
#5703 = PRESENTATION_STYLE_ASSIGNMENT (( #8356 ) ) ;
#5704 =( NAMED_UNIT ( * ) SI_UNIT ( $, .STERADIAN. ) SOLID_ANGLE_UNIT ( ) );
#5705 = EDGE_LOOP ( 'NONE', ( #8424, #8995, #9103, #10401 ) ) ;
#5706 = EDGE_CURVE ( 'NONE', #944, #3616, #8944, .T. ) ;
#5707 = DIRECTION ( 'NONE',  ( 0.000000000000000000, 0.000000000000000000, -1.000000000000000000 ) ) ;
#5708 = LINE ( 'NONE', #3911, #3343 ) ;
#5709 = STYLED_ITEM ( 'NONE', ( #8496 ), #5392 ) ;
#5710 = VECTOR ( 'NONE', #11097, 39.37007874015748143 ) ;
#5711 = VERTEX_POINT ( 'NONE', #940 ) ;
#5712 = FACE_OUTER_BOUND ( 'NONE', #1413, .T. ) ;
#5713 = ORIENTED_EDGE ( 'NONE', *, *, #10974, .T. ) ;
#5714 = FACE_OUTER_BOUND ( 'NONE', #6128, .T. ) ;
#5715 = SURFACE_SIDE_STYLE ('',( #10297 ) ) ;
#5716 = UNCERTAINTY_MEASURE_WITH_UNIT (LENGTH_MEASURE( 1.000000000000000082E-05 ), #9538, 'distance_accuracy_value', 'NONE');
#5717 = LINE ( 'NONE', #10591, #8989 ) ;
#5718 = VECTOR ( 'NONE', #9509, 39.37007874015748143 ) ;
#5719 = PRESENTATION_LAYER_ASSIGNMENT (  '', '', ( #10866 ) ) ;
#5720 = LINE ( 'NONE', #2976, #320 ) ;
#5721 = EDGE_CURVE ( 'NONE', #1192, #5806, #6409, .T. ) ;
#5722 =( NAMED_UNIT ( * ) SI_UNIT ( $, .STERADIAN. ) SOLID_ANGLE_UNIT ( ) );
#5723 = ORIENTED_EDGE ( 'NONE', *, *, #9507, .F. ) ;
#5724 = SURFACE_STYLE_USAGE ( .BOTH. , #314 ) ;
#5725 =( LENGTH_UNIT ( ) NAMED_UNIT ( * ) SI_UNIT ( $, .METRE. ) );
#5726 = ORIENTED_EDGE ( 'NONE', *, *, #9079, .T. ) ;
#5727 = FILL_AREA_STYLE_COLOUR ( '', #9823 ) ;
#5728 = DIRECTION ( 'NONE',  ( 0.000000000000000000, 0.000000000000000000, -1.000000000000000000 ) ) ;
#5729 =( NAMED_UNIT ( * ) PLANE_ANGLE_UNIT ( ) SI_UNIT ( $, .RADIAN. ) );
#5730 = UNCERTAINTY_MEASURE_WITH_UNIT (LENGTH_MEASURE( 1.000000000000000082E-05 ), #10088, 'distance_accuracy_value', 'NONE');
#5731 = ADVANCED_FACE ( 'NONE', ( #3549 ), #7271, .F. ) ;
#5732 = CARTESIAN_POINT ( 'NONE',  ( 0.05299999999999999850, 0.1849999999999999978, 0.1199999999999999956 ) ) ;
#5733 = FACE_OUTER_BOUND ( 'NONE', #6731, .T. ) ;
#5734 =( NAMED_UNIT ( * ) SI_UNIT ( $, .STERADIAN. ) SOLID_ANGLE_UNIT ( ) );
#5735 =( LENGTH_UNIT ( ) NAMED_UNIT ( * ) SI_UNIT ( $, .METRE. ) );
#5736 = DIRECTION ( 'NONE',  ( -1.000000000000000000, -0.000000000000000000, 0.000000000000000000 ) ) ;
#5737 = CARTESIAN_POINT ( 'NONE',  ( 0.007999999999999989758, 0.04000000000000000083, 0.01700000000000000122 ) ) ;
#5738 = DIRECTION ( 'NONE',  ( 0.000000000000000000, 0.000000000000000000, -1.000000000000000000 ) ) ;
#5739 = AXIS2_PLACEMENT_3D ( 'NONE', #6052, #11065, #9192 ) ;
#5740 = DIRECTION ( 'NONE',  ( 0.000000000000000000, -1.000000000000000000, 0.000000000000000000 ) ) ;
#5741 = UNCERTAINTY_MEASURE_WITH_UNIT (LENGTH_MEASURE( 1.000000000000000082E-05 ), #9948, 'distance_accuracy_value', 'NONE');
#5742 = SURFACE_STYLE_FILL_AREA ( #11005 ) ;
#5743 =( CONVERSION_BASED_UNIT ( 'INCH', #5686 ) LENGTH_UNIT ( ) NAMED_UNIT ( #3158 ) );
#5744 = DIMENSIONAL_EXPONENTS ( 1.000000000000000000, 0.000000000000000000, 0.000000000000000000, 0.000000000000000000, 0.000000000000000000, 0.000000000000000000, 0.000000000000000000 ) ;
#5745 = DIRECTION ( 'NONE',  ( 0.000000000000000000, -0.000000000000000000, 1.000000000000000000 ) ) ;
#5746 = VERTEX_POINT ( 'NONE', #753 ) ;
#5747 = ORIENTED_EDGE ( 'NONE', *, *, #706, .F. ) ;
#5748 = DIRECTION ( 'NONE',  ( -1.000000000000000000, -0.000000000000000000, 0.000000000000000000 ) ) ;
#5749 = COLOUR_RGB ( '',0.8627450980392157298, 0.6274509803921568540, 0.05882352941176470507 ) ;
#5750 = SURFACE_SIDE_STYLE ('',( #5621 ) ) ;
#5751 =( CONVERSION_BASED_UNIT ( 'INCH', #1228 ) LENGTH_UNIT ( ) NAMED_UNIT ( #2225 ) );
#5752 = PRESENTATION_LAYER_ASSIGNMENT (  '', '', ( #11464 ) ) ;
#5753 = CARTESIAN_POINT ( 'NONE',  ( 0.04200000000000000955, 0.2099999999999999922, -0.03300000000000000155 ) ) ;
#5754 = ORIENTED_EDGE ( 'NONE', *, *, #5706, .F. ) ;
#5755 = PRESENTATION_STYLE_ASSIGNMENT (( #355 ) ) ;
#5756 = DIRECTION ( 'NONE',  ( 0.000000000000000000, -0.4856429311786311098, -0.8741572761215383736 ) ) ;
#5757 = DIRECTION ( 'NONE',  ( -0.000000000000000000, 0.000000000000000000, -1.000000000000000000 ) ) ;
#5758 = VECTOR ( 'NONE', #11781, 39.37007874015748143 ) ;
#5759 =( NAMED_UNIT ( * ) SI_UNIT ( $, .STERADIAN. ) SOLID_ANGLE_UNIT ( ) );
#5760 = ORIENTED_EDGE ( 'NONE', *, *, #4286, .F. ) ;
#5761 =( GEOMETRIC_REPRESENTATION_CONTEXT ( 3 ) GLOBAL_UNCERTAINTY_ASSIGNED_CONTEXT ( ( #3000 ) ) GLOBAL_UNIT_ASSIGNED_CONTEXT ( ( #9295, #7487, #4152 ) ) REPRESENTATION_CONTEXT ( 'NONE', 'WORKASPACE' ) );
#5762 =( NAMED_UNIT ( * ) PLANE_ANGLE_UNIT ( ) SI_UNIT ( $, .RADIAN. ) );
#5763 = DIRECTION ( 'NONE',  ( 0.000000000000000000, 0.000000000000000000, 1.000000000000000000 ) ) ;
#5764 = EDGE_LOOP ( 'NONE', ( #5754, #8754, #3058, #5138, #1374, #7989, #6056, #6473, #8302, #10187, #10235, #5413, #8587, #401, #6423 ) ) ;
#5765 = COLOUR_RGB ( '',0.8627450980392157298, 0.6274509803921568540, 0.05882352941176470507 ) ;
#5766 = LINE ( 'NONE', #3916, #8549 ) ;
#5767 = ORIENTED_EDGE ( 'NONE', *, *, #5353, .F. ) ;
#5768 = AXIS2_PLACEMENT_3D ( 'NONE', #11767, #1908, #9059 ) ;
#5769 = STYLED_ITEM ( 'NONE', ( #6931 ), #3100 ) ;
#5770 = DIRECTION ( 'NONE',  ( 0.4472135954999584828, -0.8944271909999155223, 0.000000000000000000 ) ) ;
#5771 = EDGE_CURVE ( 'NONE', #9971, #5206, #8102, .T. ) ;
#5772 = PRESENTATION_STYLE_ASSIGNMENT (( #7478 ) ) ;
#5773 = SURFACE_STYLE_USAGE ( .BOTH. , #1245 ) ;
#5774 = CARTESIAN_POINT ( 'NONE',  ( -0.1079999999999999849, 0.01999999999999999001, 0.01700000000000000469 ) ) ;
#5775 = CARTESIAN_POINT ( 'NONE',  ( 0.000000000000000000, 0.04499999999999999833, -0.02500000000000000139 ) ) ;
#5776 =( GEOMETRIC_REPRESENTATION_CONTEXT ( 3 ) GLOBAL_UNCERTAINTY_ASSIGNED_CONTEXT ( ( #11222 ) ) GLOBAL_UNIT_ASSIGNED_CONTEXT ( ( #5344, #6191, #9811 ) ) REPRESENTATION_CONTEXT ( 'NONE', 'WORKASPACE' ) );
#5777 = ORIENTED_EDGE ( 'NONE', *, *, #7931, .F. ) ;
#5778 = FILL_AREA_STYLE ('',( #2088 ) ) ;
#5779 = LINE ( 'NONE', #1035, #11370 ) ;
#5780 = LINE ( 'NONE', #9468, #2778 ) ;
#5781 = ORIENTED_EDGE ( 'NONE', *, *, #770, .T. ) ;
#5782 = DIRECTION ( 'NONE',  ( -0.000000000000000000, -1.000000000000000000, 0.000000000000000000 ) ) ;
#5783 = ADVANCED_FACE ( 'NONE', ( #2768 ), #1673, .F. ) ;
#5784 = STYLED_ITEM ( 'NONE', ( #3944 ), #7129 ) ;
#5785 = LINE ( 'NONE', #10370, #4984 ) ;
#5786 = ORIENTED_EDGE ( 'NONE', *, *, #4033, .F. ) ;
#5787 = DIRECTION ( 'NONE',  ( 0.000000000000000000, 0.000000000000000000, -1.000000000000000000 ) ) ;
#5788 =( NAMED_UNIT ( * ) PLANE_ANGLE_UNIT ( ) SI_UNIT ( $, .RADIAN. ) );
#5789 =( NAMED_UNIT ( * ) PLANE_ANGLE_UNIT ( ) SI_UNIT ( $, .RADIAN. ) );
#5790 = CARTESIAN_POINT ( 'NONE',  ( -0.1000000000000000194, 0.1600000000000000033, 0.1000000000000000056 ) ) ;
#5791 = SHAPE_DEFINITION_REPRESENTATION ( #4379, #4193 ) ;
#5792 = AXIS2_PLACEMENT_3D ( 'NONE', #3820, #5787, #7433 ) ;
#5793 = SURFACE_SIDE_STYLE ('',( #1216 ) ) ;
#5794 = UNCERTAINTY_MEASURE_WITH_UNIT (LENGTH_MEASURE( 1.000000000000000082E-05 ), #7469, 'distance_accuracy_value', 'NONE');
#5795 = CARTESIAN_POINT ( 'NONE',  ( 0.1079999999999999849, 0.01999999999999999001, -0.01700000000000000122 ) ) ;
#5796 = ADVANCED_FACE ( 'NONE', ( #5802 ), #9424, .F. ) ;
#5797 = DIRECTION ( 'NONE',  ( 0.000000000000000000, -7.532669100177199608E-16, 1.000000000000000000 ) ) ;
#5798 = PLANE ( 'NONE',  #7808 ) ;
#5799 =( LENGTH_UNIT ( ) NAMED_UNIT ( * ) SI_UNIT ( $, .METRE. ) );
#5800 = FILL_AREA_STYLE ('',( #2048 ) ) ;
#5801 = EDGE_CURVE ( 'NONE', #3618, #7116, #2942, .T. ) ;
#5802 = FACE_OUTER_BOUND ( 'NONE', #4181, .T. ) ;
#5803 = CARTESIAN_POINT ( 'NONE',  ( 0.05800000000000000294, 0.05000000000000000278, -0.01700000000000000122 ) ) ;
#5804 = FILL_AREA_STYLE ('',( #7672 ) ) ;
#5805 = VERTEX_POINT ( 'NONE', #11066 ) ;
#5806 = VERTEX_POINT ( 'NONE', #1057 ) ;
#5807 = VECTOR ( 'NONE', #10151, 39.37007874015748143 ) ;
#5808 = LINE ( 'NONE', #9433, #1099 ) ;
#5809 =( CONVERSION_BASED_UNIT ( 'INCH', #11246 ) LENGTH_UNIT ( ) NAMED_UNIT ( #812 ) );
#5810 = CARTESIAN_POINT ( 'NONE',  ( -0.04200000000000000955, 0.01999999999999999001, 0.03300000000000000155 ) ) ;
#5811 = DIRECTION ( 'NONE',  ( -0.000000000000000000, -1.000000000000000000, -0.000000000000000000 ) ) ;
#5812 = VERTEX_POINT ( 'NONE', #3949 ) ;
#5813 = CARTESIAN_POINT ( 'NONE',  ( -0.05300000000000003320, 0.1849999999999999978, 0.02799999999999997283 ) ) ;
#5814 = VECTOR ( 'NONE', #3540, 39.37007874015748143 ) ;
#5815 = SURFACE_STYLE_USAGE ( .BOTH. , #458 ) ;
#5816 = VECTOR ( 'NONE', #5457, 39.37007874015748143 ) ;
#5817 = SURFACE_SIDE_STYLE ('',( #8355 ) ) ;
#5818 = VECTOR ( 'NONE', #10750, 39.37007874015748143 ) ;
#5819 =( CONVERSION_BASED_UNIT ( 'INCH', #11022 ) LENGTH_UNIT ( ) NAMED_UNIT ( #8610 ) );
#5820 = SURFACE_SIDE_STYLE ('',( #2909 ) ) ;
#5821 = VERTEX_POINT ( 'NONE', #2169 ) ;
#5822 = VECTOR ( 'NONE', #483, 39.37007874015748143 ) ;
#5823 = VECTOR ( 'NONE', #10938, 39.37007874015748143 ) ;
#5824 = MECHANICAL_DESIGN_GEOMETRIC_PRESENTATION_REPRESENTATION (  '', ( #11172 ), #898 ) ;
#5825 =( NAMED_UNIT ( * ) SI_UNIT ( $, .STERADIAN. ) SOLID_ANGLE_UNIT ( ) );
#5826 = DIMENSIONAL_EXPONENTS ( 1.000000000000000000, 0.000000000000000000, 0.000000000000000000, 0.000000000000000000, 0.000000000000000000, 0.000000000000000000, 0.000000000000000000 ) ;
#5827 = VERTEX_POINT ( 'NONE', #4768 ) ;
#5828 = LINE ( 'NONE', #4617, #6305 ) ;
#5829 = ORIENTED_EDGE ( 'NONE', *, *, #4590, .F. ) ;
#5830 = SURFACE_STYLE_FILL_AREA ( #2189 ) ;
#5831 = MECHANICAL_DESIGN_GEOMETRIC_PRESENTATION_REPRESENTATION (  '', ( #6017 ), #6774 ) ;
#5832 = COLOUR_RGB ( '',0.8627450980392157298, 0.6274509803921568540, 0.05882352941176470507 ) ;
#5833 = PRODUCT_DEFINITION_FORMATION_WITH_SPECIFIED_SOURCE ( 'ANY', '', #8090, .NOT_KNOWN. ) ;
#5834 = PLANE ( 'NONE',  #9416 ) ;
#5835 = PRESENTATION_LAYER_ASSIGNMENT (  '', '', ( #2219 ) ) ;
#5836 = VECTOR ( 'NONE', #8249, 39.37007874015748143 ) ;
#5837 = ORIENTED_EDGE ( 'NONE', *, *, #11694, .T. ) ;
#5838 = SURFACE_STYLE_FILL_AREA ( #6784 ) ;
#5839 = STYLED_ITEM ( 'NONE', ( #1169 ), #1818 ) ;
#5840 =( CONVERSION_BASED_UNIT ( 'INCH', #4088 ) LENGTH_UNIT ( ) NAMED_UNIT ( #6873 ) );
#5841 = SURFACE_STYLE_USAGE ( .BOTH. , #1317 ) ;
#5842 = ORIENTED_EDGE ( 'NONE', *, *, #10835, .F. ) ;
#5843 = VECTOR ( 'NONE', #9482, 39.37007874015748143 ) ;
#5844 =( NAMED_UNIT ( * ) PLANE_ANGLE_UNIT ( ) SI_UNIT ( $, .RADIAN. ) );
#5845 = FILL_AREA_STYLE ('',( #1983 ) ) ;
#5846 =( CONVERSION_BASED_UNIT ( 'INCH', #4865 ) LENGTH_UNIT ( ) NAMED_UNIT ( #10392 ) );
#5847 = VERTEX_POINT ( 'NONE', #10273 ) ;
#5848 =( LENGTH_UNIT ( ) NAMED_UNIT ( * ) SI_UNIT ( $, .METRE. ) );
#5849 =( NAMED_UNIT ( * ) PLANE_ANGLE_UNIT ( ) SI_UNIT ( $, .RADIAN. ) );
#5850 = UNCERTAINTY_MEASURE_WITH_UNIT (LENGTH_MEASURE( 1.000000000000000082E-05 ), #11528, 'distance_accuracy_value', 'NONE');
#5851 = PRESENTATION_STYLE_ASSIGNMENT (( #8499 ) ) ;
#5852 = EDGE_CURVE ( 'NONE', #10973, #2772, #278, .T. ) ;
#5853 = VECTOR ( 'NONE', #1125, 39.37007874015748143 ) ;
#5854 =( LENGTH_UNIT ( ) NAMED_UNIT ( * ) SI_UNIT ( $, .METRE. ) );
#5855 = SURFACE_SIDE_STYLE ('',( #1330 ) ) ;
#5856 = CARTESIAN_POINT ( 'NONE',  ( 0.007999999999999989758, 0.04000000000000000083, 0.03299999999999999462 ) ) ;
#5857 = CARTESIAN_POINT ( 'NONE',  ( 0.002999999999999980113, 0.1849999999999999978, -0.02800000000000004222 ) ) ;
#5858 = ADVANCED_FACE ( 'NONE', ( #7504 ), #158, .T. ) ;
#5859 = AXIS2_PLACEMENT_3D ( 'NONE', #6945, #10725, #5208 ) ;
#5860 = UNCERTAINTY_MEASURE_WITH_UNIT (LENGTH_MEASURE( 1.000000000000000082E-05 ), #11139, 'distance_accuracy_value', 'NONE');
#5861 = FILL_AREA_STYLE_COLOUR ( '', #5749 ) ;
#5862 = LINE ( 'NONE', #11406, #1394 ) ;
#5863 = FACE_OUTER_BOUND ( 'NONE', #2948, .T. ) ;
#5864 = ORIENTED_EDGE ( 'NONE', *, *, #4674, .T. ) ;
#5865 = ORIENTED_EDGE ( 'NONE', *, *, #7508, .T. ) ;
#5866 = EDGE_CURVE ( 'NONE', #4581, #9952, #5112, .T. ) ;
#5867 = LINE ( 'NONE', #10222, #7708 ) ;
#5868 =( GEOMETRIC_REPRESENTATION_CONTEXT ( 3 ) GLOBAL_UNCERTAINTY_ASSIGNED_CONTEXT ( ( #1110 ) ) GLOBAL_UNIT_ASSIGNED_CONTEXT ( ( #6488, #2918, #240 ) ) REPRESENTATION_CONTEXT ( 'NONE', 'WORKASPACE' ) );
#5869 = EDGE_CURVE ( 'NONE', #11648, #4821, #10624, .T. ) ;
#5870 = ORIENTED_EDGE ( 'NONE', *, *, #10302, .F. ) ;
#5871 = EDGE_LOOP ( 'NONE', ( #2463, #1644, #7536, #1242 ) ) ;
#5872 = LENGTH_MEASURE_WITH_UNIT ( LENGTH_MEASURE( 0.02539999999999999897 ), #4006 );
#5873 = ADVANCED_FACE ( 'NONE', ( #2460 ), #10388, .F. ) ;
#5874 =( LENGTH_UNIT ( ) NAMED_UNIT ( * ) SI_UNIT ( $, .METRE. ) );
#5875 = CARTESIAN_POINT ( 'NONE',  ( -0.05800000000000000294, 0.1759999999999999898, -0.01700000000000000122 ) ) ;
#5876 = LINE ( 'NONE', #2351, #7947 ) ;
#5877 = DIRECTION ( 'NONE',  ( -0.8741572761215372633, 0.4856429311786331082, 0.000000000000000000 ) ) ;
#5878 = DIMENSIONAL_EXPONENTS ( 1.000000000000000000, 0.000000000000000000, 0.000000000000000000, 0.000000000000000000, 0.000000000000000000, 0.000000000000000000, 0.000000000000000000 ) ;
#5879 = AXIS2_PLACEMENT_3D ( 'NONE', #10214, #9364, #2999 ) ;
#5880 = EDGE_CURVE ( 'NONE', #1939, #3496, #6099, .T. ) ;
#5881 = PLANE ( 'NONE',  #1817 ) ;
#5882 = ORIENTED_EDGE ( 'NONE', *, *, #9758, .F. ) ;
#5883 = SURFACE_SIDE_STYLE ('',( #4839 ) ) ;
#5884 = LENGTH_MEASURE_WITH_UNIT ( LENGTH_MEASURE( 0.02539999999999999897 ), #2126 );
#5885 = AXIS2_PLACEMENT_3D ( 'NONE', #4876, #2332, #1504 ) ;
#5886 = ORIENTED_EDGE ( 'NONE', *, *, #3386, .F. ) ;
#5887 = VECTOR ( 'NONE', #6343, 39.37007874015748143 ) ;
#5888 = CARTESIAN_POINT ( 'NONE',  ( 0.000000000000000000, 0.2099999999999999922, -0.1199999999999999956 ) ) ;
#5889 = EDGE_LOOP ( 'NONE', ( #8234, #9481, #4414, #9002 ) ) ;
#5890 = CARTESIAN_POINT ( 'NONE',  ( -0.05800000000000000988, 0.1759999999999999898, -0.03300000000000001543 ) ) ;
#5891 = SURFACE_SIDE_STYLE ('',( #1958 ) ) ;
#5892 =( LENGTH_UNIT ( ) NAMED_UNIT ( * ) SI_UNIT ( $, .METRE. ) );
#5893 = CARTESIAN_POINT ( 'NONE',  ( 0.3109999999999999987, -0.01000000000000000021, -0.02500000000000000139 ) ) ;
#5894 = CARTESIAN_POINT ( 'NONE',  ( -0.04199999999999998873, 0.02000000000000000042, -0.05999999999999999778 ) ) ;
#5895 = COLOUR_RGB ( '',0.2862745098039215508, 0.2862745098039215508, 0.2862745098039215508 ) ;
#5896 = CARTESIAN_POINT ( 'NONE',  ( -0.04200000000000000955, 0.1759999999999999898, 0.1199999999999999956 ) ) ;
#5897 = MECHANICAL_DESIGN_GEOMETRIC_PRESENTATION_REPRESENTATION (  '', ( #6832 ), #8332 ) ;
#5898 = EDGE_LOOP ( 'NONE', ( #3552, #6333, #10415, #7359 ) ) ;
#5899 = FACE_BOUND ( 'NONE', #5301, .T. ) ;
#5900 = LINE ( 'NONE', #7547, #2194 ) ;
#5901 = CARTESIAN_POINT ( 'NONE',  ( 0.1079999999999999988, -0.07499999999999999722, -0.02199999999999999872 ) ) ;
#5902 = ORIENTED_EDGE ( 'NONE', *, *, #8089, .T. ) ;
#5903 = DIRECTION ( 'NONE',  ( 0.000000000000000000, -5.021779400118129785E-16, -1.000000000000000000 ) ) ;
#5904 = DIMENSIONAL_EXPONENTS ( 1.000000000000000000, 0.000000000000000000, 0.000000000000000000, 0.000000000000000000, 0.000000000000000000, 0.000000000000000000, 0.000000000000000000 ) ;
#5905 = AXIS2_PLACEMENT_3D ( 'NONE', #4471, #10759, #10890 ) ;
#5906 = SURFACE_STYLE_USAGE ( .BOTH. , #554 ) ;
#5907 = LENGTH_MEASURE_WITH_UNIT ( LENGTH_MEASURE( 0.02539999999999999897 ), #5669 );
#5908 =( LENGTH_UNIT ( ) NAMED_UNIT ( * ) SI_UNIT ( $, .METRE. ) );
#5909 = EDGE_CURVE ( 'NONE', #1024, #4068, #8629, .T. ) ;
#5910 = LENGTH_MEASURE_WITH_UNIT ( LENGTH_MEASURE( 0.02539999999999999897 ), #2505 );
#5911 = UNCERTAINTY_MEASURE_WITH_UNIT (LENGTH_MEASURE( 1.000000000000000082E-05 ), #3004, 'distance_accuracy_value', 'NONE');
#5912 = FILL_AREA_STYLE ('',( #10380 ) ) ;
#5913 = SURFACE_STYLE_USAGE ( .BOTH. , #4926 ) ;
#5914 = CARTESIAN_POINT ( 'NONE',  ( -0.05800000000000000988, 0.05000000000000000278, -0.03299999999999999462 ) ) ;
#5915 = EDGE_CURVE ( 'NONE', #10916, #3181, #5058, .T. ) ;
#5916 =( LENGTH_UNIT ( ) NAMED_UNIT ( * ) SI_UNIT ( $, .METRE. ) );
#5917 = MECHANICAL_DESIGN_GEOMETRIC_PRESENTATION_REPRESENTATION (  '', ( #6491 ), #3824 ) ;
#5918 =( NAMED_UNIT ( * ) PLANE_ANGLE_UNIT ( ) SI_UNIT ( $, .RADIAN. ) );
#5919 = CARTESIAN_POINT ( 'NONE',  ( 0.1079999999999999988, 0.04000000000000000777, 0.01700000000000000122 ) ) ;
#5920 = CARTESIAN_POINT ( 'NONE',  ( 0.09199999999999999845, 0.05000000000000000278, -0.01700000000000000122 ) ) ;
#5921 = VERTEX_POINT ( 'NONE', #10557 ) ;
#5922 = ORIENTED_EDGE ( 'NONE', *, *, #4453, .F. ) ;
#5923 = CARTESIAN_POINT ( 'NONE',  ( 0.04200000000000000955, -0.06600000000000000311, 0.1199999999999999956 ) ) ;
#5924 = DIRECTION ( 'NONE',  ( 1.000000000000000000, 0.000000000000000000, 0.000000000000000000 ) ) ;
#5925 = SURFACE_STYLE_FILL_AREA ( #5984 ) ;
#5926 = ORIENTED_EDGE ( 'NONE', *, *, #3620, .F. ) ;
#5927 = CARTESIAN_POINT ( 'NONE',  ( 0.1079999999999999988, 0.06499999999999998834, -0.01700000000000000122 ) ) ;
#5928 = SURFACE_STYLE_USAGE ( .BOTH. , #2243 ) ;
#5929 = EDGE_CURVE ( 'NONE', #10771, #11409, #5862, .T. ) ;
#5930 = CARTESIAN_POINT ( 'NONE',  ( -0.09199999999999999845, 0.05000000000000000971, 0.01700000000000000122 ) ) ;
#5931 = CARTESIAN_POINT ( 'NONE',  ( 0.1079999999999999988, 0.04000000000000000777, -0.03300000000000000155 ) ) ;
#5932 = FILL_AREA_STYLE ('',( #3305 ) ) ;
#5933 = ORIENTED_EDGE ( 'NONE', *, *, #760, .F. ) ;
#5934 = LENGTH_MEASURE_WITH_UNIT ( LENGTH_MEASURE( 0.02539999999999999897 ), #6986 );
#5935 = PRESENTATION_LAYER_ASSIGNMENT (  '', '', ( #4609 ) ) ;
#5936 = EDGE_CURVE ( 'NONE', #3649, #8933, #3994, .T. ) ;
#5937 =( GEOMETRIC_REPRESENTATION_CONTEXT ( 3 ) GLOBAL_UNCERTAINTY_ASSIGNED_CONTEXT ( ( #8561 ) ) GLOBAL_UNIT_ASSIGNED_CONTEXT ( ( #11603, #8777, #2613 ) ) REPRESENTATION_CONTEXT ( 'NONE', 'WORKASPACE' ) );
#5938 = DIRECTION ( 'NONE',  ( 0.000000000000000000, 0.000000000000000000, -1.000000000000000000 ) ) ;
#5939 = ORIENTED_EDGE ( 'NONE', *, *, #5866, .F. ) ;
#5940 = EDGE_CURVE ( 'NONE', #10347, #8414, #6040, .T. ) ;
#5941 = EDGE_LOOP ( 'NONE', ( #3892, #1841, #6120, #6221 ) ) ;
#5942 = FILL_AREA_STYLE ('',( #1415 ) ) ;
#5943 =( LENGTH_UNIT ( ) NAMED_UNIT ( * ) SI_UNIT ( $, .METRE. ) );
#5944 = UNCERTAINTY_MEASURE_WITH_UNIT (LENGTH_MEASURE( 1.000000000000000082E-05 ), #11496, 'distance_accuracy_value', 'NONE');
#5945 = PLANE ( 'NONE',  #11094 ) ;
#5946 = SURFACE_SIDE_STYLE ('',( #2307 ) ) ;
#5947 = ADVANCED_FACE ( 'NONE', ( #2334 ), #8697, .F. ) ;
#5948 = PLANE ( 'NONE',  #1076 ) ;
#5949 = DIRECTION ( 'NONE',  ( 0.4856429311786310543, -0.8741572761215382625, 0.000000000000000000 ) ) ;
#5950 = EDGE_LOOP ( 'NONE', ( #7221, #5556, #3744, #2857 ) ) ;
#5951 = DIRECTION ( 'NONE',  ( 0.000000000000000000, 0.4856429311786318315, -0.8741572761215379295 ) ) ;
#5952 = DIMENSIONAL_EXPONENTS ( 1.000000000000000000, 0.000000000000000000, 0.000000000000000000, 0.000000000000000000, 0.000000000000000000, 0.000000000000000000, 0.000000000000000000 ) ;
#5953 = SURFACE_STYLE_USAGE ( .BOTH. , #4969 ) ;
#5954 = STYLED_ITEM ( 'NONE', ( #392 ), #6572 ) ;
#5955 =( GEOMETRIC_REPRESENTATION_CONTEXT ( 3 ) GLOBAL_UNCERTAINTY_ASSIGNED_CONTEXT ( ( #3699 ) ) GLOBAL_UNIT_ASSIGNED_CONTEXT ( ( #6271, #8143, #4579 ) ) REPRESENTATION_CONTEXT ( 'NONE', 'WORKASPACE' ) );
#5956 = VECTOR ( 'NONE', #6893, 39.37007874015748143 ) ;
#5957 = ORIENTED_EDGE ( 'NONE', *, *, #3536, .F. ) ;
#5958 = DIRECTION ( 'NONE',  ( 0.000000000000000000, -0.000000000000000000, 1.000000000000000000 ) ) ;
#5959 = FILL_AREA_STYLE_COLOUR ( '', #6888 ) ;
#5960 = PLANE ( 'NONE',  #11049 ) ;
#5961 = CARTESIAN_POINT ( 'NONE',  ( 0.05800000000000000294, -0.06600000000000000311, -0.03300000000000000155 ) ) ;
#5962 = UNCERTAINTY_MEASURE_WITH_UNIT (LENGTH_MEASURE( 1.000000000000000082E-05 ), #6660, 'distance_accuracy_value', 'NONE');
#5963 = AXIS2_PLACEMENT_3D ( 'NONE', #6392, #10681, #2517 ) ;
#5964 = LENGTH_MEASURE_WITH_UNIT ( LENGTH_MEASURE( 0.02539999999999999897 ), #5908 );
#5965 = VECTOR ( 'NONE', #9793, 39.37007874015748143 ) ;
#5966 = SURFACE_STYLE_FILL_AREA ( #2278 ) ;
#5967 = VECTOR ( 'NONE', #4978, 39.37007874015748143 ) ;
#5968 = DIRECTION ( 'NONE',  ( -1.000000000000000000, 0.000000000000000000, -0.000000000000000000 ) ) ;
#5969 =( NAMED_UNIT ( * ) PLANE_ANGLE_UNIT ( ) SI_UNIT ( $, .RADIAN. ) );
#5970 = CARTESIAN_POINT ( 'NONE',  ( -0.1029999999999999943, 0.1849999999999999978, 0.1199999999999999956 ) ) ;
#5971 = LINE ( 'NONE', #3411, #9373 ) ;
#5972 = UNCERTAINTY_MEASURE_WITH_UNIT (LENGTH_MEASURE( 1.000000000000000082E-05 ), #10855, 'distance_accuracy_value', 'NONE');
#5973 = MECHANICAL_DESIGN_GEOMETRIC_PRESENTATION_REPRESENTATION (  '', ( #9584 ), #9005 ) ;
#5974 = PRESENTATION_STYLE_ASSIGNMENT (( #2231 ) ) ;
#5975 = DIMENSIONAL_EXPONENTS ( 1.000000000000000000, 0.000000000000000000, 0.000000000000000000, 0.000000000000000000, 0.000000000000000000, 0.000000000000000000, 0.000000000000000000 ) ;
#5976 = COLOUR_RGB ( '',0.2862745098039215508, 0.2862745098039215508, 0.2862745098039215508 ) ;
#5977 = CARTESIAN_POINT ( 'NONE',  ( 0.1079999999999999988, 0.2099999999999999922, 0.01700000000000000122 ) ) ;
#5978 = ORIENTED_EDGE ( 'NONE', *, *, #7638, .T. ) ;
#5979 = VERTEX_POINT ( 'NONE', #4524 ) ;
#5980 =( NAMED_UNIT ( * ) SI_UNIT ( $, .STERADIAN. ) SOLID_ANGLE_UNIT ( ) );
#5981 = DIRECTION ( 'NONE',  ( 0.000000000000000000, -1.000000000000000000, -0.000000000000000000 ) ) ;
#5982 = EDGE_CURVE ( 'NONE', #897, #1163, #4450, .T. ) ;
#5983 = LINE ( 'NONE', #10686, #5209 ) ;
#5984 = FILL_AREA_STYLE ('',( #7787 ) ) ;
#5985 = ORIENTED_EDGE ( 'NONE', *, *, #8135, .F. ) ;
#5986 = FILL_AREA_STYLE ('',( #7682 ) ) ;
#5987 = CARTESIAN_POINT ( 'NONE',  ( -0.04200000000000000955, 0.1759999999999999898, 0.1199999999999999956 ) ) ;
#5988 =( NAMED_UNIT ( * ) PLANE_ANGLE_UNIT ( ) SI_UNIT ( $, .RADIAN. ) );
#5989 =( NAMED_UNIT ( * ) PLANE_ANGLE_UNIT ( ) SI_UNIT ( $, .RADIAN. ) );
#5990 = LINE ( 'NONE', #11470, #3426 ) ;
#5991 =( NAMED_UNIT ( * ) SI_UNIT ( $, .STERADIAN. ) SOLID_ANGLE_UNIT ( ) );
#5992 =( LENGTH_UNIT ( ) NAMED_UNIT ( * ) SI_UNIT ( $, .METRE. ) );
#5993 = ORIENTED_EDGE ( 'NONE', *, *, #1864, .F. ) ;
#5994 = DIRECTION ( 'NONE',  ( -1.000000000000000000, -0.000000000000000000, 0.000000000000000000 ) ) ;
#5995 = SURFACE_SIDE_STYLE ('',( #2357 ) ) ;
#5996 = ADVANCED_FACE ( 'NONE', ( #3642 ), #7078, .T. ) ;
#5997 = EDGE_CURVE ( 'NONE', #2772, #6202, #8993, .T. ) ;
#5998 = STYLED_ITEM ( 'NONE', ( #1267 ), #27 ) ;
#5999 = VECTOR ( 'NONE', #6493, 39.37007874015748854 ) ;
#6000 = VERTEX_POINT ( 'NONE', #856 ) ;
#6001 = DIRECTION ( 'NONE',  ( -1.000000000000000000, -0.000000000000000000, 0.000000000000000000 ) ) ;
#6002 = VERTEX_POINT ( 'NONE', #1599 ) ;
#6003 = SURFACE_SIDE_STYLE ('',( #5830 ) ) ;
#6004 = DIRECTION ( 'NONE',  ( 0.000000000000000000, 0.000000000000000000, 1.000000000000000000 ) ) ;
#6005 = LINE ( 'NONE', #5084, #8204 ) ;
#6006 = AXIS2_PLACEMENT_3D ( 'NONE', #1769, #9886, #733 ) ;
#6007 = CARTESIAN_POINT ( 'NONE',  ( 0.000000000000000000, 0.000000000000000000, -0.02500000000000000139 ) ) ;
#6008 =( GEOMETRIC_REPRESENTATION_CONTEXT ( 3 ) GLOBAL_UNCERTAINTY_ASSIGNED_CONTEXT ( ( #3920 ) ) GLOBAL_UNIT_ASSIGNED_CONTEXT ( ( #4687, #1034, #6497 ) ) REPRESENTATION_CONTEXT ( 'NONE', 'WORKASPACE' ) );
#6009 = STYLED_ITEM ( 'NONE', ( #11379 ), #11099 ) ;
#6010 = CARTESIAN_POINT ( 'NONE',  ( 0.1079999999999999988, 0.1759999999999999898, -0.01700000000000000122 ) ) ;
#6011 = EDGE_CURVE ( 'NONE', #2543, #8137, #1778, .T. ) ;
#6012 = VERTEX_POINT ( 'NONE', #4392 ) ;
#6013 = DIRECTION ( 'NONE',  ( -1.000000000000000000, 0.000000000000000000, 0.000000000000000000 ) ) ;
#6014 = PRODUCT_DEFINITION ( 'UNKNOWN', '', #5833, #3050 ) ;
#6015 = MECHANICAL_DESIGN_GEOMETRIC_PRESENTATION_REPRESENTATION (  '', ( #10979 ), #8456 ) ;
#6016 = DIRECTION ( 'NONE',  ( 1.000000000000000000, 0.000000000000000000, 0.000000000000000000 ) ) ;
#6017 = STYLED_ITEM ( 'NONE', ( #11579 ), #1660 ) ;
#6018 = MANIFOLD_SOLID_BREP ( 'Imported1', #10740 ) ;
#6019 = VERTEX_POINT ( 'NONE', #2038 ) ;
#6020 = VECTOR ( 'NONE', #10204, 39.37007874015747433 ) ;
#6021 = PRESENTATION_LAYER_ASSIGNMENT (  '', '', ( #11172 ) ) ;
#6022 = DIRECTION ( 'NONE',  ( 0.000000000000000000, -0.4856429311786268355, 0.8741572761215407050 ) ) ;
#6023 = DIRECTION ( 'NONE',  ( 0.000000000000000000, 0.000000000000000000, 1.000000000000000000 ) ) ;
#6024 = EDGE_LOOP ( 'NONE', ( #5125, #5870, #788 ) ) ;
#6025 =( GEOMETRIC_REPRESENTATION_CONTEXT ( 3 ) GLOBAL_UNCERTAINTY_ASSIGNED_CONTEXT ( ( #97 ) ) GLOBAL_UNIT_ASSIGNED_CONTEXT ( ( #1454, #9670, #578 ) ) REPRESENTATION_CONTEXT ( 'NONE', 'WORKASPACE' ) );
#6026 = FILL_AREA_STYLE_COLOUR ( '', #6275 ) ;
#6027 = COLOUR_RGB ( '',0.8627450980392157298, 0.6274509803921568540, 0.05882352941176470507 ) ;
#6028 = EDGE_CURVE ( 'NONE', #971, #10136, #3470, .T. ) ;
#6029 = VECTOR ( 'NONE', #9762, 39.37007874015748143 ) ;
#6030 = FILL_AREA_STYLE_COLOUR ( '', #7098 ) ;
#6031 = COLOUR_RGB ( '',0.2862745098039215508, 0.2862745098039215508, 0.2862745098039215508 ) ;
#6032 = AXIS2_PLACEMENT_3D ( 'NONE', #4396, #1091, #5365 ) ;
#6033 = DIRECTION ( 'NONE',  ( 0.000000000000000000, -7.532669100177199608E-16, 1.000000000000000000 ) ) ;
#6034 = DIMENSIONAL_EXPONENTS ( 1.000000000000000000, 0.000000000000000000, 0.000000000000000000, 0.000000000000000000, 0.000000000000000000, 0.000000000000000000, 0.000000000000000000 ) ;
#6035 =( CONVERSION_BASED_UNIT ( 'INCH', #4993 ) LENGTH_UNIT ( ) NAMED_UNIT ( #199 ) );
#6036 =( LENGTH_UNIT ( ) NAMED_UNIT ( * ) SI_UNIT ( $, .METRE. ) );
#6037 = SURFACE_STYLE_FILL_AREA ( #8509 ) ;
#6038 = LINE ( 'NONE', #4388, #441 ) ;
#6039 = FILL_AREA_STYLE_COLOUR ( '', #10120 ) ;
#6040 = LINE ( 'NONE', #6850, #7642 ) ;
#6041 = VECTOR ( 'NONE', #7211, 39.37007874015748143 ) ;
#6042 = CARTESIAN_POINT ( 'NONE',  ( 0.007999999999999989758, 0.01999999999999999001, -0.01700000000000000122 ) ) ;
#6043 = ORIENTED_EDGE ( 'NONE', *, *, #4446, .T. ) ;
#6044 = ORIENTED_EDGE ( 'NONE', *, *, #4147, .T. ) ;
#6045 = LINE ( 'NONE', #4218, #9056 ) ;
#6046 =( CONVERSION_BASED_UNIT ( 'INCH', #7962 ) LENGTH_UNIT ( ) NAMED_UNIT ( #7026 ) );
#6047 = PLANE ( 'NONE',  #6776 ) ;
#6048 = CARTESIAN_POINT ( 'NONE',  ( -0.008000000000000010575, 0.04000000000000000083, 0.1199999999999999956 ) ) ;
#6049 = VECTOR ( 'NONE', #9040, 39.37007874015748143 ) ;
#6050 = ORIENTED_EDGE ( 'NONE', *, *, #1217, .T. ) ;
#6051 = FILL_AREA_STYLE ('',( #4941 ) ) ;
#6052 = CARTESIAN_POINT ( 'NONE',  ( -0.1029999999999999943, 0.1849999999999999978, 0.1199999999999999956 ) ) ;
#6053 = SURFACE_STYLE_USAGE ( .BOTH. , #1404 ) ;
#6054 =( NAMED_UNIT ( * ) PLANE_ANGLE_UNIT ( ) SI_UNIT ( $, .RADIAN. ) );
#6055 =( NAMED_UNIT ( * ) PLANE_ANGLE_UNIT ( ) SI_UNIT ( $, .RADIAN. ) );
#6056 = ORIENTED_EDGE ( 'NONE', *, *, #616, .T. ) ;
#6057 =( GEOMETRIC_REPRESENTATION_CONTEXT ( 3 ) GLOBAL_UNCERTAINTY_ASSIGNED_CONTEXT ( ( #3237 ) ) GLOBAL_UNIT_ASSIGNED_CONTEXT ( ( #3709, #4639, #6728 ) ) REPRESENTATION_CONTEXT ( 'NONE', 'WORKASPACE' ) );
#6058 = SURFACE_SIDE_STYLE ('',( #6170 ) ) ;
#6059 = AXIS2_PLACEMENT_3D ( 'NONE', #1959, #3810, #5585 ) ;
#6060 = MANIFOLD_SOLID_BREP ( 'Imported1', #8800 ) ;
#6061 = SURFACE_STYLE_USAGE ( .BOTH. , #3310 ) ;
#6062 = DIMENSIONAL_EXPONENTS ( 1.000000000000000000, 0.000000000000000000, 0.000000000000000000, 0.000000000000000000, 0.000000000000000000, 0.000000000000000000, 0.000000000000000000 ) ;
#6063 = ADVANCED_FACE ( 'NONE', ( #10198 ), #10585, .F. ) ;
#6064 = ORIENTED_EDGE ( 'NONE', *, *, #10984, .T. ) ;
#6065 = FACE_OUTER_BOUND ( 'NONE', #650, .T. ) ;
#6066 = EDGE_LOOP ( 'NONE', ( #7766, #588, #574, #4802 ) ) ;
#6067 = CARTESIAN_POINT ( 'NONE',  ( 0.09199999999999999845, -0.06600000000000000311, 0.01700000000000000469 ) ) ;
#6068 = AXIS2_PLACEMENT_3D ( 'NONE', #7700, #6122, #10478 ) ;
#6069 = PRESENTATION_LAYER_ASSIGNMENT (  '', '', ( #2638 ) ) ;
#6070 = DIRECTION ( 'NONE',  ( 0.000000000000000000, 0.000000000000000000, 1.000000000000000000 ) ) ;
#6071 = FILL_AREA_STYLE_COLOUR ( '', #2155 ) ;
#6072 = EDGE_CURVE ( 'NONE', #3629, #9956, #3565, .T. ) ;
#6073 = CARTESIAN_POINT ( 'NONE',  ( 0.000000000000000000, 0.06500000000000000222, 0.03300000000000000155 ) ) ;
#6074 = DIRECTION ( 'NONE',  ( 1.000000000000000000, 0.000000000000000000, 0.000000000000000000 ) ) ;
#6075 = VERTEX_POINT ( 'NONE', #6990 ) ;
#6076 =( NAMED_UNIT ( * ) SI_UNIT ( $, .STERADIAN. ) SOLID_ANGLE_UNIT ( ) );
#6077 = PRESENTATION_LAYER_ASSIGNMENT (  '', '', ( #7922 ) ) ;
#6078 = COLOUR_RGB ( '',0.2862745098039215508, 0.2862745098039215508, 0.2862745098039215508 ) ;
#6079 = SURFACE_STYLE_USAGE ( .BOTH. , #36 ) ;
#6080 = ORIENTED_EDGE ( 'NONE', *, *, #787, .F. ) ;
#6081 = PRESENTATION_STYLE_ASSIGNMENT (( #5906 ) ) ;
#6082 = FACE_BOUND ( 'NONE', #6450, .T. ) ;
#6083 = EDGE_CURVE ( 'NONE', #4184, #11648, #5194, .T. ) ;
#6084 =( CONVERSION_BASED_UNIT ( 'INCH', #11444 ) LENGTH_UNIT ( ) NAMED_UNIT ( #4052 ) );
#6085 = VECTOR ( 'NONE', #5357, 39.37007874015748143 ) ;
#6086 = UNCERTAINTY_MEASURE_WITH_UNIT (LENGTH_MEASURE( 1.000000000000000082E-05 ), #174, 'distance_accuracy_value', 'NONE');
#6087 = COLOUR_RGB ( '',0.2862745098039215508, 0.2862745098039215508, 0.2862745098039215508 ) ;
#6088 = DIRECTION ( 'NONE',  ( -0.4368520283305196705, -0.7863336509949337971, 0.4368520283305189489 ) ) ;
#6089 =( CONVERSION_BASED_UNIT ( 'INCH', #2448 ) LENGTH_UNIT ( ) NAMED_UNIT ( #10793 ) );
#6090 = PLANE ( 'NONE',  #2575 ) ;
#6091 = EDGE_CURVE ( 'NONE', #7315, #9673, #819, .T. ) ;
#6092 = PRESENTATION_LAYER_ASSIGNMENT (  '', '', ( #11242 ) ) ;
#6093 = EDGE_LOOP ( 'NONE', ( #11408, #4372, #9809, #9198 ) ) ;
#6094 = FACE_OUTER_BOUND ( 'NONE', #9555, .T. ) ;
#6095 = EDGE_CURVE ( 'NONE', #4711, #2835, #4361, .T. ) ;
#6096 = FILL_AREA_STYLE_COLOUR ( '', #1961 ) ;
#6097 = DIRECTION ( 'NONE',  ( 0.000000000000000000, 0.4856429311786318315, 0.8741572761215379295 ) ) ;
#6098 = UNCERTAINTY_MEASURE_WITH_UNIT (LENGTH_MEASURE( 1.000000000000000082E-05 ), #10444, 'distance_accuracy_value', 'NONE');
#6099 = LINE ( 'NONE', #4999, #835 ) ;
#6100 = LENGTH_MEASURE_WITH_UNIT ( LENGTH_MEASURE( 0.02539999999999999897 ), #4214 );
#6101 = DIRECTION ( 'NONE',  ( 0.000000000000000000, -0.8741572761215382625, -0.4856429311786310543 ) ) ;
#6102 = ORIENTED_EDGE ( 'NONE', *, *, #8092, .F. ) ;
#6103 = ORIENTED_EDGE ( 'NONE', *, *, #6912, .T. ) ;
#6104 = LINE ( 'NONE', #10630, #11175 ) ;
#6105 = CARTESIAN_POINT ( 'NONE',  ( 0.1030000000000000360, 0.1849999999999999978, 0.02199999999999999872 ) ) ;
#6106 = DIRECTION ( 'NONE',  ( -0.000000000000000000, -0.000000000000000000, 1.000000000000000000 ) ) ;
#6107 = VERTEX_POINT ( 'NONE', #9857 ) ;
#6108 = PRESENTATION_STYLE_ASSIGNMENT (( #2529 ) ) ;
#6109 =( CONVERSION_BASED_UNIT ( 'INCH', #8943 ) LENGTH_UNIT ( ) NAMED_UNIT ( #9743 ) );
#6110 = FACE_OUTER_BOUND ( 'NONE', #263, .T. ) ;
#6111 = CARTESIAN_POINT ( 'NONE',  ( -0.09700000000000001676, -0.07499999999999999722, -0.02799999999999999711 ) ) ;
#6112 = DIMENSIONAL_EXPONENTS ( 1.000000000000000000, 0.000000000000000000, 0.000000000000000000, 0.000000000000000000, 0.000000000000000000, 0.000000000000000000, 0.000000000000000000 ) ;
#6113 = ORIENTED_EDGE ( 'NONE', *, *, #2414, .F. ) ;
#6114 = VERTEX_POINT ( 'NONE', #1631 ) ;
#6115 = SURFACE_SIDE_STYLE ('',( #7800 ) ) ;
#6116 = CARTESIAN_POINT ( 'NONE',  ( 0.05299999999999998462, 0.1849999999999999978, -0.02200000000000005770 ) ) ;
#6117 = ORIENTED_EDGE ( 'NONE', *, *, #5049, .F. ) ;
#6118 = CARTESIAN_POINT ( 'NONE',  ( 0.05800000000000000294, 0.1759999999999999898, -0.03300000000000000155 ) ) ;
#6119 = CARTESIAN_POINT ( 'NONE',  ( -0.3009999999999999898, 0.000000000000000000, 0.000000000000000000 ) ) ;
#6120 = ORIENTED_EDGE ( 'NONE', *, *, #8911, .F. ) ;
#6121 = DIRECTION ( 'NONE',  ( 1.000000000000000000, 0.000000000000000000, -0.000000000000000000 ) ) ;
#6122 = DIRECTION ( 'NONE',  ( 0.000000000000000000, 1.000000000000000000, 0.000000000000000000 ) ) ;
#6123 = AXIS2_PLACEMENT_3D ( 'NONE', #9248, #2706, #5551 ) ;
#6124 = CARTESIAN_POINT ( 'NONE',  ( 0.2879999999999999782, 0.2099999999999999922, -0.1000000000000000056 ) ) ;
#6125 = EDGE_CURVE ( 'NONE', #2969, #10539, #10838, .T. ) ;
#6126 = DIRECTION ( 'NONE',  ( 0.4368520283305183383, -0.7863336509949350184, -0.4368520283305178942 ) ) ;
#6127 = LINE ( 'NONE', #2548, #591 ) ;
#6128 = EDGE_LOOP ( 'NONE', ( #9962, #11259, #6907, #10853 ) ) ;
#6129 = VECTOR ( 'NONE', #4111, 39.37007874015748143 ) ;
#6130 = EDGE_CURVE ( 'NONE', #11474, #8328, #2485, .T. ) ;
#6131 = VECTOR ( 'NONE', #3793, 39.37007874015748854 ) ;
#6132 = EDGE_LOOP ( 'NONE', ( #239, #5985, #2618, #7811 ) ) ;
#6133 = DIMENSIONAL_EXPONENTS ( 1.000000000000000000, 0.000000000000000000, 0.000000000000000000, 0.000000000000000000, 0.000000000000000000, 0.000000000000000000, 0.000000000000000000 ) ;
#6134 = FILL_AREA_STYLE_COLOUR ( '', #5671 ) ;
#6135 = FILL_AREA_STYLE_COLOUR ( '', #9388 ) ;
#6136 = CARTESIAN_POINT ( 'NONE',  ( -0.05299999999999999850, 0.1849999999999999978, 0.1199999999999999956 ) ) ;
#6137 = AXIS2_PLACEMENT_3D ( 'NONE', #8833, #8168, #5320 ) ;
#6138 = SURFACE_SIDE_STYLE ('',( #11686 ) ) ;
#6139 = DIRECTION ( 'NONE',  ( -1.000000000000000000, -0.000000000000000000, 0.000000000000000000 ) ) ;
#6140 = VECTOR ( 'NONE', #9245, 39.37007874015748143 ) ;
#6141 =( NAMED_UNIT ( * ) SI_UNIT ( $, .STERADIAN. ) SOLID_ANGLE_UNIT ( ) );
#6142 = DIRECTION ( 'NONE',  ( 0.000000000000000000, 0.000000000000000000, 1.000000000000000000 ) ) ;
#6143 = EDGE_CURVE ( 'NONE', #1104, #2453, #1472, .T. ) ;
#6144 =( LENGTH_UNIT ( ) NAMED_UNIT ( * ) SI_UNIT ( $, .METRE. ) );
#6145 = ORIENTED_EDGE ( 'NONE', *, *, #3626, .F. ) ;
#6146 = PRESENTATION_LAYER_ASSIGNMENT (  '', '', ( #2532 ) ) ;
#6147 = VECTOR ( 'NONE', #8565, 39.37007874015748143 ) ;
#6148 = CARTESIAN_POINT ( 'NONE',  ( 0.1079999999999999988, 0.1849999999999999978, 0.02199999999999999872 ) ) ;
#6149 = DIRECTION ( 'NONE',  ( 0.000000000000000000, -7.532669100177199608E-16, 1.000000000000000000 ) ) ;
#6150 = EDGE_CURVE ( 'NONE', #4497, #4595, #5321, .T. ) ;
#6151 =( LENGTH_UNIT ( ) NAMED_UNIT ( * ) SI_UNIT ( $, .METRE. ) );
#6152 = EDGE_CURVE ( 'NONE', #3028, #865, #5264, .T. ) ;
#6153 = PRESENTATION_STYLE_ASSIGNMENT (( #3472 ) ) ;
#6154 = ORIENTED_EDGE ( 'NONE', *, *, #7508, .F. ) ;
#6155 = VERTEX_POINT ( 'NONE', #7804 ) ;
#6156 = LINE ( 'NONE', #4171, #4472 ) ;
#6157 = ADVANCED_FACE ( 'NONE', ( #6065 ), #8771, .F. ) ;
#6158 = FILL_AREA_STYLE_COLOUR ( '', #8467 ) ;
#6159 = CARTESIAN_POINT ( 'NONE',  ( 0.1079999999999999988, 0.1759999999999999898, 0.03299999999999999462 ) ) ;
#6160 = EDGE_LOOP ( 'NONE', ( #4906, #34, #11728, #9456 ) ) ;
#6161 = CARTESIAN_POINT ( 'NONE',  ( -0.05800000000000000294, -0.06600000000000000311, 0.1199999999999999956 ) ) ;
#6162 = ADVANCED_FACE ( 'NONE', ( #3668 ), #7284, .F. ) ;
#6163 = MECHANICAL_DESIGN_GEOMETRIC_PRESENTATION_REPRESENTATION (  '', ( #11311 ), #7090 ) ;
#6164 = SURFACE_STYLE_USAGE ( .BOTH. , #11782 ) ;
#6165 = COLOUR_RGB ( '',0.2862745098039215508, 0.2862745098039215508, 0.2862745098039215508 ) ;
#6166 = DIRECTION ( 'NONE',  ( -1.000000000000000000, -0.000000000000000000, 0.000000000000000000 ) ) ;
#6167 = LINE ( 'NONE', #6411, #4332 ) ;
#6168 = ORIENTED_EDGE ( 'NONE', *, *, #7070, .T. ) ;
#6169 = ORIENTED_EDGE ( 'NONE', *, *, #7195, .F. ) ;
#6170 = SURFACE_STYLE_FILL_AREA ( #9566 ) ;
#6171 = UNCERTAINTY_MEASURE_WITH_UNIT (LENGTH_MEASURE( 1.000000000000000082E-05 ), #3010, 'distance_accuracy_value', 'NONE');
#6172 = PRESENTATION_LAYER_ASSIGNMENT (  '', '', ( #88 ) ) ;
#6173 = CARTESIAN_POINT ( 'NONE',  ( 0.000000000000000000, 0.2099999999999999922, -0.07000000000000000666 ) ) ;
#6174 = VERTEX_POINT ( 'NONE', #886 ) ;
#6175 = CARTESIAN_POINT ( 'NONE',  ( -0.09700000000000001676, -0.07499999999999998335, -0.02199999999999999872 ) ) ;
#6176 = CARTESIAN_POINT ( 'NONE',  ( 0.09700000000000000289, 0.1849999999999999978, 0.1199999999999999956 ) ) ;
#6177 = VERTEX_POINT ( 'NONE', #955 ) ;
#6178 = CARTESIAN_POINT ( 'NONE',  ( 0.09199999999999999845, 0.04000000000000001471, -0.03300000000000000155 ) ) ;
#6179 = CARTESIAN_POINT ( 'NONE',  ( 0.1079999999999999988, 0.1759999999999999898, -0.03299999999999999462 ) ) ;
#6180 =( LENGTH_UNIT ( ) NAMED_UNIT ( * ) SI_UNIT ( $, .METRE. ) );
#6181 = CARTESIAN_POINT ( 'NONE',  ( -0.2879999999999999782, 0.2099999999999999922, -0.1199999999999999956 ) ) ;
#6182 = SURFACE_STYLE_FILL_AREA ( #5086 ) ;
#6183 = FACE_OUTER_BOUND ( 'NONE', #1966, .T. ) ;
#6184 = ORIENTED_EDGE ( 'NONE', *, *, #10525, .T. ) ;
#6185 = COLOUR_RGB ( '',0.8627450980392157298, 0.6274509803921568540, 0.05882352941176470507 ) ;
#6186 = SURFACE_STYLE_FILL_AREA ( #1579 ) ;
#6187 = DIMENSIONAL_EXPONENTS ( 1.000000000000000000, 0.000000000000000000, 0.000000000000000000, 0.000000000000000000, 0.000000000000000000, 0.000000000000000000, 0.000000000000000000 ) ;
#6188 =( NAMED_UNIT ( * ) SI_UNIT ( $, .STERADIAN. ) SOLID_ANGLE_UNIT ( ) );
#6189 = ORIENTED_EDGE ( 'NONE', *, *, #7578, .F. ) ;
#6190 = CARTESIAN_POINT ( 'NONE',  ( -0.04200000000000000955, 0.05000000000000000971, 0.01700000000000000122 ) ) ;
#6191 =( NAMED_UNIT ( * ) PLANE_ANGLE_UNIT ( ) SI_UNIT ( $, .RADIAN. ) );
#6192 = MECHANICAL_DESIGN_GEOMETRIC_PRESENTATION_REPRESENTATION (  '', ( #9980 ), #8638 ) ;
#6193 = AXIS2_PLACEMENT_3D ( 'NONE', #6954, #5288, #668 ) ;
#6194 = DIRECTION ( 'NONE',  ( 0.000000000000000000, 0.000000000000000000, 1.000000000000000000 ) ) ;
#6195 =( NAMED_UNIT ( * ) SI_UNIT ( $, .STERADIAN. ) SOLID_ANGLE_UNIT ( ) );
#6196 = VECTOR ( 'NONE', #364, 39.37007874015748143 ) ;
#6197 =( NAMED_UNIT ( * ) SI_UNIT ( $, .STERADIAN. ) SOLID_ANGLE_UNIT ( ) );
#6198 = VECTOR ( 'NONE', #7402, 39.37007874015748143 ) ;
#6199 = COLOUR_RGB ( '',0.8627450980392157298, 0.6274509803921568540, 0.05882352941176470507 ) ;
#6200 = FACE_OUTER_BOUND ( 'NONE', #6908, .T. ) ;
#6201 = SURFACE_SIDE_STYLE ('',( #669 ) ) ;
#6202 = VERTEX_POINT ( 'NONE', #5510 ) ;
#6203 = FILL_AREA_STYLE_COLOUR ( '', #8094 ) ;
#6204 = SURFACE_STYLE_FILL_AREA ( #567 ) ;
#6205 = FILL_AREA_STYLE_COLOUR ( '', #2846 ) ;
#6206 = UNCERTAINTY_MEASURE_WITH_UNIT (LENGTH_MEASURE( 1.000000000000000082E-05 ), #9949, 'distance_accuracy_value', 'NONE');
#6207 = VECTOR ( 'NONE', #4175, 39.37007874015748143 ) ;
#6208 = CARTESIAN_POINT ( 'NONE',  ( 0.1079999999999999988, -0.06600000000000000311, -0.03300000000000000155 ) ) ;
#6209 = MECHANICAL_DESIGN_GEOMETRIC_PRESENTATION_REPRESENTATION (  '', ( #5601 ), #907 ) ;
#6210 = EDGE_CURVE ( 'NONE', #10848, #7171, #6535, .T. ) ;
#6211 = DIMENSIONAL_EXPONENTS ( 1.000000000000000000, 0.000000000000000000, 0.000000000000000000, 0.000000000000000000, 0.000000000000000000, 0.000000000000000000, 0.000000000000000000 ) ;
#6212 = DIRECTION ( 'NONE',  ( 0.000000000000000000, -0.000000000000000000, 1.000000000000000000 ) ) ;
#6213 = DIRECTION ( 'NONE',  ( 0.000000000000000000, 0.000000000000000000, 1.000000000000000000 ) ) ;
#6214 = ORIENTED_EDGE ( 'NONE', *, *, #11321, .T. ) ;
#6215 = ORIENTED_EDGE ( 'NONE', *, *, #3455, .T. ) ;
#6216 = DIRECTION ( 'NONE',  ( 0.4368520283305178942, -0.7863336509949350184, 0.4368520283305183383 ) ) ;
#6217 = CARTESIAN_POINT ( 'NONE',  ( -0.1079999999999999988, 0.2099999999999999922, 0.03300000000000000155 ) ) ;
#6218 = MECHANICAL_DESIGN_GEOMETRIC_PRESENTATION_REPRESENTATION (  '', ( #6416 ), #4283 ) ;
#6219 = ADVANCED_FACE ( 'NONE', ( #1068 ), #4486, .T. ) ;
#6220 = LENGTH_MEASURE_WITH_UNIT ( LENGTH_MEASURE( 0.02539999999999999897 ), #2648 );
#6221 = ORIENTED_EDGE ( 'NONE', *, *, #10373, .F. ) ;
#6222 = SURFACE_SIDE_STYLE ('',( #11467 ) ) ;
#6223 = COLOUR_RGB ( '',0.8627450980392157298, 0.6274509803921568540, 0.05882352941176470507 ) ;
#6224 = LENGTH_MEASURE_WITH_UNIT ( LENGTH_MEASURE( 0.02539999999999999897 ), #9779 );
#6225 = LENGTH_MEASURE_WITH_UNIT ( LENGTH_MEASURE( 0.02539999999999999897 ), #8816 );
#6226 = CARTESIAN_POINT ( 'NONE',  ( 0.1079999999999999988, 0.1849999999999999978, 0.02199999999999999872 ) ) ;
#6227 = CARTESIAN_POINT ( 'NONE',  ( 0.09700000000000000289, 0.1849999999999999978, -0.02199999999999999872 ) ) ;
#6228 = EDGE_CURVE ( 'NONE', #5001, #8585, #10230, .T. ) ;
#6229 = LENGTH_MEASURE_WITH_UNIT ( LENGTH_MEASURE( 0.02539999999999999897 ), #6413 );
#6230 = ORIENTED_EDGE ( 'NONE', *, *, #10011, .F. ) ;
#6231 = ORIENTED_EDGE ( 'NONE', *, *, #2060, .T. ) ;
#6232 = PRESENTATION_STYLE_ASSIGNMENT (( #6292 ) ) ;
#6233 = FILL_AREA_STYLE ('',( #3075 ) ) ;
#6234 = PRESENTATION_LAYER_ASSIGNMENT (  '', '', ( #7353 ) ) ;
#6235 = FACE_OUTER_BOUND ( 'NONE', #5898, .T. ) ;
#6236 = LINE ( 'NONE', #6173, #3914 ) ;
#6237 = CARTESIAN_POINT ( 'NONE',  ( -0.09199999999999999845, 0.01999999999999999001, 0.03300000000000000155 ) ) ;
#6238 = EDGE_LOOP ( 'NONE', ( #6481, #8538, #8575, #1118 ) ) ;
#6239 = CARTESIAN_POINT ( 'NONE',  ( 0.1079999999999999988, 0.1849999999999999978, 0.02799999999999999711 ) ) ;
#6240 = VERTEX_POINT ( 'NONE', #7630 ) ;
#6241 = FACE_OUTER_BOUND ( 'NONE', #4170, .T. ) ;
#6242 = ADVANCED_FACE ( 'NONE', ( #11194 ), #6593, .F. ) ;
#6243 = DIRECTION ( 'NONE',  ( 0.000000000000000000, 0.000000000000000000, -1.000000000000000000 ) ) ;
#6244 = CARTESIAN_POINT ( 'NONE',  ( 0.007999999999999989758, 0.05000000000000000278, -0.01700000000000000122 ) ) ;
#6245 = DIRECTION ( 'NONE',  ( 0.000000000000000000, 1.000000000000000000, -0.000000000000000000 ) ) ;
#6246 =( CONVERSION_BASED_UNIT ( 'INCH', #7051 ) LENGTH_UNIT ( ) NAMED_UNIT ( #4199 ) );
#6247 = ORIENTED_EDGE ( 'NONE', *, *, #6028, .F. ) ;
#6248 = PRESENTATION_STYLE_ASSIGNMENT (( #4246 ) ) ;
#6249 = VECTOR ( 'NONE', #2068, 39.37007874015748143 ) ;
#6250 = ORIENTED_EDGE ( 'NONE', *, *, #414, .T. ) ;
#6251 =( GEOMETRIC_REPRESENTATION_CONTEXT ( 3 ) GLOBAL_UNCERTAINTY_ASSIGNED_CONTEXT ( ( #4154 ) ) GLOBAL_UNIT_ASSIGNED_CONTEXT ( ( #8841, #8725, #1361 ) ) REPRESENTATION_CONTEXT ( 'NONE', 'WORKASPACE' ) );
#6252 = FILL_AREA_STYLE ('',( #6312 ) ) ;
#6253 = ORIENTED_EDGE ( 'NONE', *, *, #2267, .F. ) ;
#6254 = SURFACE_STYLE_USAGE ( .BOTH. , #9692 ) ;
#6255 = SURFACE_SIDE_STYLE ('',( #8129 ) ) ;
#6256 = CARTESIAN_POINT ( 'NONE',  ( 0.1079999999999999988, 0.1849999999999999978, -0.02199999999999999872 ) ) ;
#6257 = CARTESIAN_POINT ( 'NONE',  ( -0.04200000000000000955, -0.06600000000000000311, -0.03300000000000000155 ) ) ;
#6258 = AXIS2_PLACEMENT_3D ( 'NONE', #11141, #4778, #11196 ) ;
#6259 = FILL_AREA_STYLE ('',( #11687 ) ) ;
#6260 = PRESENTATION_LAYER_ASSIGNMENT (  '', '', ( #9297 ) ) ;
#6261 = LENGTH_MEASURE_WITH_UNIT ( LENGTH_MEASURE( 0.02539999999999999897 ), #8922 );
#6262 = DIRECTION ( 'NONE',  ( -0.4472135954999579277, 0.8944271909999158554, -0.000000000000000000 ) ) ;
#6263 = ORIENTED_EDGE ( 'NONE', *, *, #11525, .T. ) ;
#6264 = DIRECTION ( 'NONE',  ( 0.000000000000000000, 0.000000000000000000, -1.000000000000000000 ) ) ;
#6265 = DIMENSIONAL_EXPONENTS ( 1.000000000000000000, 0.000000000000000000, 0.000000000000000000, 0.000000000000000000, 0.000000000000000000, 0.000000000000000000, 0.000000000000000000 ) ;
#6266 = VECTOR ( 'NONE', #9123, 39.37007874015748143 ) ;
#6267 = STYLED_ITEM ( 'NONE', ( #9427 ), #8296 ) ;
#6268 = DIRECTION ( 'NONE',  ( 0.000000000000000000, 0.000000000000000000, -1.000000000000000000 ) ) ;
#6269 = FILL_AREA_STYLE ('',( #9890 ) ) ;
#6270 = SURFACE_STYLE_USAGE ( .BOTH. , #11697 ) ;
#6271 =( CONVERSION_BASED_UNIT ( 'INCH', #8080 ) LENGTH_UNIT ( ) NAMED_UNIT ( #7554 ) );
#6272 = FACE_OUTER_BOUND ( 'NONE', #4216, .T. ) ;
#6273 = VERTEX_POINT ( 'NONE', #1184 ) ;
#6274 = ORIENTED_EDGE ( 'NONE', *, *, #2504, .T. ) ;
#6275 = COLOUR_RGB ( '',0.8627450980392157298, 0.6274509803921568540, 0.05882352941176470507 ) ;
#6276 = VECTOR ( 'NONE', #9938, 39.37007874015748854 ) ;
#6277 = FACE_OUTER_BOUND ( 'NONE', #4699, .T. ) ;
#6278 = UNCERTAINTY_MEASURE_WITH_UNIT (LENGTH_MEASURE( 1.000000000000000082E-05 ), #7733, 'distance_accuracy_value', 'NONE');
#6279 = LINE ( 'NONE', #6217, #10183 ) ;
#6280 = DIRECTION ( 'NONE',  ( 0.000000000000000000, 0.000000000000000000, 1.000000000000000000 ) ) ;
#6281 = EDGE_CURVE ( 'NONE', #2522, #2506, #3017, .T. ) ;
#6282 = ORIENTED_EDGE ( 'NONE', *, *, #1759, .T. ) ;
#6283 = CARTESIAN_POINT ( 'NONE',  ( 0.1079999999999999988, 0.1849999999999999978, -0.02199999999999999872 ) ) ;
#6284 = LINE ( 'NONE', #11714, #10051 ) ;
#6285 =( GEOMETRIC_REPRESENTATION_CONTEXT ( 3 ) GLOBAL_UNCERTAINTY_ASSIGNED_CONTEXT ( ( #11445 ) ) GLOBAL_UNIT_ASSIGNED_CONTEXT ( ( #6246, #2370, #10596 ) ) REPRESENTATION_CONTEXT ( 'NONE', 'WORKASPACE' ) );
#6286 = DIRECTION ( 'NONE',  ( -0.4368520283305197816, -0.7863336509949340192, -0.4368520283305186158 ) ) ;
#6287 =( CONVERSION_BASED_UNIT ( 'INCH', #1613 ) LENGTH_UNIT ( ) NAMED_UNIT ( #11389 ) );
#6288 = DIRECTION ( 'NONE',  ( 4.268512490100409923E-16, -0.000000000000000000, 1.000000000000000000 ) ) ;
#6289 = FILL_AREA_STYLE ('',( #9961 ) ) ;
#6290 = VERTEX_POINT ( 'NONE', #2293 ) ;
#6291 = VERTEX_POINT ( 'NONE', #11251 ) ;
#6292 = SURFACE_STYLE_USAGE ( .BOTH. , #5558 ) ;
#6293 =( LENGTH_UNIT ( ) NAMED_UNIT ( * ) SI_UNIT ( $, .METRE. ) );
#6294 = DIMENSIONAL_EXPONENTS ( 1.000000000000000000, 0.000000000000000000, 0.000000000000000000, 0.000000000000000000, 0.000000000000000000, 0.000000000000000000, 0.000000000000000000 ) ;
#6295 = DIRECTION ( 'NONE',  ( 0.4368520283305193375, -0.7863336509949337971, -0.4368520283305193375 ) ) ;
#6296 = DIRECTION ( 'NONE',  ( 1.000000000000000000, -0.000000000000000000, 0.000000000000000000 ) ) ;
#6297 = CARTESIAN_POINT ( 'NONE',  ( -0.04200000000000000955, 0.04000000000000001471, -0.03300000000000000155 ) ) ;
#6298 = EDGE_CURVE ( 'NONE', #801, #2291, #6651, .T. ) ;
#6299 = ORIENTED_EDGE ( 'NONE', *, *, #10302, .T. ) ;
#6300 = SURFACE_STYLE_FILL_AREA ( #2721 ) ;
#6301 = EDGE_LOOP ( 'NONE', ( #3190, #3967, #2492, #1888 ) ) ;
#6302 = CARTESIAN_POINT ( 'NONE',  ( 0.3009999999999999898, 0.04499999999999999833, 0.02500000000000000139 ) ) ;
#6303 = DIRECTION ( 'NONE',  ( 0.000000000000000000, 0.000000000000000000, 1.000000000000000000 ) ) ;
#6304 = ADVANCED_FACE ( 'NONE', ( #9442 ), #3067, .F. ) ;
#6305 = VECTOR ( 'NONE', #4135, 39.37007874015748143 ) ;
#6306 = CARTESIAN_POINT ( 'NONE',  ( 0.05800000000000000294, -0.06600000000000000311, -0.03300000000000000155 ) ) ;
#6307 = ORIENTED_EDGE ( 'NONE', *, *, #8164, .F. ) ;
#6308 = CARTESIAN_POINT ( 'NONE',  ( 0.05800000000000000294, 0.05000000000000000971, 0.03300000000000000155 ) ) ;
#6309 = ORIENTED_EDGE ( 'NONE', *, *, #1273, .F. ) ;
#6310 = EDGE_CURVE ( 'NONE', #7709, #9031, #8941, .T. ) ;
#6311 = ORIENTED_EDGE ( 'NONE', *, *, #276, .F. ) ;
#6312 = FILL_AREA_STYLE_COLOUR ( '', #1376 ) ;
#6313 = MECHANICAL_DESIGN_GEOMETRIC_PRESENTATION_REPRESENTATION (  '', ( #8374 ), #3071 ) ;
#6314 = ORIENTED_EDGE ( 'NONE', *, *, #1421, .F. ) ;
#6315 = SURFACE_STYLE_FILL_AREA ( #60 ) ;
#6316 = EDGE_CURVE ( 'NONE', #8328, #11692, #803, .T. ) ;
#6317 =( LENGTH_UNIT ( ) NAMED_UNIT ( * ) SI_UNIT ( $, .METRE. ) );
#6318 = PRODUCT ( 'ESHF-105-01-L-D-TH_p', 'ESHF-105-01-L-D-TH_p', '', ( #11225 ) ) ;
#6319 = CARTESIAN_POINT ( 'NONE',  ( -0.09700000000000000289, -0.07499999999999999722, -0.02199999999999999872 ) ) ;
#6320 =( NAMED_UNIT ( * ) SI_UNIT ( $, .STERADIAN. ) SOLID_ANGLE_UNIT ( ) );
#6321 = CARTESIAN_POINT ( 'NONE',  ( -0.02500000000000000139, 0.05000000000000000278, -0.005000000000000000104 ) ) ;
#6322 = SURFACE_STYLE_USAGE ( .BOTH. , #11563 ) ;
#6323 = ORIENTED_EDGE ( 'NONE', *, *, #7769, .T. ) ;
#6324 = DIRECTION ( 'NONE',  ( 0.000000000000000000, 1.000000000000000000, 0.000000000000000000 ) ) ;
#6325 = LENGTH_MEASURE_WITH_UNIT ( LENGTH_MEASURE( 0.02539999999999999897 ), #5534 );
#6326 = CARTESIAN_POINT ( 'NONE',  ( 0.1079999999999999988, 0.05000000000000000278, 0.01700000000000000122 ) ) ;
#6327 = PRESENTATION_STYLE_ASSIGNMENT (( #6270 ) ) ;
#6328 = SURFACE_SIDE_STYLE ('',( #10130 ) ) ;
#6329 = UNCERTAINTY_MEASURE_WITH_UNIT (LENGTH_MEASURE( 1.000000000000000082E-05 ), #4163, 'distance_accuracy_value', 'NONE');
#6330 =( GEOMETRIC_REPRESENTATION_CONTEXT ( 3 ) GLOBAL_UNCERTAINTY_ASSIGNED_CONTEXT ( ( #2991 ) ) GLOBAL_UNIT_ASSIGNED_CONTEXT ( ( #10270, #272, #6738 ) ) REPRESENTATION_CONTEXT ( 'NONE', 'WORKASPACE' ) );
#6331 = DIRECTION ( 'NONE',  ( 0.000000000000000000, 0.000000000000000000, -1.000000000000000000 ) ) ;
#6332 = ORIENTED_EDGE ( 'NONE', *, *, #6737, .F. ) ;
#6333 = ORIENTED_EDGE ( 'NONE', *, *, #2359, .F. ) ;
#6334 = LINE ( 'NONE', #8202, #9068 ) ;
#6335 = CARTESIAN_POINT ( 'NONE',  ( 0.008000000000000005371, -0.06599999999999998923, 0.01699999999999999428 ) ) ;
#6336 = VECTOR ( 'NONE', #7965, 39.37007874015748143 ) ;
#6337 = VERTEX_POINT ( 'NONE', #10756 ) ;
#6338 = FILL_AREA_STYLE_COLOUR ( '', #3401 ) ;
#6339 = UNCERTAINTY_MEASURE_WITH_UNIT (LENGTH_MEASURE( 1.000000000000000082E-05 ), #1668, 'distance_accuracy_value', 'NONE');
#6340 = CARTESIAN_POINT ( 'NONE',  ( 0.1079999999999999988, -0.06600000000000000311, -0.01700000000000000122 ) ) ;
#6341 = COLOUR_RGB ( '',0.8627450980392157298, 0.6274509803921568540, 0.05882352941176470507 ) ;
#6342 =( CONVERSION_BASED_UNIT ( 'INCH', #7037 ) LENGTH_UNIT ( ) NAMED_UNIT ( #8299 ) );
#6343 = DIRECTION ( 'NONE',  ( -0.000000000000000000, -1.778546870875169980E-16, 1.000000000000000000 ) ) ;
#6344 = DIMENSIONAL_EXPONENTS ( 1.000000000000000000, 0.000000000000000000, 0.000000000000000000, 0.000000000000000000, 0.000000000000000000, 0.000000000000000000, 0.000000000000000000 ) ;
#6345 = AXIS2_PLACEMENT_3D ( 'NONE', #1320, #203, #7432 ) ;
#6346 = LINE ( 'NONE', #2834, #2206 ) ;
#6347 = ORIENTED_EDGE ( 'NONE', *, *, #7859, .T. ) ;
#6348 = ORIENTED_EDGE ( 'NONE', *, *, #7721, .T. ) ;
#6349 = LINE ( 'NONE', #2775, #2407 ) ;
#6350 = CARTESIAN_POINT ( 'NONE',  ( 0.09199999999999999845, 0.1759999999999999898, -0.01700000000000001857 ) ) ;
#6351 =( CONVERSION_BASED_UNIT ( 'INCH', #7002 ) LENGTH_UNIT ( ) NAMED_UNIT ( #10599 ) );
#6352 = FACE_OUTER_BOUND ( 'NONE', #3182, .T. ) ;
#6353 = SURFACE_SIDE_STYLE ('',( #5449 ) ) ;
#6354 = ORIENTED_EDGE ( 'NONE', *, *, #11114, .T. ) ;
#6355 = COLOUR_RGB ( '',0.2862745098039215508, 0.2862745098039215508, 0.2862745098039215508 ) ;
#6356 = DIRECTION ( 'NONE',  ( -0.4368520283305182272, 0.7863336509949371278, 0.4368520283305141194 ) ) ;
#6357 = ORIENTED_EDGE ( 'NONE', *, *, #8618, .T. ) ;
#6358 = DIRECTION ( 'NONE',  ( -0.8741572761215372633, 0.4856429311786331082, 0.000000000000000000 ) ) ;
#6359 = FACE_OUTER_BOUND ( 'NONE', #4661, .T. ) ;
#6360 = PRESENTATION_STYLE_ASSIGNMENT (( #171 ) ) ;
#6361 = CARTESIAN_POINT ( 'NONE',  ( -0.05000000000000000278, 0.2099999999999999922, -0.1199999999999999956 ) ) ;
#6362 = CARTESIAN_POINT ( 'NONE',  ( -0.05300000000000000544, 0.1849999999999999978, -0.02800000000000004222 ) ) ;
#6363 = LINE ( 'NONE', #1815, #5816 ) ;
#6364 = ORIENTED_EDGE ( 'NONE', *, *, #851, .T. ) ;
#6365 = EDGE_CURVE ( 'NONE', #8701, #5687, #3483, .T. ) ;
#6366 = DIRECTION ( 'NONE',  ( 0.000000000000000000, 0.7071067811865474617, -0.7071067811865474617 ) ) ;
#6367 = EDGE_LOOP ( 'NONE', ( #5902, #696, #5381, #3791 ) ) ;
#6368 = CARTESIAN_POINT ( 'NONE',  ( -0.09700000000000000289, 0.1849999999999999978, -0.02800000000000004916 ) ) ;
#6369 = VERTEX_POINT ( 'NONE', #7089 ) ;
#6370 = CARTESIAN_POINT ( 'NONE',  ( 0.1079999999999999988, -0.06600000000000000311, 0.03299999999999999462 ) ) ;
#6371 = EDGE_CURVE ( 'NONE', #5148, #252, #8764, .T. ) ;
#6372 = ORIENTED_EDGE ( 'NONE', *, *, #9722, .T. ) ;
#6373 = ADVANCED_FACE ( 'NONE', ( #2588 ), #2347, .F. ) ;
#6374 = DIMENSIONAL_EXPONENTS ( 1.000000000000000000, 0.000000000000000000, 0.000000000000000000, 0.000000000000000000, 0.000000000000000000, 0.000000000000000000, 0.000000000000000000 ) ;
#6375 = LENGTH_MEASURE_WITH_UNIT ( LENGTH_MEASURE( 0.02539999999999999897 ), #11390 );
#6376 = FILL_AREA_STYLE ('',( #1833 ) ) ;
#6377 = CARTESIAN_POINT ( 'NONE',  ( -0.09700000000000000289, -0.07499999999999999722, 0.1199999999999999956 ) ) ;
#6378 = MECHANICAL_DESIGN_GEOMETRIC_PRESENTATION_REPRESENTATION (  '', ( #11497 ), #3325 ) ;
#6379 = EDGE_CURVE ( 'NONE', #9830, #3929, #5067, .T. ) ;
#6380 = DIRECTION ( 'NONE',  ( 0.000000000000000000, -1.000000000000000000, -0.000000000000000000 ) ) ;
#6381 = LINE ( 'NONE', #10007, #1801 ) ;
#6382 = PRESENTATION_LAYER_ASSIGNMENT (  '', '', ( #11337 ) ) ;
#6383 = EDGE_CURVE ( 'NONE', #9109, #3212, #4177, .T. ) ;
#6384 = ORIENTED_EDGE ( 'NONE', *, *, #11321, .F. ) ;
#6385 =( GEOMETRIC_REPRESENTATION_CONTEXT ( 3 ) GLOBAL_UNCERTAINTY_ASSIGNED_CONTEXT ( ( #1419 ) ) GLOBAL_UNIT_ASSIGNED_CONTEXT ( ( #4745, #2867, #2747 ) ) REPRESENTATION_CONTEXT ( 'NONE', 'WORKASPACE' ) );
#6386 = VECTOR ( 'NONE', #9026, 39.37007874015748143 ) ;
#6387 = DIRECTION ( 'NONE',  ( 1.000000000000000000, 0.000000000000000000, -0.000000000000000000 ) ) ;
#6388 = VECTOR ( 'NONE', #7873, 39.37007874015748143 ) ;
#6389 = CARTESIAN_POINT ( 'NONE',  ( 0.1079999999999999988, -0.07499999999999999722, -0.02199999999999999872 ) ) ;
#6390 = PLANE ( 'NONE',  #7455 ) ;
#6391 = EDGE_CURVE ( 'NONE', #3449, #8823, #5180, .T. ) ;
#6392 = CARTESIAN_POINT ( 'NONE',  ( -0.09199999999999999845, 0.2099999999999999922, 0.01700000000000000122 ) ) ;
#6393 = DIRECTION ( 'NONE',  ( 0.000000000000000000, -0.8741572761215371523, 0.4856429311786330527 ) ) ;
#6394 = PRESENTATION_LAYER_ASSIGNMENT (  '', '', ( #7502 ) ) ;
#6395 = ORIENTED_EDGE ( 'NONE', *, *, #5224, .F. ) ;
#6396 = COLOUR_RGB ( '',1.000000000000000000, 0.000000000000000000, 0.000000000000000000 ) ;
#6397 = STYLED_ITEM ( 'NONE', ( #2708 ), #11607 ) ;
#6398 = LENGTH_MEASURE_WITH_UNIT ( LENGTH_MEASURE( 0.02539999999999999897 ), #5735 );
#6399 = CARTESIAN_POINT ( 'NONE',  ( 0.1079999999999999988, 0.1849999999999999978, -0.02199999999999999872 ) ) ;
#6400 = STYLED_ITEM ( 'NONE', ( #3200 ), #9787 ) ;
#6401 = UNCERTAINTY_MEASURE_WITH_UNIT (LENGTH_MEASURE( 1.000000000000000082E-05 ), #1154, 'distance_accuracy_value', 'NONE');
#6402 = PRESENTATION_LAYER_ASSIGNMENT (  '', '', ( #1089 ) ) ;
#6403 =( NAMED_UNIT ( * ) PLANE_ANGLE_UNIT ( ) SI_UNIT ( $, .RADIAN. ) );
#6404 = EDGE_LOOP ( 'NONE', ( #10311, #9127, #4678, #6113 ) ) ;
#6405 = SURFACE_STYLE_FILL_AREA ( #3776 ) ;
#6406 = VECTOR ( 'NONE', #10283, 39.37007874015748143 ) ;
#6407 = DIRECTION ( 'NONE',  ( 1.000000000000000000, 0.000000000000000000, -0.000000000000000000 ) ) ;
#6408 = SURFACE_SIDE_STYLE ('',( #2767 ) ) ;
#6409 = LINE ( 'NONE', #5248, #4917 ) ;
#6410 = COLOUR_RGB ( '',0.8627450980392157298, 0.6274509803921568540, 0.05882352941176470507 ) ;
#6411 = CARTESIAN_POINT ( 'NONE',  ( 0.05800000000000000294, -0.06600000000000000311, 0.01700000000000000122 ) ) ;
#6412 = VECTOR ( 'NONE', #6644, 39.37007874015748143 ) ;
#6413 =( LENGTH_UNIT ( ) NAMED_UNIT ( * ) SI_UNIT ( $, .METRE. ) );
#6414 = ORIENTED_EDGE ( 'NONE', *, *, #8006, .F. ) ;
#6415 = ORIENTED_EDGE ( 'NONE', *, *, #8681, .F. ) ;
#6416 = STYLED_ITEM ( 'NONE', ( #5415 ), #1935 ) ;
#6417 = DIRECTION ( 'NONE',  ( 0.000000000000000000, -0.8741572761215382625, -0.4856429311786310543 ) ) ;
#6418 = CARTESIAN_POINT ( 'NONE',  ( 0.1079999999999999988, -0.07499999999999999722, -0.02199999999999999872 ) ) ;
#6419 = VECTOR ( 'NONE', #10598, 39.37007874015748143 ) ;
#6420 = ORIENTED_EDGE ( 'NONE', *, *, #649, .T. ) ;
#6421 = CARTESIAN_POINT ( 'NONE',  ( 0.1079999999999999988, -0.06599999999999998923, 0.03300000000000000155 ) ) ;
#6422 = CARTESIAN_POINT ( 'NONE',  ( 0.09199999999999999845, 0.01999999999999999001, 0.01700000000000000469 ) ) ;
#6423 = ORIENTED_EDGE ( 'NONE', *, *, #8443, .F. ) ;
#6424 = MECHANICAL_DESIGN_GEOMETRIC_PRESENTATION_REPRESENTATION (  '', ( #3938 ), #1109 ) ;
#6425 = EDGE_CURVE ( 'NONE', #5319, #4979, #11063, .T. ) ;
#6426 = ORIENTED_EDGE ( 'NONE', *, *, #11437, .T. ) ;
#6427 = SURFACE_STYLE_USAGE ( .BOTH. , #11029 ) ;
#6428 = DIMENSIONAL_EXPONENTS ( 1.000000000000000000, 0.000000000000000000, 0.000000000000000000, 0.000000000000000000, 0.000000000000000000, 0.000000000000000000, 0.000000000000000000 ) ;
#6429 = EDGE_LOOP ( 'NONE', ( #831, #11509, #8412, #7877 ) ) ;
#6430 = DIRECTION ( 'NONE',  ( 0.000000000000000000, -0.000000000000000000, 1.000000000000000000 ) ) ;
#6431 = ORIENTED_EDGE ( 'NONE', *, *, #922, .T. ) ;
#6432 = EDGE_CURVE ( 'NONE', #8414, #5075, #9004, .T. ) ;
#6433 = LINE ( 'NONE', #10057, #1850 ) ;
#6434 = VECTOR ( 'NONE', #1053, 39.37007874015748854 ) ;
#6435 = PRESENTATION_LAYER_ASSIGNMENT (  '', '', ( #4879 ) ) ;
#6436 = FACE_OUTER_BOUND ( 'NONE', #6066, .T. ) ;
#6437 = DIRECTION ( 'NONE',  ( 1.000000000000000000, 0.000000000000000000, 0.000000000000000000 ) ) ;
#6438 = CARTESIAN_POINT ( 'NONE',  ( 0.05299999999999999850, -0.07499999999999999722, 0.02799999999999999711 ) ) ;
#6439 = AXIS2_PLACEMENT_3D ( 'NONE', #6256, #781, #8064 ) ;
#6440 = FACE_OUTER_BOUND ( 'NONE', #3696, .T. ) ;
#6441 = VERTEX_POINT ( 'NONE', #7268 ) ;
#6442 = DIRECTION ( 'NONE',  ( -0.4368520283305189489, -0.7863336509949370168, -0.4368520283305140084 ) ) ;
#6443 = EDGE_CURVE ( 'NONE', #11744, #6290, #9075, .T. ) ;
#6444 = SURFACE_STYLE_FILL_AREA ( #10989 ) ;
#6445 = PLANE ( 'NONE',  #5768 ) ;
#6446 = AXIS2_PLACEMENT_3D ( 'NONE', #10463, #8642, #9613 ) ;
#6447 = UNCERTAINTY_MEASURE_WITH_UNIT (LENGTH_MEASURE( 1.000000000000000082E-05 ), #2876, 'distance_accuracy_value', 'NONE');
#6448 = MECHANICAL_DESIGN_GEOMETRIC_PRESENTATION_REPRESENTATION (  '', ( #7564 ), #7194 ) ;
#6449 = EDGE_CURVE ( 'NONE', #2291, #4691, #87, .T. ) ;
#6450 = EDGE_LOOP ( 'NONE', ( #9101, #7960, #2057, #368 ) ) ;
#6451 = CARTESIAN_POINT ( 'NONE',  ( -0.008000000000000014044, 0.01999999999999999001, 0.01700000000000000469 ) ) ;
#6452 = DIRECTION ( 'NONE',  ( 0.000000000000000000, -0.4856429311786311098, 0.8741572761215383736 ) ) ;
#6453 = AXIS2_PLACEMENT_3D ( 'NONE', #11567, #10679, #4335 ) ;
#6454 = VECTOR ( 'NONE', #8031, 39.37007874015748143 ) ;
#6455 = EDGE_CURVE ( 'NONE', #6273, #9741, #10887, .T. ) ;
#6456 =( NAMED_UNIT ( * ) SI_UNIT ( $, .STERADIAN. ) SOLID_ANGLE_UNIT ( ) );
#6457 = FACE_OUTER_BOUND ( 'NONE', #11590, .T. ) ;
#6458 = CARTESIAN_POINT ( 'NONE',  ( -0.2879999999999999782, 0.06000000000000003247, 0.1000000000000000194 ) ) ;
#6459 = UNCERTAINTY_MEASURE_WITH_UNIT (LENGTH_MEASURE( 1.000000000000000082E-05 ), #10972, 'distance_accuracy_value', 'NONE');
#6460 = EDGE_CURVE ( 'NONE', #4497, #11113, #2886, .T. ) ;
#6461 = DIRECTION ( 'NONE',  ( 0.000000000000000000, -0.8741572761215378184, 0.4856429311786317760 ) ) ;
#6462 = CARTESIAN_POINT ( 'NONE',  ( -0.05299999999999999850, 0.1849999999999999978, 0.1199999999999999956 ) ) ;
#6463 = CARTESIAN_POINT ( 'NONE',  ( 0.2879999999999999782, 0.2099999999999999922, -0.1199999999999999956 ) ) ;
#6464 =( GEOMETRIC_REPRESENTATION_CONTEXT ( 3 ) GLOBAL_UNCERTAINTY_ASSIGNED_CONTEXT ( ( #4389 ) ) GLOBAL_UNIT_ASSIGNED_CONTEXT ( ( #7286, #611, #9752 ) ) REPRESENTATION_CONTEXT ( 'NONE', 'WORKASPACE' ) );
#6465 = COLOUR_RGB ( '',0.8627450980392157298, 0.6274509803921568540, 0.05882352941176470507 ) ;
#6466 = FACE_OUTER_BOUND ( 'NONE', #9920, .T. ) ;
#6467 = ORIENTED_EDGE ( 'NONE', *, *, #7986, .T. ) ;
#6468 = ORIENTED_EDGE ( 'NONE', *, *, #2666, .T. ) ;
#6469 = CARTESIAN_POINT ( 'NONE',  ( -0.008000000000000060882, -0.06600000000000000311, -0.01699999999999999428 ) ) ;
#6470 = LINE ( 'NONE', #6587, #3352 ) ;
#6471 = DIRECTION ( 'NONE',  ( 1.000000000000000000, 0.000000000000000000, -0.000000000000000000 ) ) ;
#6472 = COLOUR_RGB ( '',0.8627450980392157298, 0.6274509803921568540, 0.05882352941176470507 ) ;
#6473 = ORIENTED_EDGE ( 'NONE', *, *, #4312, .T. ) ;
#6474 = VECTOR ( 'NONE', #9701, 39.37007874015748143 ) ;
#6475 = CARTESIAN_POINT ( 'NONE',  ( -0.1079999999999999988, 0.06499999999999998834, 0.01700000000000000122 ) ) ;
#6476 = FILL_AREA_STYLE_COLOUR ( '', #2323 ) ;
#6477 = CARTESIAN_POINT ( 'NONE',  ( -0.04200000000000000955, -0.06600000000000000311, 0.01700000000000000122 ) ) ;
#6478 = LINE ( 'NONE', #5633, #6249 ) ;
#6479 = CARTESIAN_POINT ( 'NONE',  ( -0.09199999999999999845, -0.06600000000000000311, 0.1199999999999999956 ) ) ;
#6480 = DIRECTION ( 'NONE',  ( 0.000000000000000000, 0.000000000000000000, -1.000000000000000000 ) ) ;
#6481 = ORIENTED_EDGE ( 'NONE', *, *, #4446, .F. ) ;
#6482 = PRESENTATION_STYLE_ASSIGNMENT (( #3625 ) ) ;
#6483 = ORIENTED_EDGE ( 'NONE', *, *, #3014, .F. ) ;
#6484 = DIRECTION ( 'NONE',  ( 1.000000000000000000, 0.000000000000000000, 0.000000000000000000 ) ) ;
#6485 = ORIENTED_EDGE ( 'NONE', *, *, #5801, .F. ) ;
#6486 = SURFACE_STYLE_FILL_AREA ( #237 ) ;
#6487 = ORIENTED_EDGE ( 'NONE', *, *, #8526, .T. ) ;
#6488 =( CONVERSION_BASED_UNIT ( 'INCH', #4848 ) LENGTH_UNIT ( ) NAMED_UNIT ( #11763 ) );
#6489 = FILL_AREA_STYLE_COLOUR ( '', #1969 ) ;
#6490 = EDGE_CURVE ( 'NONE', #4116, #9771, #8153, .T. ) ;
#6491 = STYLED_ITEM ( 'NONE', ( #11428 ), #3808 ) ;
#6492 = LINE ( 'NONE', #5525, #5272 ) ;
#6493 = DIRECTION ( 'NONE',  ( 0.4368520283305191709, -0.7863336509949344633, 0.4368520283305180607 ) ) ;
#6494 = CARTESIAN_POINT ( 'NONE',  ( 0.3009999999999999898, 0.04499999999999999833, 0.02500000000000000139 ) ) ;
#6495 =( NAMED_UNIT ( * ) SI_UNIT ( $, .STERADIAN. ) SOLID_ANGLE_UNIT ( ) );
#6496 = EDGE_CURVE ( 'NONE', #3616, #5591, #5608, .T. ) ;
#6497 =( NAMED_UNIT ( * ) SI_UNIT ( $, .STERADIAN. ) SOLID_ANGLE_UNIT ( ) );
#6498 = PLANE ( 'NONE',  #5222 ) ;
#6499 = LINE ( 'NONE', #4627, #1438 ) ;
#6500 = EDGE_LOOP ( 'NONE', ( #11591, #3059, #9053, #3997 ) ) ;
#6501 = CARTESIAN_POINT ( 'NONE',  ( -0.04699999999999998623, -0.07499999999999998335, 0.02799999999999997977 ) ) ;
#6502 = DIMENSIONAL_EXPONENTS ( 1.000000000000000000, 0.000000000000000000, 0.000000000000000000, 0.000000000000000000, 0.000000000000000000, 0.000000000000000000, 0.000000000000000000 ) ;
#6503 =( CONVERSION_BASED_UNIT ( 'INCH', #2208 ) LENGTH_UNIT ( ) NAMED_UNIT ( #9473 ) );
#6504 =( NAMED_UNIT ( * ) PLANE_ANGLE_UNIT ( ) SI_UNIT ( $, .RADIAN. ) );
#6505 = SURFACE_STYLE_FILL_AREA ( #9891 ) ;
#6506 = VECTOR ( 'NONE', #2473, 39.37007874015748143 ) ;
#6507 = PRESENTATION_LAYER_ASSIGNMENT (  '', '', ( #270 ) ) ;
#6508 = ORIENTED_EDGE ( 'NONE', *, *, #11334, .F. ) ;
#6509 = EDGE_CURVE ( 'NONE', #2125, #4586, #7390, .T. ) ;
#6510 =( NAMED_UNIT ( * ) PLANE_ANGLE_UNIT ( ) SI_UNIT ( $, .RADIAN. ) );
#6511 = VECTOR ( 'NONE', #8803, 39.37007874015748143 ) ;
#6512 = DIRECTION ( 'NONE',  ( 0.8944271909999159664, -0.4472135954999579832, 0.000000000000000000 ) ) ;
#6513 = CARTESIAN_POINT ( 'NONE',  ( 0.000000000000000000, 0.06500000000000000222, -0.07000000000000000666 ) ) ;
#6514 = VECTOR ( 'NONE', #4183, 39.37007874015748143 ) ;
#6515 = ADVANCED_FACE ( 'NONE', ( #10026 ), #4589, .T. ) ;
#6516 =( NAMED_UNIT ( * ) PLANE_ANGLE_UNIT ( ) SI_UNIT ( $, .RADIAN. ) );
#6517 = SURFACE_STYLE_USAGE ( .BOTH. , #9247 ) ;
#6518 = LENGTH_MEASURE_WITH_UNIT ( LENGTH_MEASURE( 0.02539999999999999897 ), #340 );
#6519 = LINE ( 'NONE', #10152, #7933 ) ;
#6520 = EDGE_CURVE ( 'NONE', #5313, #8025, #3710, .T. ) ;
#6521 = SURFACE_SIDE_STYLE ('',( #2892 ) ) ;
#6522 = EDGE_LOOP ( 'NONE', ( #5521, #4130, #1749, #4056 ) ) ;
#6523 = ORIENTED_EDGE ( 'NONE', *, *, #3939, .F. ) ;
#6524 = EDGE_CURVE ( 'NONE', #2469, #4595, #2650, .T. ) ;
#6525 = DIRECTION ( 'NONE',  ( 0.000000000000000000, 0.000000000000000000, 1.000000000000000000 ) ) ;
#6526 = MECHANICAL_DESIGN_GEOMETRIC_PRESENTATION_REPRESENTATION (  '', ( #2328 ), #8774 ) ;
#6527 = PRESENTATION_LAYER_ASSIGNMENT (  '', '', ( #5784 ) ) ;
#6528 = CARTESIAN_POINT ( 'NONE',  ( -0.008000000000000007105, 0.05000000000000000278, -0.01700000000000000122 ) ) ;
#6529 = PRESENTATION_LAYER_ASSIGNMENT (  '', '', ( #4973 ) ) ;
#6530 = LENGTH_MEASURE_WITH_UNIT ( LENGTH_MEASURE( 0.02539999999999999897 ), #100 );
#6531 = EDGE_CURVE ( 'NONE', #10354, #5291, #5550, .T. ) ;
#6532 = CARTESIAN_POINT ( 'NONE',  ( 0.1079999999999999988, 0.1759999999999999898, -0.01700000000000000122 ) ) ;
#6533 = EDGE_LOOP ( 'NONE', ( #3759, #9164, #9845, #7641 ) ) ;
#6534 = CARTESIAN_POINT ( 'NONE',  ( -0.05800000000000000294, 0.1759999999999999898, 0.01700000000000000122 ) ) ;
#6535 = LINE ( 'NONE', #9207, #6131 ) ;
#6536 = STYLED_ITEM ( 'NONE', ( #9222 ), #2295 ) ;
#6537 = SURFACE_SIDE_STYLE ('',( #2904 ) ) ;
#6538 = CARTESIAN_POINT ( 'NONE',  ( 0.2899999999999999800, 0.06500000000000000222, -0.07000000000000000666 ) ) ;
#6539 = CARTESIAN_POINT ( 'NONE',  ( 0.002999999999999978378, -0.07499999999999998335, -0.02200000000000001607 ) ) ;
#6540 = DIRECTION ( 'NONE',  ( -1.000000000000000000, 0.000000000000000000, 0.000000000000000000 ) ) ;
#6541 = ADVANCED_FACE ( 'NONE', ( #3942 ), #7448, .T. ) ;
#6542 = EDGE_LOOP ( 'NONE', ( #4016, #5882, #11316, #5760 ) ) ;
#6543 = DIRECTION ( 'NONE',  ( 0.000000000000000000, 0.000000000000000000, -1.000000000000000000 ) ) ;
#6544 = MECHANICAL_DESIGN_GEOMETRIC_PRESENTATION_REPRESENTATION (  '', ( #10149 ), #7479 ) ;
#6545 = CARTESIAN_POINT ( 'NONE',  ( 0.000000000000000000, 0.000000000000000000, -0.02500000000000000139 ) ) ;
#6546 =( GEOMETRIC_REPRESENTATION_CONTEXT ( 3 ) GLOBAL_UNCERTAINTY_ASSIGNED_CONTEXT ( ( #10874 ) ) GLOBAL_UNIT_ASSIGNED_CONTEXT ( ( #3918, #10247, #5652 ) ) REPRESENTATION_CONTEXT ( 'NONE', 'WORKASPACE' ) );
#6547 = ORIENTED_EDGE ( 'NONE', *, *, #6874, .F. ) ;
#6548 = DIRECTION ( 'NONE',  ( 1.000000000000000000, 0.000000000000000000, -0.000000000000000000 ) ) ;
#6549 = VERTEX_POINT ( 'NONE', #2939 ) ;
#6550 = SURFACE_STYLE_USAGE ( .BOTH. , #4849 ) ;
#6551 = SURFACE_SIDE_STYLE ('',( #2805 ) ) ;
#6552 =( GEOMETRIC_REPRESENTATION_CONTEXT ( 3 ) GLOBAL_UNCERTAINTY_ASSIGNED_CONTEXT ( ( #394 ) ) GLOBAL_UNIT_ASSIGNED_CONTEXT ( ( #9711, #10553, #10618 ) ) REPRESENTATION_CONTEXT ( 'NONE', 'WORKASPACE' ) );
#6553 = LENGTH_MEASURE_WITH_UNIT ( LENGTH_MEASURE( 0.02539999999999999897 ), #1200 );
#6554 = PRESENTATION_LAYER_ASSIGNMENT (  '', '', ( #10736 ) ) ;
#6555 = SURFACE_STYLE_USAGE ( .BOTH. , #5657 ) ;
#6556 = ORIENTED_EDGE ( 'NONE', *, *, #2221, .T. ) ;
#6557 = SURFACE_SIDE_STYLE ('',( #9403 ) ) ;
#6558 = EDGE_LOOP ( 'NONE', ( #807, #9332, #6601, #225 ) ) ;
#6559 =( NAMED_UNIT ( * ) SI_UNIT ( $, .STERADIAN. ) SOLID_ANGLE_UNIT ( ) );
#6560 = PRESENTATION_STYLE_ASSIGNMENT (( #2098 ) ) ;
#6561 = UNCERTAINTY_MEASURE_WITH_UNIT (LENGTH_MEASURE( 1.000000000000000082E-05 ), #1159, 'distance_accuracy_value', 'NONE');
#6562 = PLANE ( 'NONE',  #10851 ) ;
#6563 = APPLICATION_PROTOCOL_DEFINITION ( 'draft international standard', 'automotive_design', 1998, #6722 ) ;
#6564 = EDGE_LOOP ( 'NONE', ( #8232, #4384, #4748, #8813 ) ) ;
#6565 = EDGE_CURVE ( 'NONE', #11692, #9177, #3829, .T. ) ;
#6566 = FILL_AREA_STYLE ('',( #82 ) ) ;
#6567 = VECTOR ( 'NONE', #5604, 39.37007874015748143 ) ;
#6568 = PRESENTATION_LAYER_ASSIGNMENT (  '', '', ( #2759 ) ) ;
#6569 = LENGTH_MEASURE_WITH_UNIT ( LENGTH_MEASURE( 0.02539999999999999897 ), #9242 );
#6570 = LINE ( 'NONE', #7562, #2799 ) ;
#6571 = DIRECTION ( 'NONE',  ( 0.000000000000000000, 1.778546870875169980E-16, -1.000000000000000000 ) ) ;
#6572 = ADVANCED_FACE ( 'NONE', ( #7667 ), #5798, .F. ) ;
#6573 = SURFACE_STYLE_FILL_AREA ( #8116 ) ;
#6574 = UNCERTAINTY_MEASURE_WITH_UNIT (LENGTH_MEASURE( 1.000000000000000082E-05 ), #4072, 'distance_accuracy_value', 'NONE');
#6575 = STYLED_ITEM ( 'NONE', ( #816 ), #1354 ) ;
#6576 =( LENGTH_UNIT ( ) NAMED_UNIT ( * ) SI_UNIT ( $, .METRE. ) );
#6578 = DIRECTION ( 'NONE',  ( 0.000000000000000000, 0.000000000000000000, 1.000000000000000000 ) ) ;
#6577 = VECTOR ( 'NONE', #6883, 39.37007874015748143 ) ;
#6579 = CARTESIAN_POINT ( 'NONE',  ( 0.1079999999999999988, 0.1759999999999999898, 0.03300000000000000155 ) ) ;
#6580 = DIMENSIONAL_EXPONENTS ( 1.000000000000000000, 0.000000000000000000, 0.000000000000000000, 0.000000000000000000, 0.000000000000000000, 0.000000000000000000, 0.000000000000000000 ) ;
#6581 = CARTESIAN_POINT ( 'NONE',  ( -0.02220491502812529938, 0.05000000000000000278, -0.002500000000000000052 ) ) ;
#6582 = ORIENTED_EDGE ( 'NONE', *, *, #11628, .F. ) ;
#6583 = EDGE_LOOP ( 'NONE', ( #1286, #4543, #3818, #4732 ) ) ;
#6584 = PRESENTATION_LAYER_ASSIGNMENT (  '', '', ( #2594 ) ) ;
#6585 = EDGE_CURVE ( 'NONE', #7352, #7068, #9362, .T. ) ;
#6586 =( CONVERSION_BASED_UNIT ( 'INCH', #9318 ) LENGTH_UNIT ( ) NAMED_UNIT ( #5190 ) );
#6587 = CARTESIAN_POINT ( 'NONE',  ( -0.05800000000000001682, 0.1759999999999999898, 0.03300000000000000155 ) ) ;
#6588 = VECTOR ( 'NONE', #7342, 39.37007874015748143 ) ;
#6589 = AXIS2_PLACEMENT_3D ( 'NONE', #2103, #8200, #8385 ) ;
#6590 = VECTOR ( 'NONE', #5745, 39.37007874015748143 ) ;
#6591 = SURFACE_STYLE_USAGE ( .BOTH. , #10165 ) ;
#6592 = ORIENTED_EDGE ( 'NONE', *, *, #187, .F. ) ;
#6593 = PLANE ( 'NONE',  #11101 ) ;
#6594 = ADVANCED_FACE ( 'NONE', ( #2226 ), #4047, .F. ) ;
#6595 = VECTOR ( 'NONE', #3246, 39.37007874015748143 ) ;
#6596 = DIRECTION ( 'NONE',  ( -1.000000000000000000, 0.000000000000000000, 0.000000000000000000 ) ) ;
#6597 =( NAMED_UNIT ( * ) PLANE_ANGLE_UNIT ( ) SI_UNIT ( $, .RADIAN. ) );
#6598 = MECHANICAL_DESIGN_GEOMETRIC_PRESENTATION_REPRESENTATION (  '', ( #9807 ), #4099 ) ;
#6599 = FILL_AREA_STYLE ('',( #2959 ) ) ;
#6600 = COLOUR_RGB ( '',0.2862745098039215508, 0.2862745098039215508, 0.2862745098039215508 ) ;
#6601 = ORIENTED_EDGE ( 'NONE', *, *, #9693, .T. ) ;
#6602 = PLANE ( 'NONE',  #10422 ) ;
#6603 = ADVANCED_FACE ( 'NONE', ( #8624 ), #9598, .T. ) ;
#6604 = CARTESIAN_POINT ( 'NONE',  ( -0.2880000000000000893, 0.06000000000000001860, -0.1000000000000000194 ) ) ;
#6605 = VERTEX_POINT ( 'NONE', #4210 ) ;
#6606 = ADVANCED_FACE ( 'NONE', ( #11500 ), #10617, .F. ) ;
#6607 = VECTOR ( 'NONE', #1380, 39.37007874015748143 ) ;
#6608 = EDGE_LOOP ( 'NONE', ( #10660, #1948, #11208, #6752 ) ) ;
#6609 = CARTESIAN_POINT ( 'NONE',  ( 0.1079999999999999988, -0.07499999999999999722, 0.02199999999999999872 ) ) ;
#6610 = FILL_AREA_STYLE_COLOUR ( '', #1650 ) ;
#6611 = CARTESIAN_POINT ( 'NONE',  ( -0.008000000000000010575, 0.2099999999999999922, -0.01700000000000000122 ) ) ;
#6612 = EDGE_CURVE ( 'NONE', #5805, #2960, #2752, .T. ) ;
#6613 = CARTESIAN_POINT ( 'NONE',  ( 0.1079999999999999988, -0.07499999999999999722, 0.02799999999999999711 ) ) ;
#6614 = ORIENTED_EDGE ( 'NONE', *, *, #1977, .T. ) ;
#6615 = DIRECTION ( 'NONE',  ( -0.000000000000000000, 0.000000000000000000, -1.000000000000000000 ) ) ;
#6616 = CARTESIAN_POINT ( 'NONE',  ( 0.1079999999999999849, 0.01999999999999999001, -0.03300000000000000155 ) ) ;
#6617 = SURFACE_SIDE_STYLE ('',( #1206 ) ) ;
#6618 = VECTOR ( 'NONE', #3424, 39.37007874015748854 ) ;
#6619 = VECTOR ( 'NONE', #1798, 39.37007874015748143 ) ;
#6620 = ORIENTED_EDGE ( 'NONE', *, *, #3177, .T. ) ;
#6621 = DIRECTION ( 'NONE',  ( -0.000000000000000000, 1.000000000000000000, 0.000000000000000000 ) ) ;
#6622 = DIRECTION ( 'NONE',  ( -1.000000000000000000, 0.000000000000000000, 0.000000000000000000 ) ) ;
#6623 = FILL_AREA_STYLE ('',( #1906 ) ) ;
#6624 = PRESENTATION_LAYER_ASSIGNMENT (  '', '', ( #8490 ) ) ;
#6625 = DIRECTION ( 'NONE',  ( 0.4472135954999586493, 0.8944271909999153003, 0.000000000000000000 ) ) ;
#6626 = VECTOR ( 'NONE', #62, 39.37007874015748143 ) ;
#6627 = DIRECTION ( 'NONE',  ( 0.000000000000000000, 0.000000000000000000, 1.000000000000000000 ) ) ;
#6628 = FACE_OUTER_BOUND ( 'NONE', #5261, .T. ) ;
#6629 = UNCERTAINTY_MEASURE_WITH_UNIT (LENGTH_MEASURE( 1.000000000000000082E-05 ), #8369, 'distance_accuracy_value', 'NONE');
#6630 = CARTESIAN_POINT ( 'NONE',  ( 0.1079999999999999988, -0.06600000000000000311, -0.01700000000000000122 ) ) ;
#6631 = LENGTH_MEASURE_WITH_UNIT ( LENGTH_MEASURE( 0.02539999999999999897 ), #4762 );
#6632 = COLOUR_RGB ( '',0.8627450980392157298, 0.6274509803921568540, 0.05882352941176470507 ) ;
#6633 = SURFACE_SIDE_STYLE ('',( #6687 ) ) ;
#6634 = CARTESIAN_POINT ( 'NONE',  ( 0.1029999999999999943, 0.1849999999999999978, 0.02199999999999999872 ) ) ;
#6635 =( NAMED_UNIT ( * ) PLANE_ANGLE_UNIT ( ) SI_UNIT ( $, .RADIAN. ) );
#6636 = CARTESIAN_POINT ( 'NONE',  ( -0.09199999999999999845, 0.01999999999999999001, 0.01700000000000000469 ) ) ;
#6637 =( NAMED_UNIT ( * ) PLANE_ANGLE_UNIT ( ) SI_UNIT ( $, .RADIAN. ) );
#6638 = DIRECTION ( 'NONE',  ( -1.000000000000000000, -0.000000000000000000, 0.000000000000000000 ) ) ;
#6639 = DIRECTION ( 'NONE',  ( -1.000000000000000000, -0.000000000000000000, 0.000000000000000000 ) ) ;
#6640 = DIRECTION ( 'NONE',  ( -1.000000000000000000, 0.000000000000000000, -0.000000000000000000 ) ) ;
#6641 = ORIENTED_EDGE ( 'NONE', *, *, #9150, .T. ) ;
#6642 = ORIENTED_EDGE ( 'NONE', *, *, #10913, .T. ) ;
#6643 = MECHANICAL_DESIGN_GEOMETRIC_PRESENTATION_REPRESENTATION (  '', ( #11801 ), #3215 ) ;
#6644 = DIRECTION ( 'NONE',  ( -1.000000000000000000, -0.000000000000000000, -0.000000000000000000 ) ) ;
#6645 = FACE_OUTER_BOUND ( 'NONE', #9022, .T. ) ;
#6646 = EDGE_CURVE ( 'NONE', #3929, #10228, #8078, .T. ) ;
#6647 = CARTESIAN_POINT ( 'NONE',  ( 0.09700000000000000289, 0.1849999999999999978, 0.1199999999999999956 ) ) ;
#6648 = CARTESIAN_POINT ( 'NONE',  ( 0.04200000000000000955, 0.05000000000000000971, 0.1199999999999999956 ) ) ;
#6649 = ORIENTED_EDGE ( 'NONE', *, *, #4370, .T. ) ;
#6650 = LINE ( 'NONE', #2784, #9461 ) ;
#6651 = LINE ( 'NONE', #1232, #10122 ) ;
#6652 = LINE ( 'NONE', #4833, #958 ) ;
#6653 = AXIS2_PLACEMENT_3D ( 'NONE', #11766, #793, #7021 ) ;
#6654 = COLOUR_RGB ( '',0.8627450980392157298, 0.6274509803921568540, 0.05882352941176470507 ) ;
#6655 = SURFACE_SIDE_STYLE ('',( #3194 ) ) ;
#6656 = DIRECTION ( 'NONE',  ( -0.000000000000000000, -1.000000000000000000, 0.000000000000000000 ) ) ;
#6657 =( LENGTH_UNIT ( ) NAMED_UNIT ( * ) SI_UNIT ( $, .METRE. ) );
#6658 =( NAMED_UNIT ( * ) PLANE_ANGLE_UNIT ( ) SI_UNIT ( $, .RADIAN. ) );
#6659 = ORIENTED_EDGE ( 'NONE', *, *, #267, .F. ) ;
#6660 =( CONVERSION_BASED_UNIT ( 'INCH', #467 ) LENGTH_UNIT ( ) NAMED_UNIT ( #11457 ) );
#6661 = DIRECTION ( 'NONE',  ( 1.000000000000000000, 0.000000000000000000, -0.000000000000000000 ) ) ;
#6662 = EDGE_CURVE ( 'NONE', #11300, #5337, #9889, .T. ) ;
#6663 = DIMENSIONAL_EXPONENTS ( 1.000000000000000000, 0.000000000000000000, 0.000000000000000000, 0.000000000000000000, 0.000000000000000000, 0.000000000000000000, 0.000000000000000000 ) ;
#6664 = VECTOR ( 'NONE', #2069, 39.37007874015748854 ) ;
#6665 = AXIS2_PLACEMENT_3D ( 'NONE', #2309, #3034, #5949 ) ;
#6666 = VERTEX_POINT ( 'NONE', #2692 ) ;
#6667 = CARTESIAN_POINT ( 'NONE',  ( 0.007999999999999989758, 0.2099999999999999922, -0.03300000000000000155 ) ) ;
#6668 = ORIENTED_EDGE ( 'NONE', *, *, #9417, .T. ) ;
#6669 =( LENGTH_UNIT ( ) NAMED_UNIT ( * ) SI_UNIT ( $, .METRE. ) );
#6670 = DIRECTION ( 'NONE',  ( 0.000000000000000000, -0.000000000000000000, -1.000000000000000000 ) ) ;
#6671 = ADVANCED_FACE ( 'NONE', ( #5418 ), #10012, .F. ) ;
#6672 = UNCERTAINTY_MEASURE_WITH_UNIT (LENGTH_MEASURE( 1.000000000000000082E-05 ), #7458, 'distance_accuracy_value', 'NONE');
#6673 = LINE ( 'NONE', #6780, #5019 ) ;
#6674 = SURFACE_STYLE_FILL_AREA ( #11214 ) ;
#6675 = ADVANCED_FACE ( 'NONE', ( #7251 ), #1040, .F. ) ;
#6676 = VERTEX_POINT ( 'NONE', #6730 ) ;
#6677 = FACE_OUTER_BOUND ( 'NONE', #6522, .T. ) ;
#6678 = CARTESIAN_POINT ( 'NONE',  ( 0.3009999999999999898, 0.04499999999999999833, -0.02500000000000000139 ) ) ;
#6679 = EDGE_LOOP ( 'NONE', ( #1183, #3250, #3475, #9035 ) ) ;
#6680 = DIRECTION ( 'NONE',  ( -0.000000000000000000, -1.000000000000000000, 0.000000000000000000 ) ) ;
#6681 = LINE ( 'NONE', #10434, #2329 ) ;
#6682 = UNCERTAINTY_MEASURE_WITH_UNIT (LENGTH_MEASURE( 1.000000000000000082E-05 ), #1248, 'distance_accuracy_value', 'NONE');
#6683 = PRESENTATION_STYLE_ASSIGNMENT (( #10318 ) ) ;
#6684 = DIRECTION ( 'NONE',  ( 1.000000000000000000, 0.000000000000000000, 0.000000000000000000 ) ) ;
#6685 = PRESENTATION_STYLE_ASSIGNMENT (( #2218 ) ) ;
#6686 = LINE ( 'NONE', #10323, #4078 ) ;
#6687 = SURFACE_STYLE_FILL_AREA ( #10212 ) ;
#6688 = UNCERTAINTY_MEASURE_WITH_UNIT (LENGTH_MEASURE( 1.000000000000000082E-05 ), #6714, 'distance_accuracy_value', 'NONE');
#6689 = LINE ( 'NONE', #505, #6129 ) ;
#6690 = LINE ( 'NONE', #9367, #4444 ) ;
#6691 = LINE ( 'NONE', #11291, #11749 ) ;
#6692 = ORIENTED_EDGE ( 'NONE', *, *, #491, .T. ) ;
#6693 = ORIENTED_EDGE ( 'NONE', *, *, #3554, .F. ) ;
#6694 = PRESENTATION_STYLE_ASSIGNMENT (( #9317 ) ) ;
#6695 =( GEOMETRIC_REPRESENTATION_CONTEXT ( 3 ) GLOBAL_UNCERTAINTY_ASSIGNED_CONTEXT ( ( #2166 ) ) GLOBAL_UNIT_ASSIGNED_CONTEXT ( ( #446, #8628, #9366 ) ) REPRESENTATION_CONTEXT ( 'NONE', 'WORKASPACE' ) );
#6696 = PRESENTATION_STYLE_ASSIGNMENT (( #9259 ) ) ;
#6697 = STYLED_ITEM ( 'NONE', ( #10168 ), #6162 ) ;
#6698 = EDGE_CURVE ( 'NONE', #6273, #8384, #5785, .T. ) ;
#6699 = CARTESIAN_POINT ( 'NONE',  ( 0.1079999999999999988, 0.05000000000000000278, -0.03300000000000000155 ) ) ;
#6700 = ORIENTED_EDGE ( 'NONE', *, *, #2450, .F. ) ;
#6701 = DIRECTION ( 'NONE',  ( -0.000000000000000000, 1.000000000000000000, 0.000000000000000000 ) ) ;
#6702 = CARTESIAN_POINT ( 'NONE',  ( 0.000000000000000000, 0.04499999999999999833, 0.02500000000000000139 ) ) ;
#6703 = CARTESIAN_POINT ( 'NONE',  ( 0.3250000000000000111, 0.2099999999999999922, 0.1000000000000000056 ) ) ;
#6704 =( GEOMETRIC_REPRESENTATION_CONTEXT ( 3 ) GLOBAL_UNCERTAINTY_ASSIGNED_CONTEXT ( ( #3114 ) ) GLOBAL_UNIT_ASSIGNED_CONTEXT ( ( #2361, #5076, #7044 ) ) REPRESENTATION_CONTEXT ( 'NONE', 'WORKASPACE' ) );
#6705 = VECTOR ( 'NONE', #9808, 39.37007874015748854 ) ;
#6706 = LINE ( 'NONE', #5068, #4371 ) ;
#6707 = DIMENSIONAL_EXPONENTS ( 1.000000000000000000, 0.000000000000000000, 0.000000000000000000, 0.000000000000000000, 0.000000000000000000, 0.000000000000000000, 0.000000000000000000 ) ;
#6708 = ORIENTED_EDGE ( 'NONE', *, *, #8763, .T. ) ;
#6709 = PLANE ( 'NONE',  #116 ) ;
#6710 = ORIENTED_EDGE ( 'NONE', *, *, #777, .F. ) ;
#6711 = MECHANICAL_DESIGN_GEOMETRIC_PRESENTATION_REPRESENTATION (  '', ( #7264 ), #1218 ) ;
#6712 =( NAMED_UNIT ( * ) SI_UNIT ( $, .STERADIAN. ) SOLID_ANGLE_UNIT ( ) );
#6713 = EDGE_LOOP ( 'NONE', ( #7055, #4652, #3197, #6050 ) ) ;
#6714 =( CONVERSION_BASED_UNIT ( 'INCH', #535 ) LENGTH_UNIT ( ) NAMED_UNIT ( #2372 ) );
#6715 =( LENGTH_UNIT ( ) NAMED_UNIT ( * ) SI_UNIT ( $, .METRE. ) );
#6716 = CARTESIAN_POINT ( 'NONE',  ( -0.05000000000000000278, 0.06500000000000000222, 0.000000000000000000 ) ) ;
#6717 = SURFACE_STYLE_FILL_AREA ( #3268 ) ;
#6718 = ADVANCED_FACE ( 'NONE', ( #8551 ), #4693, .T. ) ;
#6719 = CARTESIAN_POINT ( 'NONE',  ( 0.3250000000000000111, 0.000000000000000000, 0.1000000000000000056 ) ) ;
#6720 = COLOUR_RGB ( '',0.8627450980392157298, 0.6274509803921568540, 0.05882352941176470507 ) ;
#6721 = ORIENTED_EDGE ( 'NONE', *, *, #6455, .F. ) ;
#6722 = APPLICATION_CONTEXT ( 'automotive_design' ) ;
#6723 = LINE ( 'NONE', #10309, #10779 ) ;
#6724 = EDGE_LOOP ( 'NONE', ( #10815, #6925, #1954, #10549, #9867, #1523, #2209, #7603, #7618, #8851, #609, #5664, #11157, #838, #9513, #4005, #8772, #11705, #9145, #8351, #2757, #7425, #3837, #10191, #1470, #3595, #11028, #3118, #11538, #10520, #5865, #4402, #2303, #6372, #303, #4922 ) ) ;
#6725 = VECTOR ( 'NONE', #7174, 39.37007874015748143 ) ;
#6726 = DIRECTION ( 'NONE',  ( -0.000000000000000000, -1.000000000000000000, -0.000000000000000000 ) ) ;
#6727 = DIMENSIONAL_EXPONENTS ( 1.000000000000000000, 0.000000000000000000, 0.000000000000000000, 0.000000000000000000, 0.000000000000000000, 0.000000000000000000, 0.000000000000000000 ) ;
#6728 =( NAMED_UNIT ( * ) SI_UNIT ( $, .STERADIAN. ) SOLID_ANGLE_UNIT ( ) );
#6729 = VECTOR ( 'NONE', #1636, 39.37007874015748143 ) ;
#6730 = CARTESIAN_POINT ( 'NONE',  ( 0.04200000000000000955, 0.06499999999999998834, 0.03300000000000000155 ) ) ;
#6731 = EDGE_LOOP ( 'NONE', ( #9870, #4900, #49, #2315 ) ) ;
#6732 = SURFACE_SIDE_STYLE ('',( #3097 ) ) ;
#6733 = ADVANCED_FACE ( 'NONE', ( #7486 ), #11105, .F. ) ;
#6734 = DIRECTION ( 'NONE',  ( 1.000000000000000000, 0.000000000000000000, 0.000000000000000000 ) ) ;
#6735 = DIRECTION ( 'NONE',  ( 1.000000000000000000, 0.000000000000000000, -0.000000000000000000 ) ) ;
#6736 = PRESENTATION_STYLE_ASSIGNMENT (( #4924 ) ) ;
#6737 = EDGE_CURVE ( 'NONE', #8097, #7171, #11556, .T. ) ;
#6738 =( NAMED_UNIT ( * ) SI_UNIT ( $, .STERADIAN. ) SOLID_ANGLE_UNIT ( ) );
#6739 = CARTESIAN_POINT ( 'NONE',  ( 0.1079999999999999988, 0.1849999999999999978, 0.02799999999999999711 ) ) ;
#6740 = SURFACE_STYLE_FILL_AREA ( #5109 ) ;
#6741 = SURFACE_SIDE_STYLE ('',( #4995 ) ) ;
#6742 = DIRECTION ( 'NONE',  ( 0.8741572761215383736, 0.4856429311786311098, 0.000000000000000000 ) ) ;
#6743 = LENGTH_MEASURE_WITH_UNIT ( LENGTH_MEASURE( 0.02539999999999999897 ), #1337 );
#6744 = FILL_AREA_STYLE_COLOUR ( '', #2956 ) ;
#6745 = DIRECTION ( 'NONE',  ( 1.000000000000000000, 0.000000000000000000, -0.000000000000000000 ) ) ;
#6746 = ORIENTED_EDGE ( 'NONE', *, *, #8992, .T. ) ;
#6747 = ORIENTED_EDGE ( 'NONE', *, *, #4238, .T. ) ;
#6748 = VECTOR ( 'NONE', #5346, 39.37007874015748143 ) ;
#6749 = LINE ( 'NONE', #1993, #5438 ) ;
#6750 =( NAMED_UNIT ( * ) PLANE_ANGLE_UNIT ( ) SI_UNIT ( $, .RADIAN. ) );
#6751 =( NAMED_UNIT ( * ) SI_UNIT ( $, .STERADIAN. ) SOLID_ANGLE_UNIT ( ) );
#6752 = ORIENTED_EDGE ( 'NONE', *, *, #607, .F. ) ;
#6753 = LINE ( 'NONE', #9439, #5046 ) ;
#6754 = ORIENTED_EDGE ( 'NONE', *, *, #3688, .T. ) ;
#6755 = LINE ( 'NONE', #8578, #156 ) ;
#6756 = VECTOR ( 'NONE', #7050, 39.37007874015748143 ) ;
#6757 =( LENGTH_UNIT ( ) NAMED_UNIT ( * ) SI_UNIT ( $, .METRE. ) );
#6758 = DIRECTION ( 'NONE',  ( 1.000000000000000000, 0.000000000000000000, -0.000000000000000000 ) ) ;
#6759 = LINE ( 'NONE', #9267, #10859 ) ;
#6760 = COLOUR_RGB ( '',0.8627450980392157298, 0.6274509803921568540, 0.05882352941176470507 ) ;
#6761 = PLANE ( 'NONE',  #1140 ) ;
#6762 =( LENGTH_UNIT ( ) NAMED_UNIT ( * ) SI_UNIT ( $, .METRE. ) );
#6763 = ORIENTED_EDGE ( 'NONE', *, *, #7578, .T. ) ;
#6764 = SURFACE_SIDE_STYLE ('',( #2008 ) ) ;
#6765 = COLOUR_RGB ( '',0.8627450980392157298, 0.6274509803921568540, 0.05882352941176470507 ) ;
#6766 = VECTOR ( 'NONE', #400, 39.37007874015748143 ) ;
#6767 = DIRECTION ( 'NONE',  ( 0.000000000000000000, -1.000000000000000000, -0.000000000000000000 ) ) ;
#6768 = STYLED_ITEM ( 'NONE', ( #10564 ), #10064 ) ;
#6769 = ORIENTED_EDGE ( 'NONE', *, *, #6391, .T. ) ;
#6770 = FACE_BOUND ( 'NONE', #991, .T. ) ;
#6771 = VERTEX_POINT ( 'NONE', #2443 ) ;
#6772 = FACE_OUTER_BOUND ( 'NONE', #10535, .T. ) ;
#6773 = SURFACE_STYLE_FILL_AREA ( #5024 ) ;
#6774 =( GEOMETRIC_REPRESENTATION_CONTEXT ( 3 ) GLOBAL_UNCERTAINTY_ASSIGNED_CONTEXT ( ( #9630 ) ) GLOBAL_UNIT_ASSIGNED_CONTEXT ( ( #3647, #8880, #9135 ) ) REPRESENTATION_CONTEXT ( 'NONE', 'WORKASPACE' ) );
#6775 = CARTESIAN_POINT ( 'NONE',  ( -0.04200000000000000955, 0.05000000000000000278, 0.01700000000000000122 ) ) ;
#6776 = AXIS2_PLACEMENT_3D ( 'NONE', #5005, #4003, #3248 ) ;
#6777 = VERTEX_POINT ( 'NONE', #4393 ) ;
#6778 =( LENGTH_UNIT ( ) NAMED_UNIT ( * ) SI_UNIT ( $, .METRE. ) );
#6779 = EDGE_CURVE ( 'NONE', #6605, #9316, #6892, .T. ) ;
#6780 = CARTESIAN_POINT ( 'NONE',  ( -0.008000000000000010575, 0.1759999999999999898, 0.1199999999999999956 ) ) ;
#6781 = PRESENTATION_LAYER_ASSIGNMENT (  '', '', ( #3751 ) ) ;
#6782 = PRESENTATION_LAYER_ASSIGNMENT (  '', '', ( #1823 ) ) ;
#6783 = ORIENTED_EDGE ( 'NONE', *, *, #1608, .F. ) ;
#6784 = FILL_AREA_STYLE ('',( #10305 ) ) ;
#6785 = DIMENSIONAL_EXPONENTS ( 1.000000000000000000, 0.000000000000000000, 0.000000000000000000, 0.000000000000000000, 0.000000000000000000, 0.000000000000000000, 0.000000000000000000 ) ;
#6786 =( LENGTH_UNIT ( ) NAMED_UNIT ( * ) SI_UNIT ( $, .METRE. ) );
#6787 =( GEOMETRIC_REPRESENTATION_CONTEXT ( 3 ) GLOBAL_UNCERTAINTY_ASSIGNED_CONTEXT ( ( #9078 ) ) GLOBAL_UNIT_ASSIGNED_CONTEXT ( ( #9708, #5052, #2224 ) ) REPRESENTATION_CONTEXT ( 'NONE', 'WORKASPACE' ) );
#6788 = DIRECTION ( 'NONE',  ( 0.000000000000000000, -0.4856429311786268355, 0.8741572761215407050 ) ) ;
#6789 = EDGE_CURVE ( 'NONE', #7816, #3867, #7717, .T. ) ;
#6790 = CARTESIAN_POINT ( 'NONE',  ( 0.1079999999999999988, 0.000000000000000000, -0.01700000000000000122 ) ) ;
#6791 = VERTEX_POINT ( 'NONE', #10544 ) ;
#6792 = VECTOR ( 'NONE', #8188, 39.37007874015748143 ) ;
#6793 = DIRECTION ( 'NONE',  ( 1.000000000000000000, 0.000000000000000000, -0.000000000000000000 ) ) ;
#6794 = CARTESIAN_POINT ( 'NONE',  ( 0.007999999999999991493, 0.1759999999999999898, -0.03300000000000005707 ) ) ;
#6795 = LINE ( 'NONE', #1373, #4991 ) ;
#6796 = FACE_OUTER_BOUND ( 'NONE', #7474, .T. ) ;
#6797 = LENGTH_MEASURE_WITH_UNIT ( LENGTH_MEASURE( 0.02539999999999999897 ), #2212 );
#6798 = UNCERTAINTY_MEASURE_WITH_UNIT (LENGTH_MEASURE( 1.000000000000000082E-05 ), #3198, 'distance_accuracy_value', 'NONE');
#6799 = CARTESIAN_POINT ( 'NONE',  ( 0.1079999999999999988, 0.04000000000000000083, 0.000000000000000000 ) ) ;
#6800 = MECHANICAL_DESIGN_GEOMETRIC_PRESENTATION_REPRESENTATION (  '', ( #7353 ), #3377 ) ;
#6801 = ADVANCED_FACE ( 'NONE', ( #4251 ), #7881, .F. ) ;
#6802 = PLANE ( 'NONE',  #8049 ) ;
#6803 = DIRECTION ( 'NONE',  ( -1.000000000000000000, 0.000000000000000000, -0.000000000000000000 ) ) ;
#6804 = FACE_OUTER_BOUND ( 'NONE', #6429, .T. ) ;
#6805 = VECTOR ( 'NONE', #8128, 39.37007874015748143 ) ;
#6806 = VECTOR ( 'NONE', #2560, 39.37007874015748143 ) ;
#6807 = PRESENTATION_STYLE_ASSIGNMENT (( #4997 ) ) ;
#6808 = DIMENSIONAL_EXPONENTS ( 1.000000000000000000, 0.000000000000000000, 0.000000000000000000, 0.000000000000000000, 0.000000000000000000, 0.000000000000000000, 0.000000000000000000 ) ;
#6809 = VERTEX_POINT ( 'NONE', #1583 ) ;
#6810 = ORIENTED_EDGE ( 'NONE', *, *, #1409, .T. ) ;
#6811 = FACE_OUTER_BOUND ( 'NONE', #8371, .T. ) ;
#6812 = EDGE_CURVE ( 'NONE', #2543, #681, #8857, .T. ) ;
#6813 = STYLED_ITEM ( 'NONE', ( #595 ), #4656 ) ;
#6814 = AXIS2_PLACEMENT_3D ( 'NONE', #6995, #2368, #4963 ) ;
#6815 = ORIENTED_EDGE ( 'NONE', *, *, #8964, .F. ) ;
#6816 = DIRECTION ( 'NONE',  ( -0.000000000000000000, 1.000000000000000000, 0.000000000000000000 ) ) ;
#6817 = DIRECTION ( 'NONE',  ( -0.000000000000000000, 0.000000000000000000, -1.000000000000000000 ) ) ;
#6818 = SURFACE_STYLE_USAGE ( .BOTH. , #7632 ) ;
#6819 = CARTESIAN_POINT ( 'NONE',  ( -0.1079999999999999988, -0.06600000000000000311, -0.03300000000000000155 ) ) ;
#6820 = VECTOR ( 'NONE', #1224, 39.37007874015748143 ) ;
#6821 = ORIENTED_EDGE ( 'NONE', *, *, #3064, .F. ) ;
#6822 =( CONVERSION_BASED_UNIT ( 'INCH', #759 ) LENGTH_UNIT ( ) NAMED_UNIT ( #6062 ) );
#6823 =( NAMED_UNIT ( * ) PLANE_ANGLE_UNIT ( ) SI_UNIT ( $, .RADIAN. ) );
#6824 = COLOUR_RGB ( '',0.8627450980392157298, 0.6274509803921568540, 0.05882352941176470507 ) ;
#6825 = ORIENTED_EDGE ( 'NONE', *, *, #4102, .F. ) ;
#6826 = AXIS2_PLACEMENT_3D ( 'NONE', #2944, #4648, #7450 ) ;
#6827 = FACE_BOUND ( 'NONE', #2158, .T. ) ;
#6828 = VERTEX_POINT ( 'NONE', #7007 ) ;
#6829 = CARTESIAN_POINT ( 'NONE',  ( 0.1079999999999999988, -0.07499999999999999722, 0.02199999999999999872 ) ) ;
#6830 =( LENGTH_UNIT ( ) NAMED_UNIT ( * ) SI_UNIT ( $, .METRE. ) );
#6831 = PRESENTATION_LAYER_ASSIGNMENT (  '', '', ( #1890 ) ) ;
#6832 = STYLED_ITEM ( 'NONE', ( #6683 ), #8436 ) ;
#6833 = ORIENTED_EDGE ( 'NONE', *, *, #6449, .F. ) ;
#6834 = PRESENTATION_STYLE_ASSIGNMENT (( #9465 ) ) ;
#6835 = CARTESIAN_POINT ( 'NONE',  ( -0.05799999999999999600, 0.01999999999999999001, 0.03300000000000000155 ) ) ;
#6836 = CARTESIAN_POINT ( 'NONE',  ( -0.09199999999999999845, 0.04000000000000000777, 0.1199999999999999956 ) ) ;
#6837 = ORIENTED_EDGE ( 'NONE', *, *, #10381, .F. ) ;
#6838 = PRESENTATION_LAYER_ASSIGNMENT (  '', '', ( #9314 ) ) ;
#6839 = CARTESIAN_POINT ( 'NONE',  ( 0.1079999999999999988, 0.1759999999999999898, -0.03300000000000000155 ) ) ;
#6840 = CARTESIAN_POINT ( 'NONE',  ( -0.008000000000000010575, 0.04000000000000000083, -0.01700000000000000122 ) ) ;
#6841 = LINE ( 'NONE', #1493, #4697 ) ;
#6842 = EDGE_CURVE ( 'NONE', #8454, #9913, #725, .T. ) ;
#6843 = CARTESIAN_POINT ( 'NONE',  ( 0.04200000000000000955, 0.05000000000000000971, 0.01700000000000000122 ) ) ;
#6844 = DIRECTION ( 'NONE',  ( 0.4368520283305193375, 0.7863336509949337971, 0.4368520283305193375 ) ) ;
#6845 = CARTESIAN_POINT ( 'NONE',  ( -0.04200000000000000955, 0.1759999999999999898, 0.1199999999999999956 ) ) ;
#6846 = DIMENSIONAL_EXPONENTS ( 1.000000000000000000, 0.000000000000000000, 0.000000000000000000, 0.000000000000000000, 0.000000000000000000, 0.000000000000000000, 0.000000000000000000 ) ;
#6847 = CARTESIAN_POINT ( 'NONE',  ( -0.1079999999999999988, 0.2099999999999999922, -0.01700000000000000122 ) ) ;
#6848 = FILL_AREA_STYLE_COLOUR ( '', #1510 ) ;
#6849 = CARTESIAN_POINT ( 'NONE',  ( 0.1079999999999999988, 0.1759999999999999898, 0.03300000000000000155 ) ) ;
#6850 = CARTESIAN_POINT ( 'NONE',  ( 0.09700000000000000289, 0.1849999999999999978, 0.02200000000000000566 ) ) ;
#6851 = EDGE_CURVE ( 'NONE', #252, #8516, #9750, .T. ) ;
#6852 = CARTESIAN_POINT ( 'NONE',  ( 0.1079999999999999988, 0.1759999999999999898, 0.01700000000000000122 ) ) ;
#6853 = ORIENTED_EDGE ( 'NONE', *, *, #8820, .T. ) ;
#6854 = ORIENTED_EDGE ( 'NONE', *, *, #8804, .F. ) ;
#6855 = LINE ( 'NONE', #11352, #9253 ) ;
#6856 =( NAMED_UNIT ( * ) PLANE_ANGLE_UNIT ( ) SI_UNIT ( $, .RADIAN. ) );
#6857 =( NAMED_UNIT ( * ) PLANE_ANGLE_UNIT ( ) SI_UNIT ( $, .RADIAN. ) );
#6858 = EDGE_CURVE ( 'NONE', #6369, #2125, #9644, .T. ) ;
#6859 =( LENGTH_UNIT ( ) NAMED_UNIT ( * ) SI_UNIT ( $, .METRE. ) );
#6860 = EDGE_LOOP ( 'NONE', ( #3572, #5093, #7033, #3474 ) ) ;
#6861 = FILL_AREA_STYLE ('',( #9674 ) ) ;
#6862 = CARTESIAN_POINT ( 'NONE',  ( -0.1030000000000000360, -0.07499999999999998335, -0.02799999999999999711 ) ) ;
#6863 = EDGE_CURVE ( 'NONE', #2750, #7276, #6795, .T. ) ;
#6864 =( NAMED_UNIT ( * ) PLANE_ANGLE_UNIT ( ) SI_UNIT ( $, .RADIAN. ) );
#6865 =( CONVERSION_BASED_UNIT ( 'INCH', #8644 ) LENGTH_UNIT ( ) NAMED_UNIT ( #8379 ) );
#6866 = DIRECTION ( 'NONE',  ( -0.000000000000000000, 0.000000000000000000, -1.000000000000000000 ) ) ;
#6867 = ADVANCED_FACE ( 'NONE', ( #8916 ), #1827, .T. ) ;
#6868 = COLOUR_RGB ( '',0.8627450980392157298, 0.6274509803921568540, 0.05882352941176470507 ) ;
#6869 = ORIENTED_EDGE ( 'NONE', *, *, #6585, .T. ) ;
#6870 = PRESENTATION_LAYER_ASSIGNMENT (  '', '', ( #7073 ) ) ;
#6871 = ADVANCED_FACE ( 'NONE', ( #4620 ), #4507, .F. ) ;
#6872 = FILL_AREA_STYLE_COLOUR ( '', #11166 ) ;
#6873 = DIMENSIONAL_EXPONENTS ( 1.000000000000000000, 0.000000000000000000, 0.000000000000000000, 0.000000000000000000, 0.000000000000000000, 0.000000000000000000, 0.000000000000000000 ) ;
#6874 = EDGE_CURVE ( 'NONE', #8966, #758, #8059, .T. ) ;
#6875 = ORIENTED_EDGE ( 'NONE', *, *, #9280, .F. ) ;
#6876 = FILL_AREA_STYLE ('',( #3263 ) ) ;
#6877 = ORIENTED_EDGE ( 'NONE', *, *, #5997, .F. ) ;
#6878 = DIRECTION ( 'NONE',  ( -1.000000000000000000, 0.000000000000000000, -0.000000000000000000 ) ) ;
#6879 = PLANE ( 'NONE',  #11788 ) ;
#6880 = ADVANCED_FACE ( 'NONE', ( #11751 ), #3581, .F. ) ;
#6881 = UNCERTAINTY_MEASURE_WITH_UNIT (LENGTH_MEASURE( 1.000000000000000082E-05 ), #1484, 'distance_accuracy_value', 'NONE');
#6882 = SURFACE_SIDE_STYLE ('',( #6717 ) ) ;
#6883 = DIRECTION ( 'NONE',  ( -0.000000000000000000, 1.000000000000000000, 0.000000000000000000 ) ) ;
#6884 = PLANE ( 'NONE',  #3048 ) ;
#6885 = ORIENTED_EDGE ( 'NONE', *, *, #1919, .F. ) ;
#6886 = LENGTH_MEASURE_WITH_UNIT ( LENGTH_MEASURE( 0.02539999999999999897 ), #8782 );
#6887 = STYLED_ITEM ( 'NONE', ( #921 ), #7238 ) ;
#6888 = COLOUR_RGB ( '',0.8627450980392157298, 0.6274509803921568540, 0.05882352941176470507 ) ;
#6889 = ORIENTED_EDGE ( 'NONE', *, *, #4014, .T. ) ;
#6890 = DIRECTION ( 'NONE',  ( 0.8741572761215407050, -0.4856429311786268355, 0.000000000000000000 ) ) ;
#6891 =( NAMED_UNIT ( * ) SI_UNIT ( $, .STERADIAN. ) SOLID_ANGLE_UNIT ( ) );
#6892 = LINE ( 'NONE', #1489, #9579 ) ;
#6893 = DIRECTION ( 'NONE',  ( -0.000000000000000000, 0.000000000000000000, 1.000000000000000000 ) ) ;
#6894 = UNCERTAINTY_MEASURE_WITH_UNIT (LENGTH_MEASURE( 1.000000000000000082E-05 ), #3996, 'distance_accuracy_value', 'NONE');
#6895 = VECTOR ( 'NONE', #1713, 39.37007874015748854 ) ;
#6896 = MECHANICAL_DESIGN_GEOMETRIC_PRESENTATION_REPRESENTATION (  '', ( #270 ), #9543 ) ;
#6897 = CARTESIAN_POINT ( 'NONE',  ( 0.1079999999999999988, 0.1849999999999999978, 0.02199999999999999872 ) ) ;
#6898 = CARTESIAN_POINT ( 'NONE',  ( 0.1079999999999999988, 0.1849999999999999978, -0.02199999999999999872 ) ) ;
#6899 =( LENGTH_UNIT ( ) NAMED_UNIT ( * ) SI_UNIT ( $, .METRE. ) );
#6900 = COLOUR_RGB ( '',0.2862745098039215508, 0.2862745098039215508, 0.2862745098039215508 ) ;
#6901 =( NAMED_UNIT ( * ) PLANE_ANGLE_UNIT ( ) SI_UNIT ( $, .RADIAN. ) );
#6902 = UNCERTAINTY_MEASURE_WITH_UNIT (LENGTH_MEASURE( 1.000000000000000082E-05 ), #5326, 'distance_accuracy_value', 'NONE');
#6903 = CARTESIAN_POINT ( 'NONE',  ( -0.09199999999999999845, 0.04000000000000000777, -0.01700000000000000122 ) ) ;
#6904 = SURFACE_SIDE_STYLE ('',( #507 ) ) ;
#6905 = EDGE_CURVE ( 'NONE', #833, #6777, #185, .T. ) ;
#6906 = FILL_AREA_STYLE_COLOUR ( '', #1623 ) ;
#6907 = ORIENTED_EDGE ( 'NONE', *, *, #3299, .F. ) ;
#6908 = EDGE_LOOP ( 'NONE', ( #11146, #3512, #8223, #5061 ) ) ;
#6909 = PLANE ( 'NONE',  #1452 ) ;
#6910 = SURFACE_SIDE_STYLE ('',( #6973 ) ) ;
#6911 = DIRECTION ( 'NONE',  ( 0.000000000000000000, 0.000000000000000000, -1.000000000000000000 ) ) ;
#6912 = EDGE_CURVE ( 'NONE', #4196, #899, #2133, .T. ) ;
#6913 = ORIENTED_EDGE ( 'NONE', *, *, #4370, .F. ) ;
#6914 = LINE ( 'NONE', #1400, #1646 ) ;
#6915 = DIRECTION ( 'NONE',  ( 0.000000000000000000, -0.4856429311786268355, 0.8741572761215407050 ) ) ;
#6916 = FACE_OUTER_BOUND ( 'NONE', #5002, .T. ) ;
#6917 =( GEOMETRIC_REPRESENTATION_CONTEXT ( 3 ) GLOBAL_UNCERTAINTY_ASSIGNED_CONTEXT ( ( #10081 ) ) GLOBAL_UNIT_ASSIGNED_CONTEXT ( ( #127, #11755, #9044 ) ) REPRESENTATION_CONTEXT ( 'NONE', 'WORKASPACE' ) );
#6918 = DIMENSIONAL_EXPONENTS ( 1.000000000000000000, 0.000000000000000000, 0.000000000000000000, 0.000000000000000000, 0.000000000000000000, 0.000000000000000000, 0.000000000000000000 ) ;
#6919 = SURFACE_SIDE_STYLE ('',( #11367 ) ) ;
#6920 = ORIENTED_EDGE ( 'NONE', *, *, #1011, .F. ) ;
#6921 = VECTOR ( 'NONE', #11578, 39.37007874015748143 ) ;
#6922 = STYLED_ITEM ( 'NONE', ( #7065 ), #99 ) ;
#6923 = VECTOR ( 'NONE', #10409, 39.37007874015748143 ) ;
#6924 = EDGE_CURVE ( 'NONE', #2733, #7597, #9224, .T. ) ;
#6925 = ORIENTED_EDGE ( 'NONE', *, *, #3894, .T. ) ;
#6926 = PRESENTATION_STYLE_ASSIGNMENT (( #708 ) ) ;
#6927 = EDGE_LOOP ( 'NONE', ( #3481, #5563, #8019, #111 ) ) ;
#6928 = VECTOR ( 'NONE', #1137, 39.37007874015748143 ) ;
#6929 = CARTESIAN_POINT ( 'NONE',  ( -0.3009999999999999898, 0.04499999999999999833, 0.02500000000000000139 ) ) ;
#6930 =( LENGTH_UNIT ( ) NAMED_UNIT ( * ) SI_UNIT ( $, .METRE. ) );
#6931 = PRESENTATION_STYLE_ASSIGNMENT (( #3319 ) ) ;
#6932 = VECTOR ( 'NONE', #7301, 39.37007874015748143 ) ;
#6933 = ADVANCED_FACE ( 'NONE', ( #242 ), #9336, .F. ) ;
#6934 =( GEOMETRIC_REPRESENTATION_CONTEXT ( 3 ) GLOBAL_UNCERTAINTY_ASSIGNED_CONTEXT ( ( #5374 ) ) GLOBAL_UNIT_ASSIGNED_CONTEXT ( ( #2881, #6510, #7262 ) ) REPRESENTATION_CONTEXT ( 'NONE', 'WORKASPACE' ) );
#6935 =( GEOMETRIC_REPRESENTATION_CONTEXT ( 3 ) GLOBAL_UNCERTAINTY_ASSIGNED_CONTEXT ( ( #6629 ) ) GLOBAL_UNIT_ASSIGNED_CONTEXT ( ( #8369, #10657, #10714 ) ) REPRESENTATION_CONTEXT ( 'NONE', 'WORKASPACE' ) );
#6936 = EDGE_LOOP ( 'NONE', ( #2773, #8523, #2086, #1609 ) ) ;
#6937 =( GEOMETRIC_REPRESENTATION_CONTEXT ( 3 ) GLOBAL_UNCERTAINTY_ASSIGNED_CONTEXT ( ( #3061 ) ) GLOBAL_UNIT_ASSIGNED_CONTEXT ( ( #1006, #5445, #948 ) ) REPRESENTATION_CONTEXT ( 'NONE', 'WORKASPACE' ) );
#6938 = CARTESIAN_POINT ( 'NONE',  ( 0.02500000000000000139, 0.05000000000000000278, -0.005000000000000000104 ) ) ;
#6939 = VECTOR ( 'NONE', #38, 39.37007874015748143 ) ;
#6940 = EDGE_CURVE ( 'NONE', #7709, #1024, #7590, .T. ) ;
#6941 =( NAMED_UNIT ( * ) SI_UNIT ( $, .STERADIAN. ) SOLID_ANGLE_UNIT ( ) );
#6942 = VECTOR ( 'NONE', #101, 39.37007874015748143 ) ;
#6943 = ORIENTED_EDGE ( 'NONE', *, *, #10677, .F. ) ;
#6944 = DIMENSIONAL_EXPONENTS ( 1.000000000000000000, 0.000000000000000000, 0.000000000000000000, 0.000000000000000000, 0.000000000000000000, 0.000000000000000000, 0.000000000000000000 ) ;
#6945 = CARTESIAN_POINT ( 'NONE',  ( 0.09199999999999999845, -0.06600000000000000311, 0.1199999999999999956 ) ) ;
#6946 = ADVANCED_FACE ( 'NONE', ( #8243 ), #122, .F. ) ;
#6947 = FILL_AREA_STYLE ('',( #7820 ) ) ;
#6948 = FACE_BOUND ( 'NONE', #7249, .T. ) ;
#6949 = LINE ( 'NONE', #4254, #2629 ) ;
#6950 = VECTOR ( 'NONE', #11575, 39.37007874015748143 ) ;
#6951 = CARTESIAN_POINT ( 'NONE',  ( 0.04199999999999998873, -0.06599999999999998923, -0.03300000000000005707 ) ) ;
#6952 = COLOUR_RGB ( '',0.8627450980392157298, 0.6274509803921568540, 0.05882352941176470507 ) ;
#6953 = PRESENTATION_LAYER_ASSIGNMENT (  '', '', ( #8853 ) ) ;
#6954 = CARTESIAN_POINT ( 'NONE',  ( 0.1079999999999999988, -0.06600000000000000311, -0.01700000000000000122 ) ) ;
#6955 =( NAMED_UNIT ( * ) PLANE_ANGLE_UNIT ( ) SI_UNIT ( $, .RADIAN. ) );
#6956 = COLOUR_RGB ( '',0.8627450980392157298, 0.6274509803921568540, 0.05882352941176470507 ) ;
#6957 = PRESENTATION_STYLE_ASSIGNMENT (( #6322 ) ) ;
#6958 = VERTEX_POINT ( 'NONE', #1417 ) ;
#6959 = CARTESIAN_POINT ( 'NONE',  ( 0.2879999999999999782, 0.01999999999999998654, 0.01700000000000000816 ) ) ;
#6960 = VECTOR ( 'NONE', #6621, 39.37007874015748143 ) ;
#6961 = PLANE ( 'NONE',  #10164 ) ;
#6962 = FILL_AREA_STYLE ('',( #5225 ) ) ;
#6963 = PLANE ( 'NONE',  #8005 ) ;
#6964 = DIRECTION ( 'NONE',  ( -1.000000000000000000, 0.000000000000000000, -0.000000000000000000 ) ) ;
#6965 = VECTOR ( 'NONE', #7580, 39.37007874015748143 ) ;
#6966 =( NAMED_UNIT ( * ) PLANE_ANGLE_UNIT ( ) SI_UNIT ( $, .RADIAN. ) );
#6967 = PRESENTATION_STYLE_ASSIGNMENT (( #10627 ) ) ;
#6968 = ORIENTED_EDGE ( 'NONE', *, *, #4355, .T. ) ;
#6969 = ORIENTED_EDGE ( 'NONE', *, *, #5936, .T. ) ;
#6970 = DIRECTION ( 'NONE',  ( -0.000000000000000000, -1.778546870875169980E-16, 1.000000000000000000 ) ) ;
#6971 = PRESENTATION_LAYER_ASSIGNMENT (  '', '', ( #10610 ) ) ;
#6972 = DIRECTION ( 'NONE',  ( 0.000000000000000000, 0.000000000000000000, 1.000000000000000000 ) ) ;
#6973 = SURFACE_STYLE_FILL_AREA ( #11414 ) ;
#6974 = VERTEX_POINT ( 'NONE', #3266 ) ;
#6975 =( GEOMETRIC_REPRESENTATION_CONTEXT ( 3 ) GLOBAL_UNCERTAINTY_ASSIGNED_CONTEXT ( ( #5850 ) ) GLOBAL_UNIT_ASSIGNED_CONTEXT ( ( #11528, #7040, #8825 ) ) REPRESENTATION_CONTEXT ( 'NONE', 'WORKASPACE' ) );
#6976 = PRESENTATION_STYLE_ASSIGNMENT (( #9957 ) ) ;
#6977 =( NAMED_UNIT ( * ) PLANE_ANGLE_UNIT ( ) SI_UNIT ( $, .RADIAN. ) );
#6978 = SURFACE_STYLE_USAGE ( .BOTH. , #459 ) ;
#6979 =( LENGTH_UNIT ( ) NAMED_UNIT ( * ) SI_UNIT ( $, .METRE. ) );
#6980 = CARTESIAN_POINT ( 'NONE',  ( 0.007999999999999982819, -0.06600000000000000311, -0.01700000000000002898 ) ) ;
#6981 = DIRECTION ( 'NONE',  ( 0.000000000000000000, -1.000000000000000000, -0.000000000000000000 ) ) ;
#6982 =( NAMED_UNIT ( * ) SI_UNIT ( $, .STERADIAN. ) SOLID_ANGLE_UNIT ( ) );
#6983 = VERTEX_POINT ( 'NONE', #9629 ) ;
#6984 = ADVANCED_FACE ( 'NONE', ( #1358 ), #596, .T. ) ;
#6985 =( GEOMETRIC_REPRESENTATION_CONTEXT ( 3 ) GLOBAL_UNCERTAINTY_ASSIGNED_CONTEXT ( ( #11124 ) ) GLOBAL_UNIT_ASSIGNED_CONTEXT ( ( #7111, #9024, #1810 ) ) REPRESENTATION_CONTEXT ( 'NONE', 'WORKASPACE' ) );
#6986 =( LENGTH_UNIT ( ) NAMED_UNIT ( * ) SI_UNIT ( $, .METRE. ) );
#6987 = CARTESIAN_POINT ( 'NONE',  ( 0.1079999999999999988, 0.04000000000000000777, -0.03300000000000000155 ) ) ;
#6988 = ORIENTED_EDGE ( 'NONE', *, *, #5706, .T. ) ;
#6989 = CARTESIAN_POINT ( 'NONE',  ( 0.007999999999999989758, 0.1759999999999999898, 0.03300000000000000155 ) ) ;
#6990 = CARTESIAN_POINT ( 'NONE',  ( 0.02220491502812529938, 0.05000000000000000971, 2.000865229734567787E-19 ) ) ;
#6991 = ORIENTED_EDGE ( 'NONE', *, *, #9328, .T. ) ;
#6992 = CARTESIAN_POINT ( 'NONE',  ( -0.05300000000000001238, 0.1849999999999999978, 0.02199999999999997097 ) ) ;
#6993 =( NAMED_UNIT ( * ) PLANE_ANGLE_UNIT ( ) SI_UNIT ( $, .RADIAN. ) );
#6994 =( GEOMETRIC_REPRESENTATION_CONTEXT ( 3 ) GLOBAL_UNCERTAINTY_ASSIGNED_CONTEXT ( ( #2152 ) ) GLOBAL_UNIT_ASSIGNED_CONTEXT ( ( #4493, #11733, #7287 ) ) REPRESENTATION_CONTEXT ( 'NONE', 'WORKASPACE' ) );
#6995 = CARTESIAN_POINT ( 'NONE',  ( 0.1079999999999999988, -0.06600000000000000311, 0.01700000000000000122 ) ) ;
#6996 = CARTESIAN_POINT ( 'NONE',  ( 0.05000000000000000971, 0.2099999999999999922, 0.1000000000000000056 ) ) ;
#6997 = EDGE_CURVE ( 'NONE', #3900, #897, #5025, .T. ) ;
#6998 = ORIENTED_EDGE ( 'NONE', *, *, #3404, .T. ) ;
#6999 = DIRECTION ( 'NONE',  ( 1.000000000000000000, -0.000000000000000000, 0.000000000000000000 ) ) ;
#7000 = DIMENSIONAL_EXPONENTS ( 1.000000000000000000, 0.000000000000000000, 0.000000000000000000, 0.000000000000000000, 0.000000000000000000, 0.000000000000000000, 0.000000000000000000 ) ;
#7001 = MECHANICAL_DESIGN_GEOMETRIC_PRESENTATION_REPRESENTATION (  '', ( #2464 ), #2084 ) ;
#7002 = LENGTH_MEASURE_WITH_UNIT ( LENGTH_MEASURE( 0.02539999999999999897 ), #9640 );
#7003 = ORIENTED_EDGE ( 'NONE', *, *, #6997, .T. ) ;
#7004 = ADVANCED_FACE ( 'NONE', ( #3142 ), #7753, .T. ) ;
#7005 = PRESENTATION_STYLE_ASSIGNMENT (( #1703 ) ) ;
#7006 = FILL_AREA_STYLE_COLOUR ( '', #10823 ) ;
#7007 = CARTESIAN_POINT ( 'NONE',  ( 0.02220491502812528897, 0.05000000000000000278, -0.002500000000000000052 ) ) ;
#7008 = CARTESIAN_POINT ( 'NONE',  ( 0.09199999999999999845, 0.2099999999999999922, -0.03300000000000000155 ) ) ;
#7009 = DIRECTION ( 'NONE',  ( -0.000000000000000000, -0.000000000000000000, 1.000000000000000000 ) ) ;
#7010 = COLOUR_RGB ( '',1.000000000000000000, 0.000000000000000000, 0.000000000000000000 ) ;
#7011 = ADVANCED_FACE ( 'NONE', ( #3503 ), #8902, .F. ) ;
#7012 =( LENGTH_UNIT ( ) NAMED_UNIT ( * ) SI_UNIT ( $, .METRE. ) );
#7013 = DIRECTION ( 'NONE',  ( -1.000000000000000000, -0.000000000000000000, 0.000000000000000000 ) ) ;
#7014 =( NAMED_UNIT ( * ) PLANE_ANGLE_UNIT ( ) SI_UNIT ( $, .RADIAN. ) );
#7015 = EDGE_CURVE ( 'NONE', #6605, #4300, #8337, .T. ) ;
#7016 =( LENGTH_UNIT ( ) NAMED_UNIT ( * ) SI_UNIT ( $, .METRE. ) );
#7017 = VECTOR ( 'NONE', #3370, 39.37007874015748143 ) ;
#7018 = COLOUR_RGB ( '',0.8627450980392157298, 0.6274509803921568540, 0.05882352941176470507 ) ;
#7019 = ORIENTED_EDGE ( 'NONE', *, *, #7413, .T. ) ;
#7020 = FILL_AREA_STYLE ('',( #6203 ) ) ;
#7021 = DIRECTION ( 'NONE',  ( -1.000000000000000000, 0.000000000000000000, -0.000000000000000000 ) ) ;
#7022 =( CONVERSION_BASED_UNIT ( 'INCH', #3466 ) LENGTH_UNIT ( ) NAMED_UNIT ( #1260 ) );
#7023 = UNCERTAINTY_MEASURE_WITH_UNIT (LENGTH_MEASURE( 1.000000000000000082E-05 ), #8560, 'distance_accuracy_value', 'NONE');
#7024 =( NAMED_UNIT ( * ) SI_UNIT ( $, .STERADIAN. ) SOLID_ANGLE_UNIT ( ) );
#7025 = SURFACE_STYLE_FILL_AREA ( #3413 ) ;
#7026 = DIMENSIONAL_EXPONENTS ( 1.000000000000000000, 0.000000000000000000, 0.000000000000000000, 0.000000000000000000, 0.000000000000000000, 0.000000000000000000, 0.000000000000000000 ) ;
#7027 = CARTESIAN_POINT ( 'NONE',  ( 0.1079999999999999988, -0.07499999999999999722, -0.02199999999999999872 ) ) ;
#7028 = FACE_OUTER_BOUND ( 'NONE', #11201, .T. ) ;
#7029 = ORIENTED_EDGE ( 'NONE', *, *, #8820, .F. ) ;
#7030 = ORIENTED_EDGE ( 'NONE', *, *, #8083, .F. ) ;
#7031 =( LENGTH_UNIT ( ) NAMED_UNIT ( * ) SI_UNIT ( $, .METRE. ) );
#7032 = FILL_AREA_STYLE ('',( #3541 ) ) ;
#7033 = ORIENTED_EDGE ( 'NONE', *, *, #2221, .F. ) ;
#7034 = DIRECTION ( 'NONE',  ( -0.000000000000000000, 1.000000000000000000, 0.000000000000000000 ) ) ;
#7035 =( GEOMETRIC_REPRESENTATION_CONTEXT ( 3 ) GLOBAL_UNCERTAINTY_ASSIGNED_CONTEXT ( ( #7835 ) ) GLOBAL_UNIT_ASSIGNED_CONTEXT ( ( #2858, #1193, #6712 ) ) REPRESENTATION_CONTEXT ( 'NONE', 'WORKASPACE' ) );
#7036 = FILL_AREA_STYLE ('',( #9677 ) ) ;
#7037 = LENGTH_MEASURE_WITH_UNIT ( LENGTH_MEASURE( 0.02539999999999999897 ), #4352 );
#7038 = ORIENTED_EDGE ( 'NONE', *, *, #5929, .F. ) ;
#7039 = ORIENTED_EDGE ( 'NONE', *, *, #6228, .T. ) ;
#7040 =( NAMED_UNIT ( * ) PLANE_ANGLE_UNIT ( ) SI_UNIT ( $, .RADIAN. ) );
#7041 = LENGTH_MEASURE_WITH_UNIT ( LENGTH_MEASURE( 0.02539999999999999897 ), #1215 );
#7042 = FILL_AREA_STYLE_COLOUR ( '', #498 ) ;
#7043 = ORIENTED_EDGE ( 'NONE', *, *, #8839, .T. ) ;
#7044 =( NAMED_UNIT ( * ) SI_UNIT ( $, .STERADIAN. ) SOLID_ANGLE_UNIT ( ) );
#7045 = CARTESIAN_POINT ( 'NONE',  ( -0.05800000000000000294, 0.1759999999999999898, 0.01699999999999996653 ) ) ;
#7046 = ORIENTED_EDGE ( 'NONE', *, *, #1497, .F. ) ;
#7047 = LINE ( 'NONE', #5325, #3691 ) ;
#7048 = STYLED_ITEM ( 'NONE', ( #8339 ), #3525 ) ;
#7049 = FACE_OUTER_BOUND ( 'NONE', #11641, .T. ) ;
#7050 = DIRECTION ( 'NONE',  ( -1.000000000000000000, -0.000000000000000000, 0.000000000000000000 ) ) ;
#7051 = LENGTH_MEASURE_WITH_UNIT ( LENGTH_MEASURE( 0.02539999999999999897 ), #3446 );
#7052 = EDGE_LOOP ( 'NONE', ( #7579, #6721, #9951, #10242 ) ) ;
#7053 = VECTOR ( 'NONE', #7894, 39.37007874015748143 ) ;
#7054 = DIRECTION ( 'NONE',  ( -1.000000000000000000, 0.000000000000000000, 0.000000000000000000 ) ) ;
#7055 = ORIENTED_EDGE ( 'NONE', *, *, #4870, .F. ) ;
#7056 = SURFACE_SIDE_STYLE ('',( #4318 ) ) ;
#7057 = EDGE_CURVE ( 'NONE', #9741, #3500, #7984, .T. ) ;
#7058 = CARTESIAN_POINT ( 'NONE',  ( 0.05800000000000000294, 0.2099999999999999922, -0.01700000000000000122 ) ) ;
#7059 = DIRECTION ( 'NONE',  ( 0.000000000000000000, -0.000000000000000000, -1.000000000000000000 ) ) ;
#7060 = DIRECTION ( 'NONE',  ( -0.000000000000000000, -1.000000000000000000, -0.000000000000000000 ) ) ;
#7061 = VECTOR ( 'NONE', #6571, 39.37007874015748143 ) ;
#7062 = STYLED_ITEM ( 'NONE', ( #7076 ), #7201 ) ;
#7063 = EDGE_CURVE ( 'NONE', #685, #8464, #7047, .T. ) ;
#7064 = AXIS2_PLACEMENT_3D ( 'NONE', #1321, #2210, #3332 ) ;
#7065 = PRESENTATION_STYLE_ASSIGNMENT (( #9704 ) ) ;
#7066 = DIRECTION ( 'NONE',  ( 0.4472135954999579277, -0.8944271909999158554, 0.000000000000000000 ) ) ;
#7067 = LENGTH_MEASURE_WITH_UNIT ( LENGTH_MEASURE( 0.02539999999999999897 ), #10806 );
#7068 = VERTEX_POINT ( 'NONE', #6179 ) ;
#7069 = FILL_AREA_STYLE ('',( #9888 ) ) ;
#7070 = EDGE_CURVE ( 'NONE', #9168, #138, #9795, .T. ) ;
#7071 = DIMENSIONAL_EXPONENTS ( 1.000000000000000000, 0.000000000000000000, 0.000000000000000000, 0.000000000000000000, 0.000000000000000000, 0.000000000000000000, 0.000000000000000000 ) ;
#7072 = COLOUR_RGB ( '',0.2862745098039215508, 0.2862745098039215508, 0.2862745098039215508 ) ;
#7073 = STYLED_ITEM ( 'NONE', ( #4708 ), #5858 ) ;
#7074 =( CONVERSION_BASED_UNIT ( 'INCH', #3465 ) LENGTH_UNIT ( ) NAMED_UNIT ( #9822 ) );
#7075 = COLOUR_RGB ( '',0.8627450980392157298, 0.6274509803921568540, 0.05882352941176470507 ) ;
#7076 = PRESENTATION_STYLE_ASSIGNMENT (( #10620 ) ) ;
#7077 = SURFACE_STYLE_FILL_AREA ( #10743 ) ;
#7078 = PLANE ( 'NONE',  #5963 ) ;
#7079 =( NAMED_UNIT ( * ) SI_UNIT ( $, .STERADIAN. ) SOLID_ANGLE_UNIT ( ) );
#7080 = VECTOR ( 'NONE', #654, 39.37007874015748854 ) ;
#7081 = ORIENTED_EDGE ( 'NONE', *, *, #922, .F. ) ;
#7082 = ORIENTED_EDGE ( 'NONE', *, *, #11550, .F. ) ;
#7083 = PLANE ( 'NONE',  #6032 ) ;
#7084 = VECTOR ( 'NONE', #1305, 39.37007874015748143 ) ;
#7085 = EDGE_CURVE ( 'NONE', #1192, #283, #824, .T. ) ;
#7086 = SURFACE_STYLE_FILL_AREA ( #7032 ) ;
#7087 = ORIENTED_EDGE ( 'NONE', *, *, #9208, .F. ) ;
#7088 = LENGTH_MEASURE_WITH_UNIT ( LENGTH_MEASURE( 0.02539999999999999897 ), #4288 );
#7089 = CARTESIAN_POINT ( 'NONE',  ( 0.04200000000000000955, 0.06499999999999998834, -0.01700000000000000122 ) ) ;
#7090 =( GEOMETRIC_REPRESENTATION_CONTEXT ( 3 ) GLOBAL_UNCERTAINTY_ASSIGNED_CONTEXT ( ( #6098 ) ) GLOBAL_UNIT_ASSIGNED_CONTEXT ( ( #10444, #7668, #674 ) ) REPRESENTATION_CONTEXT ( 'NONE', 'WORKASPACE' ) );
#7091 = LINE ( 'NONE', #8099, #1138 ) ;
#7092 = AXIS2_PLACEMENT_3D ( 'NONE', #8045, #5269, #11123 ) ;
#7093 = ADVANCED_FACE ( 'NONE', ( #4421 ), #7176, .T. ) ;
#7094 = SURFACE_STYLE_USAGE ( .BOTH. , #3485 ) ;
#7095 = CARTESIAN_POINT ( 'NONE',  ( 0.1079999999999999988, 0.1759999999999999898, -0.03300000000000000155 ) ) ;
#7096 = CARTESIAN_POINT ( 'NONE',  ( -0.2879999999999999782, 0.2099999999999999922, -0.1000000000000000056 ) ) ;
#7097 = ORIENTED_EDGE ( 'NONE', *, *, #699, .T. ) ;
#7098 = COLOUR_RGB ( '',0.8627450980392157298, 0.6274509803921568540, 0.05882352941176470507 ) ;
#7099 = ORIENTED_EDGE ( 'NONE', *, *, #11614, .T. ) ;
#7100 = CARTESIAN_POINT ( 'NONE',  ( -0.05800000000000000294, 0.06499999999999998834, 0.03300000000000000155 ) ) ;
#7101 = PRESENTATION_STYLE_ASSIGNMENT (( #6061 ) ) ;
#7102 = DIMENSIONAL_EXPONENTS ( 1.000000000000000000, 0.000000000000000000, 0.000000000000000000, 0.000000000000000000, 0.000000000000000000, 0.000000000000000000, 0.000000000000000000 ) ;
#7103 = CARTESIAN_POINT ( 'NONE',  ( 0.1079999999999999988, 0.1759999999999999898, 0.01700000000000000122 ) ) ;
#7104 =( NAMED_UNIT ( * ) PLANE_ANGLE_UNIT ( ) SI_UNIT ( $, .RADIAN. ) );
#7105 = LINE ( 'NONE', #1007, #10386 ) ;
#7106 = ORIENTED_EDGE ( 'NONE', *, *, #6789, .F. ) ;
#7107 =( CONVERSION_BASED_UNIT ( 'INCH', #2667 ) LENGTH_UNIT ( ) NAMED_UNIT ( #8213 ) );
#7108 = DIRECTION ( 'NONE',  ( -0.000000000000000000, -0.000000000000000000, 1.000000000000000000 ) ) ;
#7109 = ORIENTED_EDGE ( 'NONE', *, *, #6646, .T. ) ;
#7110 = SURFACE_STYLE_FILL_AREA ( #3383 ) ;
#7111 =( CONVERSION_BASED_UNIT ( 'INCH', #10959 ) LENGTH_UNIT ( ) NAMED_UNIT ( #6428 ) );
#7112 = LINE ( 'NONE', #9097, #3206 ) ;
#7113 =( CONVERSION_BASED_UNIT ( 'INCH', #599 ) LENGTH_UNIT ( ) NAMED_UNIT ( #3471 ) );
#7114 = DIRECTION ( 'NONE',  ( -1.000000000000000000, -0.000000000000000000, -0.000000000000000000 ) ) ;
#7115 = PRESENTATION_LAYER_ASSIGNMENT (  '', '', ( #10399 ) ) ;
#7116 = VERTEX_POINT ( 'NONE', #8393 ) ;
#7117 = AXIS2_PLACEMENT_3D ( 'NONE', #6613, #476, #4791 ) ;
#7118 = EDGE_LOOP ( 'NONE', ( #10903, #7908, #3578, #9784 ) ) ;
#7119 = LINE ( 'NONE', #8967, #2699 ) ;
#7120 = ORIENTED_EDGE ( 'NONE', *, *, #6779, .F. ) ;
#7121 = LENGTH_MEASURE_WITH_UNIT ( LENGTH_MEASURE( 0.02539999999999999897 ), #59 );
#7122 = EDGE_CURVE ( 'NONE', #5806, #1805, #3993, .T. ) ;
#7123 = FILL_AREA_STYLE ('',( #3631 ) ) ;
#7124 =( GEOMETRIC_REPRESENTATION_CONTEXT ( 3 ) GLOBAL_UNCERTAINTY_ASSIGNED_CONTEXT ( ( #7591 ) ) GLOBAL_UNIT_ASSIGNED_CONTEXT ( ( #1441, #11397, #7612 ) ) REPRESENTATION_CONTEXT ( 'NONE', 'WORKASPACE' ) );
#7125 = STYLED_ITEM ( 'NONE', ( #1252 ), #173 ) ;
#7126 = LINE ( 'NONE', #7943, #10648 ) ;
#7127 = MECHANICAL_DESIGN_GEOMETRIC_PRESENTATION_REPRESENTATION (  '', ( #6400 ), #4653 ) ;
#7128 = COLOUR_RGB ( '',0.8627450980392157298, 0.6274509803921568540, 0.05882352941176470507 ) ;
#7129 = ADVANCED_FACE ( 'NONE', ( #6804 ), #11181, .F. ) ;
#7130 = VECTOR ( 'NONE', #2313, 39.37007874015748143 ) ;
#7131 = MECHANICAL_DESIGN_GEOMETRIC_PRESENTATION_REPRESENTATION (  '', ( #7869 ), #1803 ) ;
#7132 = STYLED_ITEM ( 'NONE', ( #2353 ), #11476 ) ;
#7133 = SURFACE_STYLE_USAGE ( .BOTH. , #6201 ) ;
#7134 = ORIENTED_EDGE ( 'NONE', *, *, #858, .F. ) ;
#7135 = VECTOR ( 'NONE', #8091, 39.37007874015748143 ) ;
#7136 =( NAMED_UNIT ( * ) PLANE_ANGLE_UNIT ( ) SI_UNIT ( $, .RADIAN. ) );
#7137 = VECTOR ( 'NONE', #5003, 39.37007874015748143 ) ;
#7138 = FILL_AREA_STYLE ('',( #5294 ) ) ;
#7139 =( LENGTH_UNIT ( ) NAMED_UNIT ( * ) SI_UNIT ( $, .METRE. ) );
#7140 = UNCERTAINTY_MEASURE_WITH_UNIT (LENGTH_MEASURE( 1.000000000000000082E-05 ), #6287, 'distance_accuracy_value', 'NONE');
#7141 = VECTOR ( 'NONE', #5447, 39.37007874015748143 ) ;
#7142 = VERTEX_POINT ( 'NONE', #10215 ) ;
#7143 = ORIENTED_EDGE ( 'NONE', *, *, #4347, .F. ) ;
#7144 =( GEOMETRIC_REPRESENTATION_CONTEXT ( 3 ) GLOBAL_UNCERTAINTY_ASSIGNED_CONTEXT ( ( #11663 ) ) GLOBAL_UNIT_ASSIGNED_CONTEXT ( ( #5485, #992, #4583 ) ) REPRESENTATION_CONTEXT ( 'NONE', 'WORKASPACE' ) );
#7145 = ADVANCED_FACE ( 'NONE', ( #3236 ), #4048, .F. ) ;
#7146 = SURFACE_STYLE_USAGE ( .BOTH. , #3816 ) ;
#7147 = FILL_AREA_STYLE ('',( #10752 ) ) ;
#7148 = LINE ( 'NONE', #10820, #2572 ) ;
#7149 = COLOUR_RGB ( '',1.000000000000000000, 0.000000000000000000, 0.000000000000000000 ) ;
#7150 = EDGE_LOOP ( 'NONE', ( #2801, #3137, #573 ) ) ;
#7151 = FILL_AREA_STYLE ('',( #2470 ) ) ;
#7152 = EDGE_CURVE ( 'NONE', #971, #9493, #9764, .T. ) ;
#7153 = DIRECTION ( 'NONE',  ( -1.000000000000000000, 0.000000000000000000, 0.000000000000000000 ) ) ;
#7154 =( GEOMETRIC_REPRESENTATION_CONTEXT ( 3 ) GLOBAL_UNCERTAINTY_ASSIGNED_CONTEXT ( ( #6401 ) ) GLOBAL_UNIT_ASSIGNED_CONTEXT ( ( #1154, #9345, #4861 ) ) REPRESENTATION_CONTEXT ( 'NONE', 'WORKASPACE' ) );
#7155 = SURFACE_STYLE_FILL_AREA ( #4469 ) ;
#7156 = UNCERTAINTY_MEASURE_WITH_UNIT (LENGTH_MEASURE( 1.000000000000000082E-05 ), #4859, 'distance_accuracy_value', 'NONE');
#7157 = DIRECTION ( 'NONE',  ( 1.000000000000000000, 0.000000000000000000, -0.000000000000000000 ) ) ;
#7158 = DIMENSIONAL_EXPONENTS ( 1.000000000000000000, 0.000000000000000000, 0.000000000000000000, 0.000000000000000000, 0.000000000000000000, 0.000000000000000000, 0.000000000000000000 ) ;
#7159 = EDGE_CURVE ( 'NONE', #4932, #7816, #6038, .T. ) ;
#7160 = PRESENTATION_LAYER_ASSIGNMENT (  '', '', ( #4293 ) ) ;
#7161 = SURFACE_SIDE_STYLE ('',( #9011 ) ) ;
#7162 = ORIENTED_EDGE ( 'NONE', *, *, #10227, .F. ) ;
#7163 = ORIENTED_EDGE ( 'NONE', *, *, #1699, .F. ) ;
#7164 = FACE_OUTER_BOUND ( 'NONE', #1870, .T. ) ;
#7165 = COLOUR_RGB ( '',0.2862745098039215508, 0.2862745098039215508, 0.2862745098039215508 ) ;
#7166 = AXIS2_PLACEMENT_3D ( 'NONE', #1407, #5017, #8650 ) ;
#7167 = LINE ( 'NONE', #10897, #7141 ) ;
#7168 = EDGE_CURVE ( 'NONE', #2146, #9493, #11698, .T. ) ;
#7169 = SURFACE_STYLE_USAGE ( .BOTH. , #3561 ) ;
#7170 = CARTESIAN_POINT ( 'NONE',  ( 0.2879999999999999782, 0.02000000000000000042, 0.05999999999999999778 ) ) ;
#7171 = VERTEX_POINT ( 'NONE', #10500 ) ;
#7172 = FACE_OUTER_BOUND ( 'NONE', #11368, .T. ) ;
#7173 = ORIENTED_EDGE ( 'NONE', *, *, #6520, .F. ) ;
#7174 = DIRECTION ( 'NONE',  ( -0.000000000000000000, -1.000000000000000000, 0.000000000000000000 ) ) ;
#7175 = DIRECTION ( 'NONE',  ( -0.000000000000000000, -0.000000000000000000, 1.000000000000000000 ) ) ;
#7176 = PLANE ( 'NONE',  #4427 ) ;
#7177 = CARTESIAN_POINT ( 'NONE',  ( 0.1079999999999999988, -0.06599999999999998923, 0.03300000000000000155 ) ) ;
#7178 = ORIENTED_EDGE ( 'NONE', *, *, #9072, .F. ) ;
#7179 = ORIENTED_EDGE ( 'NONE', *, *, #356, .T. ) ;
#7180 = CARTESIAN_POINT ( 'NONE',  ( -0.04200000000000000955, 0.1759999999999999898, -0.01700000000000003245 ) ) ;
#7181 = STYLED_ITEM ( 'NONE', ( #8293 ), #4810 ) ;
#7182 = ORIENTED_EDGE ( 'NONE', *, *, #165, .T. ) ;
#7183 = VECTOR ( 'NONE', #4423, 39.37007874015748143 ) ;
#7184 = VERTEX_POINT ( 'NONE', #2513 ) ;
#7185 = LENGTH_MEASURE_WITH_UNIT ( LENGTH_MEASURE( 0.02539999999999999897 ), #5342 );
#7186 = DIMENSIONAL_EXPONENTS ( 1.000000000000000000, 0.000000000000000000, 0.000000000000000000, 0.000000000000000000, 0.000000000000000000, 0.000000000000000000, 0.000000000000000000 ) ;
#7187 = FILL_AREA_STYLE_COLOUR ( '', #6900 ) ;
#7188 =( LENGTH_UNIT ( ) NAMED_UNIT ( * ) SI_UNIT ( $, .METRE. ) );
#7189 = LENGTH_MEASURE_WITH_UNIT ( LENGTH_MEASURE( 0.02539999999999999897 ), #6317 );
#7190 =( LENGTH_UNIT ( ) NAMED_UNIT ( * ) SI_UNIT ( $, .METRE. ) );
#7191 = SURFACE_SIDE_STYLE ('',( #845 ) ) ;
#7192 = MECHANICAL_DESIGN_GEOMETRIC_PRESENTATION_REPRESENTATION (  '', ( #8711 ), #8901 ) ;
#7193 = CARTESIAN_POINT ( 'NONE',  ( -0.05800000000000001682, 0.04000000000000001471, -0.03300000000000000155 ) ) ;
#7194 =( GEOMETRIC_REPRESENTATION_CONTEXT ( 3 ) GLOBAL_UNCERTAINTY_ASSIGNED_CONTEXT ( ( #7719 ) ) GLOBAL_UNIT_ASSIGNED_CONTEXT ( ( #9447, #6597, #9211 ) ) REPRESENTATION_CONTEXT ( 'NONE', 'WORKASPACE' ) );
#7195 = EDGE_CURVE ( 'NONE', #9322, #10279, #5971, .T. ) ;
#7196 = CARTESIAN_POINT ( 'NONE',  ( 0.04200000000000000955, 0.04000000000000000777, -0.01700000000000000122 ) ) ;
#7197 = PLANE ( 'NONE',  #6006 ) ;
#7198 = ORIENTED_EDGE ( 'NONE', *, *, #10843, .T. ) ;
#7199 = COLOUR_RGB ( '',0.8627450980392157298, 0.6274509803921568540, 0.05882352941176470507 ) ;
#7200 = DIRECTION ( 'NONE',  ( -0.000000000000000000, 1.000000000000000000, 0.000000000000000000 ) ) ;
#7201 = ADVANCED_FACE ( 'NONE', ( #11635 ), #6963, .F. ) ;
#7202 = DIRECTION ( 'NONE',  ( -1.000000000000000000, -0.000000000000000000, 0.000000000000000000 ) ) ;
#7203 = ORIENTED_EDGE ( 'NONE', *, *, #8544, .T. ) ;
#7204 = ORIENTED_EDGE ( 'NONE', *, *, #3177, .F. ) ;
#7205 = VECTOR ( 'NONE', #9881, 39.37007874015748143 ) ;
#7206 = PLANE ( 'NONE',  #5245 ) ;
#7207 = PRODUCT_DEFINITION_CONTEXT ( 'detailed design', #7314, 'design' ) ;
#7208 = FILL_AREA_STYLE_COLOUR ( '', #8438 ) ;
#7209 = SURFACE_STYLE_FILL_AREA ( #932 ) ;
#7210 = ORIENTED_EDGE ( 'NONE', *, *, #1530, .T. ) ;
#7211 = DIRECTION ( 'NONE',  ( 0.000000000000000000, 0.000000000000000000, -1.000000000000000000 ) ) ;
#7212 = CARTESIAN_POINT ( 'NONE',  ( -0.04200000000000000955, 0.05000000000000000278, 0.1199999999999999956 ) ) ;
#7213 = EDGE_CURVE ( 'NONE', #4230, #3008, #9713, .T. ) ;
#7214 = CARTESIAN_POINT ( 'NONE',  ( 0.1079999999999999988, 0.1759999999999999898, 0.1199999999999999956 ) ) ;
#7215 =( GEOMETRIC_REPRESENTATION_CONTEXT ( 3 ) GLOBAL_UNCERTAINTY_ASSIGNED_CONTEXT ( ( #1776 ) ) GLOBAL_UNIT_ASSIGNED_CONTEXT ( ( #6342, #5495, #1792 ) ) REPRESENTATION_CONTEXT ( 'NONE', 'WORKASPACE' ) );
#7216 =( NAMED_UNIT ( * ) PLANE_ANGLE_UNIT ( ) SI_UNIT ( $, .RADIAN. ) );
#7217 = CARTESIAN_POINT ( 'NONE',  ( -0.04200000000000003730, 0.1759999999999999898, 0.03299999999999995992 ) ) ;
#7218 = DIRECTION ( 'NONE',  ( -0.000000000000000000, 1.000000000000000000, 0.000000000000000000 ) ) ;
#7219 = FACE_OUTER_BOUND ( 'NONE', #3915, .T. ) ;
#7220 = VERTEX_POINT ( 'NONE', #11568 ) ;
#7221 = ORIENTED_EDGE ( 'NONE', *, *, #1418, .T. ) ;
#7222 = PRESENTATION_STYLE_ASSIGNMENT (( #5205 ) ) ;
#7223 = SURFACE_STYLE_USAGE ( .BOTH. , #2777 ) ;
#7224 =( NAMED_UNIT ( * ) SI_UNIT ( $, .STERADIAN. ) SOLID_ANGLE_UNIT ( ) );
#7225 = DIRECTION ( 'NONE',  ( 0.000000000000000000, 0.4856429311786318315, -0.8741572761215379295 ) ) ;
#7226 = VERTEX_POINT ( 'NONE', #3641 ) ;
#7227 = LINE ( 'NONE', #1686, #7498 ) ;
#7228 = ORIENTED_EDGE ( 'NONE', *, *, #42, .T. ) ;
#7229 = LINE ( 'NONE', #2723, #4050 ) ;
#7230 = CARTESIAN_POINT ( 'NONE',  ( 0.1079999999999999988, 0.04000000000000000083, 0.01700000000000000122 ) ) ;
#7231 = SURFACE_STYLE_USAGE ( .BOTH. , #11804 ) ;
#7232 = CARTESIAN_POINT ( 'NONE',  ( 0.1079999999999999988, -0.07499999999999999722, -0.02199999999999999872 ) ) ;
#7233 = ORIENTED_EDGE ( 'NONE', *, *, #195, .T. ) ;
#7234 = EDGE_CURVE ( 'NONE', #7460, #6983, #10073, .T. ) ;
#7235 = ORIENTED_EDGE ( 'NONE', *, *, #10764, .F. ) ;
#7236 = DIMENSIONAL_EXPONENTS ( 1.000000000000000000, 0.000000000000000000, 0.000000000000000000, 0.000000000000000000, 0.000000000000000000, 0.000000000000000000, 0.000000000000000000 ) ;
#7237 = ORIENTED_EDGE ( 'NONE', *, *, #8746, .F. ) ;
#7238 = ADVANCED_FACE ( 'NONE', ( #4449 ), #6445, .F. ) ;
#7239 = VECTOR ( 'NONE', #6286, 39.37007874015748854 ) ;
#7240 = EDGE_LOOP ( 'NONE', ( #5253, #1207, #5542, #3520 ) ) ;
#7241 = SURFACE_SIDE_STYLE ('',( #1143 ) ) ;
#7242 = PLANE ( 'NONE',  #5464 ) ;
#7243 = LENGTH_MEASURE_WITH_UNIT ( LENGTH_MEASURE( 0.02539999999999999897 ), #8182 );
#7244 = FILL_AREA_STYLE_COLOUR ( '', #2144 ) ;
#7245 = MECHANICAL_DESIGN_GEOMETRIC_PRESENTATION_REPRESENTATION (  '', ( #2510 ), #11090 ) ;
#7246 = CARTESIAN_POINT ( 'NONE',  ( 0.2879999999999999782, 0.02000000000000000042, 0.05999999999999999778 ) ) ;
#7247 = VECTOR ( 'NONE', #11599, 39.37007874015748143 ) ;
#7248 = LINE ( 'NONE', #10926, #9261 ) ;
#7249 = EDGE_LOOP ( 'NONE', ( #2058, #1486, #7003, #7266 ) ) ;
#7250 = DIRECTION ( 'NONE',  ( 0.000000000000000000, -0.000000000000000000, 1.000000000000000000 ) ) ;
#7251 = FACE_OUTER_BOUND ( 'NONE', #8428, .T. ) ;
#7252 = LINE ( 'NONE', #1714, #11134 ) ;
#7253 = CARTESIAN_POINT ( 'NONE',  ( 0.04999999999999996808, 0.06000000000000002554, -0.1000000000000000194 ) ) ;
#7254 = CARTESIAN_POINT ( 'NONE',  ( 0.2879999999999999782, 0.000000000000000000, 0.1000000000000000056 ) ) ;
#7255 = UNCERTAINTY_MEASURE_WITH_UNIT (LENGTH_MEASURE( 1.000000000000000082E-05 ), #6084, 'distance_accuracy_value', 'NONE');
#7256 = COLOUR_RGB ( '',0.2862745098039215508, 0.2862745098039215508, 0.2862745098039215508 ) ;
#7257 = VECTOR ( 'NONE', #2559, 39.37007874015748143 ) ;
#7258 = DIMENSIONAL_EXPONENTS ( 1.000000000000000000, 0.000000000000000000, 0.000000000000000000, 0.000000000000000000, 0.000000000000000000, 0.000000000000000000, 0.000000000000000000 ) ;
#7259 = DIRECTION ( 'NONE',  ( -0.000000000000000000, 0.000000000000000000, -1.000000000000000000 ) ) ;
#7260 =( CONVERSION_BASED_UNIT ( 'INCH', #2641 ) LENGTH_UNIT ( ) NAMED_UNIT ( #7258 ) );
#7261 = VERTEX_POINT ( 'NONE', #4520 ) ;
#7262 =( NAMED_UNIT ( * ) SI_UNIT ( $, .STERADIAN. ) SOLID_ANGLE_UNIT ( ) );
#7263 = CARTESIAN_POINT ( 'NONE',  ( -0.05800000000000000294, -0.06600000000000000311, 0.1199999999999999956 ) ) ;
#7264 = STYLED_ITEM ( 'NONE', ( #3409 ), #6606 ) ;
#7265 = FILL_AREA_STYLE_COLOUR ( '', #5228 ) ;
#7266 = ORIENTED_EDGE ( 'NONE', *, *, #5982, .T. ) ;
#7267 = CARTESIAN_POINT ( 'NONE',  ( 0.1079999999999999988, 0.05000000000000000278, -0.01700000000000000122 ) ) ;
#7268 = CARTESIAN_POINT ( 'NONE',  ( 0.05299999999999998462, 0.1849999999999999978, -0.02800000000000002487 ) ) ;
#7269 = EDGE_CURVE ( 'NONE', #6676, #9727, #8991, .T. ) ;
#7270 = COLOUR_RGB ( '',0.8627450980392157298, 0.6274509803921568540, 0.05882352941176470507 ) ;
#7271 = PLANE ( 'NONE',  #5905 ) ;
#7272 = PRESENTATION_STYLE_ASSIGNMENT (( #3606 ) ) ;
#7273 = MECHANICAL_DESIGN_GEOMETRIC_PRESENTATION_REPRESENTATION (  '', ( #11685 ), #6546 ) ;
#7274 = LINE ( 'NONE', #1001, #3341 ) ;
#7275 = EDGE_LOOP ( 'NONE', ( #3221, #11077, #7237, #2338 ) ) ;
#7276 = VERTEX_POINT ( 'NONE', #7254 ) ;
#7277 =( NAMED_UNIT ( * ) PLANE_ANGLE_UNIT ( ) SI_UNIT ( $, .RADIAN. ) );
#7278 = ADVANCED_FACE ( 'NONE', ( #2693 ), #6390, .F. ) ;
#7279 = SURFACE_STYLE_FILL_AREA ( #5506 ) ;
#7280 = FILL_AREA_STYLE ('',( #3725 ) ) ;
#7281 = LENGTH_MEASURE_WITH_UNIT ( LENGTH_MEASURE( 0.02539999999999999897 ), #2605 );
#7282 = ORIENTED_EDGE ( 'NONE', *, *, #1149, .F. ) ;
#7283 =( GEOMETRIC_REPRESENTATION_CONTEXT ( 3 ) GLOBAL_UNCERTAINTY_ASSIGNED_CONTEXT ( ( #8802 ) ) GLOBAL_UNIT_ASSIGNED_CONTEXT ( ( #11602, #8840, #892 ) ) REPRESENTATION_CONTEXT ( 'NONE', 'WORKASPACE' ) );
#7284 = PLANE ( 'NONE',  #9553 ) ;
#7285 = SURFACE_STYLE_USAGE ( .BOTH. , #11730 ) ;
#7286 =( CONVERSION_BASED_UNIT ( 'INCH', #45 ) LENGTH_UNIT ( ) NAMED_UNIT ( #5904 ) );
#7287 =( NAMED_UNIT ( * ) SI_UNIT ( $, .STERADIAN. ) SOLID_ANGLE_UNIT ( ) );
#7288 = COLOUR_RGB ( '',0.8627450980392157298, 0.6274509803921568540, 0.05882352941176470507 ) ;
#7289 = EDGE_LOOP ( 'NONE', ( #9895, #884, #635, #10786 ) ) ;
#7290 = PRESENTATION_STYLE_ASSIGNMENT (( #3677 ) ) ;
#7291 = ORIENTED_EDGE ( 'NONE', *, *, #9840, .F. ) ;
#7292 = EDGE_CURVE ( 'NONE', #6809, #4581, #10990, .T. ) ;
#7293 = ORIENTED_EDGE ( 'NONE', *, *, #2300, .T. ) ;
#7294 =( LENGTH_UNIT ( ) NAMED_UNIT ( * ) SI_UNIT ( $, .METRE. ) );
#7295 = EDGE_LOOP ( 'NONE', ( #8176, #926, #6815, #8868 ) ) ;
#7296 = DIRECTION ( 'NONE',  ( -0.000000000000000000, 0.000000000000000000, -1.000000000000000000 ) ) ;
#7297 = PRESENTATION_LAYER_ASSIGNMENT (  '', '', ( #10562 ) ) ;
#7298 = EDGE_CURVE ( 'NONE', #10295, #2986, #6681, .T. ) ;
#7299 =( LENGTH_UNIT ( ) NAMED_UNIT ( * ) SI_UNIT ( $, .METRE. ) );
#7300 = LINE ( 'NONE', #4440, #9453 ) ;
#7301 = DIRECTION ( 'NONE',  ( -0.000000000000000000, 5.021779400118129785E-16, 1.000000000000000000 ) ) ;
#7302 = VECTOR ( 'NONE', #11646, 39.37007874015748854 ) ;
#7303 = EDGE_CURVE ( 'NONE', #10583, #6107, #4868, .T. ) ;
#7304 = ORIENTED_EDGE ( 'NONE', *, *, #4320, .T. ) ;
#7305 =( GEOMETRIC_REPRESENTATION_CONTEXT ( 3 ) GLOBAL_UNCERTAINTY_ASSIGNED_CONTEXT ( ( #7156 ) ) GLOBAL_UNIT_ASSIGNED_CONTEXT ( ( #4859, #7711, #9342 ) ) REPRESENTATION_CONTEXT ( 'NONE', 'WORKASPACE' ) );
#7306 = STYLED_ITEM ( 'NONE', ( #7988 ), #11145 ) ;
#7307 = DIMENSIONAL_EXPONENTS ( 1.000000000000000000, 0.000000000000000000, 0.000000000000000000, 0.000000000000000000, 0.000000000000000000, 0.000000000000000000, 0.000000000000000000 ) ;
#7308 = SURFACE_STYLE_FILL_AREA ( #8926 ) ;
#7309 = DIRECTION ( 'NONE',  ( -0.000000000000000000, 1.000000000000000000, 0.000000000000000000 ) ) ;
#7310 = AXIS2_PLACEMENT_3D ( 'NONE', #2074, #5763, #6661 ) ;
#7311 = DIRECTION ( 'NONE',  ( 0.000000000000000000, 1.000000000000000000, 0.000000000000000000 ) ) ;
#7312 = DIRECTION ( 'NONE',  ( 0.000000000000000000, 0.000000000000000000, 1.000000000000000000 ) ) ;
#7313 = FILL_AREA_STYLE_COLOUR ( '', #5379 ) ;
#7314 = APPLICATION_CONTEXT ( 'automotive_design' ) ;
#7315 = VERTEX_POINT ( 'NONE', #434 ) ;
#7316 = PRESENTATION_LAYER_ASSIGNMENT (  '', '', ( #10781 ) ) ;
#7317 = PRESENTATION_LAYER_ASSIGNMENT (  '', '', ( #7132 ) ) ;
#7318 = LINE ( 'NONE', #10997, #689 ) ;
#7319 = DIRECTION ( 'NONE',  ( 0.000000000000000000, -0.000000000000000000, 1.000000000000000000 ) ) ;
#7320 = VECTOR ( 'NONE', #9194, 39.37007874015748143 ) ;
#7321 = PLANE ( 'NONE',  #4830 ) ;
#7322 = ORIENTED_EDGE ( 'NONE', *, *, #4014, .F. ) ;
#7323 = LINE ( 'NONE', #216, #6434 ) ;
#7324 = COLOUR_RGB ( '',0.8627450980392157298, 0.6274509803921568540, 0.05882352941176470507 ) ;
#7325 = PRODUCT_DEFINITION_FORMATION_WITH_SPECIFIED_SOURCE ( 'ANY', '', #6318, .NOT_KNOWN. ) ;
#7326 =( NAMED_UNIT ( * ) PLANE_ANGLE_UNIT ( ) SI_UNIT ( $, .RADIAN. ) );
#7327 = PRESENTATION_STYLE_ASSIGNMENT (( #10889 ) ) ;
#7328 = FILL_AREA_STYLE ('',( #1923 ) ) ;
#7329 = SURFACE_SIDE_STYLE ('',( #10330 ) ) ;
#7330 = FACE_OUTER_BOUND ( 'NONE', #8127, .T. ) ;
#7331 = COLOUR_RGB ( '',0.2862745098039215508, 0.2862745098039215508, 0.2862745098039215508 ) ;
#7332 = CARTESIAN_POINT ( 'NONE',  ( 0.09199999999999999845, 0.05000000000000002359, 0.03300000000000000155 ) ) ;
#7333 = ORIENTED_EDGE ( 'NONE', *, *, #11773, .T. ) ;
#7334 = ORIENTED_EDGE ( 'NONE', *, *, #10511, .F. ) ;
#7335 = LINE ( 'NONE', #9146, #2051 ) ;
#7336 = PRESENTATION_LAYER_ASSIGNMENT (  '', '', ( #9816 ) ) ;
#7337 = PRESENTATION_STYLE_ASSIGNMENT (( #3722 ) ) ;
#7338 = CARTESIAN_POINT ( 'NONE',  ( -0.05000000000000000278, 0.2099999999999999922, -0.1000000000000000056 ) ) ;
#7339 =( NAMED_UNIT ( * ) PLANE_ANGLE_UNIT ( ) SI_UNIT ( $, .RADIAN. ) );
#7340 = ADVANCED_FACE ( 'NONE', ( #3987 ), #2990, .F. ) ;
#7341 = VECTOR ( 'NONE', #9052, 39.37007874015748143 ) ;
#7342 = DIRECTION ( 'NONE',  ( -0.000000000000000000, 1.000000000000000000, 0.000000000000000000 ) ) ;
#7343 = ORIENTED_EDGE ( 'NONE', *, *, #9855, .T. ) ;
#7344 = LINE ( 'NONE', #4718, #4496 ) ;
#7345 = LINE ( 'NONE', #6477, #9767 ) ;
#7346 =( NAMED_UNIT ( * ) PLANE_ANGLE_UNIT ( ) SI_UNIT ( $, .RADIAN. ) );
#7347 = AXIS2_PLACEMENT_3D ( 'NONE', #3438, #5452, #9733 ) ;
#7348 = LENGTH_MEASURE_WITH_UNIT ( LENGTH_MEASURE( 0.02539999999999999897 ), #3734 );
#7349 = ADVANCED_FACE ( 'NONE', ( #7658 ), #4982, .F. ) ;
#7350 = CARTESIAN_POINT ( 'NONE',  ( 0.007999999999999989758, -0.06600000000000000311, 0.1199999999999999956 ) ) ;
#7351 = LINE ( 'NONE', #7177, #4832 ) ;
#7352 = VERTEX_POINT ( 'NONE', #1261 ) ;
#7353 = STYLED_ITEM ( 'NONE', ( #8706 ), #4172 ) ;
#7354 = CARTESIAN_POINT ( 'NONE',  ( 0.2879999999999999782, 0.08000000000000000167, -0.1199999999999999956 ) ) ;
#7355 = STYLED_ITEM ( 'NONE', ( #1621 ), #9055 ) ;
#7356 = VERTEX_POINT ( 'NONE', #9813 ) ;
#7357 =( NAMED_UNIT ( * ) PLANE_ANGLE_UNIT ( ) SI_UNIT ( $, .RADIAN. ) );
#7358 = PRESENTATION_LAYER_ASSIGNMENT (  '', '', ( #9092 ) ) ;
#7359 = ORIENTED_EDGE ( 'NONE', *, *, #9072, .T. ) ;
#7360 = PLANE ( 'NONE',  #1911 ) ;
#7361 = ORIENTED_EDGE ( 'NONE', *, *, #8666, .T. ) ;
#7362 = CARTESIAN_POINT ( 'NONE',  ( -0.07499999999999999722, 0.2100000000000000200, 0.1000000000000000056 ) ) ;
#7363 = SURFACE_STYLE_FILL_AREA ( #9875 ) ;
#7364 = STYLED_ITEM ( 'NONE', ( #3274 ), #4426 ) ;
#7365 = VECTOR ( 'NONE', #4783, 39.37007874015748143 ) ;
#7366 = PRESENTATION_STYLE_ASSIGNMENT (( #910 ) ) ;
#7367 = CARTESIAN_POINT ( 'NONE',  ( -0.1000000000000000056, 0.1600000000000000033, 0.09499999999999998723 ) ) ;
#7368 = EDGE_CURVE ( 'NONE', #1104, #8701, #10727, .T. ) ;
#7369 = DIRECTION ( 'NONE',  ( 0.000000000000000000, -0.000000000000000000, -1.000000000000000000 ) ) ;
#7370 = LINE ( 'NONE', #744, #5836 ) ;
#7371 = DIRECTION ( 'NONE',  ( 0.000000000000000000, -0.7071067811865475727, 0.7071067811865474617 ) ) ;
#7372 = EDGE_CURVE ( 'NONE', #4151, #534, #9753, .T. ) ;
#7373 = DIRECTION ( 'NONE',  ( 0.000000000000000000, 0.000000000000000000, 1.000000000000000000 ) ) ;
#7374 = LINE ( 'NONE', #4573, #2586 ) ;
#7375 = ORIENTED_EDGE ( 'NONE', *, *, #1334, .F. ) ;
#7376 = EDGE_CURVE ( 'NONE', #4979, #5501, #6841, .T. ) ;
#7377 = PRESENTATION_STYLE_ASSIGNMENT (( #9179 ) ) ;
#7378 = LINE ( 'NONE', #2873, #5507 ) ;
#7379 = PRODUCT_RELATED_PRODUCT_CATEGORY ( 'part', '', ( #2107 ) ) ;
#7380 =( NAMED_UNIT ( * ) PLANE_ANGLE_UNIT ( ) SI_UNIT ( $, .RADIAN. ) );
#7381 = UNCERTAINTY_MEASURE_WITH_UNIT (LENGTH_MEASURE( 1.000000000000000082E-05 ), #8971, 'distance_accuracy_value', 'NONE');
#7382 = VECTOR ( 'NONE', #8118, 39.37007874015748143 ) ;
#7383 =( LENGTH_UNIT ( ) NAMED_UNIT ( * ) SI_UNIT ( $, .METRE. ) );
#7384 = DIRECTION ( 'NONE',  ( 1.000000000000000000, 0.000000000000000000, 0.000000000000000000 ) ) ;
#7385 = EDGE_CURVE ( 'NONE', #6337, #7709, #1648, .T. ) ;
#7386 = ORIENTED_EDGE ( 'NONE', *, *, #9693, .F. ) ;
#7387 = SURFACE_SIDE_STYLE ('',( #3770 ) ) ;
#7388 = VECTOR ( 'NONE', #11167, 39.37007874015748143 ) ;
#7389 = MECHANICAL_DESIGN_GEOMETRIC_PRESENTATION_REPRESENTATION (  '', ( #7745 ), #9862 ) ;
#7390 = LINE ( 'NONE', #11000, #9361 ) ;
#7391 = DIRECTION ( 'NONE',  ( -1.000000000000000000, -0.000000000000000000, 0.000000000000000000 ) ) ;
#7392 = UNCERTAINTY_MEASURE_WITH_UNIT (LENGTH_MEASURE( 1.000000000000000082E-05 ), #4508, 'distance_accuracy_value', 'NONE');
#7393 = CARTESIAN_POINT ( 'NONE',  ( -0.09700000000000000289, -0.07499999999999999722, 0.02799999999999999711 ) ) ;
#7394 = DIRECTION ( 'NONE',  ( -0.000000000000000000, 0.000000000000000000, 1.000000000000000000 ) ) ;
#7395 = LINE ( 'NONE', #8341, #6820 ) ;
#7396 = DIMENSIONAL_EXPONENTS ( 1.000000000000000000, 0.000000000000000000, 0.000000000000000000, 0.000000000000000000, 0.000000000000000000, 0.000000000000000000, 0.000000000000000000 ) ;
#7397 =( GEOMETRIC_REPRESENTATION_CONTEXT ( 3 ) GLOBAL_UNCERTAINTY_ASSIGNED_CONTEXT ( ( #1909 ) ) GLOBAL_UNIT_ASSIGNED_CONTEXT ( ( #1322, #5788, #489 ) ) REPRESENTATION_CONTEXT ( 'NONE', 'WORKASPACE' ) );
#7398 = FILL_AREA_STYLE_COLOUR ( '', #8665 ) ;
#7399 = ORIENTED_EDGE ( 'NONE', *, *, #9491, .T. ) ;
#7400 = ORIENTED_EDGE ( 'NONE', *, *, #1166, .F. ) ;
#7401 = CARTESIAN_POINT ( 'NONE',  ( -0.1079999999999999988, 0.06500000000000000222, 0.000000000000000000 ) ) ;
#7402 = DIRECTION ( 'NONE',  ( 1.000000000000000000, 0.000000000000000000, 0.000000000000000000 ) ) ;
#7403 = PLANE ( 'NONE',  #7704 ) ;
#7404 = PRESENTATION_STYLE_ASSIGNMENT (( #9967 ) ) ;
#7405 = CARTESIAN_POINT ( 'NONE',  ( -0.3109999999999999987, 0.000000000000000000, 0.000000000000000000 ) ) ;
#7406 = VECTOR ( 'NONE', #10406, 39.37007874015748143 ) ;
#7407 = EDGE_LOOP ( 'NONE', ( #1553, #6833, #11657, #6854 ) ) ;
#7408 = CARTESIAN_POINT ( 'NONE',  ( 0.09700000000000000289, 0.1849999999999999978, 0.02799999999999999711 ) ) ;
#7409 = LINE ( 'NONE', #10904, #9204 ) ;
#7410 =( LENGTH_UNIT ( ) NAMED_UNIT ( * ) SI_UNIT ( $, .METRE. ) );
#7411 = CARTESIAN_POINT ( 'NONE',  ( -0.008000000000000007105, -0.06600000000000000311, -0.03300000000000000155 ) ) ;
#7412 = LINE ( 'NONE', #5702, #9688 ) ;
#7413 = EDGE_CURVE ( 'NONE', #2643, #11221, #1434, .T. ) ;
#7414 = PRESENTATION_STYLE_ASSIGNMENT (( #2850 ) ) ;
#7415 = VERTEX_POINT ( 'NONE', #7768 ) ;
#7416 =( NAMED_UNIT ( * ) PLANE_ANGLE_UNIT ( ) SI_UNIT ( $, .RADIAN. ) );
#7417 = CARTESIAN_POINT ( 'NONE',  ( 0.1079999999999999988, 0.04000000000000000777, 0.01700000000000000122 ) ) ;
#7418 = VERTEX_POINT ( 'NONE', #3456 ) ;
#7419 = VERTEX_POINT ( 'NONE', #7718 ) ;
#7420 = DIRECTION ( 'NONE',  ( -1.000000000000000000, 0.000000000000000000, 0.000000000000000000 ) ) ;
#7421 = CARTESIAN_POINT ( 'NONE',  ( 0.05800000000000000294, 0.06499999999999998834, -0.03300000000000000155 ) ) ;
#7422 = DIRECTION ( 'NONE',  ( 0.8944271909999159664, -0.4472135954999579832, 0.000000000000000000 ) ) ;
#7423 = CARTESIAN_POINT ( 'NONE',  ( -0.05800000000000001682, 0.05000000000000000971, -0.01700000000000000122 ) ) ;
#7424 = DIRECTION ( 'NONE',  ( 0.000000000000000000, 1.000000000000000000, -0.000000000000000000 ) ) ;
#7425 = ORIENTED_EDGE ( 'NONE', *, *, #5866, .T. ) ;
#7426 =( LENGTH_UNIT ( ) NAMED_UNIT ( * ) SI_UNIT ( $, .METRE. ) );
#7427 =( GEOMETRIC_REPRESENTATION_CONTEXT ( 3 ) GLOBAL_UNCERTAINTY_ASSIGNED_CONTEXT ( ( #503 ) ) GLOBAL_UNIT_ASSIGNED_CONTEXT ( ( #6109, #639, #8765 ) ) REPRESENTATION_CONTEXT ( 'NONE', 'WORKASPACE' ) );
#7428 = SURFACE_SIDE_STYLE ('',( #5590 ) ) ;
#7429 = EDGE_CURVE ( 'NONE', #10508, #3719, #11393, .T. ) ;
#7430 = ORIENTED_EDGE ( 'NONE', *, *, #7715, .F. ) ;
#7431 = CARTESIAN_POINT ( 'NONE',  ( 0.2879999999999999782, 0.06000000000000002554, -0.1000000000000000194 ) ) ;
#7432 = DIRECTION ( 'NONE',  ( 1.000000000000000000, 0.000000000000000000, -0.000000000000000000 ) ) ;
#7433 = DIRECTION ( 'NONE',  ( -1.000000000000000000, 0.000000000000000000, -0.000000000000000000 ) ) ;
#7434 = CARTESIAN_POINT ( 'NONE',  ( -0.3250000000000000111, 0.2099999999999999922, -0.1199999999999999956 ) ) ;
#7435 = PRESENTATION_LAYER_ASSIGNMENT (  '', '', ( #4955 ) ) ;
#7436 =( NAMED_UNIT ( * ) SI_UNIT ( $, .STERADIAN. ) SOLID_ANGLE_UNIT ( ) );
#7437 = EDGE_CURVE ( 'NONE', #11409, #10485, #2500, .T. ) ;
#7438 = CARTESIAN_POINT ( 'NONE',  ( 0.09199999999999999845, 0.1759999999999999898, 0.1199999999999999956 ) ) ;
#7439 = STYLED_ITEM ( 'NONE', ( #7491 ), #6060 ) ;
#7440 = PRODUCT_CONTEXT ( 'NONE', #3686, 'mechanical' ) ;
#7441 = ORIENTED_EDGE ( 'NONE', *, *, #8536, .F. ) ;
#7442 = DIRECTION ( 'NONE',  ( 0.000000000000000000, 1.000000000000000000, -0.000000000000000000 ) ) ;
#7443 =( LENGTH_UNIT ( ) NAMED_UNIT ( * ) SI_UNIT ( $, .METRE. ) );
#7444 = EDGE_CURVE ( 'NONE', #1189, #5337, #9700, .T. ) ;
#7445 = DIRECTION ( 'NONE',  ( -0.8741572761215400389, -0.4856429311786280567, 0.000000000000000000 ) ) ;
#7446 = DIRECTION ( 'NONE',  ( 0.000000000000000000, -1.000000000000000000, -0.000000000000000000 ) ) ;
#7447 = COLOUR_RGB ( '',0.8627450980392157298, 0.6274509803921568540, 0.05882352941176470507 ) ;
#7448 = PLANE ( 'NONE',  #4028 ) ;
#7449 = PLANE ( 'NONE',  #3704 ) ;
#7450 = DIRECTION ( 'NONE',  ( 1.000000000000000000, 0.000000000000000000, -0.000000000000000000 ) ) ;
#7451 = ORIENTED_EDGE ( 'NONE', *, *, #10805, .F. ) ;
#7452 = ORIENTED_EDGE ( 'NONE', *, *, #6083, .F. ) ;
#7453 = ADVANCED_FACE ( 'NONE', ( #8861 ), #4203, .F. ) ;
#7454 = PRESENTATION_LAYER_ASSIGNMENT (  '', '', ( #5954 ) ) ;
#7455 = AXIS2_PLACEMENT_3D ( 'NONE', #2635, #76, #3698 ) ;
#7456 = VECTOR ( 'NONE', #9112, 39.37007874015748143 ) ;
#7457 =( NAMED_UNIT ( * ) PLANE_ANGLE_UNIT ( ) SI_UNIT ( $, .RADIAN. ) );
#7458 =( CONVERSION_BASED_UNIT ( 'INCH', #6530 ) LENGTH_UNIT ( ) NAMED_UNIT ( #8749 ) );
#7459 = LINE ( 'NONE', #6648, #10579 ) ;
#7460 = VERTEX_POINT ( 'NONE', #5154 ) ;
#7461 = LINE ( 'NONE', #6534, #5257 ) ;
#7462 =( CONVERSION_BASED_UNIT ( 'INCH', #5565 ) LENGTH_UNIT ( ) NAMED_UNIT ( #4729 ) );
#7463 = AXIS2_PLACEMENT_3D ( 'NONE', #5523, #7420, #2970 ) ;
#7464 = CARTESIAN_POINT ( 'NONE',  ( -0.09199999999999999845, -0.06600000000000000311, -0.01700000000000000122 ) ) ;
#7465 = STYLED_ITEM ( 'NONE', ( #7605 ), #6733 ) ;
#7466 = FACE_OUTER_BOUND ( 'NONE', #7289, .T. ) ;
#7467 = VECTOR ( 'NONE', #4336, 39.37007874015748143 ) ;
#7468 = CARTESIAN_POINT ( 'NONE',  ( -0.008000000000000010575, 0.06500000000000000222, 0.000000000000000000 ) ) ;
#7469 =( CONVERSION_BASED_UNIT ( 'INCH', #359 ) LENGTH_UNIT ( ) NAMED_UNIT ( #2803 ) );
#7470 = ORIENTED_EDGE ( 'NONE', *, *, #1492, .F. ) ;
#7471 = LINE ( 'NONE', #8477, #6196 ) ;
#7472 = DIMENSIONAL_EXPONENTS ( 1.000000000000000000, 0.000000000000000000, 0.000000000000000000, 0.000000000000000000, 0.000000000000000000, 0.000000000000000000, 0.000000000000000000 ) ;
#7473 = VECTOR ( 'NONE', #3160, 39.37007874015748143 ) ;
#7474 = EDGE_LOOP ( 'NONE', ( #9471, #94, #7182, #10257 ) ) ;
#7475 = VERTEX_POINT ( 'NONE', #4097 ) ;
#7476 =( CONVERSION_BASED_UNIT ( 'INCH', #1195 ) LENGTH_UNIT ( ) NAMED_UNIT ( #6846 ) );
#7477 = SURFACE_STYLE_FILL_AREA ( #9393 ) ;
#7478 = SURFACE_STYLE_USAGE ( .BOTH. , #9225 ) ;
#7479 =( GEOMETRIC_REPRESENTATION_CONTEXT ( 3 ) GLOBAL_UNCERTAINTY_ASSIGNED_CONTEXT ( ( #10147 ) ) GLOBAL_UNIT_ASSIGNED_CONTEXT ( ( #10169, #9973, #1880 ) ) REPRESENTATION_CONTEXT ( 'NONE', 'WORKASPACE' ) );
#7480 = DIRECTION ( 'NONE',  ( 1.000000000000000000, 0.000000000000000000, 0.000000000000000000 ) ) ;
#7481 = PLANE ( 'NONE',  #11610 ) ;
#7482 = ORIENTED_EDGE ( 'NONE', *, *, #4229, .T. ) ;
#7483 = CARTESIAN_POINT ( 'NONE',  ( 0.000000000000000000, 0.000000000000000000, -0.1199999999999999956 ) ) ;
#7484 = ORIENTED_EDGE ( 'NONE', *, *, #7015, .F. ) ;
#7485 =( LENGTH_UNIT ( ) NAMED_UNIT ( * ) SI_UNIT ( $, .METRE. ) );
#7486 = FACE_OUTER_BOUND ( 'NONE', #4071, .T. ) ;
#7487 =( NAMED_UNIT ( * ) PLANE_ANGLE_UNIT ( ) SI_UNIT ( $, .RADIAN. ) );
#7488 = DIRECTION ( 'NONE',  ( 0.000000000000000000, -0.000000000000000000, 1.000000000000000000 ) ) ;
#7489 = SURFACE_SIDE_STYLE ('',( #9477 ) ) ;
#7490 = UNCERTAINTY_MEASURE_WITH_UNIT (LENGTH_MEASURE( 1.000000000000000082E-05 ), #6865, 'distance_accuracy_value', 'NONE');
#7491 = PRESENTATION_STYLE_ASSIGNMENT (( #988 ) ) ;
#7492 = EDGE_CURVE ( 'NONE', #7415, #11564, #7822, .T. ) ;
#7493 = DIMENSIONAL_EXPONENTS ( 1.000000000000000000, 0.000000000000000000, 0.000000000000000000, 0.000000000000000000, 0.000000000000000000, 0.000000000000000000, 0.000000000000000000 ) ;
#7494 = SURFACE_STYLE_USAGE ( .BOTH. , #9125 ) ;
#7495 = DIRECTION ( 'NONE',  ( 0.000000000000000000, 0.000000000000000000, 1.000000000000000000 ) ) ;
#7496 = LINE ( 'NONE', #5543, #5823 ) ;
#7497 = AXIS2_PLACEMENT_3D ( 'NONE', #782, #10390, #2384 ) ;
#7498 = VECTOR ( 'NONE', #3564, 39.37007874015748143 ) ;
#7499 = AXIS2_PLACEMENT_3D ( 'NONE', #479, #2087, #4084 ) ;
#7500 = PRODUCT_DEFINITION_SHAPE ( 'NONE', 'NONE',  #1752 ) ;
#7501 = UNCERTAINTY_MEASURE_WITH_UNIT (LENGTH_MEASURE( 1.000000000000000082E-05 ), #2786, 'distance_accuracy_value', 'NONE');
#7502 = STYLED_ITEM ( 'NONE', ( #3271 ), #1142 ) ;
#7503 = MECHANICAL_DESIGN_GEOMETRIC_PRESENTATION_REPRESENTATION (  '', ( #1075 ), #1603 ) ;
#7504 = FACE_OUTER_BOUND ( 'NONE', #518, .T. ) ;
#7506 = CARTESIAN_POINT ( 'NONE',  ( -0.04200000000000000955, 0.06500000000000000222, 0.000000000000000000 ) ) ;
#7505 = VECTOR ( 'NONE', #3974, 39.37007874015748143 ) ;
#7507 = CARTESIAN_POINT ( 'NONE',  ( -0.04200000000000000955, 0.1759999999999999898, -0.03300000000000005707 ) ) ;
#7508 = EDGE_CURVE ( 'NONE', #6958, #3463, #6949, .T. ) ;
#7509 = SURFACE_SIDE_STYLE ('',( #4650 ) ) ;
#7510 = EDGE_LOOP ( 'NONE', ( #2798, #7981, #7588, #1740 ) ) ;
#7511 = ORIENTED_EDGE ( 'NONE', *, *, #760, .T. ) ;
#7512 = AXIS2_PLACEMENT_3D ( 'NONE', #5505, #10951, #8218 ) ;
#7513 = DIRECTION ( 'NONE',  ( -0.8944271909999162995, -0.4472135954999572061, 0.000000000000000000 ) ) ;
#7514 = FILL_AREA_STYLE_COLOUR ( '', #3358 ) ;
#7515 = CARTESIAN_POINT ( 'NONE',  ( 0.05800000000000000294, 0.1759999999999999898, 0.1199999999999999956 ) ) ;
#7516 = MECHANICAL_DESIGN_GEOMETRIC_PRESENTATION_REPRESENTATION (  '', ( #3555 ), #8069 ) ;
#7517 = EDGE_CURVE ( 'NONE', #6676, #10583, #10667, .T. ) ;
#7518 = VECTOR ( 'NONE', #662, 39.37007874015748143 ) ;
#7519 = VECTOR ( 'NONE', #1730, 39.37007874015748143 ) ;
#7520 = ORIENTED_EDGE ( 'NONE', *, *, #9499, .F. ) ;
#7521 = LINE ( 'NONE', #8290, #10421 ) ;
#7522 = DIRECTION ( 'NONE',  ( -0.4856429311786330527, 0.8741572761215372633, 0.000000000000000000 ) ) ;
#7523 = MECHANICAL_DESIGN_GEOMETRIC_PRESENTATION_REPRESENTATION (  '', ( #6768 ), #10783 ) ;
#7524 = EDGE_CURVE ( 'NONE', #10754, #4786, #6492, .T. ) ;
#7525 = CARTESIAN_POINT ( 'NONE',  ( 0.000000000000000000, 0.05000000000000000278, 0.000000000000000000 ) ) ;
#7526 = FILL_AREA_STYLE ('',( #297 ) ) ;
#7527 = MECHANICAL_DESIGN_GEOMETRIC_PRESENTATION_REPRESENTATION (  '', ( #4107 ), #9257 ) ;
#7528 = DIRECTION ( 'NONE',  ( -1.000000000000000000, -0.000000000000000000, 0.000000000000000000 ) ) ;
#7529 = PRESENTATION_LAYER_ASSIGNMENT (  '', '', ( #1093 ) ) ;
#7530 = ORIENTED_EDGE ( 'NONE', *, *, #10589, .F. ) ;
#7531 = AXIS2_PLACEMENT_3D ( 'NONE', #10747, #6213, #388 ) ;
#7532 =( LENGTH_UNIT ( ) NAMED_UNIT ( * ) SI_UNIT ( $, .METRE. ) );
#7533 = EDGE_CURVE ( 'NONE', #4651, #685, #8000, .T. ) ;
#7534 = PRESENTATION_LAYER_ASSIGNMENT (  '', '', ( #5448 ) ) ;
#7535 = MECHANICAL_DESIGN_GEOMETRIC_PRESENTATION_REPRESENTATION (  '', ( #11547 ), #2034 ) ;
#7536 = ORIENTED_EDGE ( 'NONE', *, *, #4106, .F. ) ;
#7537 = MECHANICAL_DESIGN_GEOMETRIC_PRESENTATION_REPRESENTATION (  '', ( #4491 ), #9833 ) ;
#7538 = LENGTH_MEASURE_WITH_UNIT ( LENGTH_MEASURE( 0.02539999999999999897 ), #10108 );
#7539 = ORIENTED_EDGE ( 'NONE', *, *, #2369, .F. ) ;
#7540 = CARTESIAN_POINT ( 'NONE',  ( -0.05800000000000000988, -0.06599999999999998923, 0.03300000000000000155 ) ) ;
#7541 =( CONVERSION_BASED_UNIT ( 'INCH', #4789 ) LENGTH_UNIT ( ) NAMED_UNIT ( #3448 ) );
#7542 = VECTOR ( 'NONE', #6816, 39.37007874015748143 ) ;
#7543 = LINE ( 'NONE', #246, #7505 ) ;
#7544 = LENGTH_MEASURE_WITH_UNIT ( LENGTH_MEASURE( 0.02539999999999999897 ), #9399 );
#7545 = ORIENTED_EDGE ( 'NONE', *, *, #3321, .F. ) ;
#7546 =( NAMED_UNIT ( * ) PLANE_ANGLE_UNIT ( ) SI_UNIT ( $, .RADIAN. ) );
#7547 = CARTESIAN_POINT ( 'NONE',  ( 0.04699999999999999317, -0.07499999999999999722, 0.02800000000000000752 ) ) ;
#7548 =( CONVERSION_BASED_UNIT ( 'INCH', #3928 ) LENGTH_UNIT ( ) NAMED_UNIT ( #590 ) );
#7549 = VECTOR ( 'NONE', #1026, 39.37007874015748143 ) ;
#7550 =( NAMED_UNIT ( * ) SI_UNIT ( $, .STERADIAN. ) SOLID_ANGLE_UNIT ( ) );
#7551 = PRESENTATION_LAYER_ASSIGNMENT (  '', '', ( #5066 ) ) ;
#7552 = VERTEX_POINT ( 'NONE', #3690 ) ;
#7553 = PLANE ( 'NONE',  #1115 ) ;
#7554 = DIMENSIONAL_EXPONENTS ( 1.000000000000000000, 0.000000000000000000, 0.000000000000000000, 0.000000000000000000, 0.000000000000000000, 0.000000000000000000, 0.000000000000000000 ) ;
#7555 =( NAMED_UNIT ( * ) PLANE_ANGLE_UNIT ( ) SI_UNIT ( $, .RADIAN. ) );
#7556 = FILL_AREA_STYLE_COLOUR ( '', #9129 ) ;
#7557 =( NAMED_UNIT ( * ) PLANE_ANGLE_UNIT ( ) SI_UNIT ( $, .RADIAN. ) );
#7558 = CARTESIAN_POINT ( 'NONE',  ( 0.000000000000000000, 0.000000000000000000, 0.1000000000000000056 ) ) ;
#7559 = EDGE_CURVE ( 'NONE', #8701, #4151, #976, .T. ) ;
#7560 = DIRECTION ( 'NONE',  ( 0.000000000000000000, -0.4856429311786268355, -0.8741572761215407050 ) ) ;
#7561 = DIRECTION ( 'NONE',  ( 0.000000000000000000, 0.8741572761215371523, 0.4856429311786330527 ) ) ;
#7562 = CARTESIAN_POINT ( 'NONE',  ( -0.05000000000000000278, 0.2099999999999999922, 0.000000000000000000 ) ) ;
#7563 = STYLED_ITEM ( 'NONE', ( #1243 ), #4541 ) ;
#7564 = STYLED_ITEM ( 'NONE', ( #5703 ), #7802 ) ;
#7565 = LENGTH_MEASURE_WITH_UNIT ( LENGTH_MEASURE( 0.02539999999999999897 ), #5681 );
#7566 = SURFACE_SIDE_STYLE ('',( #1221 ) ) ;
#7567 = SURFACE_SIDE_STYLE ('',( #5742 ) ) ;
#7568 = FILL_AREA_STYLE_COLOUR ( '', #5414 ) ;
#7569 = PLANE ( 'NONE',  #3419 ) ;
#7570 = ORIENTED_EDGE ( 'NONE', *, *, #3554, .T. ) ;
#7571 = ORIENTED_EDGE ( 'NONE', *, *, #10469, .T. ) ;
#7572 = COLOUR_RGB ( '',0.8627450980392157298, 0.6274509803921568540, 0.05882352941176470507 ) ;
#7573 = LINE ( 'NONE', #9256, #8656 ) ;
#7574 = MECHANICAL_DESIGN_GEOMETRIC_PRESENTATION_REPRESENTATION (  '', ( #10061 ), #11041 ) ;
#7575 = CARTESIAN_POINT ( 'NONE',  ( 0.3109999999999999987, 0.04499999999999999833, -0.02500000000000000139 ) ) ;
#7576 = DIRECTION ( 'NONE',  ( -0.4368520283305203922, 0.7863336509949336861, 0.4368520283305185048 ) ) ;
#7577 = FILL_AREA_STYLE_COLOUR ( '', #5047 ) ;
#7578 = EDGE_CURVE ( 'NONE', #10762, #3926, #10797, .T. ) ;
#7579 = ORIENTED_EDGE ( 'NONE', *, *, #9128, .T. ) ;
#7580 = DIRECTION ( 'NONE',  ( -1.000000000000000000, -0.000000000000000000, 0.000000000000000000 ) ) ;
#7581 = DIRECTION ( 'NONE',  ( 1.000000000000000000, 0.000000000000000000, -0.000000000000000000 ) ) ;
#7582 = PRESENTATION_LAYER_ASSIGNMENT (  '', '', ( #2655 ) ) ;
#7583 = DIRECTION ( 'NONE',  ( 0.000000000000000000, -1.000000000000000000, -0.000000000000000000 ) ) ;
#7584 = DIRECTION ( 'NONE',  ( 0.4368520283305173391, 0.7863336509949352404, -0.4368520283305184493 ) ) ;
#7585 = VERTEX_POINT ( 'NONE', #9043 ) ;
#7586 = ADVANCED_FACE ( 'NONE', ( #6436 ), #10858, .F. ) ;
#7587 = ORIENTED_EDGE ( 'NONE', *, *, #11413, .T. ) ;
#7588 = ORIENTED_EDGE ( 'NONE', *, *, #4087, .T. ) ;
#7589 = PRESENTATION_STYLE_ASSIGNMENT (( #2363 ) ) ;
#7590 = LINE ( 'NONE', #6716, #7084 ) ;
#7591 = UNCERTAINTY_MEASURE_WITH_UNIT (LENGTH_MEASURE( 1.000000000000000082E-05 ), #1441, 'distance_accuracy_value', 'NONE');
#7592 = LINE ( 'NONE', #6775, #10338 ) ;
#7593 =( CONVERSION_BASED_UNIT ( 'INCH', #6553 ) LENGTH_UNIT ( ) NAMED_UNIT ( #2171 ) );
#7594 = ADVANCED_FACE ( 'NONE', ( #5284 ), #11038, .F. ) ;
#7595 = LINE ( 'NONE', #11265, #10572 ) ;
#7596 = CARTESIAN_POINT ( 'NONE',  ( 0.05299999999999999850, 0.1849999999999999978, -0.02799999999999999711 ) ) ;
#7597 = VERTEX_POINT ( 'NONE', #7423 ) ;
#7598 =( NAMED_UNIT ( * ) SI_UNIT ( $, .STERADIAN. ) SOLID_ANGLE_UNIT ( ) );
#7599 = DIMENSIONAL_EXPONENTS ( 1.000000000000000000, 0.000000000000000000, 0.000000000000000000, 0.000000000000000000, 0.000000000000000000, 0.000000000000000000, 0.000000000000000000 ) ;
#7600 = ADVANCED_FACE ( 'NONE', ( #8421 ), #8307, .T. ) ;
#7601 =( CONVERSION_BASED_UNIT ( 'INCH', #2140 ) LENGTH_UNIT ( ) NAMED_UNIT ( #9526 ) );
#7602 = LINE ( 'NONE', #1254, #3339 ) ;
#7603 = ORIENTED_EDGE ( 'NONE', *, *, #9749, .T. ) ;
#7604 = CARTESIAN_POINT ( 'NONE',  ( -0.04200000000000000955, 0.1759999999999999898, 0.03300000000000000155 ) ) ;
#7605 = PRESENTATION_STYLE_ASSIGNMENT (( #9408 ) ) ;
#7606 = ORIENTED_EDGE ( 'NONE', *, *, #8699, .F. ) ;
#7607 =( CONVERSION_BASED_UNIT ( 'INCH', #6797 ) LENGTH_UNIT ( ) NAMED_UNIT ( #8821 ) );
#7608 = DIRECTION ( 'NONE',  ( -0.000000000000000000, -0.000000000000000000, -1.000000000000000000 ) ) ;
#7609 = UNCERTAINTY_MEASURE_WITH_UNIT (LENGTH_MEASURE( 1.000000000000000082E-05 ), #1867, 'distance_accuracy_value', 'NONE');
#7610 = ORIENTED_EDGE ( 'NONE', *, *, #7524, .T. ) ;
#7611 = CARTESIAN_POINT ( 'NONE',  ( -0.05800000000000000294, 0.2099999999999999922, 0.01700000000000000122 ) ) ;
#7612 =( NAMED_UNIT ( * ) SI_UNIT ( $, .STERADIAN. ) SOLID_ANGLE_UNIT ( ) );
#7613 = LINE ( 'NONE', #11283, #10016 ) ;
#7614 = DIRECTION ( 'NONE',  ( 0.4856429311786310543, -0.8741572761215382625, 0.000000000000000000 ) ) ;
#7615 = UNCERTAINTY_MEASURE_WITH_UNIT (LENGTH_MEASURE( 1.000000000000000082E-05 ), #5229, 'distance_accuracy_value', 'NONE');
#7616 = LENGTH_MEASURE_WITH_UNIT ( LENGTH_MEASURE( 0.02539999999999999897 ), #11624 );
#7617 = DIMENSIONAL_EXPONENTS ( 1.000000000000000000, 0.000000000000000000, 0.000000000000000000, 0.000000000000000000, 0.000000000000000000, 0.000000000000000000, 0.000000000000000000 ) ;
#7618 = ORIENTED_EDGE ( 'NONE', *, *, #1777, .F. ) ;
#7619 = ORIENTED_EDGE ( 'NONE', *, *, #649, .F. ) ;
#7620 = LINE ( 'NONE', #2895, #4279 ) ;
#7621 = VECTOR ( 'NONE', #7918, 39.37007874015748143 ) ;
#7622 = DIRECTION ( 'NONE',  ( 0.000000000000000000, -1.000000000000000000, -0.000000000000000000 ) ) ;
#7623 = LINE ( 'NONE', #10457, #10790 ) ;
#7624 = STYLED_ITEM ( 'NONE', ( #4605 ), #6219 ) ;
#7625 = ORIENTED_EDGE ( 'NONE', *, *, #11688, .T. ) ;
#7626 =( LENGTH_UNIT ( ) NAMED_UNIT ( * ) SI_UNIT ( $, .METRE. ) );
#7627 = ADVANCED_FACE ( 'NONE', ( #5655 ), #10360, .T. ) ;
#7628 = VERTEX_POINT ( 'NONE', #4910 ) ;
#7629 = DIRECTION ( 'NONE',  ( 0.000000000000000000, -0.000000000000000000, 1.000000000000000000 ) ) ;
#7630 = CARTESIAN_POINT ( 'NONE',  ( 0.1079999999999999988, 0.06499999999999998834, -0.03300000000000000155 ) ) ;
#7631 = SURFACE_STYLE_USAGE ( .BOTH. , #4126 ) ;
#7632 = SURFACE_SIDE_STYLE ('',( #3962 ) ) ;
#7633 =( LENGTH_UNIT ( ) NAMED_UNIT ( * ) SI_UNIT ( $, .METRE. ) );
#7634 = PRESENTATION_LAYER_ASSIGNMENT (  '', '', ( #11667 ) ) ;
#7635 =( GEOMETRIC_REPRESENTATION_CONTEXT ( 3 ) GLOBAL_UNCERTAINTY_ASSIGNED_CONTEXT ( ( #1101 ) ) GLOBAL_UNIT_ASSIGNED_CONTEXT ( ( #3163, #5789, #3936 ) ) REPRESENTATION_CONTEXT ( 'NONE', 'WORKASPACE' ) );
#7636 = ORIENTED_EDGE ( 'NONE', *, *, #9353, .F. ) ;
#7637 = COLOUR_RGB ( '',0.8627450980392157298, 0.6274509803921568540, 0.05882352941176470507 ) ;
#7638 = EDGE_CURVE ( 'NONE', #3008, #7315, #8543, .T. ) ;
#7639 = ORIENTED_EDGE ( 'NONE', *, *, #5721, .T. ) ;
#7640 = LENGTH_MEASURE_WITH_UNIT ( LENGTH_MEASURE( 0.02539999999999999897 ), #5136 );
#7641 = ORIENTED_EDGE ( 'NONE', *, *, #7292, .F. ) ;
#7642 = VECTOR ( 'NONE', #3288, 39.37007874015748854 ) ;
#7643 = VECTOR ( 'NONE', #11263, 39.37007874015748143 ) ;
#7644 = LENGTH_MEASURE_WITH_UNIT ( LENGTH_MEASURE( 0.02539999999999999897 ), #8542 );
#7645 = CARTESIAN_POINT ( 'NONE',  ( -0.008000000000000074760, 0.1759999999999999898, 0.03300000000000000155 ) ) ;
#7646 = CARTESIAN_POINT ( 'NONE',  ( -0.1079999999999999988, 0.04000000000000000777, -0.01700000000000000122 ) ) ;
#7647 = EDGE_CURVE ( 'NONE', #6000, #1632, #10481, .T. ) ;
#7648 = FILL_AREA_STYLE ('',( #8423 ) ) ;
#7649 = ORIENTED_EDGE ( 'NONE', *, *, #4378, .T. ) ;
#7650 = FACE_OUTER_BOUND ( 'NONE', #11615, .T. ) ;
#7651 = LINE ( 'NONE', #11328, #8651 ) ;
#7652 = ORIENTED_EDGE ( 'NONE', *, *, #6524, .F. ) ;
#7653 = VECTOR ( 'NONE', #105, 39.37007874015748854 ) ;
#7654 =( NAMED_UNIT ( * ) SI_UNIT ( $, .STERADIAN. ) SOLID_ANGLE_UNIT ( ) );
#7655 =( CONVERSION_BASED_UNIT ( 'INCH', #432 ) LENGTH_UNIT ( ) NAMED_UNIT ( #790 ) );
#7656 = COLOUR_RGB ( '',0.8627450980392157298, 0.6274509803921568540, 0.05882352941176470507 ) ;
#7657 = PRESENTATION_STYLE_ASSIGNMENT (( #10259 ) ) ;
#7658 = FACE_OUTER_BOUND ( 'NONE', #11478, .T. ) ;
#7659 = ADVANCED_FACE ( 'NONE', ( #11432 ), #4188, .F. ) ;
#7660 = STYLED_ITEM ( 'NONE', ( #3394 ), #2274 ) ;
#7661 = LENGTH_MEASURE_WITH_UNIT ( LENGTH_MEASURE( 0.02539999999999999897 ), #5854 );
#7662 = EDGE_CURVE ( 'NONE', #865, #6155, #4304, .T. ) ;
#7663 = UNCERTAINTY_MEASURE_WITH_UNIT (LENGTH_MEASURE( 1.000000000000000082E-05 ), #2718, 'distance_accuracy_value', 'NONE');
#7664 = LINE ( 'NONE', #496, #4442 ) ;
#7665 = DIRECTION ( 'NONE',  ( 1.000000000000000000, 0.000000000000000000, 0.000000000000000000 ) ) ;
#7666 = DIMENSIONAL_EXPONENTS ( 1.000000000000000000, 0.000000000000000000, 0.000000000000000000, 0.000000000000000000, 0.000000000000000000, 0.000000000000000000, 0.000000000000000000 ) ;
#7667 = FACE_OUTER_BOUND ( 'NONE', #2375, .T. ) ;
#7668 =( NAMED_UNIT ( * ) PLANE_ANGLE_UNIT ( ) SI_UNIT ( $, .RADIAN. ) );
#7669 = CARTESIAN_POINT ( 'NONE',  ( 0.1079999999999999988, -0.06600000000000000311, -0.01700000000000000122 ) ) ;
#7670 = DIRECTION ( 'NONE',  ( 0.000000000000000000, 0.8741572761215378184, 0.4856429311786317760 ) ) ;
#7671 = DIRECTION ( 'NONE',  ( 1.000000000000000000, -0.000000000000000000, 0.000000000000000000 ) ) ;
#7672 = FILL_AREA_STYLE_COLOUR ( '', #6087 ) ;
#7673 = LINE ( 'NONE', #11459, #8272 ) ;
#7674 = ORIENTED_EDGE ( 'NONE', *, *, #1895, .T. ) ;
#7675 = ORIENTED_EDGE ( 'NONE', *, *, #5653, .F. ) ;
#7676 = STYLED_ITEM ( 'NONE', ( #10118 ), #10884 ) ;
#7677 = LINE ( 'NONE', #11511, #515 ) ;
#7678 = FILL_AREA_STYLE ('',( #579 ) ) ;
#7679 = ORIENTED_EDGE ( 'NONE', *, *, #1436, .T. ) ;
#7680 = CARTESIAN_POINT ( 'NONE',  ( -0.008000000000000024453, 0.02000000000000000042, -0.05999999999999999778 ) ) ;
#7681 = ORIENTED_EDGE ( 'NONE', *, *, #8418, .T. ) ;
#7682 = FILL_AREA_STYLE_COLOUR ( '', #2812 ) ;
#7683 = VECTOR ( 'NONE', #8151, 39.37007874015748143 ) ;
#7684 = DIRECTION ( 'NONE',  ( 1.000000000000000000, 0.000000000000000000, -0.000000000000000000 ) ) ;
#7685 = MECHANICAL_DESIGN_GEOMETRIC_PRESENTATION_REPRESENTATION (  '', ( #6922 ), #4645 ) ;
#7686 = CARTESIAN_POINT ( 'NONE',  ( 0.1079999999999999988, 0.000000000000000000, 0.03300000000000000155 ) ) ;
#7687 = COLOUR_RGB ( '',0.2862745098039215508, 0.2862745098039215508, 0.2862745098039215508 ) ;
#7688 = LINE ( 'NONE', #6819, #5486 ) ;
#7689 = EDGE_LOOP ( 'NONE', ( #2077, #2980, #1796, #9221 ) ) ;
#7690 = PRESENTATION_LAYER_ASSIGNMENT (  '', '', ( #504 ) ) ;
#7691 = ADVANCED_FACE ( 'NONE', ( #7705 ), #598, .F. ) ;
#7692 = AXIS2_PLACEMENT_3D ( 'NONE', #11189, #9436, #404 ) ;
#7693 = PRESENTATION_LAYER_ASSIGNMENT (  '', '', ( #1086 ) ) ;
#7694 = DIMENSIONAL_EXPONENTS ( 1.000000000000000000, 0.000000000000000000, 0.000000000000000000, 0.000000000000000000, 0.000000000000000000, 0.000000000000000000, 0.000000000000000000 ) ;
#7695 = STYLED_ITEM ( 'NONE', ( #1368 ), #10437 ) ;
#7696 = VERTEX_POINT ( 'NONE', #10420 ) ;
#7697 = ORIENTED_EDGE ( 'NONE', *, *, #7559, .T. ) ;
#7698 = CARTESIAN_POINT ( 'NONE',  ( 0.1079999999999999988, 0.03999999999999999389, 0.03300000000000000155 ) ) ;
#7699 = EDGE_CURVE ( 'NONE', #9956, #10831, #2259, .T. ) ;
#7700 = CARTESIAN_POINT ( 'NONE',  ( 0.000000000000000000, 0.000000000000000000, 0.000000000000000000 ) ) ;
#7701 = SURFACE_SIDE_STYLE ('',( #4074 ) ) ;
#7702 =( GEOMETRIC_REPRESENTATION_CONTEXT ( 3 ) GLOBAL_UNCERTAINTY_ASSIGNED_CONTEXT ( ( #597 ) ) GLOBAL_UNIT_ASSIGNED_CONTEXT ( ( #8024, #6403, #9835 ) ) REPRESENTATION_CONTEXT ( 'NONE', 'WORKASPACE' ) );
#7703 = SURFACE_SIDE_STYLE ('',( #11376 ) ) ;
#7704 = AXIS2_PLACEMENT_3D ( 'NONE', #8348, #351, #223 ) ;
#7705 = FACE_OUTER_BOUND ( 'NONE', #7898, .T. ) ;
#7706 = SURFACE_STYLE_USAGE ( .BOTH. , #4079 ) ;
#7707 = AXIS2_PLACEMENT_3D ( 'NONE', #10379, #1167, #1980 ) ;
#7708 = VECTOR ( 'NONE', #10397, 39.37007874015748143 ) ;
#7709 = VERTEX_POINT ( 'NONE', #1885 ) ;
#7710 = CARTESIAN_POINT ( 'NONE',  ( -0.05800000000000000294, 0.1759999999999999898, 0.1199999999999999956 ) ) ;
#7711 =( NAMED_UNIT ( * ) PLANE_ANGLE_UNIT ( ) SI_UNIT ( $, .RADIAN. ) );
#7712 = LINE ( 'NONE', #6836, #7130 ) ;
#7713 = ORIENTED_EDGE ( 'NONE', *, *, #6924, .F. ) ;
#7714 = CARTESIAN_POINT ( 'NONE',  ( 0.1079999999999999988, 0.05000000000000000278, 0.01700000000000000122 ) ) ;
#7715 = EDGE_CURVE ( 'NONE', #8720, #1238, #3505, .T. ) ;
#7716 = SURFACE_SIDE_STYLE ('',( #9748 ) ) ;
#7717 = LINE ( 'NONE', #9588, #5967 ) ;
#7718 = CARTESIAN_POINT ( 'NONE',  ( 0.05799999999999998906, 0.1759999999999999898, 0.01699999999999999428 ) ) ;
#7719 = UNCERTAINTY_MEASURE_WITH_UNIT (LENGTH_MEASURE( 1.000000000000000082E-05 ), #9447, 'distance_accuracy_value', 'NONE');
#7720 = DIRECTION ( 'NONE',  ( -0.000000000000000000, -1.000000000000000000, 0.000000000000000000 ) ) ;
#7721 = EDGE_CURVE ( 'NONE', #8568, #8034, #4610, .T. ) ;
#7722 = ORIENTED_EDGE ( 'NONE', *, *, #10753, .F. ) ;
#7723 = SURFACE_STYLE_USAGE ( .BOTH. , #3281 ) ;
#7724 = EDGE_CURVE ( 'NONE', #9971, #5001, #3571, .T. ) ;
#7725 = LINE ( 'NONE', #6845, #1464 ) ;
#7726 = PRESENTATION_STYLE_ASSIGNMENT (( #673 ) ) ;
#7727 =( LENGTH_UNIT ( ) NAMED_UNIT ( * ) SI_UNIT ( $, .METRE. ) );
#7728 = FACE_OUTER_BOUND ( 'NONE', #11642, .T. ) ;
#7729 = UNCERTAINTY_MEASURE_WITH_UNIT (LENGTH_MEASURE( 1.000000000000000082E-05 ), #7107, 'distance_accuracy_value', 'NONE');
#7730 = AXIS2_PLACEMENT_3D ( 'NONE', #2023, #10300, #3144 ) ;
#7731 = EDGE_CURVE ( 'NONE', #6019, #5070, #11672, .T. ) ;
#7732 = SURFACE_STYLE_USAGE ( .BOTH. , #4113 ) ;
#7733 =( CONVERSION_BASED_UNIT ( 'INCH', #10558 ) LENGTH_UNIT ( ) NAMED_UNIT ( #8241 ) );
#7734 = EDGE_LOOP ( 'NONE', ( #11720, #8167, #5170, #10948, #8731, #5842, #2738, #7897 ) ) ;
#7735 = EDGE_LOOP ( 'NONE', ( #7959, #2924, #5, #7805 ) ) ;
#7736 = VECTOR ( 'NONE', #5651, 39.37007874015748143 ) ;
#7737 = MECHANICAL_DESIGN_GEOMETRIC_PRESENTATION_REPRESENTATION (  '', ( #9849 ), #9107 ) ;
#7738 = FACE_OUTER_BOUND ( 'NONE', #1066, .T. ) ;
#7739 = EDGE_CURVE ( 'NONE', #4217, #6974, #9159, .T. ) ;
#7740 = FILL_AREA_STYLE ('',( #7844 ) ) ;
#7741 = ORIENTED_EDGE ( 'NONE', *, *, #8107, .T. ) ;
#7742 =( NAMED_UNIT ( * ) SI_UNIT ( $, .STERADIAN. ) SOLID_ANGLE_UNIT ( ) );
#7743 = PRESENTATION_STYLE_ASSIGNMENT (( #7631 ) ) ;
#7744 = LINE ( 'NONE', #5130, #2646 ) ;
#7745 = STYLED_ITEM ( 'NONE', ( #10640 ), #7868 ) ;
#7746 = ORIENTED_EDGE ( 'NONE', *, *, #2864, .T. ) ;
#7747 = LINE ( 'NONE', #11593, #5258 ) ;
#7748 = FILL_AREA_STYLE ('',( #2540 ) ) ;
#7749 = ORIENTED_EDGE ( 'NONE', *, *, #5016, .T. ) ;
#7750 = AXIS2_PLACEMENT_3D ( 'NONE', #9299, #2933, #6393 ) ;
#7751 = SURFACE_SIDE_STYLE ('',( #2427 ) ) ;
#7752 = ORIENTED_EDGE ( 'NONE', *, *, #8746, .T. ) ;
#7753 = PLANE ( 'NONE',  #7092 ) ;
#7754 =( CONVERSION_BASED_UNIT ( 'INCH', #11319 ) LENGTH_UNIT ( ) NAMED_UNIT ( #5497 ) );
#7755 = LINE ( 'NONE', #11433, #6577 ) ;
#7756 = FILL_AREA_STYLE ('',( #9637 ) ) ;
#7757 = MECHANICAL_DESIGN_GEOMETRIC_PRESENTATION_REPRESENTATION (  '', ( #3242 ), #584 ) ;
#7758 = ORIENTED_EDGE ( 'NONE', *, *, #10171, .F. ) ;
#7759 = ORIENTED_EDGE ( 'NONE', *, *, #9434, .T. ) ;
#7760 = DIMENSIONAL_EXPONENTS ( 1.000000000000000000, 0.000000000000000000, 0.000000000000000000, 0.000000000000000000, 0.000000000000000000, 0.000000000000000000, 0.000000000000000000 ) ;
#7762 = CARTESIAN_POINT ( 'NONE',  ( -0.09199999999999999845, 0.2099999999999999922, 0.01700000000000000122 ) ) ;
#7761 = MECHANICAL_DESIGN_GEOMETRIC_PRESENTATION_REPRESENTATION (  '', ( #16 ), #5114 ) ;
#7763 = EDGE_CURVE ( 'NONE', #8823, #2795, #1637, .T. ) ;
#7764 = COLOUR_RGB ( '',0.2862745098039215508, 0.2862745098039215508, 0.2862745098039215508 ) ;
#7765 = DIRECTION ( 'NONE',  ( 1.000000000000000000, 0.000000000000000000, -0.000000000000000000 ) ) ;
#7766 = ORIENTED_EDGE ( 'NONE', *, *, #8054, .T. ) ;
#7767 = SURFACE_STYLE_USAGE ( .BOTH. , #4038 ) ;
#7768 = CARTESIAN_POINT ( 'NONE',  ( 0.05299999999999999850, -0.07499999999999998335, 0.02799999999999999017 ) ) ;
#7769 = EDGE_CURVE ( 'NONE', #8237, #9771, #7112, .T. ) ;
#7770 =( CONVERSION_BASED_UNIT ( 'INCH', #3405 ) LENGTH_UNIT ( ) NAMED_UNIT ( #10876 ) );
#7771 = CARTESIAN_POINT ( 'NONE',  ( 0.007999999999999970676, 0.06499999999999998834, 0.03300000000000000155 ) ) ;
#7772 = FILL_AREA_STYLE ('',( #8870 ) ) ;
#7773 = PRESENTATION_STYLE_ASSIGNMENT (( #2330 ) ) ;
#7774 = FILL_AREA_STYLE ('',( #9600 ) ) ;
#7775 = SURFACE_SIDE_STYLE ('',( #3349 ) ) ;
#7776 = MECHANICAL_DESIGN_GEOMETRIC_PRESENTATION_REPRESENTATION (  '', ( #416 ), #7035 ) ;
#7777 =( LENGTH_UNIT ( ) NAMED_UNIT ( * ) SI_UNIT ( $, .METRE. ) );
#7778 = DIRECTION ( 'NONE',  ( 0.000000000000000000, 0.000000000000000000, -1.000000000000000000 ) ) ;
#7779 = LINE ( 'NONE', #3290, #4671 ) ;
#7780 = VERTEX_POINT ( 'NONE', #6362 ) ;
#7781 = ORIENTED_EDGE ( 'NONE', *, *, #770, .F. ) ;
#7782 = ADVANCED_FACE ( 'NONE', ( #9976 ), #3622, .F. ) ;
#7783 = DIRECTION ( 'NONE',  ( -0.4368520283305203922, -0.7863336509949336861, -0.4368520283305185048 ) ) ;
#7784 = DIRECTION ( 'NONE',  ( 0.000000000000000000, -0.000000000000000000, -1.000000000000000000 ) ) ;
#7785 =( LENGTH_UNIT ( ) NAMED_UNIT ( * ) SI_UNIT ( $, .METRE. ) );
#7786 = PRESENTATION_LAYER_ASSIGNMENT (  '', '', ( #10307 ) ) ;
#7787 = FILL_AREA_STYLE_COLOUR ( '', #7324 ) ;
#7788 = ORIENTED_EDGE ( 'NONE', *, *, #10368, .T. ) ;
#7789 = ADVANCED_FACE ( 'NONE', ( #10906 ), #10713, .F. ) ;
#7790 = CARTESIAN_POINT ( 'NONE',  ( 0.1079999999999999988, -0.07499999999999999722, 0.02199999999999999872 ) ) ;
#7791 = CARTESIAN_POINT ( 'NONE',  ( 0.05800000000000000294, 0.2099999999999999922, 0.01700000000000000122 ) ) ;
#7792 = DIRECTION ( 'NONE',  ( 1.000000000000000000, 0.000000000000000000, -0.000000000000000000 ) ) ;
#7793 = CARTESIAN_POINT ( 'NONE',  ( 0.09199999999999999845, -0.06600000000000000311, 0.1199999999999999956 ) ) ;
#7794 = ADVANCED_FACE ( 'NONE', ( #2908 ), #4836, .F. ) ;
#7795 = LENGTH_MEASURE_WITH_UNIT ( LENGTH_MEASURE( 0.02539999999999999897 ), #8648 );
#7796 = VECTOR ( 'NONE', #6430, 39.37007874015748143 ) ;
#7797 = ORIENTED_EDGE ( 'NONE', *, *, #4674, .F. ) ;
#7798 = DIRECTION ( 'NONE',  ( 1.000000000000000000, 0.000000000000000000, -0.000000000000000000 ) ) ;
#7799 =( GEOMETRIC_REPRESENTATION_CONTEXT ( 3 ) GLOBAL_UNCERTAINTY_ASSIGNED_CONTEXT ( ( #11570 ) ) GLOBAL_UNIT_ASSIGNED_CONTEXT ( ( #1570, #7919, #1525 ) ) REPRESENTATION_CONTEXT ( 'NONE', 'WORKASPACE' ) );
#7800 = SURFACE_STYLE_FILL_AREA ( #6233 ) ;
#7801 = COLOUR_RGB ( '',0.8627450980392157298, 0.6274509803921568540, 0.05882352941176470507 ) ;
#7802 = ADVANCED_FACE ( 'NONE', ( #10174 ), #1292, .F. ) ;
#7803 = ORIENTED_EDGE ( 'NONE', *, *, #1155, .F. ) ;
#7804 = CARTESIAN_POINT ( 'NONE',  ( -0.3109999999999999987, 0.000000000000000000, 0.02500000000000000139 ) ) ;
#7805 = ORIENTED_EDGE ( 'NONE', *, *, #5016, .F. ) ;
#7806 = LINE ( 'NONE', #11540, #8220 ) ;
#7807 =( NAMED_UNIT ( * ) SI_UNIT ( $, .STERADIAN. ) SOLID_ANGLE_UNIT ( ) );
#7808 = AXIS2_PLACEMENT_3D ( 'NONE', #2108, #11341, #5738 ) ;
#7809 = SURFACE_SIDE_STYLE ('',( #5141 ) ) ;
#7810 = UNCERTAINTY_MEASURE_WITH_UNIT (LENGTH_MEASURE( 1.000000000000000082E-05 ), #9501, 'distance_accuracy_value', 'NONE');
#7811 = ORIENTED_EDGE ( 'NONE', *, *, #3536, .T. ) ;
#7812 = CARTESIAN_POINT ( 'NONE',  ( 0.1079999999999999988, 0.05000000000000000971, 0.03300000000000000155 ) ) ;
#7813 = PRESENTATION_STYLE_ASSIGNMENT (( #6079 ) ) ;
#7814 = VECTOR ( 'NONE', #7608, 39.37007874015748143 ) ;
#7815 = COLOUR_RGB ( '',0.2862745098039215508, 0.2862745098039215508, 0.2862745098039215508 ) ;
#7816 = VERTEX_POINT ( 'NONE', #6111 ) ;
#7817 =( CONVERSION_BASED_UNIT ( 'INCH', #1372 ) LENGTH_UNIT ( ) NAMED_UNIT ( #480 ) );
#7818 = CARTESIAN_POINT ( 'NONE',  ( 0.09199999999999999845, -0.06600000000000000311, 0.01700000000000000122 ) ) ;
#7819 = EDGE_LOOP ( 'NONE', ( #8344, #9728, #10928, #9668 ) ) ;
#7820 = FILL_AREA_STYLE_COLOUR ( '', #1955 ) ;
#7821 =( GEOMETRIC_REPRESENTATION_CONTEXT ( 3 ) GLOBAL_UNCERTAINTY_ASSIGNED_CONTEXT ( ( #8445 ) ) GLOBAL_UNIT_ASSIGNED_CONTEXT ( ( #11553, #8854, #1760 ) ) REPRESENTATION_CONTEXT ( 'NONE', 'WORKASPACE' ) );
#7822 = LINE ( 'NONE', #11494, #1304 ) ;
#7823 = UNCERTAINTY_MEASURE_WITH_UNIT (LENGTH_MEASURE( 1.000000000000000082E-05 ), #5144, 'distance_accuracy_value', 'NONE');
#7824 = MECHANICAL_DESIGN_GEOMETRIC_PRESENTATION_REPRESENTATION (  '', ( #8588 ), #10139 ) ;
#7825 =( CONVERSION_BASED_UNIT ( 'INCH', #7616 ) LENGTH_UNIT ( ) NAMED_UNIT ( #6294 ) );
#7826 = LENGTH_MEASURE_WITH_UNIT ( LENGTH_MEASURE( 0.02539999999999999897 ), #1543 );
#7827 = CARTESIAN_POINT ( 'NONE',  ( -0.04200000000000000955, 0.04000000000000000777, -0.01700000000000000122 ) ) ;
#7828 =( CONVERSION_BASED_UNIT ( 'INCH', #9658 ) LENGTH_UNIT ( ) NAMED_UNIT ( #5878 ) );
#7829 = STYLED_ITEM ( 'NONE', ( #3452 ), #6871 ) ;
#7830 = LINE ( 'NONE', #10441, #11758 ) ;
#7831 = SURFACE_STYLE_FILL_AREA ( #4333 ) ;
#7832 = SURFACE_STYLE_FILL_AREA ( #3410 ) ;
#7833 = EDGE_CURVE ( 'NONE', #2175, #5401, #11365, .T. ) ;
#7834 =( NAMED_UNIT ( * ) SI_UNIT ( $, .STERADIAN. ) SOLID_ANGLE_UNIT ( ) );
#7835 = UNCERTAINTY_MEASURE_WITH_UNIT (LENGTH_MEASURE( 1.000000000000000082E-05 ), #2858, 'distance_accuracy_value', 'NONE');
#7836 = CARTESIAN_POINT ( 'NONE',  ( 0.04699999999999997236, -0.07499999999999998335, -0.02800000000000005956 ) ) ;
#7837 = COLOUR_RGB ( '',0.8627450980392157298, 0.6274509803921568540, 0.05882352941176470507 ) ;
#7838 =( NAMED_UNIT ( * ) SI_UNIT ( $, .STERADIAN. ) SOLID_ANGLE_UNIT ( ) );
#7839 = DIMENSIONAL_EXPONENTS ( 1.000000000000000000, 0.000000000000000000, 0.000000000000000000, 0.000000000000000000, 0.000000000000000000, 0.000000000000000000, 0.000000000000000000 ) ;
#7840 = PLANE ( 'NONE',  #5048 ) ;
#7841 = ORIENTED_EDGE ( 'NONE', *, *, #10555, .T. ) ;
#7842 = ORIENTED_EDGE ( 'NONE', *, *, #560, .F. ) ;
#7843 =( LENGTH_UNIT ( ) NAMED_UNIT ( * ) SI_UNIT ( $, .METRE. ) );
#7844 = FILL_AREA_STYLE_COLOUR ( '', #10980 ) ;
#7845 = EDGE_LOOP ( 'NONE', ( #10832, #2007, #10363, #1724 ) ) ;
#7846 = LINE ( 'NONE', #11517, #9270 ) ;
#7847 = FILL_AREA_STYLE ('',( #11519 ) ) ;
#7848 = EDGE_CURVE ( 'NONE', #3449, #5070, #10515, .T. ) ;
#7849 =( NAMED_UNIT ( * ) SI_UNIT ( $, .STERADIAN. ) SOLID_ANGLE_UNIT ( ) );
#7850 = PLANE ( 'NONE',  #9537 ) ;
#7851 = PLANE ( 'NONE',  #11608 ) ;
#7852 =( GEOMETRIC_REPRESENTATION_CONTEXT ( 3 ) GLOBAL_UNCERTAINTY_ASSIGNED_CONTEXT ( ( #5911 ) ) GLOBAL_UNIT_ASSIGNED_CONTEXT ( ( #3004, #341, #5615 ) ) REPRESENTATION_CONTEXT ( 'NONE', 'WORKASPACE' ) );
#7853 = CARTESIAN_POINT ( 'NONE',  ( -0.2879999999999999782, 0.06000000000000001166, 0.1000000000000000056 ) ) ;
#7854 = EDGE_LOOP ( 'NONE', ( #11137, #3702, #4562, #6414 ) ) ;
#7855 = LENGTH_MEASURE_WITH_UNIT ( LENGTH_MEASURE( 0.02539999999999999897 ), #10645 );
#7856 = STYLED_ITEM ( 'NONE', ( #5588 ), #114 ) ;
#7857 = PRESENTATION_LAYER_ASSIGNMENT (  '', '', ( #9042 ) ) ;
#7858 = ORIENTED_EDGE ( 'NONE', *, *, #10227, .T. ) ;
#7859 = EDGE_CURVE ( 'NONE', #1163, #9066, #1405, .T. ) ;
#7860 = DIRECTION ( 'NONE',  ( 0.000000000000000000, -1.000000000000000000, -1.778546870875169980E-16 ) ) ;
#7861 = CARTESIAN_POINT ( 'NONE',  ( 0.3109999999999999987, 0.04499999999999999833, 0.02500000000000000139 ) ) ;
#7862 = ORIENTED_EDGE ( 'NONE', *, *, #6612, .T. ) ;
#7863 = PRESENTATION_LAYER_ASSIGNMENT (  '', '', ( #5050 ) ) ;
#7864 = CARTESIAN_POINT ( 'NONE',  ( 0.007999999999999965472, 0.01999999999999999001, 0.03300000000000000155 ) ) ;
#7865 = CARTESIAN_POINT ( 'NONE',  ( 0.05000000000000000278, 0.000000000000000000, 0.000000000000000000 ) ) ;
#7866 = SURFACE_STYLE_USAGE ( .BOTH. , #7809 ) ;
#7867 = FILL_AREA_STYLE_COLOUR ( '', #2713 ) ;
#7868 = ADVANCED_FACE ( 'NONE', ( #4067 ), #6761, .F. ) ;
#7869 = STYLED_ITEM ( 'NONE', ( #6696 ), #260 ) ;
#7870 = MECHANICAL_DESIGN_GEOMETRIC_PRESENTATION_REPRESENTATION (  '', ( #6397 ), #11346 ) ;
#7871 = FACE_OUTER_BOUND ( 'NONE', #1998, .T. ) ;
#7872 = ORIENTED_EDGE ( 'NONE', *, *, #8726, .T. ) ;
#7873 = DIRECTION ( 'NONE',  ( -0.000000000000000000, 0.000000000000000000, -1.000000000000000000 ) ) ;
#7874 = COLOUR_RGB ( '',0.8627450980392157298, 0.6274509803921568540, 0.05882352941176470507 ) ;
#7875 = DIRECTION ( 'NONE',  ( -1.000000000000000000, 0.000000000000000000, -0.000000000000000000 ) ) ;
#7876 = AXIS2_PLACEMENT_3D ( 'NONE', #4463, #747, #11776 ) ;
#7877 = ORIENTED_EDGE ( 'NONE', *, *, #6455, .T. ) ;
#7878 =( GEOMETRIC_REPRESENTATION_CONTEXT ( 3 ) GLOBAL_UNCERTAINTY_ASSIGNED_CONTEXT ( ( #5677 ) ) GLOBAL_UNIT_ASSIGNED_CONTEXT ( ( #7260, #2573, #11770 ) ) REPRESENTATION_CONTEXT ( 'NONE', 'WORKASPACE' ) );
#7879 = CARTESIAN_POINT ( 'NONE',  ( 0.3109999999999999987, 0.000000000000000000, 0.02500000000000000139 ) ) ;
#7880 =( NAMED_UNIT ( * ) PLANE_ANGLE_UNIT ( ) SI_UNIT ( $, .RADIAN. ) );
#7881 = PLANE ( 'NONE',  #8411 ) ;
#7882 = PRESENTATION_LAYER_ASSIGNMENT (  '', '', ( #4855 ) ) ;
#7883 = PRESENTATION_STYLE_ASSIGNMENT (( #5514 ) ) ;
#7884 = FILL_AREA_STYLE_COLOUR ( '', #3958 ) ;
#7885 = VECTOR ( 'NONE', #6615, 39.37007874015748143 ) ;
#7886 = SURFACE_SIDE_STYLE ('',( #3400 ) ) ;
#7887 =( GEOMETRIC_REPRESENTATION_CONTEXT ( 3 ) GLOBAL_UNCERTAINTY_ASSIGNED_CONTEXT ( ( #8622 ) ) GLOBAL_UNIT_ASSIGNED_CONTEXT ( ( #4044, #8923, #4515 ) ) REPRESENTATION_CONTEXT ( 'NONE', 'WORKASPACE' ) );
#7888 = CARTESIAN_POINT ( 'NONE',  ( 0.09199999999999999845, -0.06600000000000000311, -0.03300000000000000155 ) ) ;
#7889 = VERTEX_POINT ( 'NONE', #3304 ) ;
#7890 = DIMENSIONAL_EXPONENTS ( 1.000000000000000000, 0.000000000000000000, 0.000000000000000000, 0.000000000000000000, 0.000000000000000000, 0.000000000000000000, 0.000000000000000000 ) ;
#7891 = DIRECTION ( 'NONE',  ( 1.000000000000000000, -0.000000000000000000, 0.000000000000000000 ) ) ;
#7892 = PLANE ( 'NONE',  #6453 ) ;
#7893 = DIRECTION ( 'NONE',  ( 1.000000000000000000, -0.000000000000000000, 0.000000000000000000 ) ) ;
#7894 = DIRECTION ( 'NONE',  ( -0.000000000000000000, 0.000000000000000000, -1.000000000000000000 ) ) ;
#7895 = DIRECTION ( 'NONE',  ( 1.000000000000000000, 0.000000000000000000, 0.000000000000000000 ) ) ;
#7896 =( LENGTH_UNIT ( ) NAMED_UNIT ( * ) SI_UNIT ( $, .METRE. ) );
#7897 = ORIENTED_EDGE ( 'NONE', *, *, #6371, .T. ) ;
#7898 = EDGE_LOOP ( 'NONE', ( #7904, #3644, #7994, #5508 ) ) ;
#7899 = CARTESIAN_POINT ( 'NONE',  ( -0.04200000000000000955, 0.06499999999999998834, 0.03300000000000000155 ) ) ;
#7900 = FILL_AREA_STYLE ('',( #6158 ) ) ;
#7901 = CARTESIAN_POINT ( 'NONE',  ( 0.3009999999999999898, 0.04499999999999999833, 0.02500000000000000139 ) ) ;
#7902 = SURFACE_SIDE_STYLE ('',( #5925 ) ) ;
#7903 = VECTOR ( 'NONE', #5958, 39.37007874015748143 ) ;
#7904 = ORIENTED_EDGE ( 'NONE', *, *, #5555, .F. ) ;
#7905 = AXIS2_PLACEMENT_3D ( 'NONE', #4727, #8475, #1239 ) ;
#7906 =( CONVERSION_BASED_UNIT ( 'INCH', #10691 ) LENGTH_UNIT ( ) NAMED_UNIT ( #280 ) );
#7907 = CARTESIAN_POINT ( 'NONE',  ( 0.04699999999999998623, 0.1849999999999999978, 0.02199999999999996403 ) ) ;
#7908 = ORIENTED_EDGE ( 'NONE', *, *, #9749, .F. ) ;
#7909 = ORIENTED_EDGE ( 'NONE', *, *, #6842, .F. ) ;
#7910 = COLOUR_RGB ( '',0.2862745098039215508, 0.2862745098039215508, 0.2862745098039215508 ) ;
#7911 = SURFACE_STYLE_USAGE ( .BOTH. , #5883 ) ;
#7912 = PRESENTATION_LAYER_ASSIGNMENT (  '', '', ( #10711 ) ) ;
#7913 = LENGTH_MEASURE_WITH_UNIT ( LENGTH_MEASURE( 0.02539999999999999897 ), #2601 );
#7914 = EDGE_CURVE ( 'NONE', #10485, #4711, #4944, .T. ) ;
#7915 = DIMENSIONAL_EXPONENTS ( 1.000000000000000000, 0.000000000000000000, 0.000000000000000000, 0.000000000000000000, 0.000000000000000000, 0.000000000000000000, 0.000000000000000000 ) ;
#7916 = DIRECTION ( 'NONE',  ( 0.000000000000000000, 0.4856429311786331082, -0.8741572761215372633 ) ) ;
#7917 = ORIENTED_EDGE ( 'NONE', *, *, #11396, .F. ) ;
#7918 = DIRECTION ( 'NONE',  ( -0.000000000000000000, -0.000000000000000000, -1.000000000000000000 ) ) ;
#7919 =( NAMED_UNIT ( * ) PLANE_ANGLE_UNIT ( ) SI_UNIT ( $, .RADIAN. ) );
#7920 = VERTEX_POINT ( 'NONE', #9616 ) ;
#7921 = CARTESIAN_POINT ( 'NONE',  ( 0.09199999999999999845, 0.04000000000000000083, 0.01700000000000000122 ) ) ;
#7922 = STYLED_ITEM ( 'NONE', ( #5755 ), #4883 ) ;
#7923 = VECTOR ( 'NONE', #10778, 39.37007874015748143 ) ;
#7924 = CARTESIAN_POINT ( 'NONE',  ( 0.007999999999999989758, 0.1759999999999999898, 0.1199999999999999956 ) ) ;
#7925 = LENGTH_MEASURE_WITH_UNIT ( LENGTH_MEASURE( 0.02539999999999999897 ), #1529 );
#7926 = EDGE_CURVE ( 'NONE', #6012, #4345, #7744, .T. ) ;
#7927 = SURFACE_STYLE_USAGE ( .BOTH. , #5946 ) ;
#7928 = CARTESIAN_POINT ( 'NONE',  ( 0.2879999999999999782, 0.01999999999999999001, -0.01700000000000000122 ) ) ;
#7929 = VERTEX_POINT ( 'NONE', #5012 ) ;
#7930 =( CONVERSION_BASED_UNIT ( 'INCH', #9742 ) LENGTH_UNIT ( ) NAMED_UNIT ( #3559 ) );
#7931 = EDGE_CURVE ( 'NONE', #5451, #485, #8710, .T. ) ;
#7932 = PRESENTATION_LAYER_ASSIGNMENT (  '', '', ( #1324 ) ) ;
#7933 = VECTOR ( 'NONE', #9195, 39.37007874015748143 ) ;
#7934 = SURFACE_STYLE_FILL_AREA ( #6252 ) ;
#7935 = ORIENTED_EDGE ( 'NONE', *, *, #8586, .T. ) ;
#7936 = CARTESIAN_POINT ( 'NONE',  ( 0.04200000000000000955, 0.06500000000000000222, 0.000000000000000000 ) ) ;
#7937 = EDGE_CURVE ( 'NONE', #8289, #8137, #1520, .T. ) ;
#7938 =( LENGTH_UNIT ( ) NAMED_UNIT ( * ) SI_UNIT ( $, .METRE. ) );
#7939 = CARTESIAN_POINT ( 'NONE',  ( 0.09199999999999999845, -0.06600000000000000311, -0.01700000000000001163 ) ) ;
#7940 = PRESENTATION_LAYER_ASSIGNMENT (  '', '', ( #4730 ) ) ;
#7941 = VECTOR ( 'NONE', #7259, 39.37007874015748143 ) ;
#7942 = FACE_OUTER_BOUND ( 'NONE', #2477, .T. ) ;
#7943 = CARTESIAN_POINT ( 'NONE',  ( 0.3109999999999999987, 0.000000000000000000, 0.000000000000000000 ) ) ;
#7944 = PLANE ( 'NONE',  #5106 ) ;
#7945 = EDGE_CURVE ( 'NONE', #5087, #5979, #4128, .T. ) ;
#7946 = LINE ( 'NONE', #11690, #7341 ) ;
#7947 = VECTOR ( 'NONE', #7792, 39.37007874015748143 ) ;
#7948 = VECTOR ( 'NONE', #190, 39.37007874015748143 ) ;
#7949 =( NAMED_UNIT ( * ) PLANE_ANGLE_UNIT ( ) SI_UNIT ( $, .RADIAN. ) );
#7950 = VERTEX_POINT ( 'NONE', #3255 ) ;
#7951 =( LENGTH_UNIT ( ) NAMED_UNIT ( * ) SI_UNIT ( $, .METRE. ) );
#7952 = FACE_OUTER_BOUND ( 'NONE', #4428, .T. ) ;
#7953 = DIRECTION ( 'NONE',  ( 1.000000000000000000, -0.000000000000000000, 0.000000000000000000 ) ) ;
#7954 = UNCERTAINTY_MEASURE_WITH_UNIT (LENGTH_MEASURE( 1.000000000000000082E-05 ), #10467, 'distance_accuracy_value', 'NONE');
#7955 = CARTESIAN_POINT ( 'NONE',  ( -0.05800000000000000294, 0.04000000000000000083, 0.1199999999999999956 ) ) ;
#7956 = SURFACE_SIDE_STYLE ('',( #7025 ) ) ;
#7957 = CARTESIAN_POINT ( 'NONE',  ( 0.1079999999999999988, -0.07499999999999999722, -0.02799999999999999711 ) ) ;
#7958 = SHAPE_REPRESENTATION_RELATIONSHIP ( 'NONE' , 'NONE' ,  #2550, #4747 ) ;
#7959 = ORIENTED_EDGE ( 'NONE', *, *, #2075, .T. ) ;
#7960 = ORIENTED_EDGE ( 'NONE', *, *, #7444, .T. ) ;
#7961 = LENGTH_MEASURE_WITH_UNIT ( LENGTH_MEASURE( 0.02539999999999999897 ), #2866 );
#7962 = LENGTH_MEASURE_WITH_UNIT ( LENGTH_MEASURE( 0.02539999999999999897 ), #2409 );
#7963 = LENGTH_MEASURE_WITH_UNIT ( LENGTH_MEASURE( 0.02539999999999999897 ), #84 );
#7964 = ORIENTED_EDGE ( 'NONE', *, *, #6011, .F. ) ;
#7965 = DIRECTION ( 'NONE',  ( -0.000000000000000000, 1.000000000000000000, 0.000000000000000000 ) ) ;
#7966 = AXIS2_PLACEMENT_3D ( 'NONE', #9333, #9390, #3078 ) ;
#7967 = PLANE ( 'NONE',  #2837 ) ;
#7968 = DIRECTION ( 'NONE',  ( 0.000000000000000000, 0.000000000000000000, 1.000000000000000000 ) ) ;
#7969 = FILL_AREA_STYLE ('',( #3487 ) ) ;
#7970 = CARTESIAN_POINT ( 'NONE',  ( 0.2879999999999999782, 0.02000000000000000042, -0.05999999999999999778 ) ) ;
#7971 = DIMENSIONAL_EXPONENTS ( 1.000000000000000000, 0.000000000000000000, 0.000000000000000000, 0.000000000000000000, 0.000000000000000000, 0.000000000000000000, 0.000000000000000000 ) ;
#7972 = FILL_AREA_STYLE_COLOUR ( '', #8448 ) ;
#7973 = VERTEX_POINT ( 'NONE', #3371 ) ;
#7974 = ORIENTED_EDGE ( 'NONE', *, *, #9258, .T. ) ;
#7975 = LINE ( 'NONE', #3433, #3757 ) ;
#7976 = STYLED_ITEM ( 'NONE', ( #5182 ), #3434 ) ;
#7977 = DIRECTION ( 'NONE',  ( 0.000000000000000000, -0.4856429311786268355, -0.8741572761215407050 ) ) ;
#7978 = FILL_AREA_STYLE ('',( #761 ) ) ;
#7979 = ORIENTED_EDGE ( 'NONE', *, *, #6316, .T. ) ;
#7980 =( LENGTH_UNIT ( ) NAMED_UNIT ( * ) SI_UNIT ( $, .METRE. ) );
#7981 = ORIENTED_EDGE ( 'NONE', *, *, #5915, .F. ) ;
#7982 =( NAMED_UNIT ( * ) PLANE_ANGLE_UNIT ( ) SI_UNIT ( $, .RADIAN. ) );
#7983 = CARTESIAN_POINT ( 'NONE',  ( 0.04699999999999999317, 0.1849999999999999978, 0.1199999999999999956 ) ) ;
#7984 = LINE ( 'NONE', #3442, #10543 ) ;
#7985 =( GEOMETRIC_REPRESENTATION_CONTEXT ( 3 ) GLOBAL_UNCERTAINTY_ASSIGNED_CONTEXT ( ( #9309 ) ) GLOBAL_UNIT_ASSIGNED_CONTEXT ( ( #10466, #6864, #585 ) ) REPRESENTATION_CONTEXT ( 'NONE', 'WORKASPACE' ) );
#7986 = EDGE_CURVE ( 'NONE', #3500, #10698, #7688, .T. ) ;
#7987 = CARTESIAN_POINT ( 'NONE',  ( -0.1029999999999999943, 0.1849999999999999978, 0.1199999999999999956 ) ) ;
#7988 = PRESENTATION_STYLE_ASSIGNMENT (( #8727 ) ) ;
#7989 = ORIENTED_EDGE ( 'NONE', *, *, #9258, .F. ) ;
#7990 =( GEOMETRIC_REPRESENTATION_CONTEXT ( 3 ) GLOBAL_UNCERTAINTY_ASSIGNED_CONTEXT ( ( #11235 ) ) GLOBAL_UNIT_ASSIGNED_CONTEXT ( ( #219, #2941, #3948 ) ) REPRESENTATION_CONTEXT ( 'NONE', 'WORKASPACE' ) );
#7991 = ORIENTED_EDGE ( 'NONE', *, *, #5642, .T. ) ;
#7992 = MECHANICAL_DESIGN_GEOMETRIC_PRESENTATION_REPRESENTATION (  '', ( #11464 ), #9730 ) ;
#7993 = SURFACE_STYLE_FILL_AREA ( #4 ) ;
#7994 = ORIENTED_EDGE ( 'NONE', *, *, #9933, .F. ) ;
#7995 = FILL_AREA_STYLE_COLOUR ( '', #6341 ) ;
#7996 = DIMENSIONAL_EXPONENTS ( 1.000000000000000000, 0.000000000000000000, 0.000000000000000000, 0.000000000000000000, 0.000000000000000000, 0.000000000000000000, 0.000000000000000000 ) ;
#7997 = LINE ( 'NONE', #11683, #8693 ) ;
#7998 =( LENGTH_UNIT ( ) NAMED_UNIT ( * ) SI_UNIT ( $, .METRE. ) );
#7999 = EDGE_CURVE ( 'NONE', #8199, #5581, #30, .T. ) ;
#8000 = LINE ( 'NONE', #9113, #6626 ) ;
#8001 =( NAMED_UNIT ( * ) PLANE_ANGLE_UNIT ( ) SI_UNIT ( $, .RADIAN. ) );
#8002 = DIRECTION ( 'NONE',  ( 0.8741572761215379295, 0.4856429311786318315, 0.000000000000000000 ) ) ;
#8003 = CARTESIAN_POINT ( 'NONE',  ( 0.2879999999999999782, 0.01999999999999998654, 0.01700000000000000816 ) ) ;
#8004 = MECHANICAL_DESIGN_GEOMETRIC_PRESENTATION_REPRESENTATION (  '', ( #9181 ), #10325 ) ;
#8005 = AXIS2_PLACEMENT_3D ( 'NONE', #2458, #6097, #9827 ) ;
#8006 = EDGE_CURVE ( 'NONE', #10848, #2969, #10947, .T. ) ;
#8007 = LENGTH_MEASURE_WITH_UNIT ( LENGTH_MEASURE( 0.02539999999999999897 ), #2565 );
#8008 = VERTEX_POINT ( 'NONE', #2593 ) ;
#8009 = EDGE_CURVE ( 'NONE', #1177, #3953, #8103, .T. ) ;
#8010 =( GEOMETRIC_REPRESENTATION_CONTEXT ( 3 ) GLOBAL_UNCERTAINTY_ASSIGNED_CONTEXT ( ( #8929 ) ) GLOBAL_UNIT_ASSIGNED_CONTEXT ( ( #6503, #3094, #10128 ) ) REPRESENTATION_CONTEXT ( 'NONE', 'WORKASPACE' ) );
#8011 = CARTESIAN_POINT ( 'NONE',  ( -0.05000000000000014849, 0.08000000000000000167, -0.1199999999999999956 ) ) ;
#8012 = PRESENTATION_LAYER_ASSIGNMENT (  '', '', ( #11120 ) ) ;
#8013 = PRESENTATION_LAYER_ASSIGNMENT (  '', '', ( #11677 ) ) ;
#8014 = DIRECTION ( 'NONE',  ( 1.000000000000000000, 0.000000000000000000, -0.000000000000000000 ) ) ;
#8015 = LENGTH_MEASURE_WITH_UNIT ( LENGTH_MEASURE( 0.02539999999999999897 ), #6151 );
#8016 = DIRECTION ( 'NONE',  ( 0.000000000000000000, 1.000000000000000000, 0.000000000000000000 ) ) ;
#8017 = EDGE_CURVE ( 'NONE', #4581, #7973, #6167, .T. ) ;
#8018 = CARTESIAN_POINT ( 'NONE',  ( 0.000000000000000000, 0.000000000000000000, 0.000000000000000000 ) ) ;
#8019 = ORIENTED_EDGE ( 'NONE', *, *, #6391, .F. ) ;
#8020 = ORIENTED_EDGE ( 'NONE', *, *, #10900, .T. ) ;
#8021 = LINE ( 'NONE', #7483, #10207 ) ;
#8022 = PRESENTATION_LAYER_ASSIGNMENT (  '', '', ( #3301 ) ) ;
#8023 = CARTESIAN_POINT ( 'NONE',  ( 0.04199999999999998873, 0.02000000000000000042, -0.05999999999999999778 ) ) ;
#8024 =( CONVERSION_BASED_UNIT ( 'INCH', #7963 ) LENGTH_UNIT ( ) NAMED_UNIT ( #10364 ) );
#8025 = VERTEX_POINT ( 'NONE', #10760 ) ;
#8026 = CARTESIAN_POINT ( 'NONE',  ( 0.2879999999999999782, 0.01999999999999998654, 0.01700000000000000816 ) ) ;
#8027 = MECHANICAL_DESIGN_GEOMETRIC_PRESENTATION_REPRESENTATION (  '', ( #10359 ), #9958 ) ;
#8028 = CARTESIAN_POINT ( 'NONE',  ( 0.002999999999999988353, -0.07499999999999998335, -0.02800000000000002834 ) ) ;
#8029 = SURFACE_STYLE_USAGE ( .BOTH. , #2652 ) ;
#8030 = PRESENTATION_STYLE_ASSIGNMENT (( #1866 ) ) ;
#8031 = DIRECTION ( 'NONE',  ( -1.000000000000000000, -0.000000000000000000, 0.000000000000000000 ) ) ;
#8032 = DIRECTION ( 'NONE',  ( -1.000000000000000000, -0.000000000000000000, -0.000000000000000000 ) ) ;
#8033 = ORIENTED_EDGE ( 'NONE', *, *, #3261, .F. ) ;
#8034 = VERTEX_POINT ( 'NONE', #7907 ) ;
#8035 =( CONVERSION_BASED_UNIT ( 'INCH', #3721 ) LENGTH_UNIT ( ) NAMED_UNIT ( #11702 ) );
#8036 = DIRECTION ( 'NONE',  ( 0.000000000000000000, -0.8741572761215407050, -0.4856429311786268355 ) ) ;
#8037 =( NAMED_UNIT ( * ) PLANE_ANGLE_UNIT ( ) SI_UNIT ( $, .RADIAN. ) );
#8038 = LINE ( 'NONE', #4549, #10976 ) ;
#8039 = ORIENTED_EDGE ( 'NONE', *, *, #10445, .F. ) ;
#8040 = CARTESIAN_POINT ( 'NONE',  ( 0.007999999999999970676, 0.06499999999999998834, 0.01700000000000000122 ) ) ;
#8041 = DIRECTION ( 'NONE',  ( -0.000000000000000000, -0.000000000000000000, -1.000000000000000000 ) ) ;
#8042 = ORIENTED_EDGE ( 'NONE', *, *, #7769, .F. ) ;
#8043 = SURFACE_STYLE_FILL_AREA ( #821 ) ;
#8044 = DIRECTION ( 'NONE',  ( -0.000000000000000000, 1.000000000000000000, 0.000000000000000000 ) ) ;
#8045 = CARTESIAN_POINT ( 'NONE',  ( 0.04200000000000000955, 0.2099999999999999922, 0.01700000000000000122 ) ) ;
#8046 = CARTESIAN_POINT ( 'NONE',  ( -0.04200000000000000955, 0.01999999999999999001, 0.01700000000000000469 ) ) ;
#8047 = ORIENTED_EDGE ( 'NONE', *, *, #7647, .T. ) ;
#8048 =( LENGTH_UNIT ( ) NAMED_UNIT ( * ) SI_UNIT ( $, .METRE. ) );
#8049 = AXIS2_PLACEMENT_3D ( 'NONE', #11450, #3108, #8747 ) ;
#8050 = ORIENTED_EDGE ( 'NONE', *, *, #714, .T. ) ;
#8051 = VECTOR ( 'NONE', #3779, 39.37007874015748143 ) ;
#8052 = DIRECTION ( 'NONE',  ( 0.000000000000000000, 0.8741572761215382625, -0.4856429311786310543 ) ) ;
#8053 = DIMENSIONAL_EXPONENTS ( 1.000000000000000000, 0.000000000000000000, 0.000000000000000000, 0.000000000000000000, 0.000000000000000000, 0.000000000000000000, 0.000000000000000000 ) ;
#8054 = EDGE_CURVE ( 'NONE', #4595, #9928, #754, .T. ) ;
#8055 = ORIENTED_EDGE ( 'NONE', *, *, #4023, .T. ) ;
#8056 = FILL_AREA_STYLE_COLOUR ( '', #3476 ) ;
#8057 = ORIENTED_EDGE ( 'NONE', *, *, #10124, .F. ) ;
#8058 = CARTESIAN_POINT ( 'NONE',  ( 0.09700000000000000289, -0.07499999999999999722, 0.02800000000000000752 ) ) ;
#8059 = LINE ( 'NONE', #9992, #4219 ) ;
#8060 = VECTOR ( 'NONE', #9582, 39.37007874015748854 ) ;
#8061 = DIRECTION ( 'NONE',  ( 0.000000000000000000, -1.000000000000000000, 0.000000000000000000 ) ) ;
#8062 = PRESENTATION_LAYER_ASSIGNMENT (  '', '', ( #6922 ) ) ;
#8063 =( GEOMETRIC_REPRESENTATION_CONTEXT ( 3 ) GLOBAL_UNCERTAINTY_ASSIGNED_CONTEXT ( ( #1049 ) ) GLOBAL_UNIT_ASSIGNED_CONTEXT ( ( #7113, #10595, #4308 ) ) REPRESENTATION_CONTEXT ( 'NONE', 'WORKASPACE' ) );
#8064 = DIRECTION ( 'NONE',  ( 0.000000000000000000, 0.8741572761215407050, -0.4856429311786268355 ) ) ;
#8065 = PRESENTATION_STYLE_ASSIGNMENT (( #2865 ) ) ;
#8066 = UNCERTAINTY_MEASURE_WITH_UNIT (LENGTH_MEASURE( 1.000000000000000082E-05 ), #3940, 'distance_accuracy_value', 'NONE');
#8067 = CARTESIAN_POINT ( 'NONE',  ( 0.000000000000000000, 0.06500000000000000222, 0.03300000000000000155 ) ) ;
#8068 =( CONVERSION_BASED_UNIT ( 'INCH', #7826 ) LENGTH_UNIT ( ) NAMED_UNIT ( #2454 ) );
#8069 =( GEOMETRIC_REPRESENTATION_CONTEXT ( 3 ) GLOBAL_UNCERTAINTY_ASSIGNED_CONTEXT ( ( #372 ) ) GLOBAL_UNIT_ASSIGNED_CONTEXT ( ( #1938, #5562, #5626 ) ) REPRESENTATION_CONTEXT ( 'NONE', 'WORKASPACE' ) );
#8070 = LINE ( 'NONE', #11760, #6792 ) ;
#8071 = EDGE_CURVE ( 'NONE', #5827, #8889, #8158, .T. ) ;
#8072 = PLANE ( 'NONE',  #11734 ) ;
#8073 = ADVANCED_FACE ( 'NONE', ( #9843 ), #1729, .F. ) ;
#8074 = EDGE_LOOP ( 'NONE', ( #6299, #7758, #3126, #2658 ) ) ;
#8075 = STYLED_ITEM ( 'NONE', ( #2580 ), #10134 ) ;
#8076 = SURFACE_STYLE_USAGE ( .BOTH. , #3638 ) ;
#8077 = AXIS2_PLACEMENT_3D ( 'NONE', #1930, #9200, #9014 ) ;
#8078 = LINE ( 'NONE', #8011, #6895 ) ;
#8079 = SURFACE_STYLE_USAGE ( .BOTH. , #3639 ) ;
#8080 = LENGTH_MEASURE_WITH_UNIT ( LENGTH_MEASURE( 0.02539999999999999897 ), #8321 );
#8081 = UNCERTAINTY_MEASURE_WITH_UNIT (LENGTH_MEASURE( 1.000000000000000082E-05 ), #3526, 'distance_accuracy_value', 'NONE');
#8082 = MECHANICAL_DESIGN_GEOMETRIC_PRESENTATION_REPRESENTATION (  '', ( #5640 ), #8461 ) ;
#8083 = EDGE_CURVE ( 'NONE', #7816, #5033, #3550, .T. ) ;
#8084 = DIMENSIONAL_EXPONENTS ( 1.000000000000000000, 0.000000000000000000, 0.000000000000000000, 0.000000000000000000, 0.000000000000000000, 0.000000000000000000, 0.000000000000000000 ) ;
#8085 = SURFACE_STYLE_USAGE ( .BOTH. , #4451 ) ;
#8086 = ORIENTED_EDGE ( 'NONE', *, *, #8974, .F. ) ;
#8087 = ORIENTED_EDGE ( 'NONE', *, *, #10751, .T. ) ;
#8088 = PRESENTATION_LAYER_ASSIGNMENT (  '', '', ( #11547 ) ) ;
#8089 = EDGE_CURVE ( 'NONE', #9873, #8174, #11784, .T. ) ;
#8090 = PRODUCT ( 'ESHF-105-01-L-D-TH_t', 'ESHF-105-01-L-D-TH_t', '', ( #7440 ) ) ;
#8091 = DIRECTION ( 'NONE',  ( -1.000000000000000000, -0.000000000000000000, 0.000000000000000000 ) ) ;
#8092 = EDGE_CURVE ( 'NONE', #9093, #6605, #9082, .T. ) ;
#8093 =( NAMED_UNIT ( * ) SI_UNIT ( $, .STERADIAN. ) SOLID_ANGLE_UNIT ( ) );
#8094 = COLOUR_RGB ( '',0.2862745098039215508, 0.2862745098039215508, 0.2862745098039215508 ) ;
#8095 = UNCERTAINTY_MEASURE_WITH_UNIT (LENGTH_MEASURE( 1.000000000000000082E-05 ), #9515, 'distance_accuracy_value', 'NONE');
#8096 = SURFACE_STYLE_USAGE ( .BOTH. , #10822 ) ;
#8097 = VERTEX_POINT ( 'NONE', #11655 ) ;
#8098 =( LENGTH_UNIT ( ) NAMED_UNIT ( * ) SI_UNIT ( $, .METRE. ) );
#8099 = CARTESIAN_POINT ( 'NONE',  ( 0.1079999999999999988, 0.1849999999999999978, -0.02199999999999999872 ) ) ;
#8100 = UNCERTAINTY_MEASURE_WITH_UNIT (LENGTH_MEASURE( 1.000000000000000082E-05 ), #4282, 'distance_accuracy_value', 'NONE');
#8101 = CARTESIAN_POINT ( 'NONE',  ( 0.05800000000000000294, 0.06500000000000000222, 0.000000000000000000 ) ) ;
#8102 = LINE ( 'NONE', #6226, #8924 ) ;
#8103 = LINE ( 'NONE', #1793, #2273 ) ;
#8104 = CARTESIAN_POINT ( 'NONE',  ( 0.1079999999999999988, 0.04000000000000000777, 0.01700000000000000122 ) ) ;
#8105 = ORIENTED_EDGE ( 'NONE', *, *, #4147, .F. ) ;
#8106 = ORIENTED_EDGE ( 'NONE', *, *, #4390, .T. ) ;
#8107 = EDGE_CURVE ( 'NONE', #7068, #11113, #3488, .T. ) ;
#8108 = COLOUR_RGB ( '',0.2862745098039215508, 0.2862745098039215508, 0.2862745098039215508 ) ;
#8109 = LINE ( 'NONE', #6532, #4460 ) ;
#8110 = LINE ( 'NONE', #5318, #5216 ) ;
#8111 = ORIENTED_EDGE ( 'NONE', *, *, #9996, .T. ) ;
#8112 = CARTESIAN_POINT ( 'NONE',  ( -0.1079999999999999849, 0.02000000000000000042, -0.05999999999999999778 ) ) ;
#8113 = FILL_AREA_STYLE ('',( #6476 ) ) ;
#8114 = EDGE_LOOP ( 'NONE', ( #1522, #11244, #528, #10321 ) ) ;
#8115 = LINE ( 'NONE', #4607, #369 ) ;
#8116 = FILL_AREA_STYLE ('',( #9863 ) ) ;
#8117 = LINE ( 'NONE', #11803, #8390 ) ;
#8118 = DIRECTION ( 'NONE',  ( 0.000000000000000000, -0.000000000000000000, -1.000000000000000000 ) ) ;
#8119 =( GEOMETRIC_REPRESENTATION_CONTEXT ( 3 ) GLOBAL_UNCERTAINTY_ASSIGNED_CONTEXT ( ( #274 ) ) GLOBAL_UNIT_ASSIGNED_CONTEXT ( ( #7655, #7880, #10487 ) ) REPRESENTATION_CONTEXT ( 'NONE', 'WORKASPACE' ) );
#8120 = LINE ( 'NONE', #3737, #1440 ) ;
#8121 = ORIENTED_EDGE ( 'NONE', *, *, #9933, .T. ) ;
#8122 =( NAMED_UNIT ( * ) PLANE_ANGLE_UNIT ( ) SI_UNIT ( $, .RADIAN. ) );
#8123 = VERTEX_POINT ( 'NONE', #11717 ) ;
#8124 = FILL_AREA_STYLE ('',( #967 ) ) ;
#8125 = VECTOR ( 'NONE', #9325, 39.37007874015748143 ) ;
#8126 = ORIENTED_EDGE ( 'NONE', *, *, #6737, .T. ) ;
#8127 = EDGE_LOOP ( 'NONE', ( #5192, #1176, #7545, #6693 ) ) ;
#8128 = DIRECTION ( 'NONE',  ( 1.000000000000000000, 0.000000000000000000, 0.000000000000000000 ) ) ;
#8129 = SURFACE_STYLE_FILL_AREA ( #7123 ) ;
#8130 =( NAMED_UNIT ( * ) PLANE_ANGLE_UNIT ( ) SI_UNIT ( $, .RADIAN. ) );
#8131 = FILL_AREA_STYLE ('',( #10000 ) ) ;
#8132 = MECHANICAL_DESIGN_GEOMETRIC_PRESENTATION_REPRESENTATION (  '', ( #1500 ), #11576 ) ;
#8133 = FILL_AREA_STYLE ('',( #2923 ) ) ;
#8134 = CARTESIAN_POINT ( 'NONE',  ( 0.1079999999999999988, -0.07499999999999999722, -0.02199999999999999872 ) ) ;
#8135 = EDGE_CURVE ( 'NONE', #6974, #5291, #10828, .T. ) ;
#8136 = DIRECTION ( 'NONE',  ( 0.000000000000000000, -0.000000000000000000, -1.000000000000000000 ) ) ;
#8137 = VERTEX_POINT ( 'NONE', #160 ) ;
#8138 = DIRECTION ( 'NONE',  ( -1.000000000000000000, 0.000000000000000000, -0.000000000000000000 ) ) ;
#8139 = DIMENSIONAL_EXPONENTS ( 1.000000000000000000, 0.000000000000000000, 0.000000000000000000, 0.000000000000000000, 0.000000000000000000, 0.000000000000000000, 0.000000000000000000 ) ;
#8140 = AXIS2_PLACEMENT_3D ( 'NONE', #3875, #7311, #7488 ) ;
#8141 = STYLED_ITEM ( 'NONE', ( #5672 ), #8378 ) ;
#8142 = PLANE ( 'NONE',  #5792 ) ;
#8143 =( NAMED_UNIT ( * ) PLANE_ANGLE_UNIT ( ) SI_UNIT ( $, .RADIAN. ) );
#8144 = EDGE_CURVE ( 'NONE', #9316, #10644, #11068, .T. ) ;
#8145 = APPLICATION_CONTEXT ( 'automotive_design' ) ;
#8146 = VERTEX_POINT ( 'NONE', #7507 ) ;
#8147 = AXIS2_PLACEMENT_3D ( 'NONE', #3849, #6596, #1235 ) ;
#8148 = VECTOR ( 'NONE', #10372, 39.37007874015748143 ) ;
#8149 = SURFACE_SIDE_STYLE ('',( #862 ) ) ;
#8150 = UNCERTAINTY_MEASURE_WITH_UNIT (LENGTH_MEASURE( 1.000000000000000082E-05 ), #873, 'distance_accuracy_value', 'NONE');
#8151 = DIRECTION ( 'NONE',  ( 0.4368520283305201146, 0.7863336509949332420, -0.4368520283305193930 ) ) ;
#8152 = VERTEX_POINT ( 'NONE', #6463 ) ;
#8153 = LINE ( 'NONE', #1106, #2913 ) ;
#8154 = DIRECTION ( 'NONE',  ( 1.000000000000000000, 0.000000000000000000, -0.000000000000000000 ) ) ;
#8155 = ADVANCED_BREP_SHAPE_REPRESENTATION ( '', ( #6018, #3927 ), #7878 ) ;
#8156 =( GEOMETRIC_REPRESENTATION_CONTEXT ( 3 ) GLOBAL_UNCERTAINTY_ASSIGNED_CONTEXT ( ( #9413 ) ) GLOBAL_UNIT_ASSIGNED_CONTEXT ( ( #2436, #11673, #2615 ) ) REPRESENTATION_CONTEXT ( 'NONE', 'WORKASPACE' ) );
#8157 =( NAMED_UNIT ( * ) SI_UNIT ( $, .STERADIAN. ) SOLID_ANGLE_UNIT ( ) );
#8158 = LINE ( 'NONE', #3656, #3408 ) ;
#8159 = EDGE_CURVE ( 'NONE', #7261, #2146, #5554, .T. ) ;
#8160 = ORIENTED_EDGE ( 'NONE', *, *, #9291, .T. ) ;
#8161 = ORIENTED_EDGE ( 'NONE', *, *, #10751, .F. ) ;
#8162 = PLANE ( 'NONE',  #4278 ) ;
#8163 = SURFACE_STYLE_FILL_AREA ( #11612 ) ;
#8164 = EDGE_CURVE ( 'NONE', #5070, #4551, #6519, .T. ) ;
#8165 = CARTESIAN_POINT ( 'NONE',  ( -0.008000000000000014044, 0.01999999999999999001, -0.01700000000000000122 ) ) ;
#8166 = PLANE ( 'NONE',  #3724 ) ;
#8167 = ORIENTED_EDGE ( 'NONE', *, *, #3186, .F. ) ;
#8168 = DIRECTION ( 'NONE',  ( -0.8741572761215372633, 0.4856429311786331082, 0.000000000000000000 ) ) ;
#8169 = CARTESIAN_POINT ( 'NONE',  ( -0.09199999999999998457, 0.05000000000000000278, 0.01700000000000000122 ) ) ;
#8170 = ADVANCED_FACE ( 'NONE', ( #4592 ), #2111, .F. ) ;
#8171 = LINE ( 'NONE', #7411, #11636 ) ;
#8172 = SURFACE_SIDE_STYLE ('',( #8791 ) ) ;
#8173 = FILL_AREA_STYLE_COLOUR ( '', #2195 ) ;
#8174 = VERTEX_POINT ( 'NONE', #9368 ) ;
#8175 = EDGE_CURVE ( 'NONE', #10539, #4794, #9252, .T. ) ;
#8176 = ORIENTED_EDGE ( 'NONE', *, *, #2002, .T. ) ;
#8177 = ORIENTED_EDGE ( 'NONE', *, *, #11256, .T. ) ;
#8178 =( NAMED_UNIT ( * ) PLANE_ANGLE_UNIT ( ) SI_UNIT ( $, .RADIAN. ) );
#8179 = VECTOR ( 'NONE', #4942, 39.37007874015748143 ) ;
#8180 = VERTEX_POINT ( 'NONE', #4710 ) ;
#8181 = SURFACE_SIDE_STYLE ('',( #7363 ) ) ;
#8182 =( LENGTH_UNIT ( ) NAMED_UNIT ( * ) SI_UNIT ( $, .METRE. ) );
#8183 =( LENGTH_UNIT ( ) NAMED_UNIT ( * ) SI_UNIT ( $, .METRE. ) );
#8184 = SURFACE_SIDE_STYLE ('',( #11684 ) ) ;
#8185 = CARTESIAN_POINT ( 'NONE',  ( 0.000000000000000000, 0.05000000000000000278, 0.000000000000000000 ) ) ;
#8186 =( LENGTH_UNIT ( ) NAMED_UNIT ( * ) SI_UNIT ( $, .METRE. ) );
#8187 = AXIS2_PLACEMENT_3D ( 'NONE', #8639, #5698, #7684 ) ;
#8188 = DIRECTION ( 'NONE',  ( 0.000000000000000000, -1.000000000000000000, -0.000000000000000000 ) ) ;
#8189 = DIRECTION ( 'NONE',  ( 0.4368520283305193375, -0.7863336509949337971, -0.4368520283305193375 ) ) ;
#8190 = ORIENTED_EDGE ( 'NONE', *, *, #5493, .F. ) ;
#8191 =( LENGTH_UNIT ( ) NAMED_UNIT ( * ) SI_UNIT ( $, .METRE. ) );
#8192 = DIRECTION ( 'NONE',  ( 0.4368520283305176721, 0.7863336509949343522, -0.4368520283305199481 ) ) ;
#8193 = UNCERTAINTY_MEASURE_WITH_UNIT (LENGTH_MEASURE( 1.000000000000000082E-05 ), #4377, 'distance_accuracy_value', 'NONE');
#8194 = COLOUR_RGB ( '',0.8627450980392157298, 0.6274509803921568540, 0.05882352941176470507 ) ;
#8195 =( NAMED_UNIT ( * ) SI_UNIT ( $, .STERADIAN. ) SOLID_ANGLE_UNIT ( ) );
#8196 = MECHANICAL_DESIGN_GEOMETRIC_PRESENTATION_REPRESENTATION (  '', ( #827 ), #8778 ) ;
#8197 = FACE_OUTER_BOUND ( 'NONE', #10577, .T. ) ;
#8198 = EDGE_CURVE ( 'NONE', #934, #181, #5496, .T. ) ;
#8199 = VERTEX_POINT ( 'NONE', #9141 ) ;
#8200 = DIRECTION ( 'NONE',  ( 0.8741572761215383736, -0.4856429311786311098, 0.000000000000000000 ) ) ;
#8201 = MECHANICAL_DESIGN_GEOMETRIC_PRESENTATION_REPRESENTATION (  '', ( #6536 ), #10137 ) ;
#8202 = CARTESIAN_POINT ( 'NONE',  ( 0.000000000000000000, 0.000000000000000000, -0.005000000000000000104 ) ) ;
#8203 = CARTESIAN_POINT ( 'NONE',  ( 0.000000000000000000, 0.06500000000000000222, -0.01700000000000000122 ) ) ;
#8204 = VECTOR ( 'NONE', #11485, 39.37007874015748143 ) ;
#8205 = SURFACE_STYLE_USAGE ( .BOTH. , #1859 ) ;
#8206 = EDGE_CURVE ( 'NONE', #11300, #8008, #7395, .T. ) ;
#8207 = ORIENTED_EDGE ( 'NONE', *, *, #2163, .T. ) ;
#8208 = DIRECTION ( 'NONE',  ( 0.000000000000000000, 0.000000000000000000, 1.000000000000000000 ) ) ;
#8209 = DIRECTION ( 'NONE',  ( 0.000000000000000000, -0.000000000000000000, -1.000000000000000000 ) ) ;
#8210 = UNCERTAINTY_MEASURE_WITH_UNIT (LENGTH_MEASURE( 1.000000000000000082E-05 ), #7476, 'distance_accuracy_value', 'NONE');
#8211 = COLOUR_RGB ( '',0.8627450980392157298, 0.6274509803921568540, 0.05882352941176470507 ) ;
#8212 = FILL_AREA_STYLE ('',( #11240 ) ) ;
#8213 = DIMENSIONAL_EXPONENTS ( 1.000000000000000000, 0.000000000000000000, 0.000000000000000000, 0.000000000000000000, 0.000000000000000000, 0.000000000000000000, 0.000000000000000000 ) ;
#8214 =( NAMED_UNIT ( * ) PLANE_ANGLE_UNIT ( ) SI_UNIT ( $, .RADIAN. ) );
#8215 = ORIENTED_EDGE ( 'NONE', *, *, #1196, .T. ) ;
#8216 = ORIENTED_EDGE ( 'NONE', *, *, #2446, .F. ) ;
#8217 = FILL_AREA_STYLE_COLOUR ( '', #6027 ) ;
#8218 = DIRECTION ( 'NONE',  ( 1.000000000000000000, 0.000000000000000000, -0.000000000000000000 ) ) ;
#8219 = DIRECTION ( 'NONE',  ( 0.000000000000000000, 1.000000000000000000, 0.000000000000000000 ) ) ;
#8220 = VECTOR ( 'NONE', #4237, 39.37007874015749564 ) ;
#8221 = LINE ( 'NONE', #7170, #6942 ) ;
#8222 = EDGE_CURVE ( 'NONE', #1939, #10394, #3889, .T. ) ;
#8223 = ORIENTED_EDGE ( 'NONE', *, *, #2749, .F. ) ;
#8224 = DIRECTION ( 'NONE',  ( 0.000000000000000000, 0.000000000000000000, 1.000000000000000000 ) ) ;
#8225 =( LENGTH_UNIT ( ) NAMED_UNIT ( * ) SI_UNIT ( $, .METRE. ) );
#8226 = PLANE ( 'NONE',  #847 ) ;
#8227 = DIRECTION ( 'NONE',  ( 0.8741572761215383736, -0.4856429311786311098, 0.000000000000000000 ) ) ;
#8228 = DIRECTION ( 'NONE',  ( 0.000000000000000000, -0.000000000000000000, 1.000000000000000000 ) ) ;
#8229 = CARTESIAN_POINT ( 'NONE',  ( 0.04699999999999999317, 0.1849999999999999978, 0.02199999999999999872 ) ) ;
#8230 =( LENGTH_UNIT ( ) NAMED_UNIT ( * ) SI_UNIT ( $, .METRE. ) );
#8231 = COLOUR_RGB ( '',0.2862745098039215508, 0.2862745098039215508, 0.2862745098039215508 ) ;
#8232 = ORIENTED_EDGE ( 'NONE', *, *, #7376, .T. ) ;
#8233 = EDGE_CURVE ( 'NONE', #11255, #5146, #2054, .T. ) ;
#8234 = ORIENTED_EDGE ( 'NONE', *, *, #4106, .T. ) ;
#8235 = FACE_OUTER_BOUND ( 'NONE', #9074, .T. ) ;
#8236 = ADVANCED_FACE ( 'NONE', ( #7330 ), #7569, .F. ) ;
#8237 = VERTEX_POINT ( 'NONE', #11625 ) ;
#8238 =( CONVERSION_BASED_UNIT ( 'INCH', #7538 ) LENGTH_UNIT ( ) NAMED_UNIT ( #9083 ) );
#8239 = ORIENTED_EDGE ( 'NONE', *, *, #8726, .F. ) ;
#8240 = LINE ( 'NONE', #4734, #9946 ) ;
#8241 = DIMENSIONAL_EXPONENTS ( 1.000000000000000000, 0.000000000000000000, 0.000000000000000000, 0.000000000000000000, 0.000000000000000000, 0.000000000000000000, 0.000000000000000000 ) ;
#8242 =( NAMED_UNIT ( * ) SI_UNIT ( $, .STERADIAN. ) SOLID_ANGLE_UNIT ( ) );
#8243 = FACE_OUTER_BOUND ( 'NONE', #85, .T. ) ;
#8244 = EDGE_CURVE ( 'NONE', #10831, #2262, #7126, .T. ) ;
#8245 = LENGTH_MEASURE_WITH_UNIT ( LENGTH_MEASURE( 0.02539999999999999897 ), #11037 );
#8246 =( NAMED_UNIT ( * ) PLANE_ANGLE_UNIT ( ) SI_UNIT ( $, .RADIAN. ) );
#8247 = LENGTH_MEASURE_WITH_UNIT ( LENGTH_MEASURE( 0.02539999999999999897 ), #7190 );
#8248 =( GEOMETRIC_REPRESENTATION_CONTEXT ( 3 ) GLOBAL_UNCERTAINTY_ASSIGNED_CONTEXT ( ( #5716 ) ) GLOBAL_UNIT_ASSIGNED_CONTEXT ( ( #9538, #9593, #4101 ) ) REPRESENTATION_CONTEXT ( 'NONE', 'WORKASPACE' ) );
#8249 = DIRECTION ( 'NONE',  ( 0.000000000000000000, 0.000000000000000000, 1.000000000000000000 ) ) ;
#8250 = CARTESIAN_POINT ( 'NONE',  ( -0.09199999999999998457, 0.1759999999999999898, 0.03300000000000000155 ) ) ;
#8251 = LINE ( 'NONE', #2996, #4090 ) ;
#8252 =( GEOMETRIC_REPRESENTATION_CONTEXT ( 3 ) GLOBAL_UNCERTAINTY_ASSIGNED_CONTEXT ( ( #8100 ) ) GLOBAL_UNIT_ASSIGNED_CONTEXT ( ( #4282, #9834, #8093 ) ) REPRESENTATION_CONTEXT ( 'NONE', 'WORKASPACE' ) );
#8253 = ORIENTED_EDGE ( 'NONE', *, *, #1065, .F. ) ;
#8254 = MECHANICAL_DESIGN_GEOMETRIC_PRESENTATION_REPRESENTATION (  '', ( #6009 ), #6935 ) ;
#8255 = SURFACE_SIDE_STYLE ('',( #4629 ) ) ;
#8256 = SURFACE_STYLE_USAGE ( .BOTH. , #10987 ) ;
#8257 =( NAMED_UNIT ( * ) SI_UNIT ( $, .STERADIAN. ) SOLID_ANGLE_UNIT ( ) );
#8258 = COLOUR_RGB ( '',0.2862745098039215508, 0.2862745098039215508, 0.2862745098039215508 ) ;
#8259 =( NAMED_UNIT ( * ) PLANE_ANGLE_UNIT ( ) SI_UNIT ( $, .RADIAN. ) );
#8260 = ORIENTED_EDGE ( 'NONE', *, *, #11515, .F. ) ;
#8261 = PRESENTATION_LAYER_ASSIGNMENT (  '', '', ( #4659 ) ) ;
#8262 = FILL_AREA_STYLE_COLOUR ( '', #2205 ) ;
#8263 = LINE ( 'NONE', #8023, #4664 ) ;
#8264 = PRESENTATION_LAYER_ASSIGNMENT (  '', '', ( #6768 ) ) ;
#8265 = UNCERTAINTY_MEASURE_WITH_UNIT (LENGTH_MEASURE( 1.000000000000000082E-05 ), #679, 'distance_accuracy_value', 'NONE');
#8266 = PRESENTATION_LAYER_ASSIGNMENT (  '', '', ( #10979 ) ) ;
#8267 =( NAMED_UNIT ( * ) SI_UNIT ( $, .STERADIAN. ) SOLID_ANGLE_UNIT ( ) );
#8268 = DIRECTION ( 'NONE',  ( 1.000000000000000000, 0.000000000000000000, -0.000000000000000000 ) ) ;
#8269 = VECTOR ( 'NONE', #3013, 39.37007874015748143 ) ;
#8270 = CARTESIAN_POINT ( 'NONE',  ( 0.09199999999999999845, 0.05000000000000000278, 0.01700000000000000122 ) ) ;
#8271 =( GEOMETRIC_REPRESENTATION_CONTEXT ( 3 ) GLOBAL_UNCERTAINTY_ASSIGNED_CONTEXT ( ( #2134 ) ) GLOBAL_UNIT_ASSIGNED_CONTEXT ( ( #8573, #6857, #6751 ) ) REPRESENTATION_CONTEXT ( 'NONE', 'WORKASPACE' ) );
#8272 = VECTOR ( 'NONE', #511, 39.37007874015748143 ) ;
#8273 = LINE ( 'NONE', #9139, #5689 ) ;
#8274 = CARTESIAN_POINT ( 'NONE',  ( -0.04200000000000000955, -0.06600000000000000311, 0.01699999999999999428 ) ) ;
#8275 = DIRECTION ( 'NONE',  ( -0.8741572761215372633, 0.4856429311786331082, 0.000000000000000000 ) ) ;
#8276 = DIRECTION ( 'NONE',  ( 1.000000000000000000, 0.000000000000000000, 0.000000000000000000 ) ) ;
#8277 =( NAMED_UNIT ( * ) PLANE_ANGLE_UNIT ( ) SI_UNIT ( $, .RADIAN. ) );
#8278 = VECTOR ( 'NONE', #10335, 39.37007874015748143 ) ;
#8279 = DIRECTION ( 'NONE',  ( 0.000000000000000000, 0.000000000000000000, -1.000000000000000000 ) ) ;
#8280 = EDGE_LOOP ( 'NONE', ( #1824, #2912, #3800, #2186 ) ) ;
#8281 = VERTEX_POINT ( 'NONE', #2501 ) ;
#8282 =( NAMED_UNIT ( * ) SI_UNIT ( $, .STERADIAN. ) SOLID_ANGLE_UNIT ( ) );
#8283 =( GEOMETRIC_REPRESENTATION_CONTEXT ( 3 ) GLOBAL_UNCERTAINTY_ASSIGNED_CONTEXT ( ( #1789 ) ) GLOBAL_UNIT_ASSIGNED_CONTEXT ( ( #10269, #1219, #5548 ) ) REPRESENTATION_CONTEXT ( 'NONE', 'WORKASPACE' ) );
#8284 = UNCERTAINTY_MEASURE_WITH_UNIT (LENGTH_MEASURE( 1.000000000000000082E-05 ), #6046, 'distance_accuracy_value', 'NONE');
#8285 = LINE ( 'NONE', #6528, #11174 ) ;
#8286 = SURFACE_STYLE_FILL_AREA ( #5622 ) ;
#8287 =( LENGTH_UNIT ( ) NAMED_UNIT ( * ) SI_UNIT ( $, .METRE. ) );
#8288 = DIRECTION ( 'NONE',  ( -0.4368520283305156182, 0.7863336509949361286, -0.4368520283305186158 ) ) ;
#8289 = VERTEX_POINT ( 'NONE', #3458 ) ;
#8290 = CARTESIAN_POINT ( 'NONE',  ( 0.000000000000000000, 0.2099999999999999922, -0.1000000000000000056 ) ) ;
#8291 = SURFACE_SIDE_STYLE ('',( #5630 ) ) ;
#8292 = CARTESIAN_POINT ( 'NONE',  ( -0.3250000000000000111, 0.2099999999999999922, 0.1000000000000000056 ) ) ;
#8293 = PRESENTATION_STYLE_ASSIGNMENT (( #2845 ) ) ;
#8294 = DIRECTION ( 'NONE',  ( 0.000000000000000000, -0.8741572761215407050, -0.4856429311786268355 ) ) ;
#8295 = ORIENTED_EDGE ( 'NONE', *, *, #9404, .F. ) ;
#8296 = ADVANCED_FACE ( 'NONE', ( #2170 ), #448, .T. ) ;
#8297 =( LENGTH_UNIT ( ) NAMED_UNIT ( * ) SI_UNIT ( $, .METRE. ) );
#8298 = LINE ( 'NONE', #7417, #6928 ) ;
#8299 = DIMENSIONAL_EXPONENTS ( 1.000000000000000000, 0.000000000000000000, 0.000000000000000000, 0.000000000000000000, 0.000000000000000000, 0.000000000000000000, 0.000000000000000000 ) ;
#8300 = EDGE_LOOP ( 'NONE', ( #8601, #9451, #2538, #5957 ) ) ;
#8301 = PLANE ( 'NONE',  #7966 ) ;
#8302 = ORIENTED_EDGE ( 'NONE', *, *, #10964, .F. ) ;
#8303 = ADVANCED_FACE ( 'NONE', ( #5000 ), #8863, .F. ) ;
#8304 =( NAMED_UNIT ( * ) SI_UNIT ( $, .STERADIAN. ) SOLID_ANGLE_UNIT ( ) );
#8305 = PRESENTATION_LAYER_ASSIGNMENT (  '', '', ( #935 ) ) ;
#8306 =( CONVERSION_BASED_UNIT ( 'INCH', #8245 ) LENGTH_UNIT ( ) NAMED_UNIT ( #10931 ) );
#8307 = PLANE ( 'NONE',  #6059 ) ;
#8308 = CARTESIAN_POINT ( 'NONE',  ( 0.3109999999999999987, 0.000000000000000000, -0.02500000000000000139 ) ) ;
#8309 = EDGE_CURVE ( 'NONE', #3077, #8146, #2626, .T. ) ;
#8310 = CARTESIAN_POINT ( 'NONE',  ( -0.04699999999999998623, -0.07499999999999999722, 0.02799999999999999711 ) ) ;
#8311 = VERTEX_POINT ( 'NONE', #1708 ) ;
#8312 = FACE_OUTER_BOUND ( 'NONE', #9922, .T. ) ;
#8313 = STYLED_ITEM ( 'NONE', ( #8900 ), #4763 ) ;
#8314 = VECTOR ( 'NONE', #46, 39.37007874015748143 ) ;
#8315 = LINE ( 'NONE', #8250, #3333 ) ;
#8316 = ORIENTED_EDGE ( 'NONE', *, *, #11623, .T. ) ;
#8317 = CARTESIAN_POINT ( 'NONE',  ( 0.2879999999999999782, 0.01999999999999999695, -0.03300000000000000155 ) ) ;
#8318 = DIRECTION ( 'NONE',  ( 0.000000000000000000, 0.000000000000000000, 1.000000000000000000 ) ) ;
#8319 = FILL_AREA_STYLE ('',( #4694 ) ) ;
#8320 = LINE ( 'NONE', #5593, #7388 ) ;
#8321 =( LENGTH_UNIT ( ) NAMED_UNIT ( * ) SI_UNIT ( $, .METRE. ) );
#8322 = PRESENTATION_LAYER_ASSIGNMENT (  '', '', ( #11801 ) ) ;
#8323 = UNCERTAINTY_MEASURE_WITH_UNIT (LENGTH_MEASURE( 1.000000000000000082E-05 ), #7607, 'distance_accuracy_value', 'NONE');
#8324 = ADVANCED_FACE ( 'NONE', ( #5347 ), #10135, .F. ) ;
#8325 = SURFACE_SIDE_STYLE ('',( #10074 ) ) ;
#8326 = CARTESIAN_POINT ( 'NONE',  ( 0.1079999999999999988, -0.06600000000000000311, 0.01700000000000000122 ) ) ;
#8327 = DIRECTION ( 'NONE',  ( 1.000000000000000000, 0.000000000000000000, 0.000000000000000000 ) ) ;
#8328 = VERTEX_POINT ( 'NONE', #5420 ) ;
#8329 = CARTESIAN_POINT ( 'NONE',  ( 0.000000000000000000, 0.2099999999999999922, 0.07000000000000000666 ) ) ;
#8330 = ADVANCED_FACE ( 'NONE', ( #10994 ), #4754, .F. ) ;
#8331 = CARTESIAN_POINT ( 'NONE',  ( -0.05000000000000006523, 0.08000000000000002942, -0.1200000000000000233 ) ) ;
#8332 =( GEOMETRIC_REPRESENTATION_CONTEXT ( 3 ) GLOBAL_UNCERTAINTY_ASSIGNED_CONTEXT ( ( #4983 ) ) GLOBAL_UNIT_ASSIGNED_CONTEXT ( ( #9592, #3988, #11280 ) ) REPRESENTATION_CONTEXT ( 'NONE', 'WORKASPACE' ) );
#8333 = PRESENTATION_STYLE_ASSIGNMENT (( #1051 ) ) ;
#8334 = CARTESIAN_POINT ( 'NONE',  ( -0.1079999999999999988, 0.1759999999999999898, 0.000000000000000000 ) ) ;
#8335 = FILL_AREA_STYLE_COLOUR ( '', #10708 ) ;
#8336 = LINE ( 'NONE', #4706, #746 ) ;
#8337 = LINE ( 'NONE', #7924, #469 ) ;
#8338 = UNCERTAINTY_MEASURE_WITH_UNIT (LENGTH_MEASURE( 1.000000000000000082E-05 ), #8660, 'distance_accuracy_value', 'NONE');
#8339 = PRESENTATION_STYLE_ASSIGNMENT (( #9959 ) ) ;
#8340 = CARTESIAN_POINT ( 'NONE',  ( 0.2879999999999999782, 0.02000000000000000042, -0.05999999999999999778 ) ) ;
#8341 = CARTESIAN_POINT ( 'NONE',  ( 0.2879999999999999782, 0.01999999999999998654, 0.01700000000000000816 ) ) ;
#8342 = COLOUR_RGB ( '',0.2862745098039215508, 0.2862745098039215508, 0.2862745098039215508 ) ;
#8343 =( GEOMETRIC_REPRESENTATION_CONTEXT ( 3 ) GLOBAL_UNCERTAINTY_ASSIGNED_CONTEXT ( ( #612 ) ) GLOBAL_UNIT_ASSIGNED_CONTEXT ( ( #2755, #145, #5045 ) ) REPRESENTATION_CONTEXT ( 'NONE', 'WORKASPACE' ) );
#8344 = ORIENTED_EDGE ( 'NONE', *, *, #3801, .T. ) ;
#8345 = ORIENTED_EDGE ( 'NONE', *, *, #5095, .T. ) ;
#8346 = PLANE ( 'NONE',  #11536 ) ;
#8347 =( NAMED_UNIT ( * ) PLANE_ANGLE_UNIT ( ) SI_UNIT ( $, .RADIAN. ) );
#8348 = CARTESIAN_POINT ( 'NONE',  ( 0.1079999999999999988, -0.06600000000000000311, 0.01700000000000000122 ) ) ;
#8349 = DIRECTION ( 'NONE',  ( -0.000000000000000000, 1.000000000000000000, 0.000000000000000000 ) ) ;
#8350 = VECTOR ( 'NONE', #8817, 39.37007874015748143 ) ;
#8351 = ORIENTED_EDGE ( 'NONE', *, *, #4824, .F. ) ;
#8352 = VECTOR ( 'NONE', #6625, 39.37007874015748854 ) ;
#8353 = CARTESIAN_POINT ( 'NONE',  ( 0.09199999999999999845, 0.1759999999999999898, 0.1199999999999999956 ) ) ;
#8354 = DIRECTION ( 'NONE',  ( -0.000000000000000000, 1.000000000000000000, 0.000000000000000000 ) ) ;
#8355 = SURFACE_STYLE_FILL_AREA ( #2122 ) ;
#8356 = SURFACE_STYLE_USAGE ( .BOTH. , #8471 ) ;
#8357 = LINE ( 'NONE', #2124, #3910 ) ;
#8358 = ORIENTED_EDGE ( 'NONE', *, *, #5555, .T. ) ;
#8359 = EDGE_CURVE ( 'NONE', #5821, #7929, #3878, .T. ) ;
#8360 = LINE ( 'NONE', #9452, #8686 ) ;
#8361 = CARTESIAN_POINT ( 'NONE',  ( -0.05800000000000000294, 0.04000000000000000083, 0.1199999999999999956 ) ) ;
#8362 = ORIENTED_EDGE ( 'NONE', *, *, #1135, .F. ) ;
#8363 = ORIENTED_EDGE ( 'NONE', *, *, #8688, .F. ) ;
#8364 = CARTESIAN_POINT ( 'NONE',  ( 0.04200000000000000955, 0.1759999999999999898, 0.1199999999999999956 ) ) ;
#8365 = EDGE_CURVE ( 'NONE', #9168, #1189, #1974, .T. ) ;
#8366 = DIRECTION ( 'NONE',  ( -0.000000000000000000, -1.000000000000000000, -0.000000000000000000 ) ) ;
#8367 = DIRECTION ( 'NONE',  ( -1.000000000000000000, 0.000000000000000000, -0.000000000000000000 ) ) ;
#8368 = DIRECTION ( 'NONE',  ( 0.000000000000000000, 0.000000000000000000, 1.000000000000000000 ) ) ;
#8369 =( CONVERSION_BASED_UNIT ( 'INCH', #4742 ) LENGTH_UNIT ( ) NAMED_UNIT ( #2555 ) );
#8370 = DIRECTION ( 'NONE',  ( -0.000000000000000000, 0.000000000000000000, 1.000000000000000000 ) ) ;
#8371 = EDGE_LOOP ( 'NONE', ( #5886, #3049, #6592, #663 ) ) ;
#8372 = SURFACE_STYLE_FILL_AREA ( #193 ) ;
#8373 = FILL_AREA_STYLE_COLOUR ( '', #493 ) ;
#8374 = STYLED_ITEM ( 'NONE', ( #11363 ), #3313 ) ;
#8375 = SHAPE_REPRESENTATION ( 'ESHF-105-01-L-D-TH', ( #2794, #5232, #2984, #9633 ), #9438 ) ;
#8376 = EDGE_LOOP ( 'NONE', ( #3015, #3431, #2483, #4933 ) ) ;
#8377 =( NAMED_UNIT ( * ) SI_UNIT ( $, .STERADIAN. ) SOLID_ANGLE_UNIT ( ) );
#8378 = ADVANCED_FACE ( 'NONE', ( #8197 ), #6562, .F. ) ;
#8379 = DIMENSIONAL_EXPONENTS ( 1.000000000000000000, 0.000000000000000000, 0.000000000000000000, 0.000000000000000000, 0.000000000000000000, 0.000000000000000000, 0.000000000000000000 ) ;
#8380 = CARTESIAN_POINT ( 'NONE',  ( 0.007999999999999989758, -0.06600000000000000311, 0.01700000000000000122 ) ) ;
#8381 = LENGTH_MEASURE_WITH_UNIT ( LENGTH_MEASURE( 0.02539999999999999897 ), #7383 );
#8382 =( CONVERSION_BASED_UNIT ( 'INCH', #4580 ) LENGTH_UNIT ( ) NAMED_UNIT ( #10542 ) );
#8383 = DIRECTION ( 'NONE',  ( 1.000000000000000000, 0.000000000000000000, 0.000000000000000000 ) ) ;
#8384 = VERTEX_POINT ( 'NONE', #8617 ) ;
#8385 = DIRECTION ( 'NONE',  ( 0.4856429311786310543, 0.8741572761215382625, 0.000000000000000000 ) ) ;
#8386 = PLANE ( 'NONE',  #8866 ) ;
#8387 = UNCERTAINTY_MEASURE_WITH_UNIT (LENGTH_MEASURE( 1.000000000000000082E-05 ), #7548, 'distance_accuracy_value', 'NONE');
#8388 = EDGE_CURVE ( 'NONE', #3132, #10985, #8554, .T. ) ;
#8389 = COLOUR_RGB ( '',0.2862745098039215508, 0.2862745098039215508, 0.2862745098039215508 ) ;
#8390 = VECTOR ( 'NONE', #9916, 39.37007874015748143 ) ;
#8391 = VECTOR ( 'NONE', #8354, 39.37007874015748143 ) ;
#8392 = PRESENTATION_STYLE_ASSIGNMENT (( #6517 ) ) ;
#8393 = CARTESIAN_POINT ( 'NONE',  ( 0.04699999999999997929, -0.07499999999999999722, -0.02200000000000005770 ) ) ;
#8394 = SURFACE_SIDE_STYLE ('',( #4929 ) ) ;
#8395 = LINE ( 'NONE', #1924, #8051 ) ;
#8396 = FILL_AREA_STYLE_COLOUR ( '', #6199 ) ;
#8397 = ORIENTED_EDGE ( 'NONE', *, *, #11506, .F. ) ;
#8398 = ORIENTED_EDGE ( 'NONE', *, *, #9855, .F. ) ;
#8399 = PLANE ( 'NONE',  #7692 ) ;
#8400 = ORIENTED_EDGE ( 'NONE', *, *, #6531, .F. ) ;
#8401 = DIRECTION ( 'NONE',  ( -0.000000000000000000, 1.000000000000000000, 0.000000000000000000 ) ) ;
#8402 =( NAMED_UNIT ( * ) SI_UNIT ( $, .STERADIAN. ) SOLID_ANGLE_UNIT ( ) );
#8403 = VECTOR ( 'NONE', #1893, 39.37007874015748143 ) ;
#8404 = PRESENTATION_LAYER_ASSIGNMENT (  '', '', ( #7264 ) ) ;
#8405 = LINE ( 'NONE', #7525, #9929 ) ;
#8406 = DIRECTION ( 'NONE',  ( 1.000000000000000000, -0.000000000000000000, 0.000000000000000000 ) ) ;
#8407 = CARTESIAN_POINT ( 'NONE',  ( 0.1079999999999999988, 0.05000000000000000278, 0.01700000000000000122 ) ) ;
#8408 = ORIENTED_EDGE ( 'NONE', *, *, #6379, .F. ) ;
#8409 = FILL_AREA_STYLE_COLOUR ( '', #11015 ) ;
#8410 = CARTESIAN_POINT ( 'NONE',  ( 0.1079999999999999988, 0.000000000000000000, -0.01700000000000000122 ) ) ;
#8411 = AXIS2_PLACEMENT_3D ( 'NONE', #9531, #1428, #7765 ) ;
#8412 = ORIENTED_EDGE ( 'NONE', *, *, #6698, .F. ) ;
#8413 = DIRECTION ( 'NONE',  ( 1.000000000000000000, 0.000000000000000000, -0.000000000000000000 ) ) ;
#8414 = VERTEX_POINT ( 'NONE', #1327 ) ;
#8415 = SURFACE_SIDE_STYLE ('',( #3514 ) ) ;
#8416 = CARTESIAN_POINT ( 'NONE',  ( -0.008000000000000010575, -0.06600000000000000311, 0.1199999999999999956 ) ) ;
#8417 = CARTESIAN_POINT ( 'NONE',  ( -0.02220491502812530285, 0.05000000000000000278, -0.005000000000000000104 ) ) ;
#8418 = EDGE_CURVE ( 'NONE', #7184, #5812, #559, .T. ) ;
#8419 = LINE ( 'NONE', #10058, #4042 ) ;
#8420 = STYLED_ITEM ( 'NONE', ( #1774 ), #2807 ) ;
#8421 = FACE_OUTER_BOUND ( 'NONE', #9846, .T. ) ;
#8422 = CARTESIAN_POINT ( 'NONE',  ( 0.2899999999999999800, 0.2099999999999999922, -0.07000000000000000666 ) ) ;
#8423 = FILL_AREA_STYLE_COLOUR ( '', #1696 ) ;
#8424 = ORIENTED_EDGE ( 'NONE', *, *, #10248, .T. ) ;
#8425 = LENGTH_MEASURE_WITH_UNIT ( LENGTH_MEASURE( 0.02539999999999999897 ), #1423 );
#8426 = DIMENSIONAL_EXPONENTS ( 1.000000000000000000, 0.000000000000000000, 0.000000000000000000, 0.000000000000000000, 0.000000000000000000, 0.000000000000000000, 0.000000000000000000 ) ;
#8427 = CARTESIAN_POINT ( 'NONE',  ( 0.04199999999999997485, -0.06600000000000000311, -0.03300000000000000155 ) ) ;
#8428 = EDGE_LOOP ( 'NONE', ( #11205, #5234, #966, #9315 ) ) ;
#8429 =( CONVERSION_BASED_UNIT ( 'INCH', #3931 ) LENGTH_UNIT ( ) NAMED_UNIT ( #5013 ) );
#8430 = SURFACE_SIDE_STYLE ('',( #11276 ) ) ;
#8431 = ORIENTED_EDGE ( 'NONE', *, *, #3894, .F. ) ;
#8432 =( NAMED_UNIT ( * ) SI_UNIT ( $, .STERADIAN. ) SOLID_ANGLE_UNIT ( ) );
#8433 = UNCERTAINTY_MEASURE_WITH_UNIT (LENGTH_MEASURE( 1.000000000000000082E-05 ), #1845, 'distance_accuracy_value', 'NONE');
#8434 = FILL_AREA_STYLE ('',( #1263 ) ) ;
#8435 = PRODUCT_CONTEXT ( 'NONE', #6722, 'mechanical' ) ;
#8436 = ADVANCED_FACE ( 'NONE', ( #2100 ), #1377, .F. ) ;
#8437 = FILL_AREA_STYLE ('',( #3989 ) ) ;
#8438 = COLOUR_RGB ( '',0.8627450980392157298, 0.6274509803921568540, 0.05882352941176470507 ) ;
#8439 = AXIS2_PLACEMENT_3D ( 'NONE', #8134, #5528, #10121 ) ;
#8440 = PRESENTATION_STYLE_ASSIGNMENT (( #10266 ) ) ;
#8441 = FACE_OUTER_BOUND ( 'NONE', #52, .T. ) ;
#8442 = FILL_AREA_STYLE_COLOUR ( '', #9449 ) ;
#8443 = EDGE_CURVE ( 'NONE', #3616, #2362, #9536, .T. ) ;
#8444 = LINE ( 'NONE', #339, #9105 ) ;
#8445 = UNCERTAINTY_MEASURE_WITH_UNIT (LENGTH_MEASURE( 1.000000000000000082E-05 ), #11553, 'distance_accuracy_value', 'NONE');
#8446 = VECTOR ( 'NONE', #3695, 39.37007874015748143 ) ;
#8447 = LINE ( 'NONE', #1223, #8960 ) ;
#8449 = CARTESIAN_POINT ( 'NONE',  ( 0.09199999999999999845, 0.2099999999999999922, 0.01700000000000000122 ) ) ;
#8448 = COLOUR_RGB ( '',1.000000000000000000, 0.000000000000000000, 0.000000000000000000 ) ;
#8450 = CARTESIAN_POINT ( 'NONE',  ( 0.09199999999999999845, 0.02000000000000000042, -0.05999999999999999778 ) ) ;
#8451 = DIMENSIONAL_EXPONENTS ( 1.000000000000000000, 0.000000000000000000, 0.000000000000000000, 0.000000000000000000, 0.000000000000000000, 0.000000000000000000, 0.000000000000000000 ) ;
#8452 = CARTESIAN_POINT ( 'NONE',  ( -0.04200000000000000955, -0.06600000000000000311, 0.1199999999999999956 ) ) ;
#8453 = EDGE_LOOP ( 'NONE', ( #7749, #5472, #2953, #5422 ) ) ;
#8454 = VERTEX_POINT ( 'NONE', #6843 ) ;
#8455 = COLOUR_RGB ( '',0.8627450980392157298, 0.6274509803921568540, 0.05882352941176470507 ) ;
#8456 =( GEOMETRIC_REPRESENTATION_CONTEXT ( 3 ) GLOBAL_UNCERTAINTY_ASSIGNED_CONTEXT ( ( #1856 ) ) GLOBAL_UNIT_ASSIGNED_CONTEXT ( ( #5115, #8994, #8931 ) ) REPRESENTATION_CONTEXT ( 'NONE', 'WORKASPACE' ) );
#8457 =( LENGTH_UNIT ( ) NAMED_UNIT ( * ) SI_UNIT ( $, .METRE. ) );
#8458 = LINE ( 'NONE', #7338, #5217 ) ;
#8459 = DIRECTION ( 'NONE',  ( 0.4856429311786310543, -0.8741572761215382625, 0.000000000000000000 ) ) ;
#8460 = MECHANICAL_DESIGN_GEOMETRIC_PRESENTATION_REPRESENTATION (  '', ( #11170 ), #7702 ) ;
#8461 =( GEOMETRIC_REPRESENTATION_CONTEXT ( 3 ) GLOBAL_UNCERTAINTY_ASSIGNED_CONTEXT ( ( #4961 ) ) GLOBAL_UNIT_ASSIGNED_CONTEXT ( ( #8521, #2410, #10566 ) ) REPRESENTATION_CONTEXT ( 'NONE', 'WORKASPACE' ) );
#8462 = MECHANICAL_DESIGN_GEOMETRIC_PRESENTATION_REPRESENTATION (  '', ( #690 ), #8653 ) ;
#8463 = CARTESIAN_POINT ( 'NONE',  ( 0.007999999999999968942, 0.2099999999999999922, 0.03300000000000000155 ) ) ;
#8464 = VERTEX_POINT ( 'NONE', #4986 ) ;
#8465 = CARTESIAN_POINT ( 'NONE',  ( 0.05800000000000000294, 0.2099999999999999922, 0.03300000000000000155 ) ) ;
#8466 = EDGE_CURVE ( 'NONE', #1074, #2695, #3046, .T. ) ;
#8467 = COLOUR_RGB ( '',1.000000000000000000, 0.000000000000000000, 0.000000000000000000 ) ;
#8468 = DIRECTION ( 'NONE',  ( 0.000000000000000000, 0.000000000000000000, 1.000000000000000000 ) ) ;
#8469 = VECTOR ( 'NONE', #3869, 39.37007874015748143 ) ;
#8470 = SURFACE_SIDE_STYLE ('',( #11199 ) ) ;
#8471 = SURFACE_SIDE_STYLE ('',( #1130 ) ) ;
#8472 = EDGE_CURVE ( 'NONE', #11084, #3628, #492, .T. ) ;
#8473 = ORIENTED_EDGE ( 'NONE', *, *, #2680, .T. ) ;
#8474 = VECTOR ( 'NONE', #5421, 39.37007874015748143 ) ;
#8475 = DIRECTION ( 'NONE',  ( 1.000000000000000000, 0.000000000000000000, 0.000000000000000000 ) ) ;
#8476 =( GEOMETRIC_REPRESENTATION_CONTEXT ( 3 ) GLOBAL_UNCERTAINTY_ASSIGNED_CONTEXT ( ( #9133 ) ) GLOBAL_UNIT_ASSIGNED_CONTEXT ( ( #7770, #6955, #4989 ) ) REPRESENTATION_CONTEXT ( 'NONE', 'WORKASPACE' ) );
#8477 = CARTESIAN_POINT ( 'NONE',  ( 0.09700000000000000289, -0.07499999999999999722, -0.02199999999999999872 ) ) ;
#8478 = PRESENTATION_LAYER_ASSIGNMENT (  '', '', ( #10970 ) ) ;
#8479 = ORIENTED_EDGE ( 'NONE', *, *, #6565, .T. ) ;
#8480 = EDGE_LOOP ( 'NONE', ( #360, #10868, #168, #8408 ) ) ;
#8481 = PLANE ( 'NONE',  #558 ) ;
#8482 = FILL_AREA_STYLE_COLOUR ( '', #11651 ) ;
#8483 = LENGTH_MEASURE_WITH_UNIT ( LENGTH_MEASURE( 0.02539999999999999897 ), #6778 );
#8484 = VECTOR ( 'NONE', #636, 39.37007874015748143 ) ;
#8485 = CARTESIAN_POINT ( 'NONE',  ( 0.04200000000000000955, 0.01999999999999999001, -0.03300000000000000155 ) ) ;
#8486 = MECHANICAL_DESIGN_GEOMETRIC_PRESENTATION_REPRESENTATION (  '', ( #10610 ), #3296 ) ;
#8487 = ORIENTED_EDGE ( 'NONE', *, *, #3968, .T. ) ;
#8488 = SURFACE_STYLE_FILL_AREA ( #11435 ) ;
#8489 = CARTESIAN_POINT ( 'NONE',  ( 0.007999999999999998432, 0.04000000000000000083, 0.01700000000000000122 ) ) ;
#8490 = STYLED_ITEM ( 'NONE', ( #1319 ), #4366 ) ;
#8491 = LINE ( 'NONE', #9405, #4840 ) ;
#8492 = AXIS2_PLACEMENT_3D ( 'NONE', #10522, #2479, #7798 ) ;
#8493 = ORIENTED_EDGE ( 'NONE', *, *, #1052, .T. ) ;
#8494 = CARTESIAN_POINT ( 'NONE',  ( 0.05800000000000000294, 0.06500000000000000222, 0.000000000000000000 ) ) ;
#8495 = DIRECTION ( 'NONE',  ( -1.000000000000000000, 0.000000000000000000, -0.000000000000000000 ) ) ;
#8496 = PRESENTATION_STYLE_ASSIGNMENT (( #3044 ) ) ;
#8497 = DIRECTION ( 'NONE',  ( 0.000000000000000000, -1.000000000000000000, -0.000000000000000000 ) ) ;
#8498 = VECTOR ( 'NONE', #9156, 39.37007874015748143 ) ;
#8499 = SURFACE_STYLE_USAGE ( .BOTH. , #4871 ) ;
#8500 = STYLED_ITEM ( 'NONE', ( #3031 ), #7600 ) ;
#8501 = ITEM_DEFINED_TRANSFORMATION ( 'NONE', 'NONE', #5232,  #3927 ) ;
#8502 = EDGE_CURVE ( 'NONE', #10762, #2233, #9414, .T. ) ;
#8503 = LINE ( 'NONE', #7611, #5843 ) ;
#8504 = DIMENSIONAL_EXPONENTS ( 1.000000000000000000, 0.000000000000000000, 0.000000000000000000, 0.000000000000000000, 0.000000000000000000, 0.000000000000000000, 0.000000000000000000 ) ;
#8505 = COLOUR_RGB ( '',0.8627450980392157298, 0.6274509803921568540, 0.05882352941176470507 ) ;
#8506 = AXIS2_PLACEMENT_3D ( 'NONE', #1188, #4725, #298 ) ;
#8507 =( NAMED_UNIT ( * ) SI_UNIT ( $, .STERADIAN. ) SOLID_ANGLE_UNIT ( ) );
#8508 = ADVANCED_FACE ( 'NONE', ( #5733 ), #4804, .F. ) ;
#8509 = FILL_AREA_STYLE ('',( #6848 ) ) ;
#8510 = PRESENTATION_STYLE_ASSIGNMENT (( #4877 ) ) ;
#8511 = PRESENTATION_STYLE_ASSIGNMENT (( #10448 ) ) ;
#8512 = DIRECTION ( 'NONE',  ( -1.000000000000000000, 0.000000000000000000, -0.000000000000000000 ) ) ;
#8513 = CARTESIAN_POINT ( 'NONE',  ( 0.1079999999999999988, 0.05000000000000000971, 0.03300000000000000155 ) ) ;
#8514 =( LENGTH_UNIT ( ) NAMED_UNIT ( * ) SI_UNIT ( $, .METRE. ) );
#8515 = ORIENTED_EDGE ( 'NONE', *, *, #9499, .T. ) ;
#8516 = VERTEX_POINT ( 'NONE', #5348 ) ;
#8517 = VECTOR ( 'NONE', #10741, 39.37007874015748143 ) ;
#8518 = VECTOR ( 'NONE', #641, 39.37007874015748143 ) ;
#8519 = DIRECTION ( 'NONE',  ( 0.000000000000000000, -0.8741572761215371523, 0.4856429311786330527 ) ) ;
#8520 = LINE ( 'NONE', #3122, #9800 ) ;
#8521 =( CONVERSION_BASED_UNIT ( 'INCH', #4120 ) LENGTH_UNIT ( ) NAMED_UNIT ( #3130 ) );
#8522 = LINE ( 'NONE', #1229, #4850 ) ;
#8523 = ORIENTED_EDGE ( 'NONE', *, *, #5184, .F. ) ;
#8524 = SURFACE_SIDE_STYLE ('',( #1287 ) ) ;
#8525 =( NAMED_UNIT ( * ) PLANE_ANGLE_UNIT ( ) SI_UNIT ( $, .RADIAN. ) );
#8526 = EDGE_CURVE ( 'NONE', #9717, #10704, #4257, .T. ) ;
#8527 = COLOUR_RGB ( '',0.8627450980392157298, 0.6274509803921568540, 0.05882352941176470507 ) ;
#8528 =( LENGTH_UNIT ( ) NAMED_UNIT ( * ) SI_UNIT ( $, .METRE. ) );
#8529 = FACE_OUTER_BOUND ( 'NONE', #5871, .T. ) ;
#8530 = FILL_AREA_STYLE_COLOUR ( '', #946 ) ;
#8531 = ORIENTED_EDGE ( 'NONE', *, *, #2201, .T. ) ;
#8532 = CARTESIAN_POINT ( 'NONE',  ( -0.05800000000000000988, 0.05000000000000000971, 0.03300000000000000155 ) ) ;
#8533 = DIMENSIONAL_EXPONENTS ( 1.000000000000000000, 0.000000000000000000, 0.000000000000000000, 0.000000000000000000, 0.000000000000000000, 0.000000000000000000, 0.000000000000000000 ) ;
#8534 = STYLED_ITEM ( 'NONE', ( #3925 ), #8734 ) ;
#8535 = EDGE_LOOP ( 'NONE', ( #8253, #1904, #6920, #3678 ) ) ;
#8536 = EDGE_CURVE ( 'NONE', #1509, #4123, #8921, .T. ) ;
#8537 = DIRECTION ( 'NONE',  ( 0.000000000000000000, 1.778546870875169980E-16, -1.000000000000000000 ) ) ;
#8538 = ORIENTED_EDGE ( 'NONE', *, *, #6509, .F. ) ;
#8539 =( NAMED_UNIT ( * ) PLANE_ANGLE_UNIT ( ) SI_UNIT ( $, .RADIAN. ) );
#8540 = CARTESIAN_POINT ( 'NONE',  ( 0.1079999999999999988, 0.1759999999999999898, 0.01700000000000000122 ) ) ;
#8541 = UNCERTAINTY_MEASURE_WITH_UNIT (LENGTH_MEASURE( 1.000000000000000082E-05 ), #5751, 'distance_accuracy_value', 'NONE');
#8542 =( LENGTH_UNIT ( ) NAMED_UNIT ( * ) SI_UNIT ( $, .METRE. ) );
#8543 = LINE ( 'NONE', #7645, #1132 ) ;
#8544 = EDGE_CURVE ( 'NONE', #5001, #1939, #783, .T. ) ;
#8545 = CARTESIAN_POINT ( 'NONE',  ( -0.1079999999999999988, -0.06600000000000000311, 0.01700000000000000122 ) ) ;
#8546 = VERTEX_POINT ( 'NONE', #2627 ) ;
#8547 = DIRECTION ( 'NONE',  ( 0.000000000000000000, 0.8741572761215378184, 0.4856429311786317760 ) ) ;
#8548 = DIRECTION ( 'NONE',  ( 0.000000000000000000, -0.000000000000000000, 1.000000000000000000 ) ) ;
#8549 = VECTOR ( 'NONE', #4845, 39.37007874015748143 ) ;
#8550 = ORIENTED_EDGE ( 'NONE', *, *, #7303, .F. ) ;
#8551 = FACE_OUTER_BOUND ( 'NONE', #5354, .T. ) ;
#8552 = PRESENTATION_STYLE_ASSIGNMENT (( #9475 ) ) ;
#8553 = UNCERTAINTY_MEASURE_WITH_UNIT (LENGTH_MEASURE( 1.000000000000000082E-05 ), #311, 'distance_accuracy_value', 'NONE');
#8554 = LINE ( 'NONE', #8684, #5700 ) ;
#8555 = ORIENTED_EDGE ( 'NONE', *, *, #8089, .F. ) ;
#8556 = CARTESIAN_POINT ( 'NONE',  ( -0.1250000000000000000, 0.2099999999999999922, 0.1000000000000000056 ) ) ;
#8557 = STYLED_ITEM ( 'NONE', ( #10758 ), #3443 ) ;
#8558 = CARTESIAN_POINT ( 'NONE',  ( 0.1079999999999999988, 0.1759999999999999898, 0.000000000000000000 ) ) ;
#8559 = PRESENTATION_STYLE_ASSIGNMENT (( #3235 ) ) ;
#8560 =( CONVERSION_BASED_UNIT ( 'INCH', #10447 ) LENGTH_UNIT ( ) NAMED_UNIT ( #365 ) );
#8561 = UNCERTAINTY_MEASURE_WITH_UNIT (LENGTH_MEASURE( 1.000000000000000082E-05 ), #11603, 'distance_accuracy_value', 'NONE');
#8562 = VECTOR ( 'NONE', #7671, 39.37007874015748143 ) ;
#8563 = FILL_AREA_STYLE ('',( #9544 ) ) ;
#8564 = VECTOR ( 'NONE', #8724, 39.37007874015748854 ) ;
#8565 = DIRECTION ( 'NONE',  ( 1.000000000000000000, -0.000000000000000000, 0.000000000000000000 ) ) ;
#8566 = CARTESIAN_POINT ( 'NONE',  ( -0.05300000000000000544, 0.1849999999999999978, 0.02199999999999999872 ) ) ;
#8567 = VERTEX_POINT ( 'NONE', #3459 ) ;
#8568 = VERTEX_POINT ( 'NONE', #3278 ) ;
#8569 = CARTESIAN_POINT ( 'NONE',  ( -0.008000000000000010575, 0.06499999999999998834, -0.03300000000000000155 ) ) ;
#8570 = MECHANICAL_DESIGN_GEOMETRIC_PRESENTATION_REPRESENTATION (  '', ( #4571 ), #6704 ) ;
#8571 = VECTOR ( 'NONE', #624, 39.37007874015748854 ) ;
#8572 = EDGE_CURVE ( 'NONE', #3065, #4202, #9757, .T. ) ;
#8573 =( CONVERSION_BASED_UNIT ( 'INCH', #11299 ) LENGTH_UNIT ( ) NAMED_UNIT ( #3372 ) );
#8574 = COLOUR_RGB ( '',1.000000000000000000, 0.000000000000000000, 0.000000000000000000 ) ;
#8575 = ORIENTED_EDGE ( 'NONE', *, *, #4158, .F. ) ;
#8576 = LINE ( 'NONE', #2468, #4667 ) ;
#8577 = ORIENTED_EDGE ( 'NONE', *, *, #8009, .F. ) ;
#8578 = CARTESIAN_POINT ( 'NONE',  ( -0.09199999999999999845, 0.06500000000000000222, 0.000000000000000000 ) ) ;
#8579 =( CONVERSION_BASED_UNIT ( 'INCH', #11303 ) LENGTH_UNIT ( ) NAMED_UNIT ( #3006 ) );
#8580 = VECTOR ( 'NONE', #778, 39.37007874015748143 ) ;
#8581 = LINE ( 'NONE', #3254, #8350 ) ;
#8582 = DIRECTION ( 'NONE',  ( 1.000000000000000000, 0.000000000000000000, -0.000000000000000000 ) ) ;
#8583 = VECTOR ( 'NONE', #4226, 39.37007874015748143 ) ;
#8584 = CARTESIAN_POINT ( 'NONE',  ( -0.008000000000000010575, 0.1759999999999999898, -0.01700000000000000122 ) ) ;
#8585 = VERTEX_POINT ( 'NONE', #4380 ) ;
#8586 = EDGE_CURVE ( 'NONE', #8714, #4502, #9653, .T. ) ;
#8587 = ORIENTED_EDGE ( 'NONE', *, *, #903, .F. ) ;
#8588 = STYLED_ITEM ( 'NONE', ( #11695 ), #6675 ) ;
#8589 = LINE ( 'NONE', #6989, #224 ) ;
#8590 = ORIENTED_EDGE ( 'NONE', *, *, #2811, .F. ) ;
#8591 = COLOUR_RGB ( '',0.2862745098039215508, 0.2862745098039215508, 0.2862745098039215508 ) ;
#8592 = STYLED_ITEM ( 'NONE', ( #306 ), #2998 ) ;
#8593 = SURFACE_STYLE_FILL_AREA ( #5942 ) ;
#8594 = SURFACE_SIDE_STYLE ('',( #1475 ) ) ;
#8595 = CARTESIAN_POINT ( 'NONE',  ( 0.1079999999999999988, 0.1759999999999999898, -0.01700000000000000122 ) ) ;
#8596 = SURFACE_STYLE_FILL_AREA ( #9524 ) ;
#8597 = COLOUR_RGB ( '',0.8627450980392157298, 0.6274509803921568540, 0.05882352941176470507 ) ;
#8598 = SURFACE_STYLE_FILL_AREA ( #7648 ) ;
#8599 = EDGE_CURVE ( 'NONE', #6177, #413, #1495, .T. ) ;
#8600 = STYLED_ITEM ( 'NONE', ( #1527 ), #6946 ) ;
#8601 = ORIENTED_EDGE ( 'NONE', *, *, #484, .F. ) ;
#8602 = ADVANCED_FACE ( 'NONE', ( #4326 ), #7944, .F. ) ;
#8603 = FILL_AREA_STYLE ('',( #3216 ) ) ;
#8604 = AXIS2_PLACEMENT_3D ( 'NONE', #4093, #11330, #3156 ) ;
#8605 = LINE ( 'NONE', #4030, #129 ) ;
#8606 = DIRECTION ( 'NONE',  ( 1.000000000000000000, 0.000000000000000000, -0.000000000000000000 ) ) ;
#8607 = EDGE_CURVE ( 'NONE', #1928, #4497, #5527, .T. ) ;
#8608 = VERTEX_POINT ( 'NONE', #2027 ) ;
#8609 = PRESENTATION_LAYER_ASSIGNMENT (  '', '', ( #10359 ) ) ;
#8610 = DIMENSIONAL_EXPONENTS ( 1.000000000000000000, 0.000000000000000000, 0.000000000000000000, 0.000000000000000000, 0.000000000000000000, 0.000000000000000000, 0.000000000000000000 ) ;
#8611 = PLANE ( 'NONE',  #9836 ) ;
#8612 = MECHANICAL_DESIGN_GEOMETRIC_PRESENTATION_REPRESENTATION (  '', ( #660 ), #9007 ) ;
#8613 = DIRECTION ( 'NONE',  ( 0.000000000000000000, -0.000000000000000000, 1.000000000000000000 ) ) ;
#8614 =( CONVERSION_BASED_UNIT ( 'INCH', #4980 ) LENGTH_UNIT ( ) NAMED_UNIT ( #10676 ) );
#8615 = PRESENTATION_STYLE_ASSIGNMENT (( #5041 ) ) ;
#8616 = SURFACE_STYLE_USAGE ( .BOTH. , #10608 ) ;
#8617 = CARTESIAN_POINT ( 'NONE',  ( -0.09700000000000001676, 0.1849999999999999978, -0.02200000000000005770 ) ) ;
#8618 = EDGE_CURVE ( 'NONE', #11221, #9255, #3814, .T. ) ;
#8619 = VECTOR ( 'NONE', #722, 39.37007874015748143 ) ;
#8620 = EDGE_LOOP ( 'NONE', ( #6483, #1450, #10220, #10999 ) ) ;
#8621 = PRESENTATION_STYLE_ASSIGNMENT (( #2391 ) ) ;
#8622 = UNCERTAINTY_MEASURE_WITH_UNIT (LENGTH_MEASURE( 1.000000000000000082E-05 ), #4044, 'distance_accuracy_value', 'NONE');
#8623 = SURFACE_SIDE_STYLE ('',( #4992 ) ) ;
#8624 = FACE_OUTER_BOUND ( 'NONE', #2700, .T. ) ;
#8625 = CARTESIAN_POINT ( 'NONE',  ( -0.04200000000000000955, 0.2099999999999999922, -0.01700000000000000122 ) ) ;
#8626 = LINE ( 'NONE', #501, #755 ) ;
#8627 = FILL_AREA_STYLE_COLOUR ( '', #4623 ) ;
#8628 =( NAMED_UNIT ( * ) PLANE_ANGLE_UNIT ( ) SI_UNIT ( $, .RADIAN. ) );
#8629 = LINE ( 'NONE', #1551, #3461 ) ;
#8630 = FILL_AREA_STYLE ('',( #729 ) ) ;
#8631 = ORIENTED_EDGE ( 'NONE', *, *, #2789, .T. ) ;
#8632 = ORIENTED_EDGE ( 'NONE', *, *, #8964, .T. ) ;
#8633 = VECTOR ( 'NONE', #1309, 39.37007874015748143 ) ;
#8634 =( LENGTH_UNIT ( ) NAMED_UNIT ( * ) SI_UNIT ( $, .METRE. ) );
#8635 = SURFACE_STYLE_USAGE ( .BOTH. , #1284 ) ;
#8636 = EDGE_LOOP ( 'NONE', ( #11294, #757, #10597, #7741 ) ) ;
#8637 = CARTESIAN_POINT ( 'NONE',  ( -0.2879999999999999782, 0.000000000000000000, -0.1199999999999999956 ) ) ;
#8638 =( GEOMETRIC_REPRESENTATION_CONTEXT ( 3 ) GLOBAL_UNCERTAINTY_ASSIGNED_CONTEXT ( ( #3318 ) ) GLOBAL_UNIT_ASSIGNED_CONTEXT ( ( #1857, #5678, #2883 ) ) REPRESENTATION_CONTEXT ( 'NONE', 'WORKASPACE' ) );
#8639 = CARTESIAN_POINT ( 'NONE',  ( 0.000000000000000000, 0.000000000000000000, -0.002500000000000000052 ) ) ;
#8640 = AXIS2_PLACEMENT_3D ( 'NONE', #2311, #11325, #378 ) ;
#8641 = VECTOR ( 'NONE', #658, 39.37007874015748143 ) ;
#8642 = DIRECTION ( 'NONE',  ( 0.000000000000000000, -1.000000000000000000, 5.021779400118129785E-16 ) ) ;
#8643 = CARTESIAN_POINT ( 'NONE',  ( 0.1079999999999999988, 0.1849999999999999978, 0.02799999999999999711 ) ) ;
#8644 = LENGTH_MEASURE_WITH_UNIT ( LENGTH_MEASURE( 0.02539999999999999897 ), #8709 );
#8645 = PRESENTATION_LAYER_ASSIGNMENT (  '', '', ( #888 ) ) ;
#8646 = CARTESIAN_POINT ( 'NONE',  ( 0.09199999999999999845, 0.1759999999999999898, 0.03300000000000000155 ) ) ;
#8647 = AXIS2_PLACEMENT_3D ( 'NONE', #7957, #11639, #9045 ) ;
#8648 =( LENGTH_UNIT ( ) NAMED_UNIT ( * ) SI_UNIT ( $, .METRE. ) );
#8649 = EDGE_LOOP ( 'NONE', ( #8761, #3676, #2130, #2240 ) ) ;
#8650 = DIRECTION ( 'NONE',  ( 0.000000000000000000, 0.000000000000000000, 1.000000000000000000 ) ) ;
#8651 = VECTOR ( 'NONE', #380, 39.37007874015748143 ) ;
#8652 = MECHANICAL_DESIGN_GEOMETRIC_PRESENTATION_REPRESENTATION (  '', ( #10580 ), #2974 ) ;
#8653 =( GEOMETRIC_REPRESENTATION_CONTEXT ( 3 ) GLOBAL_UNCERTAINTY_ASSIGNED_CONTEXT ( ( #5794 ) ) GLOBAL_UNIT_ASSIGNED_CONTEXT ( ( #7469, #6658, #5759 ) ) REPRESENTATION_CONTEXT ( 'NONE', 'WORKASPACE' ) );
#8654 =( NAMED_UNIT ( * ) PLANE_ANGLE_UNIT ( ) SI_UNIT ( $, .RADIAN. ) );
#8655 = VECTOR ( 'NONE', #5981, 39.37007874015748143 ) ;
#8656 = VECTOR ( 'NONE', #5748, 39.37007874015748143 ) ;
#8657 = ORIENTED_EDGE ( 'NONE', *, *, #8572, .F. ) ;
#8658 = DIRECTION ( 'NONE',  ( -0.000000000000000000, -1.000000000000000000, -0.000000000000000000 ) ) ;
#8659 = ORIENTED_EDGE ( 'NONE', *, *, #1396, .T. ) ;
#8660 =( CONVERSION_BASED_UNIT ( 'INCH', #3384 ) LENGTH_UNIT ( ) NAMED_UNIT ( #4499 ) );
#8661 = SURFACE_STYLE_USAGE ( .BOTH. , #5891 ) ;
#8662 = STYLED_ITEM ( 'NONE', ( #5241 ), #1733 ) ;
#8663 = FILL_AREA_STYLE_COLOUR ( '', #7075 ) ;
#8664 = AXIS2_PLACEMENT_3D ( 'NONE', #5383, #3495, #6417 ) ;
#8665 = COLOUR_RGB ( '',0.2862745098039215508, 0.2862745098039215508, 0.2862745098039215508 ) ;
#8666 = EDGE_CURVE ( 'NONE', #7419, #9913, #979, .T. ) ;
#8667 = LENGTH_MEASURE_WITH_UNIT ( LENGTH_MEASURE( 0.02539999999999999897 ), #6830 );
#8668 = CARTESIAN_POINT ( 'NONE',  ( 0.000000000000000000, 0.06500000000000000222, -0.01700000000000000122 ) ) ;
#8669 = STYLED_ITEM ( 'NONE', ( #4207 ), #10293 ) ;
#8670 = ORIENTED_EDGE ( 'NONE', *, *, #2634, .F. ) ;
#8671 = PLANE ( 'NONE',  #344 ) ;
#8672 = DIMENSIONAL_EXPONENTS ( 1.000000000000000000, 0.000000000000000000, 0.000000000000000000, 0.000000000000000000, 0.000000000000000000, 0.000000000000000000, 0.000000000000000000 ) ;
#8673 = FACE_OUTER_BOUND ( 'NONE', #5764, .T. ) ;
#8674 = EDGE_CURVE ( 'NONE', #7415, #10158, #4624, .T. ) ;
#8675 = DIRECTION ( 'NONE',  ( 0.4368520283305178942, 0.7863336509949350184, -0.4368520283305183383 ) ) ;
#8676 = VERTEX_POINT ( 'NONE', #9116 ) ;
#8677 = AXIS2_PLACEMENT_3D ( 'NONE', #10803, #10063, #9883 ) ;
#8678 = DIRECTION ( 'NONE',  ( -0.4472135954999579277, 0.8944271909999158554, -0.000000000000000000 ) ) ;
#8679 = PRESENTATION_STYLE_ASSIGNMENT (( #7767 ) ) ;
#8680 = DIRECTION ( 'NONE',  ( 0.000000000000000000, 0.000000000000000000, -1.000000000000000000 ) ) ;
#8681 = EDGE_CURVE ( 'NONE', #2345, #5319, #2745, .T. ) ;
#8682 = DIRECTION ( 'NONE',  ( 1.000000000000000000, 0.000000000000000000, -0.000000000000000000 ) ) ;
#8683 = UNCERTAINTY_MEASURE_WITH_UNIT (LENGTH_MEASURE( 1.000000000000000082E-05 ), #8382, 'distance_accuracy_value', 'NONE');
#8684 = CARTESIAN_POINT ( 'NONE',  ( 0.3250000000000000111, 0.2099999999999999922, -0.1199999999999999956 ) ) ;
#8685 = VECTOR ( 'NONE', #10343, 39.37007874015748143 ) ;
#8686 = VECTOR ( 'NONE', #4901, 39.37007874015748854 ) ;
#8687 = VERTEX_POINT ( 'NONE', #7193 ) ;
#8688 = EDGE_CURVE ( 'NONE', #5658, #3586, #3632, .T. ) ;
#8689 = FACE_OUTER_BOUND ( 'NONE', #1771, .T. ) ;
#8690 = ADVANCED_FACE ( 'NONE', ( #11040 ), #9283, .T. ) ;
#8691 = PLANE ( 'NONE',  #2177 ) ;
#8692 = SURFACE_SIDE_STYLE ('',( #6037 ) ) ;
#8693 = VECTOR ( 'NONE', #9810, 39.37007874015748854 ) ;
#8694 = UNCERTAINTY_MEASURE_WITH_UNIT (LENGTH_MEASURE( 1.000000000000000082E-05 ), #7817, 'distance_accuracy_value', 'NONE');
#8695 = MECHANICAL_DESIGN_GEOMETRIC_PRESENTATION_REPRESENTATION (  '', ( #10711 ), #4889 ) ;
#8696 = FACE_OUTER_BOUND ( 'NONE', #10901, .T. ) ;
#8697 = PLANE ( 'NONE',  #4949 ) ;
#8698 = DIMENSIONAL_EXPONENTS ( 1.000000000000000000, 0.000000000000000000, 0.000000000000000000, 0.000000000000000000, 0.000000000000000000, 0.000000000000000000, 0.000000000000000000 ) ;
#8699 = EDGE_CURVE ( 'NONE', #2065, #8823, #1090, .T. ) ;
#8700 = LINE ( 'NONE', #5169, #4271 ) ;
#8701 = VERTEX_POINT ( 'NONE', #10863 ) ;
#8702 = ORIENTED_EDGE ( 'NONE', *, *, #7699, .F. ) ;
#8703 = SURFACE_STYLE_FILL_AREA ( #9550 ) ;
#8704 = LINE ( 'NONE', #7680, #11355 ) ;
#8705 = ORIENTED_EDGE ( 'NONE', *, *, #11026, .T. ) ;
#8706 = PRESENTATION_STYLE_ASSIGNMENT (( #4940 ) ) ;
#8707 = CARTESIAN_POINT ( 'NONE',  ( -0.05000000000000000278, 0.06000000000000001166, -0.1000000000000000056 ) ) ;
#8708 = FACE_OUTER_BOUND ( 'NONE', #3079, .T. ) ;
#8709 =( LENGTH_UNIT ( ) NAMED_UNIT ( * ) SI_UNIT ( $, .METRE. ) );
#8710 = LINE ( 'NONE', #7793, #959 ) ;
#8711 = STYLED_ITEM ( 'NONE', ( #9076 ), #5073 ) ;
#8712 = VECTOR ( 'NONE', #342, 39.37007874015748143 ) ;
#8713 = SURFACE_SIDE_STYLE ('',( #5131 ) ) ;
#8714 = VERTEX_POINT ( 'NONE', #11757 ) ;
#8715 =( CONVERSION_BASED_UNIT ( 'INCH', #7913 ) LENGTH_UNIT ( ) NAMED_UNIT ( #10625 ) );
#8716 = PRESENTATION_LAYER_ASSIGNMENT (  '', '', ( #9495 ) ) ;
#8717 = ORIENTED_EDGE ( 'NONE', *, *, #536, .T. ) ;
#8718 = FACE_BOUND ( 'NONE', #3783, .T. ) ;
#8719 =( LENGTH_UNIT ( ) NAMED_UNIT ( * ) SI_UNIT ( $, .METRE. ) );
#8720 = VERTEX_POINT ( 'NONE', #3584 ) ;
#8721 = DIRECTION ( 'NONE',  ( 0.000000000000000000, 0.000000000000000000, -1.000000000000000000 ) ) ;
#8722 = PLANE ( 'NONE',  #6068 ) ;
#8723 = LENGTH_MEASURE_WITH_UNIT ( LENGTH_MEASURE( 0.02539999999999999897 ), #11484 );
#8724 = DIRECTION ( 'NONE',  ( -0.4368520283305156182, 0.7863336509949361286, -0.4368520283305186158 ) ) ;
#8725 =( NAMED_UNIT ( * ) PLANE_ANGLE_UNIT ( ) SI_UNIT ( $, .RADIAN. ) );
#8726 = EDGE_CURVE ( 'NONE', #3867, #5313, #2687, .T. ) ;
#8727 = SURFACE_STYLE_USAGE ( .BOTH. , #9799 ) ;
#8728 =( GEOMETRIC_REPRESENTATION_CONTEXT ( 3 ) GLOBAL_UNCERTAINTY_ASSIGNED_CONTEXT ( ( #8323 ) ) GLOBAL_UNIT_ASSIGNED_CONTEXT ( ( #7607, #5849, #3222 ) ) REPRESENTATION_CONTEXT ( 'NONE', 'WORKASPACE' ) );
#8729 = SURFACE_STYLE_USAGE ( .BOTH. , #9802 ) ;
#8730 = VECTOR ( 'NONE', #10265, 39.37007874015748143 ) ;
#8731 = ORIENTED_EDGE ( 'NONE', *, *, #10992, .T. ) ;
#8732 =( NAMED_UNIT ( * ) PLANE_ANGLE_UNIT ( ) SI_UNIT ( $, .RADIAN. ) );
#8733 = SURFACE_SIDE_STYLE ('',( #1580 ) ) ;
#8734 = ADVANCED_FACE ( 'NONE', ( #915 ), #4510, .F. ) ;
#8735 = DIRECTION ( 'NONE',  ( 0.000000000000000000, 0.8741572761215378184, 0.4856429311786317760 ) ) ;
#8736 = ORIENTED_EDGE ( 'NONE', *, *, #5540, .F. ) ;
#8737 = CARTESIAN_POINT ( 'NONE',  ( -0.09199999999999999845, 0.02000000000000000042, -0.05999999999999999778 ) ) ;
#8738 = MECHANICAL_DESIGN_GEOMETRIC_PRESENTATION_REPRESENTATION (  '', ( #10866 ), #8156 ) ;
#8739 = ORIENTED_EDGE ( 'NONE', *, *, #1396, .F. ) ;
#8740 = DIRECTION ( 'NONE',  ( 1.000000000000000000, 0.000000000000000000, 0.000000000000000000 ) ) ;
#8741 = FILL_AREA_STYLE_COLOUR ( '', #5895 ) ;
#8742 = DIRECTION ( 'NONE',  ( -0.000000000000000000, 1.000000000000000000, 0.000000000000000000 ) ) ;
#8743 = PLANE ( 'NONE',  #2567 ) ;
#8744 = SURFACE_STYLE_USAGE ( .BOTH. , #10669 ) ;
#8745 = CARTESIAN_POINT ( 'NONE',  ( -0.09700000000000000289, -0.07499999999999999722, 0.1199999999999999956 ) ) ;
#8746 = EDGE_CURVE ( 'NONE', #9956, #1194, #10362, .T. ) ;
#8747 = DIRECTION ( 'NONE',  ( 1.000000000000000000, 0.000000000000000000, -0.000000000000000000 ) ) ;
#8748 =( CONVERSION_BASED_UNIT ( 'INCH', #5605 ) LENGTH_UNIT ( ) NAMED_UNIT ( #8504 ) );
#8749 = DIMENSIONAL_EXPONENTS ( 1.000000000000000000, 0.000000000000000000, 0.000000000000000000, 0.000000000000000000, 0.000000000000000000, 0.000000000000000000, 0.000000000000000000 ) ;
#8750 = LENGTH_MEASURE_WITH_UNIT ( LENGTH_MEASURE( 0.02539999999999999897 ), #5799 );
#8751 = SURFACE_SIDE_STYLE ('',( #7077 ) ) ;
#8752 =( CONVERSION_BASED_UNIT ( 'INCH', #1507 ) LENGTH_UNIT ( ) NAMED_UNIT ( #4433 ) );
#8753 = ORIENTED_EDGE ( 'NONE', *, *, #5456, .F. ) ;
#8754 = ORIENTED_EDGE ( 'NONE', *, *, #10082, .F. ) ;
#8755 = CARTESIAN_POINT ( 'NONE',  ( 0.002999999999999982282, 0.1849999999999999978, -0.02200000000000005770 ) ) ;
#8756 = ADVANCED_FACE ( 'NONE', ( #2138 ), #7481, .T. ) ;
#8757 = SURFACE_SIDE_STYLE ('',( #3247 ) ) ;
#8758 = FACE_OUTER_BOUND ( 'NONE', #10737, .T. ) ;
#8759 = MECHANICAL_DESIGN_GEOMETRIC_PRESENTATION_REPRESENTATION (  '', ( #7976 ), #7427 ) ;
#8760 = DIRECTION ( 'NONE',  ( -0.000000000000000000, -0.000000000000000000, 1.000000000000000000 ) ) ;
#8761 = ORIENTED_EDGE ( 'NONE', *, *, #5940, .T. ) ;
#8762 = CARTESIAN_POINT ( 'NONE',  ( -0.1079999999999999988, 0.1759999999999999898, 0.000000000000000000 ) ) ;
#8763 = EDGE_CURVE ( 'NONE', #6441, #10452, #2261, .T. ) ;
#8764 = LINE ( 'NONE', #11582, #8583 ) ;
#8765 =( NAMED_UNIT ( * ) SI_UNIT ( $, .STERADIAN. ) SOLID_ANGLE_UNIT ( ) );
#8766 =( NAMED_UNIT ( * ) SI_UNIT ( $, .STERADIAN. ) SOLID_ANGLE_UNIT ( ) );
#8767 = VERTEX_POINT ( 'NONE', #375 ) ;
#8768 = DIMENSIONAL_EXPONENTS ( 1.000000000000000000, 0.000000000000000000, 0.000000000000000000, 0.000000000000000000, 0.000000000000000000, 0.000000000000000000, 0.000000000000000000 ) ;
#8769 = ORIENTED_EDGE ( 'NONE', *, *, #5353, .T. ) ;
#8770 = CARTESIAN_POINT ( 'NONE',  ( 0.2879999999999999782, 0.02000000000000000042, -0.05999999999999999778 ) ) ;
#8771 = PLANE ( 'NONE',  #4774 ) ;
#8772 = ORIENTED_EDGE ( 'NONE', *, *, #8418, .F. ) ;
#8773 = LINE ( 'NONE', #3567, #11125 ) ;
#8774 =( GEOMETRIC_REPRESENTATION_CONTEXT ( 3 ) GLOBAL_UNCERTAINTY_ASSIGNED_CONTEXT ( ( #5479 ) ) GLOBAL_UNIT_ASSIGNED_CONTEXT ( ( #2530, #10510, #10636 ) ) REPRESENTATION_CONTEXT ( 'NONE', 'WORKASPACE' ) );
#8775 =( NAMED_UNIT ( * ) SI_UNIT ( $, .STERADIAN. ) SOLID_ANGLE_UNIT ( ) );
#8776 = UNCERTAINTY_MEASURE_WITH_UNIT (LENGTH_MEASURE( 1.000000000000000082E-05 ), #878, 'distance_accuracy_value', 'NONE');
#8777 =( NAMED_UNIT ( * ) PLANE_ANGLE_UNIT ( ) SI_UNIT ( $, .RADIAN. ) );
#8778 =( GEOMETRIC_REPRESENTATION_CONTEXT ( 3 ) GLOBAL_UNCERTAINTY_ASSIGNED_CONTEXT ( ( #4164 ) ) GLOBAL_UNIT_ASSIGNED_CONTEXT ( ( #9233, #7555, #8257 ) ) REPRESENTATION_CONTEXT ( 'NONE', 'WORKASPACE' ) );
#8779 = LINE ( 'NONE', #10534, #8641 ) ;
#8780 = ORIENTED_EDGE ( 'NONE', *, *, #8599, .T. ) ;
#8781 = PLANE ( 'NONE',  #523 ) ;
#8782 =( LENGTH_UNIT ( ) NAMED_UNIT ( * ) SI_UNIT ( $, .METRE. ) );
#8783 =( GEOMETRIC_REPRESENTATION_CONTEXT ( 3 ) GLOBAL_UNCERTAINTY_ASSIGNED_CONTEXT ( ( #1657 ) ) GLOBAL_UNIT_ASSIGNED_CONTEXT ( ( #3346, #5969, #499 ) ) REPRESENTATION_CONTEXT ( 'NONE', 'WORKASPACE' ) );
#8784 = AXIS2_PLACEMENT_3D ( 'NONE', #5226, #622, #6149 ) ;
#8785 = PRESENTATION_LAYER_ASSIGNMENT (  '', '', ( #8592 ) ) ;
#8786 = ORIENTED_EDGE ( 'NONE', *, *, #7647, .F. ) ;
#8787 = DIRECTION ( 'NONE',  ( 0.000000000000000000, 0.4856429311786331082, -0.8741572761215372633 ) ) ;
#8788 = DIRECTION ( 'NONE',  ( -1.000000000000000000, 0.000000000000000000, 0.000000000000000000 ) ) ;
#8789 = DIRECTION ( 'NONE',  ( 0.000000000000000000, -1.000000000000000000, -0.000000000000000000 ) ) ;
#8790 = STYLED_ITEM ( 'NONE', ( #3685 ), #2373 ) ;
#8791 = SURFACE_STYLE_FILL_AREA ( #3735 ) ;
#8792 =( NAMED_UNIT ( * ) PLANE_ANGLE_UNIT ( ) SI_UNIT ( $, .RADIAN. ) );
#8793 =( NAMED_UNIT ( * ) PLANE_ANGLE_UNIT ( ) SI_UNIT ( $, .RADIAN. ) );
#8794 =( NAMED_UNIT ( * ) SI_UNIT ( $, .STERADIAN. ) SOLID_ANGLE_UNIT ( ) );
#8795 = SURFACE_SIDE_STYLE ('',( #11449 ) ) ;
#8796 = CARTESIAN_POINT ( 'NONE',  ( -0.09199999999999999845, 0.05000000000000000278, 0.1199999999999999956 ) ) ;
#8797 = MECHANICAL_DESIGN_GEOMETRIC_PRESENTATION_REPRESENTATION (  '', ( #9587 ), #10937 ) ;
#8798 = ORIENTED_EDGE ( 'NONE', *, *, #2888, .F. ) ;
#8799 = LINE ( 'NONE', #2690, #10408 ) ;
#8800 = CLOSED_SHELL ( 'NONE', ( #196, #2998, #9215, #11483, #10829, #114, #2564, #4656, #5409, #2958, #4233, #4172, #3907, #7691, #10241, #6871, #5873, #8073, #1142, #4616, #1682, #3808, #9567, #6063, #5996, #2869, #1935, #8828, #5073, #2716, #9865, #6603, #9787, #53, #2815, #7627, #286, #10581, #3607, #8296, #2441, #5858, #5246, #5569, #675, #2963, #3681, #3758, #6541, #7004, #2378, #6515, #1545, #10374, #6867, #3746, #11682, #7093, #2807, #6984, #2896, #5392, #4221, #6718, #8896, #5530, #7238, #11581, #5157, #8170, #10755, #3134, #8756, #8690, #10255, #9635, #11099, #7600, #4307 ) ) ;
#8801 = LINE ( 'NONE', #10809, #6085 ) ;
#8802 = UNCERTAINTY_MEASURE_WITH_UNIT (LENGTH_MEASURE( 1.000000000000000082E-05 ), #11602, 'distance_accuracy_value', 'NONE');
#8803 = DIRECTION ( 'NONE',  ( 0.000000000000000000, -1.000000000000000000, -0.000000000000000000 ) ) ;
#8804 = EDGE_CURVE ( 'NONE', #5687, #7418, #4081, .T. ) ;
#8805 = FILL_AREA_STYLE_COLOUR ( '', #2582 ) ;
#8806 = ORIENTED_EDGE ( 'NONE', *, *, #5646, .T. ) ;
#8807 = ORIENTED_EDGE ( 'NONE', *, *, #10445, .T. ) ;
#8808 = PRESENTATION_STYLE_ASSIGNMENT (( #3183 ) ) ;
#8809 = DIRECTION ( 'NONE',  ( 0.4368520283305156182, -0.7863336509949361286, -0.4368520283305186158 ) ) ;
#8810 = DIRECTION ( 'NONE',  ( 0.000000000000000000, 1.778546870875169980E-16, -1.000000000000000000 ) ) ;
#8811 = EDGE_CURVE ( 'NONE', #6809, #10104, #4966, .T. ) ;
#8812 = SURFACE_STYLE_USAGE ( .BOTH. , #7902 ) ;
#8813 = ORIENTED_EDGE ( 'NONE', *, *, #6425, .T. ) ;
#8814 = CARTESIAN_POINT ( 'NONE',  ( -0.04199999999999998873, -0.06600000000000000311, 0.01699999999999996653 ) ) ;
#8815 =( NAMED_UNIT ( * ) SI_UNIT ( $, .STERADIAN. ) SOLID_ANGLE_UNIT ( ) );
#8816 =( LENGTH_UNIT ( ) NAMED_UNIT ( * ) SI_UNIT ( $, .METRE. ) );
#8817 = DIRECTION ( 'NONE',  ( -1.000000000000000000, -0.000000000000000000, -0.000000000000000000 ) ) ;
#8818 = PRESENTATION_LAYER_ASSIGNMENT (  '', '', ( #11497 ) ) ;
#8819 =( NAMED_UNIT ( * ) PLANE_ANGLE_UNIT ( ) SI_UNIT ( $, .RADIAN. ) );
#8820 = EDGE_CURVE ( 'NONE', #8567, #899, #4309, .T. ) ;
#8821 = DIMENSIONAL_EXPONENTS ( 1.000000000000000000, 0.000000000000000000, 0.000000000000000000, 0.000000000000000000, 0.000000000000000000, 0.000000000000000000, 0.000000000000000000 ) ;
#8822 = CARTESIAN_POINT ( 'NONE',  ( 0.04200000000000000955, 0.04000000000000000083, 0.1199999999999999956 ) ) ;
#8823 = VERTEX_POINT ( 'NONE', #1640 ) ;
#8824 = ORIENTED_EDGE ( 'NONE', *, *, #137, .F. ) ;
#8825 =( NAMED_UNIT ( * ) SI_UNIT ( $, .STERADIAN. ) SOLID_ANGLE_UNIT ( ) );
#8826 = CARTESIAN_POINT ( 'NONE',  ( 0.2879999999999999782, 0.02000000000000000042, -0.05999999999999999778 ) ) ;
#8827 = VECTOR ( 'NONE', #10495, 39.37007874015748143 ) ;
#8828 = ADVANCED_FACE ( 'NONE', ( #6183 ), #1576, .T. ) ;
#8829 = CARTESIAN_POINT ( 'NONE',  ( 0.05800000000000000294, 0.04000000000000001471, -0.03300000000000000155 ) ) ;
#8830 = COLOUR_RGB ( '',0.2862745098039215508, 0.2862745098039215508, 0.2862745098039215508 ) ;
#8831 = COLOUR_RGB ( '',0.8627450980392157298, 0.6274509803921568540, 0.05882352941176470507 ) ;
#8832 = ORIENTED_EDGE ( 'NONE', *, *, #9939, .T. ) ;
#8833 = CARTESIAN_POINT ( 'NONE',  ( 0.05299999999999999850, -0.07499999999999999722, 0.1199999999999999956 ) ) ;
#8834 = SURFACE_SIDE_STYLE ('',( #3314 ) ) ;
#8835 = ORIENTED_EDGE ( 'NONE', *, *, #8917, .F. ) ;
#8836 = STYLED_ITEM ( 'NONE', ( #648 ), #9865 ) ;
#8837 = CARTESIAN_POINT ( 'NONE',  ( 0.1030000000000000221, 0.1849999999999999978, -0.02199999999999999872 ) ) ;
#8838 = CARTESIAN_POINT ( 'NONE',  ( 0.2879999999999999782, 0.2099999999999999922, -0.1000000000000000056 ) ) ;
#8839 = EDGE_CURVE ( 'NONE', #5119, #10347, #6127, .T. ) ;
#8840 =( NAMED_UNIT ( * ) PLANE_ANGLE_UNIT ( ) SI_UNIT ( $, .RADIAN. ) );
#8841 =( CONVERSION_BASED_UNIT ( 'INCH', #8667 ) LENGTH_UNIT ( ) NAMED_UNIT ( #2093 ) );
#8842 =( GEOMETRIC_REPRESENTATION_CONTEXT ( 3 ) GLOBAL_UNCERTAINTY_ASSIGNED_CONTEXT ( ( #2366 ) ) GLOBAL_UNIT_ASSIGNED_CONTEXT ( ( #2782, #9019, #39 ) ) REPRESENTATION_CONTEXT ( 'NONE', 'WORKASPACE' ) );
#8843 = FILL_AREA_STYLE_COLOUR ( '', #5212 ) ;
#8844 = MECHANICAL_DESIGN_GEOMETRIC_PRESENTATION_REPRESENTATION (  '', ( #10781 ), #3340 ) ;
#8845 = VECTOR ( 'NONE', #9512, 39.37007874015748143 ) ;
#8846 = SURFACE_STYLE_FILL_AREA ( #7756 ) ;
#8847 = ORIENTED_EDGE ( 'NONE', *, *, #706, .T. ) ;
#8848 = FACE_OUTER_BOUND ( 'NONE', #4294, .T. ) ;
#8849 = MECHANICAL_DESIGN_GEOMETRIC_PRESENTATION_REPRESENTATION (  '', ( #2594 ), #9617 ) ;
#8850 = PLANE ( 'NONE',  #9050 ) ;
#8851 = ORIENTED_EDGE ( 'NONE', *, *, #11628, .T. ) ;
#8852 = MECHANICAL_DESIGN_GEOMETRIC_PRESENTATION_REPRESENTATION (  '', ( #1093 ), #1999 ) ;
#8853 = STYLED_ITEM ( 'NONE', ( #6967 ), #11704 ) ;
#8854 =( NAMED_UNIT ( * ) PLANE_ANGLE_UNIT ( ) SI_UNIT ( $, .RADIAN. ) );
#8855 = DIMENSIONAL_EXPONENTS ( 1.000000000000000000, 0.000000000000000000, 0.000000000000000000, 0.000000000000000000, 0.000000000000000000, 0.000000000000000000, 0.000000000000000000 ) ;
#8856 = CARTESIAN_POINT ( 'NONE',  ( -0.02220491502812529938, 0.05000000000000000278, 1.067128122525102820E-18 ) ) ;
#8857 = LINE ( 'NONE', #7818, #4046 ) ;
#8858 = LENGTH_MEASURE_WITH_UNIT ( LENGTH_MEASURE( 0.02539999999999999897 ), #7938 );
#8859 = AXIS2_PLACEMENT_3D ( 'NONE', #3477, #11463, #7784 ) ;
#8860 = DIRECTION ( 'NONE',  ( 1.000000000000000000, 0.000000000000000000, -0.000000000000000000 ) ) ;
#8861 = FACE_OUTER_BOUND ( 'NONE', #6301, .T. ) ;
#8862 = COLOUR_RGB ( '',1.000000000000000000, 0.000000000000000000, 0.000000000000000000 ) ;
#8863 = PLANE ( 'NONE',  #2277 ) ;
#8864 = VECTOR ( 'NONE', #7250, 39.37007874015748143 ) ;
#8865 =( NAMED_UNIT ( * ) PLANE_ANGLE_UNIT ( ) SI_UNIT ( $, .RADIAN. ) );
#8866 = AXIS2_PLACEMENT_3D ( 'NONE', #2325, #6142, #4103 ) ;
#8867 = FILL_AREA_STYLE_COLOUR ( '', #2203 ) ;
#8868 = ORIENTED_EDGE ( 'NONE', *, *, #8940, .F. ) ;
#8869 = CARTESIAN_POINT ( 'NONE',  ( -0.2899999999999999800, 0.06500000000000000222, 0.000000000000000000 ) ) ;
#8870 = FILL_AREA_STYLE_COLOUR ( '', #10526 ) ;
#8871 = VECTOR ( 'NONE', #9856, 39.37007874015748143 ) ;
#8872 = FILL_AREA_STYLE_COLOUR ( '', #2934 ) ;
#8873 =( LENGTH_UNIT ( ) NAMED_UNIT ( * ) SI_UNIT ( $, .METRE. ) );
#8874 =( NAMED_UNIT ( * ) SI_UNIT ( $, .STERADIAN. ) SOLID_ANGLE_UNIT ( ) );
#8875 = ADVANCED_FACE ( 'NONE', ( #543 ), #6884, .F. ) ;
#8876 = STYLED_ITEM ( 'NONE', ( #9163 ), #8881 ) ;
#8877 = EDGE_LOOP ( 'NONE', ( #11031, #6263, #6853, #8996 ) ) ;
#8878 = ORIENTED_EDGE ( 'NONE', *, *, #6091, .F. ) ;
#8879 = CARTESIAN_POINT ( 'NONE',  ( 0.1079999999999999988, 0.06500000000000000222, 0.000000000000000000 ) ) ;
#8880 =( NAMED_UNIT ( * ) PLANE_ANGLE_UNIT ( ) SI_UNIT ( $, .RADIAN. ) );
#8881 = ADVANCED_FACE ( 'NONE', ( #7871 ), #3389, .F. ) ;
#8882 = MECHANICAL_DESIGN_GEOMETRIC_PRESENTATION_REPRESENTATION (  '', ( #7364 ), #3767 ) ;
#8883 = ORIENTED_EDGE ( 'NONE', *, *, #5653, .T. ) ;
#8884 = DIRECTION ( 'NONE',  ( -0.000000000000000000, 5.021779400118129785E-16, 1.000000000000000000 ) ) ;
#8885 = DIRECTION ( 'NONE',  ( 1.000000000000000000, -0.000000000000000000, 0.000000000000000000 ) ) ;
#8886 = FILL_AREA_STYLE ('',( #6338 ) ) ;
#8887 =( NAMED_UNIT ( * ) SI_UNIT ( $, .STERADIAN. ) SOLID_ANGLE_UNIT ( ) );
#8888 = CARTESIAN_POINT ( 'NONE',  ( -0.2899999999999999800, 0.06500000000000000222, -0.07000000000000000666 ) ) ;
#8889 = VERTEX_POINT ( 'NONE', #1819 ) ;
#8890 = ORIENTED_EDGE ( 'NONE', *, *, #9039, .T. ) ;
#8891 = COLOUR_RGB ( '',0.2862745098039215508, 0.2862745098039215508, 0.2862745098039215508 ) ;
#8892 = VECTOR ( 'NONE', #1897, 39.37007874015748143 ) ;
#8893 = PLANE ( 'NONE',  #10772 ) ;
#8894 =( NAMED_UNIT ( * ) PLANE_ANGLE_UNIT ( ) SI_UNIT ( $, .RADIAN. ) );
#8895 = DIRECTION ( 'NONE',  ( 0.000000000000000000, 0.7071067811865474617, 0.7071067811865474617 ) ) ;
#8896 = ADVANCED_FACE ( 'NONE', ( #1695 ), #11085, .T. ) ;
#8897 = ORIENTED_EDGE ( 'NONE', *, *, #6143, .T. ) ;
#8898 = CARTESIAN_POINT ( 'NONE',  ( -0.05300000000000000544, 0.1850000000000000533, -0.02800000000000004222 ) ) ;
#8899 = VERTEX_POINT ( 'NONE', #6308 ) ;
#8900 = PRESENTATION_STYLE_ASSIGNMENT (( #5390 ) ) ;
#8901 =( GEOMETRIC_REPRESENTATION_CONTEXT ( 3 ) GLOBAL_UNCERTAINTY_ASSIGNED_CONTEXT ( ( #5730 ) ) GLOBAL_UNIT_ASSIGNED_CONTEXT ( ( #10088, #4641, #9190 ) ) REPRESENTATION_CONTEXT ( 'NONE', 'WORKASPACE' ) );
#8902 = PLANE ( 'NONE',  #2172 ) ;
#8903 = PRESENTATION_STYLE_ASSIGNMENT (( #10710 ) ) ;
#8904 = DIRECTION ( 'NONE',  ( -0.000000000000000000, -1.000000000000000000, -0.000000000000000000 ) ) ;
#8905 = ADVANCED_FACE ( 'NONE', ( #9979 ), #11027, .F. ) ;
#8906 = FILL_AREA_STYLE ('',( #5275 ) ) ;
#8907 = ORIENTED_EDGE ( 'NONE', *, *, #2450, .T. ) ;
#8908 = DIMENSIONAL_EXPONENTS ( 1.000000000000000000, 0.000000000000000000, 0.000000000000000000, 0.000000000000000000, 0.000000000000000000, 0.000000000000000000, 0.000000000000000000 ) ;
#8909 =( GEOMETRIC_REPRESENTATION_CONTEXT ( 3 ) GLOBAL_UNCERTAINTY_ASSIGNED_CONTEXT ( ( #10991 ) ) GLOBAL_UNIT_ASSIGNED_CONTEXT ( ( #3054, #7326, #1107 ) ) REPRESENTATION_CONTEXT ( 'NONE', 'WORKASPACE' ) );
#8910 = PRESENTATION_LAYER_ASSIGNMENT (  '', '', ( #7745 ) ) ;
#8911 = EDGE_CURVE ( 'NONE', #8676, #209, #8360, .T. ) ;
#8912 = CARTESIAN_POINT ( 'NONE',  ( 0.05800000000000000294, 0.01999999999999999001, -0.01700000000000000122 ) ) ;
#8913 = ORIENTED_EDGE ( 'NONE', *, *, #4320, .F. ) ;
#8914 =( CONVERSION_BASED_UNIT ( 'INCH', #7185 ) LENGTH_UNIT ( ) NAMED_UNIT ( #5952 ) );
#8915 = CARTESIAN_POINT ( 'NONE',  ( -0.2899999999999999800, 0.06500000000000000222, -0.07000000000000000666 ) ) ;
#8916 = FACE_OUTER_BOUND ( 'NONE', #4456, .T. ) ;
#8917 = EDGE_CURVE ( 'NONE', #10698, #4932, #10294, .T. ) ;
#8918 = PLANE ( 'NONE',  #3480 ) ;
#8919 = VECTOR ( 'NONE', #8860, 39.37007874015748143 ) ;
#8920 = DIRECTION ( 'NONE',  ( -0.4856429311786317760, 0.8741572761215378184, 0.000000000000000000 ) ) ;
#8921 = LINE ( 'NONE', #8067, #11057 ) ;
#8922 =( LENGTH_UNIT ( ) NAMED_UNIT ( * ) SI_UNIT ( $, .METRE. ) );
#8923 =( NAMED_UNIT ( * ) PLANE_ANGLE_UNIT ( ) SI_UNIT ( $, .RADIAN. ) );
#8924 = VECTOR ( 'NONE', #5311, 39.37007874015748143 ) ;
#8925 = ORIENTED_EDGE ( 'NONE', *, *, #10453, .F. ) ;
#8926 = FILL_AREA_STYLE ('',( #10933 ) ) ;
#8927 =( NAMED_UNIT ( * ) SI_UNIT ( $, .STERADIAN. ) SOLID_ANGLE_UNIT ( ) );
#8928 =( LENGTH_UNIT ( ) NAMED_UNIT ( * ) SI_UNIT ( $, .METRE. ) );
#8929 = UNCERTAINTY_MEASURE_WITH_UNIT (LENGTH_MEASURE( 1.000000000000000082E-05 ), #6503, 'distance_accuracy_value', 'NONE');
#8930 = DIMENSIONAL_EXPONENTS ( 1.000000000000000000, 0.000000000000000000, 0.000000000000000000, 0.000000000000000000, 0.000000000000000000, 0.000000000000000000, 0.000000000000000000 ) ;
#8931 =( NAMED_UNIT ( * ) SI_UNIT ( $, .STERADIAN. ) SOLID_ANGLE_UNIT ( ) );
#8932 = ORIENTED_EDGE ( 'NONE', *, *, #10082, .T. ) ;
#8933 = VERTEX_POINT ( 'NONE', #8532 ) ;
#8934 =( LENGTH_UNIT ( ) NAMED_UNIT ( * ) SI_UNIT ( $, .METRE. ) );
#8935 = DIRECTION ( 'NONE',  ( -1.000000000000000000, -0.000000000000000000, -0.000000000000000000 ) ) ;
#8936 = DIRECTION ( 'NONE',  ( 0.000000000000000000, 0.000000000000000000, 1.000000000000000000 ) ) ;
#8937 = LINE ( 'NONE', #10688, #1456 ) ;
#8938 = ORIENTED_EDGE ( 'NONE', *, *, #7015, .T. ) ;
#8939 = PLANE ( 'NONE',  #2622 ) ;
#8940 = EDGE_CURVE ( 'NONE', #11329, #6549, #2961, .T. ) ;
#8941 = LINE ( 'NONE', #4289, #6336 ) ;
#8942 = PRESENTATION_STYLE_ASSIGNMENT (( #4291 ) ) ;
#8943 = LENGTH_MEASURE_WITH_UNIT ( LENGTH_MEASURE( 0.02539999999999999897 ), #6979 );
#8944 = LINE ( 'NONE', #10694, #10078 ) ;
#8945 =( LENGTH_UNIT ( ) NAMED_UNIT ( * ) SI_UNIT ( $, .METRE. ) );
#8946 = ORIENTED_EDGE ( 'NONE', *, *, #4738, .T. ) ;
#8947 = EDGE_LOOP ( 'NONE', ( #9218, #2740, #3364, #9905 ) ) ;
#8948 = ADVANCED_FACE ( 'NONE', ( #415 ), #6602, .F. ) ;
#8949 = COLOUR_RGB ( '',0.8627450980392157298, 0.6274509803921568540, 0.05882352941176470507 ) ;
#8950 = FILL_AREA_STYLE ('',( #1995 ) ) ;
#8951 = UNCERTAINTY_MEASURE_WITH_UNIT (LENGTH_MEASURE( 1.000000000000000082E-05 ), #1680, 'distance_accuracy_value', 'NONE');
#8952 = DIRECTION ( 'NONE',  ( 0.000000000000000000, 1.778546870875169980E-16, -1.000000000000000000 ) ) ;
#8953 = EDGE_LOOP ( 'NONE', ( #5314, #7484, #6102, #11348 ) ) ;
#8954 = PRESENTATION_STYLE_ASSIGNMENT (( #10902 ) ) ;
#8955 = DIRECTION ( 'NONE',  ( 0.000000000000000000, -0.000000000000000000, 1.000000000000000000 ) ) ;
#8956 = ORIENTED_EDGE ( 'NONE', *, *, #7085, .T. ) ;
#8957 = FILL_AREA_STYLE_COLOUR ( '', #8597 ) ;
#8958 = SURFACE_SIDE_STYLE ('',( #5268 ) ) ;
#8959 = CARTESIAN_POINT ( 'NONE',  ( -0.05800000000000000294, 0.2099999999999999922, 0.03300000000000000155 ) ) ;
#8960 = VECTOR ( 'NONE', #1336, 39.37007874015748143 ) ;
#8961 = MECHANICAL_DESIGN_GEOMETRIC_PRESENTATION_REPRESENTATION (  '', ( #7439 ), #5549 ) ;
#8962 = DIRECTION ( 'NONE',  ( -1.000000000000000000, 0.000000000000000000, -0.000000000000000000 ) ) ;
#8963 = ORIENTED_EDGE ( 'NONE', *, *, #10248, .F. ) ;
#8964 = EDGE_CURVE ( 'NONE', #6549, #9952, #9331, .T. ) ;
#8965 = ORIENTED_EDGE ( 'NONE', *, *, #7699, .T. ) ;
#8966 = VERTEX_POINT ( 'NONE', #4948 ) ;
#8967 = CARTESIAN_POINT ( 'NONE',  ( -0.008000000000000010575, -0.06600000000000000311, 0.1199999999999999956 ) ) ;
#8968 = EDGE_LOOP ( 'NONE', ( #22, #376, #5864, #5252 ) ) ;
#8969 = ADVANCED_FACE ( 'NONE', ( #11310 ), #3133, .F. ) ;
#8970 =( NAMED_UNIT ( * ) SI_UNIT ( $, .STERADIAN. ) SOLID_ANGLE_UNIT ( ) );
#8971 =( CONVERSION_BASED_UNIT ( 'INCH', #7243 ) LENGTH_UNIT ( ) NAMED_UNIT ( #11164 ) );
#8972 = SURFACE_SIDE_STYLE ('',( #4435 ) ) ;
#8973 =( LENGTH_UNIT ( ) NAMED_UNIT ( * ) SI_UNIT ( $, .METRE. ) );
#8974 = EDGE_CURVE ( 'NONE', #1163, #7142, #529, .T. ) ;
#8975 = PRESENTATION_STYLE_ASSIGNMENT (( #2561 ) ) ;
#8976 = DIRECTION ( 'NONE',  ( 1.000000000000000000, 0.000000000000000000, 0.000000000000000000 ) ) ;
#8977 = STYLED_ITEM ( 'NONE', ( #8510 ), #7145 ) ;
#8978 = AXIS2_PLACEMENT_3D ( 'NONE', #1706, #3582, #9281 ) ;
#8979 =( CONVERSION_BASED_UNIT ( 'INCH', #6261 ) LENGTH_UNIT ( ) NAMED_UNIT ( #4247 ) );
#8980 =( NAMED_UNIT ( * ) PLANE_ANGLE_UNIT ( ) SI_UNIT ( $, .RADIAN. ) );
#8981 = ORIENTED_EDGE ( 'NONE', *, *, #2235, .T. ) ;
#8982 = MECHANICAL_DESIGN_GEOMETRIC_PRESENTATION_REPRESENTATION (  '', ( #2532 ), #4792 ) ;
#8983 = DIRECTION ( 'NONE',  ( -0.8741572761215383736, -0.4856429311786311098, 0.000000000000000000 ) ) ;
#8984 = DIMENSIONAL_EXPONENTS ( 1.000000000000000000, 0.000000000000000000, 0.000000000000000000, 0.000000000000000000, 0.000000000000000000, 0.000000000000000000, 0.000000000000000000 ) ;
#8985 = MECHANICAL_DESIGN_GEOMETRIC_PRESENTATION_REPRESENTATION (  '', ( #7465 ), #11129 ) ;
#8986 =( NAMED_UNIT ( * ) PLANE_ANGLE_UNIT ( ) SI_UNIT ( $, .RADIAN. ) );
#8987 = VECTOR ( 'NONE', #11701, 39.37007874015748854 ) ;
#8988 = DIRECTION ( 'NONE',  ( 0.000000000000000000, 1.000000000000000000, 0.000000000000000000 ) ) ;
#8989 = VECTOR ( 'NONE', #10532, 39.37007874015748143 ) ;
#8990 = SURFACE_STYLE_USAGE ( .BOTH. , #5419 ) ;
#8991 = LINE ( 'NONE', #2874, #646 ) ;
#8992 = EDGE_CURVE ( 'NONE', #11084, #8025, #7975, .T. ) ;
#8993 = LINE ( 'NONE', #9768, #8987 ) ;
#8994 =( NAMED_UNIT ( * ) PLANE_ANGLE_UNIT ( ) SI_UNIT ( $, .RADIAN. ) );
#8995 = ORIENTED_EDGE ( 'NONE', *, *, #3021, .T. ) ;
#8996 = ORIENTED_EDGE ( 'NONE', *, *, #2191, .T. ) ;
#8997 = LINE ( 'NONE', #4686, #5818 ) ;
#8998 = COLOUR_RGB ( '',0.8627450980392157298, 0.6274509803921568540, 0.05882352941176470507 ) ;
#8999 = LINE ( 'NONE', #5366, #9804 ) ;
#9000 = UNCERTAINTY_MEASURE_WITH_UNIT (LENGTH_MEASURE( 1.000000000000000082E-05 ), #9844, 'distance_accuracy_value', 'NONE');
#9001 = LINE ( 'NONE', #1784, #110 ) ;
#9002 = ORIENTED_EDGE ( 'NONE', *, *, #8599, .F. ) ;
#9003 =( CONVERSION_BASED_UNIT ( 'INCH', #7088 ) LENGTH_UNIT ( ) NAMED_UNIT ( #10761 ) );
#9004 = LINE ( 'NONE', #8270, #1743 ) ;
#9005 =( GEOMETRIC_REPRESENTATION_CONTEXT ( 3 ) GLOBAL_UNCERTAINTY_ASSIGNED_CONTEXT ( ( #5741 ) ) GLOBAL_UNIT_ASSIGNED_CONTEXT ( ( #9948, #2633, #10808 ) ) REPRESENTATION_CONTEXT ( 'NONE', 'WORKASPACE' ) );
#9006 = CARTESIAN_POINT ( 'NONE',  ( 0.04699999999999998623, -0.07499999999999999722, 0.02199999999999996403 ) ) ;
#9007 =( GEOMETRIC_REPRESENTATION_CONTEXT ( 3 ) GLOBAL_UNCERTAINTY_ASSIGNED_CONTEXT ( ( #4268 ) ) GLOBAL_UNIT_ASSIGNED_CONTEXT ( ( #10587, #10531, #8775 ) ) REPRESENTATION_CONTEXT ( 'NONE', 'WORKASPACE' ) );
#9008 = CARTESIAN_POINT ( 'NONE',  ( 0.007999999999999989758, 0.05000000000000000971, 0.01700000000000000122 ) ) ;
#9009 = LINE ( 'NONE', #1728, #9884 ) ;
#9010 =( NAMED_UNIT ( * ) SI_UNIT ( $, .STERADIAN. ) SOLID_ANGLE_UNIT ( ) );
#9011 = SURFACE_STYLE_FILL_AREA ( #6289 ) ;
#9012 = EDGE_LOOP ( 'NONE', ( #721, #3280, #4367, #9981 ) ) ;
#9013 = ORIENTED_EDGE ( 'NONE', *, *, #10655, .T. ) ;
#9014 = DIRECTION ( 'NONE',  ( 0.000000000000000000, -0.000000000000000000, -1.000000000000000000 ) ) ;
#9015 = SURFACE_STYLE_USAGE ( .BOTH. , #4412 ) ;
#9016 = DIMENSIONAL_EXPONENTS ( 1.000000000000000000, 0.000000000000000000, 0.000000000000000000, 0.000000000000000000, 0.000000000000000000, 0.000000000000000000, 0.000000000000000000 ) ;
#9017 = SURFACE_STYLE_FILL_AREA ( #7978 ) ;
#9018 =( CONVERSION_BASED_UNIT ( 'INCH', #9203 ) LENGTH_UNIT ( ) NAMED_UNIT ( #1488 ) );
#9019 =( NAMED_UNIT ( * ) PLANE_ANGLE_UNIT ( ) SI_UNIT ( $, .RADIAN. ) );
#9020 = ORIENTED_EDGE ( 'NONE', *, *, #7662, .T. ) ;
#9021 =( LENGTH_UNIT ( ) NAMED_UNIT ( * ) SI_UNIT ( $, .METRE. ) );
#9022 = EDGE_LOOP ( 'NONE', ( #2542, #993, #402, #2528 ) ) ;
#9023 = CARTESIAN_POINT ( 'NONE',  ( 0.2879999999999999782, 0.08000000000000000167, -0.1199999999999999956 ) ) ;
#9024 =( NAMED_UNIT ( * ) PLANE_ANGLE_UNIT ( ) SI_UNIT ( $, .RADIAN. ) );
#9025 = DIRECTION ( 'NONE',  ( -1.000000000000000000, 0.000000000000000000, 0.000000000000000000 ) ) ;
#9026 = DIRECTION ( 'NONE',  ( -0.000000000000000000, 0.000000000000000000, 1.000000000000000000 ) ) ;
#9027 = ORIENTED_EDGE ( 'NONE', *, *, #3167, .F. ) ;
#9028 = EDGE_CURVE ( 'NONE', #10394, #6666, #10700, .T. ) ;
#9029 = SURFACE_SIDE_STYLE ('',( #5576 ) ) ;
#9030 = AXIS2_PLACEMENT_3D ( 'NONE', #8796, #9706, #1589 ) ;
#9031 = VERTEX_POINT ( 'NONE', #11659 ) ;
#9032 = VECTOR ( 'NONE', #11096, 39.37007874015748143 ) ;
#9033 = CARTESIAN_POINT ( 'NONE',  ( 0.1079999999999999988, -0.07499999999999999722, -0.02199999999999999872 ) ) ;
#9034 = VECTOR ( 'NONE', #602, 39.37007874015748143 ) ;
#9035 = ORIENTED_EDGE ( 'NONE', *, *, #3249, .T. ) ;
#9036 =( NAMED_UNIT ( * ) PLANE_ANGLE_UNIT ( ) SI_UNIT ( $, .RADIAN. ) );
#9037 = ORIENTED_EDGE ( 'NONE', *, *, #7298, .F. ) ;
#9038 = PLANE ( 'NONE',  #9184 ) ;
#9039 = EDGE_CURVE ( 'NONE', #10158, #7585, #7747, .T. ) ;
#9040 = DIRECTION ( 'NONE',  ( -0.000000000000000000, -1.000000000000000000, 0.000000000000000000 ) ) ;
#9041 = SURFACE_SIDE_STYLE ('',( #9932 ) ) ;
#9042 = STYLED_ITEM ( 'NONE', ( #1350 ), #11404 ) ;
#9043 = CARTESIAN_POINT ( 'NONE',  ( 0.04699999999999998623, -0.07499999999999998335, 0.02199999999999998138 ) ) ;
#9044 =( NAMED_UNIT ( * ) SI_UNIT ( $, .STERADIAN. ) SOLID_ANGLE_UNIT ( ) );
#9045 = DIRECTION ( 'NONE',  ( 0.000000000000000000, -0.8741572761215371523, 0.4856429311786330527 ) ) ;
#9046 =( GEOMETRIC_REPRESENTATION_CONTEXT ( 3 ) GLOBAL_UNCERTAINTY_ASSIGNED_CONTEXT ( ( #3123 ) ) GLOBAL_UNIT_ASSIGNED_CONTEXT ( ( #9104, #1755, #2854 ) ) REPRESENTATION_CONTEXT ( 'NONE', 'WORKASPACE' ) );
#9047 = CARTESIAN_POINT ( 'NONE',  ( 0.1079999999999999988, 0.1850000000000000533, -0.02800000000000004222 ) ) ;
#9048 = SURFACE_STYLE_USAGE ( .BOTH. , #1837 ) ;
#9049 = AXIS2_PLACEMENT_3D ( 'NONE', #5753, #5694, #9320 ) ;
#9050 = AXIS2_PLACEMENT_3D ( 'NONE', #10600, #9087, #4192 ) ;
#9051 =( GEOMETRIC_REPRESENTATION_CONTEXT ( 3 ) GLOBAL_UNCERTAINTY_ASSIGNED_CONTEXT ( ( #8150 ) ) GLOBAL_UNIT_ASSIGNED_CONTEXT ( ( #873, #8214, #93 ) ) REPRESENTATION_CONTEXT ( 'NONE', 'WORKASPACE' ) );
#9052 = DIRECTION ( 'NONE',  ( 0.000000000000000000, -0.000000000000000000, -1.000000000000000000 ) ) ;
#9053 = ORIENTED_EDGE ( 'NONE', *, *, #2994, .T. ) ;
#9054 = SURFACE_STYLE_FILL_AREA ( #7020 ) ;
#9055 = ADVANCED_FACE ( 'NONE', ( #2539 ), #5133, .F. ) ;
#9056 = VECTOR ( 'NONE', #3418, 39.37007874015748143 ) ;
#9057 = DIRECTION ( 'NONE',  ( -0.8741572761215372633, 0.4856429311786331082, 0.000000000000000000 ) ) ;
#9058 = PLANE ( 'NONE',  #10540 ) ;
#9059 = DIRECTION ( 'NONE',  ( -4.268512490100409923E-16, 0.000000000000000000, -1.000000000000000000 ) ) ;
#9060 = UNCERTAINTY_MEASURE_WITH_UNIT (LENGTH_MEASURE( 1.000000000000000082E-05 ), #2902, 'distance_accuracy_value', 'NONE');
#9061 =( GEOMETRIC_REPRESENTATION_CONTEXT ( 3 ) GLOBAL_UNCERTAINTY_ASSIGNED_CONTEXT ( ( #6339 ) ) GLOBAL_UNIT_ASSIGNED_CONTEXT ( ( #1668, #5430, #6456 ) ) REPRESENTATION_CONTEXT ( 'NONE', 'WORKASPACE' ) );
#9062 = SURFACE_SIDE_STYLE ('',( #3592 ) ) ;
#9063 = MECHANICAL_DESIGN_GEOMETRIC_PRESENTATION_REPRESENTATION (  '', ( #8853 ), #5444 ) ;
#9064 = CARTESIAN_POINT ( 'NONE',  ( -0.05800000000000000294, 0.06500000000000000222, 0.000000000000000000 ) ) ;
#9065 = LENGTH_MEASURE_WITH_UNIT ( LENGTH_MEASURE( 0.02539999999999999897 ), #3530 );
#9066 = VERTEX_POINT ( 'NONE', #11424 ) ;
#9067 = ORIENTED_EDGE ( 'NONE', *, *, #2520, .F. ) ;
#9068 = VECTOR ( 'NONE', #9954, 39.37007874015748143 ) ;
#9069 = COLOUR_RGB ( '',0.2862745098039215508, 0.2862745098039215508, 0.2862745098039215508 ) ;
#9070 = PRODUCT_DEFINITION_SHAPE ( 'NONE', 'NONE',  #2297 ) ;
#9071 = PRESENTATION_STYLE_ASSIGNMENT (( #1783 ) ) ;
#9072 = EDGE_CURVE ( 'NONE', #10754, #8311, #1467, .T. ) ;
#9073 = DIRECTION ( 'NONE',  ( -0.000000000000000000, 7.532669100177199608E-16, -1.000000000000000000 ) ) ;
#9074 = EDGE_LOOP ( 'NONE', ( #3203, #5195, #7858, #4565 ) ) ;
#9075 = LINE ( 'NONE', #11713, #54 ) ;
#9076 = PRESENTATION_STYLE_ASSIGNMENT (( #6164 ) ) ;
#9077 = MECHANICAL_DESIGN_GEOMETRIC_PRESENTATION_REPRESENTATION (  '', ( #9654 ), #11191 ) ;
#9078 = UNCERTAINTY_MEASURE_WITH_UNIT (LENGTH_MEASURE( 1.000000000000000082E-05 ), #9708, 'distance_accuracy_value', 'NONE');
#9079 = EDGE_CURVE ( 'NONE', #10963, #1578, #7335, .T. ) ;
#9080 = SURFACE_STYLE_FILL_AREA ( #28 ) ;
#9081 = DIRECTION ( 'NONE',  ( 0.4472135954999576501, -0.8944271909999160775, 0.000000000000000000 ) ) ;
#9082 = LINE ( 'NONE', #2533, #10456 ) ;
#9083 = DIMENSIONAL_EXPONENTS ( 1.000000000000000000, 0.000000000000000000, 0.000000000000000000, 0.000000000000000000, 0.000000000000000000, 0.000000000000000000, 0.000000000000000000 ) ;
#9084 = VERTEX_POINT ( 'NONE', #9964 ) ;
#9085 = EDGE_LOOP ( 'NONE', ( #7400, #4249, #7210, #4082 ) ) ;
#9086 = CARTESIAN_POINT ( 'NONE',  ( -0.09199999999999998457, -0.06600000000000000311, -0.03300000000000000155 ) ) ;
#9087 = DIRECTION ( 'NONE',  ( -0.8944271909999159664, -0.4472135954999579832, 0.000000000000000000 ) ) ;
#9088 = MECHANICAL_DESIGN_GEOMETRIC_PRESENTATION_REPRESENTATION (  '', ( #8490 ), #8119 ) ;
#9089 = MECHANICAL_DESIGN_GEOMETRIC_PRESENTATION_REPRESENTATION (  '', ( #5066 ), #6975 ) ;
#9090 = CARTESIAN_POINT ( 'NONE',  ( 0.09199999999999999845, -0.06600000000000000311, -0.03300000000000005707 ) ) ;
#9091 = CARTESIAN_POINT ( 'NONE',  ( -0.09199999999999999845, 0.04000000000000001471, -0.03300000000000000155 ) ) ;
#9092 = STYLED_ITEM ( 'NONE', ( #8954 ), #3886 ) ;
#9093 = VERTEX_POINT ( 'NONE', #1062 ) ;
#9094 = LINE ( 'NONE', #818, #2509 ) ;
#9095 = FILL_AREA_STYLE ('',( #5453 ) ) ;
#9096 = SHAPE_REPRESENTATION ( 'ESHF-105-01-L-D-TH_p', ( #3927 ), #7878 ) ;
#9097 = CARTESIAN_POINT ( 'NONE',  ( -0.04200000000000000955, 0.05000000000000000278, -0.01700000000000000122 ) ) ;
#9098 =( GEOMETRIC_REPRESENTATION_CONTEXT ( 3 ) GLOBAL_UNCERTAINTY_ASSIGNED_CONTEXT ( ( #3831 ) ) GLOBAL_UNIT_ASSIGNED_CONTEXT ( ( #3204, #9737, #7807 ) ) REPRESENTATION_CONTEXT ( 'NONE', 'WORKASPACE' ) );
#9099 = VECTOR ( 'NONE', #10491, 39.37007874015748143 ) ;
#9100 = CARTESIAN_POINT ( 'NONE',  ( -0.008000000000000007105, 0.05000000000000000971, 0.01700000000000000122 ) ) ;
#9101 = ORIENTED_EDGE ( 'NONE', *, *, #8365, .T. ) ;
#9102 = FILL_AREA_STYLE ('',( #9921 ) ) ;
#9103 = ORIENTED_EDGE ( 'NONE', *, *, #2602, .T. ) ;
#9104 =( CONVERSION_BASED_UNIT ( 'INCH', #1950 ) LENGTH_UNIT ( ) NAMED_UNIT ( #6133 ) );
#9105 = VECTOR ( 'NONE', #10271, 39.37007874015748143 ) ;
#9106 = ORIENTED_EDGE ( 'NONE', *, *, #5122, .T. ) ;
#9107 =( GEOMETRIC_REPRESENTATION_CONTEXT ( 3 ) GLOBAL_UNCERTAINTY_ASSIGNED_CONTEXT ( ( #7823 ) ) GLOBAL_UNIT_ASSIGNED_CONTEXT ( ( #5144, #4241, #9634 ) ) REPRESENTATION_CONTEXT ( 'NONE', 'WORKASPACE' ) );
#9108 = CARTESIAN_POINT ( 'NONE',  ( -0.09199999999999999845, 0.05000000000000000971, 0.03300000000000000155 ) ) ;
#9109 = VERTEX_POINT ( 'NONE', #6469 ) ;
#9110 = LINE ( 'NONE', #2917, #1754 ) ;
#9111 = DIRECTION ( 'NONE',  ( 1.000000000000000000, -0.000000000000000000, 0.000000000000000000 ) ) ;
#9112 = DIRECTION ( 'NONE',  ( -0.000000000000000000, 1.000000000000000000, 0.000000000000000000 ) ) ;
#9113 = CARTESIAN_POINT ( 'NONE',  ( 0.000000000000000000, 0.2099999999999999922, -0.1000000000000000056 ) ) ;
#9114 = CARTESIAN_POINT ( 'NONE',  ( 0.04699999999999998623, 0.1849999999999999978, -0.02800000000000004222 ) ) ;
#9115 =( NAMED_UNIT ( * ) PLANE_ANGLE_UNIT ( ) SI_UNIT ( $, .RADIAN. ) );
#9116 = CARTESIAN_POINT ( 'NONE',  ( -0.002999999999999996593, -0.07499999999999999722, 0.02199999999999999872 ) ) ;
#9117 = EDGE_CURVE ( 'NONE', #10485, #7950, #35, .T. ) ;
#9118 = DIRECTION ( 'NONE',  ( 0.000000000000000000, -1.000000000000000000, 0.000000000000000000 ) ) ;
#9119 = ORIENTED_EDGE ( 'NONE', *, *, #1425, .T. ) ;
#9120 = LINE ( 'NONE', #8317, #5454 ) ;
#9121 = AXIS2_PLACEMENT_3D ( 'NONE', #10027, #5740, #8209 ) ;
#9122 = PRESENTATION_LAYER_ASSIGNMENT (  '', '', ( #6267 ) ) ;
#9123 = DIRECTION ( 'NONE',  ( -1.000000000000000000, -0.000000000000000000, -0.000000000000000000 ) ) ;
#9124 = FILL_AREA_STYLE ('',( #9298 ) ) ;
#9125 = SURFACE_SIDE_STYLE ('',( #1851 ) ) ;
#9126 =( NAMED_UNIT ( * ) PLANE_ANGLE_UNIT ( ) SI_UNIT ( $, .RADIAN. ) );
#9127 = ORIENTED_EDGE ( 'NONE', *, *, #5852, .T. ) ;
#9128 = EDGE_CURVE ( 'NONE', #7460, #9741, #5315, .T. ) ;
#9129 = COLOUR_RGB ( '',0.2862745098039215508, 0.2862745098039215508, 0.2862745098039215508 ) ;
#9130 = VECTOR ( 'NONE', #6139, 39.37007874015748143 ) ;
#9131 = LINE ( 'NONE', #2758, #506 ) ;
#9132 = CARTESIAN_POINT ( 'NONE',  ( 0.05800000000000000294, -0.06600000000000000311, 0.03299999999999995992 ) ) ;
#9133 = UNCERTAINTY_MEASURE_WITH_UNIT (LENGTH_MEASURE( 1.000000000000000082E-05 ), #7770, 'distance_accuracy_value', 'NONE');
#9134 = SURFACE_SIDE_STYLE ('',( #10083 ) ) ;
#9135 =( NAMED_UNIT ( * ) SI_UNIT ( $, .STERADIAN. ) SOLID_ANGLE_UNIT ( ) );
#9136 = ORIENTED_EDGE ( 'NONE', *, *, #2091, .F. ) ;
#9137 = DIRECTION ( 'NONE',  ( -0.000000000000000000, -0.000000000000000000, 1.000000000000000000 ) ) ;
#9138 = ADVANCED_FACE ( 'NONE', ( #7164 ), #11789, .F. ) ;
#9139 = CARTESIAN_POINT ( 'NONE',  ( 0.3250000000000000111, 0.2099999999999999922, -0.1199999999999999956 ) ) ;
#9140 = SURFACE_SIDE_STYLE ('',( #9080 ) ) ;
#9141 = CARTESIAN_POINT ( 'NONE',  ( -0.1079999999999999988, 0.05000000000000000971, 0.01700000000000000122 ) ) ;
#9142 = EDGE_CURVE ( 'NONE', #10482, #5805, #4654, .T. ) ;
#9143 = SURFACE_STYLE_FILL_AREA ( #10892 ) ;
#9144 = ORIENTED_EDGE ( 'NONE', *, *, #7269, .F. ) ;
#9145 = ORIENTED_EDGE ( 'NONE', *, *, #6011, .T. ) ;
#9146 = CARTESIAN_POINT ( 'NONE',  ( 0.2899999999999999800, 0.2099999999999999922, 0.000000000000000000 ) ) ;
#9147 = UNCERTAINTY_MEASURE_WITH_UNIT (LENGTH_MEASURE( 1.000000000000000082E-05 ), #5809, 'distance_accuracy_value', 'NONE');
#9148 = DIRECTION ( 'NONE',  ( 0.000000000000000000, -0.4856429311786268355, 0.8741572761215407050 ) ) ;
#9149 =( NAMED_UNIT ( * ) SI_UNIT ( $, .STERADIAN. ) SOLID_ANGLE_UNIT ( ) );
#9150 = EDGE_CURVE ( 'NONE', #6000, #6273, #6349, .T. ) ;
#9151 = COLOUR_RGB ( '',0.2862745098039215508, 0.2862745098039215508, 0.2862745098039215508 ) ;
#9152 =( NAMED_UNIT ( * ) PLANE_ANGLE_UNIT ( ) SI_UNIT ( $, .RADIAN. ) );
#9153 = VERTEX_POINT ( 'NONE', #10895 ) ;
#9154 = CARTESIAN_POINT ( 'NONE',  ( -0.05000000000000003747, 0.06000000000000003247, -0.1000000000000000194 ) ) ;
#9155 = SURFACE_SIDE_STYLE ('',( #11799 ) ) ;
#9156 = DIRECTION ( 'NONE',  ( -1.000000000000000000, -0.000000000000000000, -0.000000000000000000 ) ) ;
#9157 = CARTESIAN_POINT ( 'NONE',  ( -0.09199999999999999845, -0.06600000000000000311, 0.01700000000000000122 ) ) ;
#9158 = PRESENTATION_STYLE_ASSIGNMENT (( #2382 ) ) ;
#9159 = LINE ( 'NONE', #6181, #5287 ) ;
#9160 = PRESENTATION_LAYER_ASSIGNMENT (  '', '', ( #4571 ) ) ;
#9161 = SURFACE_SIDE_STYLE ('',( #177 ) ) ;
#9162 = ORIENTED_EDGE ( 'NONE', *, *, #2595, .T. ) ;
#9163 = PRESENTATION_STYLE_ASSIGNMENT (( #1017 ) ) ;
#9164 = ORIENTED_EDGE ( 'NONE', *, *, #11206, .F. ) ;
#9165 = DIMENSIONAL_EXPONENTS ( 1.000000000000000000, 0.000000000000000000, 0.000000000000000000, 0.000000000000000000, 0.000000000000000000, 0.000000000000000000, 0.000000000000000000 ) ;
#9166 = EDGE_LOOP ( 'NONE', ( #4295, #7841, #2608, #429 ) ) ;
#9167 = VECTOR ( 'NONE', #7583, 39.37007874015748143 ) ;
#9168 = VERTEX_POINT ( 'NONE', #7100 ) ;
#9169 = DIRECTION ( 'NONE',  ( 0.4368520283305180607, -0.7863336509949352404, -0.4368520283305180607 ) ) ;
#9170 = DIRECTION ( 'NONE',  ( 0.000000000000000000, 1.000000000000000000, 0.000000000000000000 ) ) ;
#9171 = DIRECTION ( 'NONE',  ( 0.4368520283305191709, 0.7863336509949344633, -0.4368520283305180607 ) ) ;
#9172 = SURFACE_STYLE_FILL_AREA ( #2921 ) ;
#9173 = AXIS2_PLACEMENT_3D ( 'NONE', #9220, #11207, #6548 ) ;
#9174 = VECTOR ( 'NONE', #5263, 39.37007874015748143 ) ;
#9175 = MECHANICAL_DESIGN_GEOMETRIC_PRESENTATION_REPRESENTATION (  '', ( #7624 ), #4195 ) ;
#9176 = LINE ( 'NONE', #5531, #9798 ) ;
#9177 = VERTEX_POINT ( 'NONE', #809 ) ;
#9178 = CARTESIAN_POINT ( 'NONE',  ( -0.1079999999999999988, 0.000000000000000000, 0.000000000000000000 ) ) ;
#9179 = SURFACE_STYLE_USAGE ( .BOTH. , #4866 ) ;
#9180 = UNCERTAINTY_MEASURE_WITH_UNIT (LENGTH_MEASURE( 1.000000000000000082E-05 ), #1849, 'distance_accuracy_value', 'NONE');
#9181 = STYLED_ITEM ( 'NONE', ( #9419 ), #6541 ) ;
#9182 = AXIS2_PLACEMENT_3D ( 'NONE', #9534, #11278, #11108 ) ;
#9183 = ORIENTED_EDGE ( 'NONE', *, *, #10086, .T. ) ;
#9184 = AXIS2_PLACEMENT_3D ( 'NONE', #3450, #8787, #10792 ) ;
#9185 = STYLED_ITEM ( 'NONE', ( #7726 ), #6603 ) ;
#9186 = COLOUR_RGB ( '',0.2862745098039215508, 0.2862745098039215508, 0.2862745098039215508 ) ;
#9187 = DIRECTION ( 'NONE',  ( 0.000000000000000000, 0.000000000000000000, 1.000000000000000000 ) ) ;
#9188 = CARTESIAN_POINT ( 'NONE',  ( 0.1079999999999999988, -0.07499999999999999722, -0.02799999999999999711 ) ) ;
#9189 = ADVANCED_FACE ( 'NONE', ( #945 ), #4411, .F. ) ;
#9190 =( NAMED_UNIT ( * ) SI_UNIT ( $, .STERADIAN. ) SOLID_ANGLE_UNIT ( ) );
#9191 = UNCERTAINTY_MEASURE_WITH_UNIT (LENGTH_MEASURE( 1.000000000000000082E-05 ), #9003, 'distance_accuracy_value', 'NONE');
#9192 = DIRECTION ( 'NONE',  ( 0.4856429311786317760, 0.8741572761215378184, 0.000000000000000000 ) ) ;
#9193 = DIRECTION ( 'NONE',  ( 0.000000000000000000, -0.000000000000000000, 1.000000000000000000 ) ) ;
#9194 = DIRECTION ( 'NONE',  ( 0.000000000000000000, 1.000000000000000000, -0.000000000000000000 ) ) ;
#9195 = DIRECTION ( 'NONE',  ( -1.000000000000000000, 0.000000000000000000, -0.000000000000000000 ) ) ;
#9196 = VECTOR ( 'NONE', #1198, 39.37007874015748143 ) ;
#9197 = PRESENTATION_STYLE_ASSIGNMENT (( #10830 ) ) ;
#9198 = ORIENTED_EDGE ( 'NONE', *, *, #3509, .F. ) ;
#9199 = ORIENTED_EDGE ( 'NONE', *, *, #10355, .T. ) ;
#9200 = DIRECTION ( 'NONE',  ( 0.000000000000000000, -1.000000000000000000, 0.000000000000000000 ) ) ;
#9201 = EDGE_CURVE ( 'NONE', #8328, #7356, #7573, .T. ) ;
#9202 = CARTESIAN_POINT ( 'NONE',  ( 0.2879999999999999782, 0.2099999999999999922, -0.1000000000000000056 ) ) ;
#9203 = LENGTH_MEASURE_WITH_UNIT ( LENGTH_MEASURE( 0.02539999999999999897 ), #2780 );
#9204 = VECTOR ( 'NONE', #889, 39.37007874015748143 ) ;
#9205 = CARTESIAN_POINT ( 'NONE',  ( -0.1080000000000000127, 0.1759999999999999898, 0.01700000000000000122 ) ) ;
#9206 = ORIENTED_EDGE ( 'NONE', *, *, #4462, .F. ) ;
#9207 = CARTESIAN_POINT ( 'NONE',  ( 0.04699999999999999317, 0.1850000000000000533, -0.02800000000000004222 ) ) ;
#9208 = EDGE_CURVE ( 'NONE', #10334, #1003, #5867, .T. ) ;
#9209 = CARTESIAN_POINT ( 'NONE',  ( 0.05800000000000000294, 0.1759999999999999898, 0.03300000000000000155 ) ) ;
#9210 =( CONVERSION_BASED_UNIT ( 'INCH', #5636 ) LENGTH_UNIT ( ) NAMED_UNIT ( #4133 ) );
#9211 =( NAMED_UNIT ( * ) SI_UNIT ( $, .STERADIAN. ) SOLID_ANGLE_UNIT ( ) );
#9212 = CARTESIAN_POINT ( 'NONE',  ( 0.1079999999999999988, 0.1759999999999999898, -0.03300000000000000155 ) ) ;
#9213 = VECTOR ( 'NONE', #6726, 39.37007874015748143 ) ;
#9214 = EDGE_LOOP ( 'NONE', ( #7162, #9285, #6168, #9568 ) ) ;
#9215 = ADVANCED_FACE ( 'NONE', ( #3954 ), #8346, .F. ) ;
#9216 = ORIENTED_EDGE ( 'NONE', *, *, #10075, .T. ) ;
#9217 = SURFACE_STYLE_FILL_AREA ( #10178 ) ;
#9218 = ORIENTED_EDGE ( 'NONE', *, *, #6383, .F. ) ;
#9219 = EDGE_CURVE ( 'NONE', #11658, #7780, #9371, .T. ) ;
#9220 = CARTESIAN_POINT ( 'NONE',  ( 0.05800000000000000294, 0.2099999999999999922, -0.03300000000000000155 ) ) ;
#9221 = ORIENTED_EDGE ( 'NONE', *, *, #7057, .T. ) ;
#9222 = PRESENTATION_STYLE_ASSIGNMENT (( #5463 ) ) ;
#9223 = FILL_AREA_STYLE ('',( #11092 ) ) ;
#9224 = LINE ( 'NONE', #371, #73 ) ;
#9225 = SURFACE_SIDE_STYLE ('',( #186 ) ) ;
#9226 =( NAMED_UNIT ( * ) PLANE_ANGLE_UNIT ( ) SI_UNIT ( $, .RADIAN. ) );
#9227 = EDGE_CURVE ( 'NONE', #10956, #555, #1227, .T. ) ;
#9228 = DIRECTION ( 'NONE',  ( 0.000000000000000000, 0.000000000000000000, -1.000000000000000000 ) ) ;
#9229 = ORIENTED_EDGE ( 'NONE', *, *, #6228, .F. ) ;
#9230 =( GEOMETRIC_REPRESENTATION_CONTEXT ( 3 ) GLOBAL_UNCERTAINTY_ASSIGNED_CONTEXT ( ( #11059 ) ) GLOBAL_UNIT_ASSIGNED_CONTEXT ( ( #3131, #4781, #5704 ) ) REPRESENTATION_CONTEXT ( 'NONE', 'WORKASPACE' ) );
#9231 = DIRECTION ( 'NONE',  ( 0.000000000000000000, 0.000000000000000000, -1.000000000000000000 ) ) ;
#9232 = DIMENSIONAL_EXPONENTS ( 1.000000000000000000, 0.000000000000000000, 0.000000000000000000, 0.000000000000000000, 0.000000000000000000, 0.000000000000000000, 0.000000000000000000 ) ;
#9233 =( CONVERSION_BASED_UNIT ( 'INCH', #10260 ) LENGTH_UNIT ( ) NAMED_UNIT ( #2617 ) );
#9234 =( GEOMETRIC_REPRESENTATION_CONTEXT ( 3 ) GLOBAL_UNCERTAINTY_ASSIGNED_CONTEXT ( ( #3342 ) ) GLOBAL_UNIT_ASSIGNED_CONTEXT ( ( #8715, #2424, #11477 ) ) REPRESENTATION_CONTEXT ( 'NONE', 'WORKASPACE' ) );
#9235 =( LENGTH_UNIT ( ) NAMED_UNIT ( * ) SI_UNIT ( $, .METRE. ) );
#9236 = PRESENTATION_STYLE_ASSIGNMENT (( #1972 ) ) ;
#9237 = COLOUR_RGB ( '',0.8627450980392157298, 0.6274509803921568540, 0.05882352941176470507 ) ;
#9238 =( NAMED_UNIT ( * ) PLANE_ANGLE_UNIT ( ) SI_UNIT ( $, .RADIAN. ) );
#9239 = VECTOR ( 'NONE', #1546, 39.37007874015748854 ) ;
#9240 = ORIENTED_EDGE ( 'NONE', *, *, #3141, .F. ) ;
#9241 = MECHANICAL_DESIGN_GEOMETRIC_PRESENTATION_REPRESENTATION (  '', ( #1086 ), #508 ) ;
#9242 =( LENGTH_UNIT ( ) NAMED_UNIT ( * ) SI_UNIT ( $, .METRE. ) );
#9243 =( LENGTH_UNIT ( ) NAMED_UNIT ( * ) SI_UNIT ( $, .METRE. ) );
#9244 = COLOUR_RGB ( '',0.2862745098039215508, 0.2862745098039215508, 0.2862745098039215508 ) ;
#9245 = DIRECTION ( 'NONE',  ( -1.000000000000000000, 0.000000000000000000, -0.000000000000000000 ) ) ;
#9246 = PRESENTATION_LAYER_ASSIGNMENT (  '', '', ( #5640 ) ) ;
#9247 = SURFACE_SIDE_STYLE ('',( #2047 ) ) ;
#9248 = CARTESIAN_POINT ( 'NONE',  ( 0.1079999999999999988, 0.1759999999999999898, -0.01700000000000000122 ) ) ;
#9249 = DIRECTION ( 'NONE',  ( 0.000000000000000000, 0.4856429311786318315, 0.8741572761215379295 ) ) ;
#9250 = CARTESIAN_POINT ( 'NONE',  ( 0.000000000000000000, 0.06500000000000000222, -0.01700000000000000122 ) ) ;
#9251 = COLOUR_RGB ( '',0.8627450980392157298, 0.6274509803921568540, 0.05882352941176470507 ) ;
#9252 = LINE ( 'NONE', #1113, #8712 ) ;
#9253 = VECTOR ( 'NONE', #3293, 39.37007874015748854 ) ;
#9254 = ORIENTED_EDGE ( 'NONE', *, *, #4599, .F. ) ;
#9255 = VERTEX_POINT ( 'NONE', #347 ) ;
#9256 = CARTESIAN_POINT ( 'NONE',  ( 0.000000000000000000, 0.06500000000000000222, -0.01700000000000000122 ) ) ;
#9257 =( GEOMETRIC_REPRESENTATION_CONTEXT ( 3 ) GLOBAL_UNCERTAINTY_ASSIGNED_CONTEXT ( ( #10590 ) ) GLOBAL_UNIT_ASSIGNED_CONTEXT ( ( #8748, #619, #440 ) ) REPRESENTATION_CONTEXT ( 'NONE', 'WORKASPACE' ) );
#9258 = EDGE_CURVE ( 'NONE', #11737, #5087, #5808, .T. ) ;
#9259 = SURFACE_STYLE_USAGE ( .BOTH. , #4715 ) ;
#9260 = SURFACE_STYLE_FILL_AREA ( #10162 ) ;
#9261 = VECTOR ( 'NONE', #6380, 39.37007874015748143 ) ;
#9262 = EDGE_LOOP ( 'NONE', ( #11778, #1693, #8487, #3169 ) ) ;
#9263 = LINE ( 'NONE', #2066, #6965 ) ;
#9264 = CARTESIAN_POINT ( 'NONE',  ( 0.1079999999999999988, 0.1849999999999999978, 0.02799999999999999711 ) ) ;
#9265 = FILL_AREA_STYLE ('',( #2957 ) ) ;
#9266 =( CONVERSION_BASED_UNIT ( 'INCH', #2182 ) LENGTH_UNIT ( ) NAMED_UNIT ( #2534 ) );
#9267 = CARTESIAN_POINT ( 'NONE',  ( -0.1030000000000000221, 0.1850000000000000533, -0.02800000000000004222 ) ) ;
#9268 = LINE ( 'NONE', #8584, #8845 ) ;
#9269 = EDGE_LOOP ( 'NONE', ( #2783, #2371, #2576, #284 ) ) ;
#9270 = VECTOR ( 'NONE', #7034, 39.37007874015748143 ) ;
#9271 = PRESENTATION_LAYER_ASSIGNMENT (  '', '', ( #10614 ) ) ;
#9272 =( NAMED_UNIT ( * ) SI_UNIT ( $, .STERADIAN. ) SOLID_ANGLE_UNIT ( ) );
#9273 = EDGE_CURVE ( 'NONE', #7552, #5658, #7620, .T. ) ;
#9274 = ORIENTED_EDGE ( 'NONE', *, *, #3819, .F. ) ;
#9275 = ORIENTED_EDGE ( 'NONE', *, *, #10753, .T. ) ;
#9276 =( NAMED_UNIT ( * ) PLANE_ANGLE_UNIT ( ) SI_UNIT ( $, .RADIAN. ) );
#9277 = LINE ( 'NONE', #1144, #11394 ) ;
#9278 = MECHANICAL_DESIGN_GEOMETRIC_PRESENTATION_REPRESENTATION (  '', ( #3387 ), #4521 ) ;
#9279 = PRESENTATION_STYLE_ASSIGNMENT (( #6550 ) ) ;
#9280 = EDGE_CURVE ( 'NONE', #10914, #5617, #10159, .T. ) ;
#9281 = DIRECTION ( 'NONE',  ( 0.000000000000000000, 0.000000000000000000, -1.000000000000000000 ) ) ;
#9282 = SURFACE_STYLE_FILL_AREA ( #422 ) ;
#9283 = PLANE ( 'NONE',  #11420 ) ;
#9284 = EDGE_CURVE ( 'NONE', #9084, #4015, #6749, .T. ) ;
#9285 = ORIENTED_EDGE ( 'NONE', *, *, #8365, .F. ) ;
#9286 = SURFACE_STYLE_FILL_AREA ( #11707 ) ;
#9287 = VECTOR ( 'NONE', #10530, 39.37007874015748143 ) ;
#9288 = STYLED_ITEM ( 'NONE', ( #3320 ), #7659 ) ;
#9289 = DIRECTION ( 'NONE',  ( 0.000000000000000000, -0.8741572761215382625, -0.4856429311786310543 ) ) ;
#9290 = LENGTH_MEASURE_WITH_UNIT ( LENGTH_MEASURE( 0.02539999999999999897 ), #2143 );
#9291 = EDGE_CURVE ( 'NONE', #10508, #6369, #9774, .T. ) ;
#9292 = ORIENTED_EDGE ( 'NONE', *, *, #9758, .T. ) ;
#9293 = SURFACE_STYLE_FILL_AREA ( #72 ) ;
#9294 = SURFACE_STYLE_FILL_AREA ( #383 ) ;
#9295 =( CONVERSION_BASED_UNIT ( 'INCH', #254 ) LENGTH_UNIT ( ) NAMED_UNIT ( #1756 ) );
#9296 = UNCERTAINTY_MEASURE_WITH_UNIT (LENGTH_MEASURE( 1.000000000000000082E-05 ), #2512, 'distance_accuracy_value', 'NONE');
#9297 = STYLED_ITEM ( 'NONE', ( #1989 ), #8170 ) ;
#9298 = FILL_AREA_STYLE_COLOUR ( '', #8389 ) ;
#9299 = CARTESIAN_POINT ( 'NONE',  ( 0.1079999999999999988, -0.07499999999999999722, -0.02799999999999999711 ) ) ;
#9300 = APPLICATION_PROTOCOL_DEFINITION ( 'draft international standard', 'automotive_design', 1998, #11605 ) ;
#9301 = ORIENTED_EDGE ( 'NONE', *, *, #9219, .T. ) ;
#9302 = SURFACE_STYLE_USAGE ( .BOTH. , #5675 ) ;
#9303 = PLANE ( 'NONE',  #1277 ) ;
#9304 = AXIS2_PLACEMENT_3D ( 'NONE', #4051, #10450, #1388 ) ;
#9305 = DIRECTION ( 'NONE',  ( 0.000000000000000000, 0.4856429311786331082, -0.8741572761215372633 ) ) ;
#9306 = SURFACE_SIDE_STYLE ('',( #3707 ) ) ;
#9307 = DIRECTION ( 'NONE',  ( 0.000000000000000000, 0.000000000000000000, 1.000000000000000000 ) ) ;
#9308 = LENGTH_MEASURE_WITH_UNIT ( LENGTH_MEASURE( 0.02539999999999999897 ), #5492 );
#9309 = UNCERTAINTY_MEASURE_WITH_UNIT (LENGTH_MEASURE( 1.000000000000000082E-05 ), #10466, 'distance_accuracy_value', 'NONE');
#9310 = LENGTH_MEASURE_WITH_UNIT ( LENGTH_MEASURE( 0.02539999999999999897 ), #11126 );
#9311 = LINE ( 'NONE', #8513, #2381 ) ;
#9312 = DIRECTION ( 'NONE',  ( 0.000000000000000000, 1.000000000000000000, 0.000000000000000000 ) ) ;
#9313 = DIMENSIONAL_EXPONENTS ( 1.000000000000000000, 0.000000000000000000, 0.000000000000000000, 0.000000000000000000, 0.000000000000000000, 0.000000000000000000, 0.000000000000000000 ) ;
#9314 = STYLED_ITEM ( 'NONE', ( #10002 ), #8690 ) ;
#9315 = ORIENTED_EDGE ( 'NONE', *, *, #1077, .F. ) ;
#9316 = VERTEX_POINT ( 'NONE', #8755 ) ;
#9317 = SURFACE_STYLE_USAGE ( .BOTH. , #5690 ) ;
#9318 = LENGTH_MEASURE_WITH_UNIT ( LENGTH_MEASURE( 0.02539999999999999897 ), #3955 );
#9319 = LINE ( 'NONE', #7515, #10592 ) ;
#9320 = DIRECTION ( 'NONE',  ( 0.000000000000000000, 0.000000000000000000, -1.000000000000000000 ) ) ;
#9321 = AXIS2_PLACEMENT_3D ( 'NONE', #3056, #9249, #6461 ) ;
#9322 = VERTEX_POINT ( 'NONE', #516 ) ;
#9323 = PRESENTATION_LAYER_ASSIGNMENT (  '', '', ( #4741 ) ) ;
#9324 = LINE ( 'NONE', #11250, #11002 ) ;
#9325 = DIRECTION ( 'NONE',  ( 0.000000000000000000, 1.000000000000000000, -0.000000000000000000 ) ) ;
#9326 = LINE ( 'NONE', #9209, #5149 ) ;
#9327 = DIRECTION ( 'NONE',  ( 0.000000000000000000, -1.000000000000000000, -0.000000000000000000 ) ) ;
#9328 = EDGE_CURVE ( 'NONE', #9771, #697, #6855, .T. ) ;
#9329 = FACE_OUTER_BOUND ( 'NONE', #8968, .T. ) ;
#9330 = ORIENTED_EDGE ( 'NONE', *, *, #4938, .T. ) ;
#9331 = LINE ( 'NONE', #1190, #7365 ) ;
#9332 = ORIENTED_EDGE ( 'NONE', *, *, #9227, .T. ) ;
#9333 = CARTESIAN_POINT ( 'NONE',  ( 0.1079999999999999988, -0.06600000000000000311, 0.03300000000000000155 ) ) ;
#9334 = ORIENTED_EDGE ( 'NONE', *, *, #5721, .F. ) ;
#9335 = FILL_AREA_STYLE ('',( #10919 ) ) ;
#9336 = PLANE ( 'NONE',  #460 ) ;
#9337 = FILL_AREA_STYLE ('',( #4681 ) ) ;
#9338 = ADVANCED_FACE ( 'NONE', ( #6811 ), #6909, .F. ) ;
#9339 = CARTESIAN_POINT ( 'NONE',  ( 0.3009999999999999898, 0.04499999999999999833, 0.02500000000000000139 ) ) ;
#9340 = VERTEX_POINT ( 'NONE', #1453 ) ;
#9341 = LENGTH_MEASURE_WITH_UNIT ( LENGTH_MEASURE( 0.02539999999999999897 ), #4025 );
#9342 =( NAMED_UNIT ( * ) SI_UNIT ( $, .STERADIAN. ) SOLID_ANGLE_UNIT ( ) );
#9343 = COLOUR_RGB ( '',0.8627450980392157298, 0.6274509803921568540, 0.05882352941176470507 ) ;
#9344 = EDGE_CURVE ( 'NONE', #3618, #2836, #5063, .T. ) ;
#9345 =( NAMED_UNIT ( * ) PLANE_ANGLE_UNIT ( ) SI_UNIT ( $, .RADIAN. ) );
#9346 = ORIENTED_EDGE ( 'NONE', *, *, #7945, .F. ) ;
#9347 = CARTESIAN_POINT ( 'NONE',  ( -0.04200000000000000955, -0.06600000000000000311, 0.1199999999999999956 ) ) ;
#9348 = CARTESIAN_POINT ( 'NONE',  ( 0.1079999999999999988, 0.2099999999999999922, -0.03300000000000000155 ) ) ;
#9349 =( NAMED_UNIT ( * ) SI_UNIT ( $, .STERADIAN. ) SOLID_ANGLE_UNIT ( ) );
#9350 =( LENGTH_UNIT ( ) NAMED_UNIT ( * ) SI_UNIT ( $, .METRE. ) );
#9351 = DIRECTION ( 'NONE',  ( -0.000000000000000000, -0.000000000000000000, -1.000000000000000000 ) ) ;
#9352 = FILL_AREA_STYLE_COLOUR ( '', #7010 ) ;
#9353 = EDGE_CURVE ( 'NONE', #4230, #11381, #576, .T. ) ;
#9354 = DIRECTION ( 'NONE',  ( 1.000000000000000000, 0.000000000000000000, 0.000000000000000000 ) ) ;
#9355 = STYLED_ITEM ( 'NONE', ( #6360 ), #3228 ) ;
#9356 = DIRECTION ( 'NONE',  ( 1.000000000000000000, 0.000000000000000000, -0.000000000000000000 ) ) ;
#9357 = UNCERTAINTY_MEASURE_WITH_UNIT (LENGTH_MEASURE( 1.000000000000000082E-05 ), #2997, 'distance_accuracy_value', 'NONE');
#9358 = CARTESIAN_POINT ( 'NONE',  ( 0.000000000000000000, 0.000000000000000000, -0.005000000000000000104 ) ) ;
#9359 = DIMENSIONAL_EXPONENTS ( 1.000000000000000000, 0.000000000000000000, 0.000000000000000000, 0.000000000000000000, 0.000000000000000000, 0.000000000000000000, 0.000000000000000000 ) ;
#9360 = EDGE_CURVE ( 'NONE', #6290, #7696, #6156, .T. ) ;
#9361 = VECTOR ( 'NONE', #1727, 39.37007874015748143 ) ;
#9362 = LINE ( 'NONE', #338, #2712 ) ;
#9363 =( GEOMETRIC_REPRESENTATION_CONTEXT ( 3 ) GLOBAL_UNCERTAINTY_ASSIGNED_CONTEXT ( ( #3946 ) ) GLOBAL_UNIT_ASSIGNED_CONTEXT ( ( #841, #9812, #4252 ) ) REPRESENTATION_CONTEXT ( 'NONE', 'WORKASPACE' ) );
#9364 = DIRECTION ( 'NONE',  ( 1.000000000000000000, 0.000000000000000000, 0.000000000000000000 ) ) ;
#9365 = FILL_AREA_STYLE ('',( #10844 ) ) ;
#9366 =( NAMED_UNIT ( * ) SI_UNIT ( $, .STERADIAN. ) SOLID_ANGLE_UNIT ( ) );
#9367 = CARTESIAN_POINT ( 'NONE',  ( 0.1079999999999999988, 0.1759999999999999898, 0.01700000000000000122 ) ) ;
#9368 = CARTESIAN_POINT ( 'NONE',  ( 0.2879999999999999782, 0.01999999999999998307, 0.05999999999999997696 ) ) ;
#9369 = ORIENTED_EDGE ( 'NONE', *, *, #1900, .T. ) ;
#9370 = EDGE_LOOP ( 'NONE', ( #6364, #6763, #10936, #11674 ) ) ;
#9371 = LINE ( 'NONE', #11072, #6412 ) ;
#9372 = MECHANICAL_DESIGN_GEOMETRIC_PRESENTATION_REPRESENTATION (  '', ( #644 ), #8010 ) ;
#9373 = VECTOR ( 'NONE', #7953, 39.37007874015748143 ) ;
#9374 = SURFACE_STYLE_USAGE ( .BOTH. , #5750 ) ;
#9375 = PLANE ( 'NONE',  #3155 ) ;
#9376 =( NAMED_UNIT ( * ) SI_UNIT ( $, .STERADIAN. ) SOLID_ANGLE_UNIT ( ) );
#9377 = FACE_OUTER_BOUND ( 'NONE', #1678, .T. ) ;
#9378 = ORIENTED_EDGE ( 'NONE', *, *, #7721, .F. ) ;
#9379 = LENGTH_MEASURE_WITH_UNIT ( LENGTH_MEASURE( 0.02539999999999999897 ), #4662 );
#9380 = AXIS2_PLACEMENT_3D ( 'NONE', #3080, #11317, #8721 ) ;
#9381 = FILL_AREA_STYLE ('',( #11019 ) ) ;
#9382 =( GEOMETRIC_REPRESENTATION_CONTEXT ( 3 ) GLOBAL_UNCERTAINTY_ASSIGNED_CONTEXT ( ( #7381 ) ) GLOBAL_UNIT_ASSIGNED_CONTEXT ( ( #8971, #1027, #7 ) ) REPRESENTATION_CONTEXT ( 'NONE', 'WORKASPACE' ) );
#9383 = CARTESIAN_POINT ( 'NONE',  ( 0.1079999999999999988, 0.000000000000000000, 0.01700000000000000122 ) ) ;
#9384 = SURFACE_STYLE_USAGE ( .BOTH. , #230 ) ;
#9385 = EDGE_LOOP ( 'NONE', ( #3218, #318, #627, #11130 ) ) ;
#9386 =( NAMED_UNIT ( * ) SI_UNIT ( $, .STERADIAN. ) SOLID_ANGLE_UNIT ( ) );
#9387 = DIMENSIONAL_EXPONENTS ( 1.000000000000000000, 0.000000000000000000, 0.000000000000000000, 0.000000000000000000, 0.000000000000000000, 0.000000000000000000, 0.000000000000000000 ) ;
#9388 = COLOUR_RGB ( '',0.8627450980392157298, 0.6274509803921568540, 0.05882352941176470507 ) ;
#9389 = VERTEX_POINT ( 'NONE', #7899 ) ;
#9390 = DIRECTION ( 'NONE',  ( 0.000000000000000000, 0.4856429311786318315, -0.8741572761215379295 ) ) ;
#9391 = VERTEX_POINT ( 'NONE', #11462 ) ;
#9392 =( NAMED_UNIT ( * ) SI_UNIT ( $, .STERADIAN. ) SOLID_ANGLE_UNIT ( ) );
#9393 = FILL_AREA_STYLE ('',( #6610 ) ) ;
#9394 =( NAMED_UNIT ( * ) SI_UNIT ( $, .STERADIAN. ) SOLID_ANGLE_UNIT ( ) );
#9395 = UNCERTAINTY_MEASURE_WITH_UNIT (LENGTH_MEASURE( 1.000000000000000082E-05 ), #4261, 'distance_accuracy_value', 'NONE');
#9396 = CARTESIAN_POINT ( 'NONE',  ( 0.1079999999999999988, -0.06600000000000000311, 0.000000000000000000 ) ) ;
#9397 = EDGE_CURVE ( 'NONE', #6337, #9717, #6045, .T. ) ;
#9398 = DIRECTION ( 'NONE',  ( 0.000000000000000000, -1.000000000000000000, -0.000000000000000000 ) ) ;
#9399 =( LENGTH_UNIT ( ) NAMED_UNIT ( * ) SI_UNIT ( $, .METRE. ) );
#9400 = ORIENTED_EDGE ( 'NONE', *, *, #1123, .F. ) ;
#9401 = FACE_OUTER_BOUND ( 'NONE', #3072, .T. ) ;
#9402 = SURFACE_STYLE_FILL_AREA ( #5778 ) ;
#9403 = SURFACE_STYLE_FILL_AREA ( #379 ) ;
#9404 = EDGE_CURVE ( 'NONE', #9913, #8899, #9669, .T. ) ;
#9405 = CARTESIAN_POINT ( 'NONE',  ( 0.09700000000000000289, -0.07499999999999999722, 0.02799999999999999711 ) ) ;
#9406 = VERTEX_POINT ( 'NONE', #8569 ) ;
#9407 = CARTESIAN_POINT ( 'NONE',  ( -0.05799999999999999600, 0.01999999999999999001, -0.01700000000000000122 ) ) ;
#9408 = SURFACE_STYLE_USAGE ( .BOTH. , #3933 ) ;
#9409 = ORIENTED_EDGE ( 'NONE', *, *, #3688, .F. ) ;
#9410 = SURFACE_STYLE_FILL_AREA ( #8319 ) ;
#9411 = COLOUR_RGB ( '',0.2862745098039215508, 0.2862745098039215508, 0.2862745098039215508 ) ;
#9412 = DIRECTION ( 'NONE',  ( 0.000000000000000000, 0.000000000000000000, 1.000000000000000000 ) ) ;
#9413 = UNCERTAINTY_MEASURE_WITH_UNIT (LENGTH_MEASURE( 1.000000000000000082E-05 ), #2436, 'distance_accuracy_value', 'NONE');
#9414 = LINE ( 'NONE', #2322, #8730 ) ;
#9415 = SURFACE_STYLE_FILL_AREA ( #8437 ) ;
#9416 = AXIS2_PLACEMENT_3D ( 'NONE', #6007, #1638, #542 ) ;
#9417 = EDGE_CURVE ( 'NONE', #8180, #10524, #7677, .T. ) ;
#9418 = FILL_AREA_STYLE_COLOUR ( '', #3145 ) ;
#9419 = PRESENTATION_STYLE_ASSIGNMENT (( #5913 ) ) ;
#9420 = SURFACE_STYLE_FILL_AREA ( #5800 ) ;
#9421 = UNCERTAINTY_MEASURE_WITH_UNIT (LENGTH_MEASURE( 1.000000000000000082E-05 ), #9872, 'distance_accuracy_value', 'NONE');
#9422 = EDGE_CURVE ( 'NONE', #2986, #10771, #2289, .T. ) ;
#9423 = FILL_AREA_STYLE ('',( #5861 ) ) ;
#9424 = PLANE ( 'NONE',  #241 ) ;
#9426 = LINE ( 'NONE', #5803, #7320 ) ;
#9425 = AXIS2_PLACEMENT_3D ( 'NONE', #5251, #11589, #10643 ) ;
#9427 = PRESENTATION_STYLE_ASSIGNMENT (( #11290 ) ) ;
#9428 = LENGTH_MEASURE_WITH_UNIT ( LENGTH_MEASURE( 0.02539999999999999897 ), #10393 );
#9429 = ORIENTED_EDGE ( 'NONE', *, *, #11267, .T. ) ;
#9430 = ORIENTED_EDGE ( 'NONE', *, *, #3386, .T. ) ;
#9431 = MECHANICAL_DESIGN_GEOMETRIC_PRESENTATION_REPRESENTATION (  '', ( #888 ), #11729 ) ;
#9432 = STYLED_ITEM ( 'NONE', ( #1661 ), #10593 ) ;
#9433 = CARTESIAN_POINT ( 'NONE',  ( -0.3250000000000000111, 0.06000000000000001166, 0.1000000000000000056 ) ) ;
#9434 = EDGE_CURVE ( 'NONE', #1422, #10583, #6104, .T. ) ;
#9435 = PLANE ( 'NONE',  #8859 ) ;
#9436 = DIRECTION ( 'NONE',  ( 1.000000000000000000, 0.000000000000000000, 0.000000000000000000 ) ) ;
#9437 = PRESENTATION_LAYER_ASSIGNMENT (  '', '', ( #11170 ) ) ;
#9438 =( GEOMETRIC_REPRESENTATION_CONTEXT ( 3 ) GLOBAL_UNCERTAINTY_ASSIGNED_CONTEXT ( ( #4459 ) ) GLOBAL_UNIT_ASSIGNED_CONTEXT ( ( #10076, #1103, #5734 ) ) REPRESENTATION_CONTEXT ( 'NONE', 'WORKASPACE' ) );
#9439 = CARTESIAN_POINT ( 'NONE',  ( 0.05000000000000000278, 0.06500000000000000222, 0.000000000000000000 ) ) ;
#9440 = EDGE_LOOP ( 'NONE', ( #7539, #11315, #4310, #9609 ) ) ;
#9441 = CARTESIAN_POINT ( 'NONE',  ( 0.04200000000000000955, 0.2099999999999999922, -0.03300000000000000155 ) ) ;
#9442 = FACE_OUTER_BOUND ( 'NONE', #2179, .T. ) ;
#9443 = MECHANICAL_DESIGN_GEOMETRIC_PRESENTATION_REPRESENTATION (  '', ( #1821 ), #1614 ) ;
#9444 = LINE ( 'NONE', #5699, #3590 ) ;
#9445 = LENGTH_MEASURE_WITH_UNIT ( LENGTH_MEASURE( 0.02539999999999999897 ), #8528 );
#9446 =( LENGTH_UNIT ( ) NAMED_UNIT ( * ) SI_UNIT ( $, .METRE. ) );
#9447 =( CONVERSION_BASED_UNIT ( 'INCH', #11144 ) LENGTH_UNIT ( ) NAMED_UNIT ( #6727 ) );
#9448 = DIMENSIONAL_EXPONENTS ( 1.000000000000000000, 0.000000000000000000, 0.000000000000000000, 0.000000000000000000, 0.000000000000000000, 0.000000000000000000, 0.000000000000000000 ) ;
#9449 = COLOUR_RGB ( '',0.8627450980392157298, 0.6274509803921568540, 0.05882352941176470507 ) ;
#9450 = PRESENTATION_STYLE_ASSIGNMENT (( #1294 ) ) ;
#9451 = ORIENTED_EDGE ( 'NONE', *, *, #8466, .F. ) ;
#9452 = CARTESIAN_POINT ( 'NONE',  ( -0.003000000000000010904, -0.07499999999999999722, 0.02199999999999999872 ) ) ;
#9453 = VECTOR ( 'NONE', #6262, 39.37007874015748854 ) ;
#9454 = SURFACE_SIDE_STYLE ('',( #301 ) ) ;
#9455 = VECTOR ( 'NONE', #11382, 39.37007874015748143 ) ;
#9456 = ORIENTED_EDGE ( 'NONE', *, *, #7662, .F. ) ;
#9457 =( LENGTH_UNIT ( ) NAMED_UNIT ( * ) SI_UNIT ( $, .METRE. ) );
#9458 = ORIENTED_EDGE ( 'NONE', *, *, #427, .T. ) ;
#9459 =( NAMED_UNIT ( * ) PLANE_ANGLE_UNIT ( ) SI_UNIT ( $, .RADIAN. ) );
#9460 = CARTESIAN_POINT ( 'NONE',  ( -0.04200000000000000955, 0.2099999999999999922, 0.03300000000000000155 ) ) ;
#9461 = VECTOR ( 'NONE', #5564, 39.37007874015748143 ) ;
#9462 = LINE ( 'NONE', #11154, #4647 ) ;
#9463 = CARTESIAN_POINT ( 'NONE',  ( -0.3109999999999999987, 0.04499999999999999833, 0.02500000000000000139 ) ) ;
#9464 = ORIENTED_EDGE ( 'NONE', *, *, #2660, .T. ) ;
#9465 = SURFACE_STYLE_USAGE ( .BOTH. , #4795 ) ;
#9466 = LINE ( 'NONE', #4796, #3532 ) ;
#9467 = AXIS2_PLACEMENT_3D ( 'NONE', #4374, #9170, #1645 ) ;
#9468 = CARTESIAN_POINT ( 'NONE',  ( -0.008000000000000010575, -0.06600000000000000311, 0.1199999999999999956 ) ) ;
#9469 = VECTOR ( 'NONE', #5707, 39.37007874015748143 ) ;
#9470 = EDGE_CURVE ( 'NONE', #9493, #7419, #9719, .T. ) ;
#9471 = ORIENTED_EDGE ( 'NONE', *, *, #2085, .T. ) ;
#9472 =( NAMED_UNIT ( * ) SI_UNIT ( $, .STERADIAN. ) SOLID_ANGLE_UNIT ( ) );
#9473 = DIMENSIONAL_EXPONENTS ( 1.000000000000000000, 0.000000000000000000, 0.000000000000000000, 0.000000000000000000, 0.000000000000000000, 0.000000000000000000, 0.000000000000000000 ) ;
#9474 = FILL_AREA_STYLE_COLOUR ( '', #7165 ) ;
#9475 = SURFACE_STYLE_USAGE ( .BOTH. , #5152 ) ;
#9476 = LENGTH_MEASURE_WITH_UNIT ( LENGTH_MEASURE( 0.02539999999999999897 ), #3935 );
#9477 = SURFACE_STYLE_FILL_AREA ( #1323 ) ;
#9478 = EDGE_CURVE ( 'NONE', #8025, #10698, #4339, .T. ) ;
#9479 = SURFACE_SIDE_STYLE ('',( #437 ) ) ;
#9480 = VECTOR ( 'NONE', #7296, 39.37007874015748143 ) ;
#9481 = ORIENTED_EDGE ( 'NONE', *, *, #343, .F. ) ;
#9482 = DIRECTION ( 'NONE',  ( 0.000000000000000000, -1.000000000000000000, -0.000000000000000000 ) ) ;
#9483 = PRODUCT_DEFINITION_CONTEXT ( 'detailed design', #657, 'design' ) ;
#9484 = DIRECTION ( 'NONE',  ( 0.4368520283305193375, 0.7863336509949337971, 0.4368520283305193375 ) ) ;
#9485 = DIRECTION ( 'NONE',  ( -0.000000000000000000, -0.000000000000000000, -1.000000000000000000 ) ) ;
#9486 = VECTOR ( 'NONE', #8154, 39.37007874015748143 ) ;
#9487 = COLOUR_RGB ( '',0.8627450980392157298, 0.6274509803921568540, 0.05882352941176470507 ) ;
#9488 = CARTESIAN_POINT ( 'NONE',  ( 0.05800000000000000294, 0.2099999999999999922, 0.01700000000000000122 ) ) ;
#9489 = FILL_AREA_STYLE_COLOUR ( '', #11320 ) ;
#9490 = CARTESIAN_POINT ( 'NONE',  ( -0.008000000000000010575, 0.2099999999999999922, 0.01700000000000000122 ) ) ;
#9491 = EDGE_CURVE ( 'NONE', #10973, #4338, #10188, .T. ) ;
#9492 = LINE ( 'NONE', #5920, #8474 ) ;
#9493 = VERTEX_POINT ( 'NONE', #10817 ) ;
#9494 = EDGE_LOOP ( 'NONE', ( #11805, #7964, #292, #1781 ) ) ;
#9495 = STYLED_ITEM ( 'NONE', ( #6327 ), #5273 ) ;
#9496 = VECTOR ( 'NONE', #941, 39.37007874015748854 ) ;
#9497 = CARTESIAN_POINT ( 'NONE',  ( -0.1030000000000000360, 0.1849999999999999978, 0.02200000000000000566 ) ) ;
#9498 = SURFACE_STYLE_USAGE ( .BOTH. , #6910 ) ;
#9499 = EDGE_CURVE ( 'NONE', #10985, #11056, #7370, .T. ) ;
#9500 = ORIENTED_EDGE ( 'NONE', *, *, #4001, .F. ) ;
#9501 =( CONVERSION_BASED_UNIT ( 'INCH', #3422 ) LENGTH_UNIT ( ) NAMED_UNIT ( #11284 ) );
#9502 = ORIENTED_EDGE ( 'NONE', *, *, #1477, .F. ) ;
#9503 =( CONVERSION_BASED_UNIT ( 'INCH', #5872 ) LENGTH_UNIT ( ) NAMED_UNIT ( #1844 ) );
#9504 =( LENGTH_UNIT ( ) NAMED_UNIT ( * ) SI_UNIT ( $, .METRE. ) );
#9505 = LINE ( 'NONE', #7686, #2645 ) ;
#9506 = VECTOR ( 'NONE', #11307, 39.37007874015748143 ) ;
#9507 = EDGE_CURVE ( 'NONE', #10985, #2750, #8021, .T. ) ;
#9508 = CARTESIAN_POINT ( 'NONE',  ( 0.05000000000000000278, 0.08000000000000000167, -0.1199999999999999956 ) ) ;
#9509 = DIRECTION ( 'NONE',  ( -0.000000000000000000, 1.000000000000000000, 0.000000000000000000 ) ) ;
#9510 = CARTESIAN_POINT ( 'NONE',  ( -0.008000000000000010575, -0.06600000000000000311, 0.1199999999999999956 ) ) ;
#9511 = PRODUCT_RELATED_PRODUCT_CATEGORY ( 'part', '', ( #11644 ) ) ;
#9512 = DIRECTION ( 'NONE',  ( 0.000000000000000000, -1.000000000000000000, -0.000000000000000000 ) ) ;
#9513 = ORIENTED_EDGE ( 'NONE', *, *, #6095, .T. ) ;
#9514 = ADVANCED_FACE ( 'NONE', ( #2579 ), #7083, .T. ) ;
#9515 =( CONVERSION_BASED_UNIT ( 'INCH', #5884 ) LENGTH_UNIT ( ) NAMED_UNIT ( #2717 ) );
#9516 = PRESENTATION_LAYER_ASSIGNMENT (  '', '', ( #2286 ) ) ;
#9517 = ORIENTED_EDGE ( 'NONE', *, *, #11785, .T. ) ;
#9518 = SURFACE_STYLE_USAGE ( .BOTH. , #1355 ) ;
#9519 = EDGE_LOOP ( 'NONE', ( #4224, #9144, #5688, #4534 ) ) ;
#9520 = CARTESIAN_POINT ( 'NONE',  ( 0.05800000000000000294, -0.06600000000000000311, 0.1199999999999999956 ) ) ;
#9521 = FILL_AREA_STYLE ('',( #10653 ) ) ;
#9522 = UNCERTAINTY_MEASURE_WITH_UNIT (LENGTH_MEASURE( 1.000000000000000082E-05 ), #7601, 'distance_accuracy_value', 'NONE');
#9523 = DIRECTION ( 'NONE',  ( -1.000000000000000000, -0.000000000000000000, 0.000000000000000000 ) ) ;
#9524 = FILL_AREA_STYLE ('',( #3146 ) ) ;
#9525 = ORIENTED_EDGE ( 'NONE', *, *, #3473, .F. ) ;
#9526 = DIMENSIONAL_EXPONENTS ( 1.000000000000000000, 0.000000000000000000, 0.000000000000000000, 0.000000000000000000, 0.000000000000000000, 0.000000000000000000, 0.000000000000000000 ) ;
#9527 = DIRECTION ( 'NONE',  ( 0.000000000000000000, 0.000000000000000000, -1.000000000000000000 ) ) ;
#9528 = DIRECTION ( 'NONE',  ( 0.000000000000000000, 0.000000000000000000, 1.000000000000000000 ) ) ;
#9529 = VERTEX_POINT ( 'NONE', #1664 ) ;
#9530 = SURFACE_SIDE_STYLE ('',( #11388 ) ) ;
#9531 = CARTESIAN_POINT ( 'NONE',  ( 0.1079999999999999988, 0.05000000000000000278, 0.01700000000000000122 ) ) ;
#9532 = PLANE ( 'NONE',  #10326 ) ;
#9533 = DIRECTION ( 'NONE',  ( 0.000000000000000000, -0.000000000000000000, 1.000000000000000000 ) ) ;
#9534 = CARTESIAN_POINT ( 'NONE',  ( -0.008000000000000010575, 0.1759999999999999898, 0.1199999999999999956 ) ) ;
#9535 = UNCERTAINTY_MEASURE_WITH_UNIT (LENGTH_MEASURE( 1.000000000000000082E-05 ), #10575, 'distance_accuracy_value', 'NONE');
#9536 = LINE ( 'NONE', #5790, #8352 ) ;
#9537 = AXIS2_PLACEMENT_3D ( 'NONE', #752, #3302, #7968 ) ;
#9538 =( CONVERSION_BASED_UNIT ( 'INCH', #2324 ) LENGTH_UNIT ( ) NAMED_UNIT ( #1463 ) );
#9539 =( LENGTH_UNIT ( ) NAMED_UNIT ( * ) SI_UNIT ( $, .METRE. ) );
#9540 = LINE ( 'NONE', #9659, #4677 ) ;
#9541 =( NAMED_UNIT ( * ) SI_UNIT ( $, .STERADIAN. ) SOLID_ANGLE_UNIT ( ) );
#9542 = UNCERTAINTY_MEASURE_WITH_UNIT (LENGTH_MEASURE( 1.000000000000000082E-05 ), #4017, 'distance_accuracy_value', 'NONE');
#9543 =( GEOMETRIC_REPRESENTATION_CONTEXT ( 3 ) GLOBAL_UNCERTAINTY_ASSIGNED_CONTEXT ( ( #2875 ) ) GLOBAL_UNIT_ASSIGNED_CONTEXT ( ( #5539, #9238, #8195 ) ) REPRESENTATION_CONTEXT ( 'NONE', 'WORKASPACE' ) );
#9544 = FILL_AREA_STYLE_COLOUR ( '', #6868 ) ;
#9545 =( NAMED_UNIT ( * ) PLANE_ANGLE_UNIT ( ) SI_UNIT ( $, .RADIAN. ) );
#9546 = DIMENSIONAL_EXPONENTS ( 1.000000000000000000, 0.000000000000000000, 0.000000000000000000, 0.000000000000000000, 0.000000000000000000, 0.000000000000000000, 0.000000000000000000 ) ;
#9547 =( NAMED_UNIT ( * ) SI_UNIT ( $, .STERADIAN. ) SOLID_ANGLE_UNIT ( ) );
#9548 = VERTEX_POINT ( 'NONE', #4744 ) ;
#9549 = ORIENTED_EDGE ( 'NONE', *, *, #3245, .F. ) ;
#9550 = FILL_AREA_STYLE ('',( #2408 ) ) ;
#9551 = PRESENTATION_LAYER_ASSIGNMENT (  '', '', ( #799 ) ) ;
#9552 = DIRECTION ( 'NONE',  ( 0.000000000000000000, 0.000000000000000000, -1.000000000000000000 ) ) ;
#9553 = AXIS2_PLACEMENT_3D ( 'NONE', #9264, #227, #1807 ) ;
#9554 = EDGE_CURVE ( 'NONE', #3926, #10334, #8997, .T. ) ;
#9555 = EDGE_LOOP ( 'NONE', ( #10105, #4464, #6323, #9837 ) ) ;
#9556 = CARTESIAN_POINT ( 'NONE',  ( -0.3109999999999999987, 0.04499999999999999833, -0.02500000000000000139 ) ) ;
#9557 = DIRECTION ( 'NONE',  ( 1.000000000000000000, 0.000000000000000000, 0.000000000000000000 ) ) ;
#9558 =( NAMED_UNIT ( * ) PLANE_ANGLE_UNIT ( ) SI_UNIT ( $, .RADIAN. ) );
#9559 =( NAMED_UNIT ( * ) SI_UNIT ( $, .STERADIAN. ) SOLID_ANGLE_UNIT ( ) );
#9560 = FILL_AREA_STYLE_COLOUR ( '', #6472 ) ;
#9561 = DIRECTION ( 'NONE',  ( -0.4856429311786330527, -0.8741572761215371523, 0.000000000000000000 ) ) ;
#9562 = VECTOR ( 'NONE', #4640, 39.37007874015748143 ) ;
#9563 = ORIENTED_EDGE ( 'NONE', *, *, #1641, .T. ) ;
#9564 = ADVANCED_FACE ( 'NONE', ( #8312 ), #3535, .F. ) ;
#9565 = MECHANICAL_DESIGN_GEOMETRIC_PRESENTATION_REPRESENTATION (  '', ( #443 ), #11475 ) ;
#9566 = FILL_AREA_STYLE ('',( #3259 ) ) ;
#9567 = ADVANCED_FACE ( 'NONE', ( #9401, #5899 ), #1203, .F. ) ;
#9568 = ORIENTED_EDGE ( 'NONE', *, *, #3890, .F. ) ;
#9569 = MECHANICAL_DESIGN_GEOMETRIC_PRESENTATION_REPRESENTATION (  '', ( #4793 ), #5377 ) ;
#9570 = FACE_BOUND ( 'NONE', #3610, .T. ) ;
#9571 = ORIENTED_EDGE ( 'NONE', *, *, #3032, .F. ) ;
#9572 =( GEOMETRIC_REPRESENTATION_CONTEXT ( 3 ) GLOBAL_UNCERTAINTY_ASSIGNED_CONTEXT ( ( #9180 ) ) GLOBAL_UNIT_ASSIGNED_CONTEXT ( ( #1849, #5360, #1659 ) ) REPRESENTATION_CONTEXT ( 'NONE', 'WORKASPACE' ) );
#9573 = MECHANICAL_DESIGN_GEOMETRIC_PRESENTATION_REPRESENTATION (  '', ( #11677 ), #5573 ) ;
#9574 = LINE ( 'NONE', #9520, #9287 ) ;
#9575 = FILL_AREA_STYLE ('',( #8482 ) ) ;
#9576 = FILL_AREA_STYLE ('',( #10656 ) ) ;
#9577 = CARTESIAN_POINT ( 'NONE',  ( 0.04200000000000000955, 0.04000000000000000083, 0.1199999999999999956 ) ) ;
#9578 = SURFACE_SIDE_STYLE ('',( #6674 ) ) ;
#9579 = VECTOR ( 'NONE', #5097, 39.37007874015748143 ) ;
#9580 = ORIENTED_EDGE ( 'NONE', *, *, #8071, .F. ) ;
#9581 = EDGE_CURVE ( 'NONE', #4711, #485, #377, .T. ) ;
#9582 = DIRECTION ( 'NONE',  ( 0.4368520283305182272, -0.7863336509949340192, 0.4368520283305197816 ) ) ;
#9583 = ORIENTED_EDGE ( 'NONE', *, *, #5940, .F. ) ;
#9584 = STYLED_ITEM ( 'NONE', ( #5475 ), #2779 ) ;
#9585 = LINE ( 'NONE', #7714, #10160 ) ;
#9586 = FILL_AREA_STYLE ('',( #7006 ) ) ;
#9587 = STYLED_ITEM ( 'NONE', ( #3207 ), #7004 ) ;
#9588 = CARTESIAN_POINT ( 'NONE',  ( -0.09700000000000000289, -0.07499999999999999722, 0.1199999999999999956 ) ) ;
#9589 = LINE ( 'NONE', #4920, #5956 ) ;
#9590 = FILL_AREA_STYLE_COLOUR ( '', #390 ) ;
#9591 = CARTESIAN_POINT ( 'NONE',  ( 0.000000000000000000, 0.06500000000000000222, 0.01700000000000000122 ) ) ;
#9592 =( CONVERSION_BASED_UNIT ( 'INCH', #5964 ) LENGTH_UNIT ( ) NAMED_UNIT ( #1552 ) );
#9593 =( NAMED_UNIT ( * ) PLANE_ANGLE_UNIT ( ) SI_UNIT ( $, .RADIAN. ) );
#9594 =( CONVERSION_BASED_UNIT ( 'INCH', #10550 ) LENGTH_UNIT ( ) NAMED_UNIT ( #1704 ) );
#9595 = CARTESIAN_POINT ( 'NONE',  ( 0.2879999999999999782, 0.01999999999999998307, 0.03300000000000000155 ) ) ;
#9596 = CARTESIAN_POINT ( 'NONE',  ( 0.1030000000000000221, 0.1849999999999999978, -0.02800000000000002140 ) ) ;
#9597 = DIMENSIONAL_EXPONENTS ( 1.000000000000000000, 0.000000000000000000, 0.000000000000000000, 0.000000000000000000, 0.000000000000000000, 0.000000000000000000, 0.000000000000000000 ) ;
#9598 = PLANE ( 'NONE',  #10924 ) ;
#9599 = LENGTH_MEASURE_WITH_UNIT ( LENGTH_MEASURE( 0.02539999999999999897 ), #7727 );
#9600 = FILL_AREA_STYLE_COLOUR ( '', #3407 ) ;
#9601 = FILL_AREA_STYLE ('',( #1597 ) ) ;
#9602 = FILL_AREA_STYLE_COLOUR ( '', #3272 ) ;
#9603 = COLOUR_RGB ( '',0.8627450980392157298, 0.6274509803921568540, 0.05882352941176470507 ) ;
#9604 = CARTESIAN_POINT ( 'NONE',  ( -0.1079999999999999849, 0.01999999999999999001, -0.01700000000000000122 ) ) ;
#9605 = ORIENTED_EDGE ( 'NONE', *, *, #7159, .T. ) ;
#9606 = ORIENTED_EDGE ( 'NONE', *, *, #8083, .T. ) ;
#9607 = SURFACE_STYLE_USAGE ( .BOTH. , #9721 ) ;
#9608 =( LENGTH_UNIT ( ) NAMED_UNIT ( * ) SI_UNIT ( $, .METRE. ) );
#9609 = ORIENTED_EDGE ( 'NONE', *, *, #8804, .T. ) ;
#9610 = MECHANICAL_DESIGN_GEOMETRIC_PRESENTATION_REPRESENTATION (  '', ( #6575 ), #8842 ) ;
#9611 = DIRECTION ( 'NONE',  ( -0.000000000000000000, -1.000000000000000000, -0.000000000000000000 ) ) ;
#9612 = VECTOR ( 'NONE', #6126, 39.37007874015748854 ) ;
#9613 = DIRECTION ( 'NONE',  ( 0.000000000000000000, -5.021779400118129785E-16, -1.000000000000000000 ) ) ;
#9614 =( NAMED_UNIT ( * ) SI_UNIT ( $, .STERADIAN. ) SOLID_ANGLE_UNIT ( ) );
#9615 =( GEOMETRIC_REPRESENTATION_CONTEXT ( 3 ) GLOBAL_UNCERTAINTY_ASSIGNED_CONTEXT ( ( #8095 ) ) GLOBAL_UNIT_ASSIGNED_CONTEXT ( ( #9515, #8654, #9386 ) ) REPRESENTATION_CONTEXT ( 'NONE', 'WORKASPACE' ) );
#9616 = CARTESIAN_POINT ( 'NONE',  ( -0.09199999999999999845, 0.04000000000000000083, 0.01700000000000000122 ) ) ;
#9617 =( GEOMETRIC_REPRESENTATION_CONTEXT ( 3 ) GLOBAL_UNCERTAINTY_ASSIGNED_CONTEXT ( ( #3170 ) ) GLOBAL_UNIT_ASSIGNED_CONTEXT ( ( #9018, #1875, #7224 ) ) REPRESENTATION_CONTEXT ( 'NONE', 'WORKASPACE' ) );
#9618 = PRESENTATION_STYLE_ASSIGNMENT (( #11422 ) ) ;
#9619 = ORIENTED_EDGE ( 'NONE', *, *, #1135, .T. ) ;
#9620 = EDGE_CURVE ( 'NONE', #4615, #4116, #2199, .T. ) ;
#9621 = STYLED_ITEM ( 'NONE', ( #3896 ), #286 ) ;
#9622 = COLOUR_RGB ( '',0.2862745098039215508, 0.2862745098039215508, 0.2862745098039215508 ) ;
#9623 = SURFACE_STYLE_USAGE ( .BOTH. , #5995 ) ;
#9624 = DIMENSIONAL_EXPONENTS ( 1.000000000000000000, 0.000000000000000000, 0.000000000000000000, 0.000000000000000000, 0.000000000000000000, 0.000000000000000000, 0.000000000000000000 ) ;
#9625 = ORIENTED_EDGE ( 'NONE', *, *, #4750, .T. ) ;
#9626 = CARTESIAN_POINT ( 'NONE',  ( 0.04699999999999999317, 0.1849999999999999978, -0.02200000000000006464 ) ) ;
#9627 = ORIENTED_EDGE ( 'NONE', *, *, #9470, .T. ) ;
#9628 = PLANE ( 'NONE',  #1029 ) ;
#9629 = CARTESIAN_POINT ( 'NONE',  ( -0.09199999999999999845, 0.05000000000000000971, -0.01700000000000000122 ) ) ;
#9630 = UNCERTAINTY_MEASURE_WITH_UNIT (LENGTH_MEASURE( 1.000000000000000082E-05 ), #3647, 'distance_accuracy_value', 'NONE');
#9631 = LINE ( 'NONE', #2431, #453 ) ;
#9632 = PRESENTATION_LAYER_ASSIGNMENT (  '', '', ( #2216 ) ) ;
#9633 = AXIS2_PLACEMENT_3D ( 'NONE', #11171, #6627, #6684 ) ;
#9634 =( NAMED_UNIT ( * ) SI_UNIT ( $, .STERADIAN. ) SOLID_ANGLE_UNIT ( ) );
#9635 = ADVANCED_FACE ( 'NONE', ( #7650 ), #8671, .T. ) ;
#9636 = MECHANICAL_DESIGN_GEOMETRIC_PRESENTATION_REPRESENTATION (  '', ( #11754 ), #1831 ) ;
#9637 = FILL_AREA_STYLE_COLOUR ( '', #7764 ) ;
#9638 = ORIENTED_EDGE ( 'NONE', *, *, #2749, .T. ) ;
#9639 =( LENGTH_UNIT ( ) NAMED_UNIT ( * ) SI_UNIT ( $, .METRE. ) );
#9640 =( LENGTH_UNIT ( ) NAMED_UNIT ( * ) SI_UNIT ( $, .METRE. ) );
#9641 = PRESENTATION_LAYER_ASSIGNMENT (  '', '', ( #6416 ) ) ;
#9642 = DIRECTION ( 'NONE',  ( 1.000000000000000000, 0.000000000000000000, -0.000000000000000000 ) ) ;
#9643 = ORIENTED_EDGE ( 'NONE', *, *, #2229, .F. ) ;
#9644 = LINE ( 'NONE', #7936, #7473 ) ;
#9645 = ORIENTED_EDGE ( 'NONE', *, *, #10943, .T. ) ;
#9646 =( NAMED_UNIT ( * ) PLANE_ANGLE_UNIT ( ) SI_UNIT ( $, .RADIAN. ) );
#9647 = SURFACE_SIDE_STYLE ('',( #385 ) ) ;
#9648 =( NAMED_UNIT ( * ) SI_UNIT ( $, .STERADIAN. ) SOLID_ANGLE_UNIT ( ) );
#9649 = UNCERTAINTY_MEASURE_WITH_UNIT (LENGTH_MEASURE( 1.000000000000000082E-05 ), #9880, 'distance_accuracy_value', 'NONE');
#9650 = EDGE_CURVE ( 'NONE', #7475, #5148, #5204, .T. ) ;
#9651 = AXIS2_PLACEMENT_3D ( 'NONE', #1157, #5473, #9231 ) ;
#9652 = FACE_OUTER_BOUND ( 'NONE', #3952, .T. ) ;
#9653 = LINE ( 'NONE', #6897, #10276 ) ;
#9654 = STYLED_ITEM ( 'NONE', ( #6976 ), #4221 ) ;
#9655 = COLOUR_RGB ( '',0.8627450980392157298, 0.6274509803921568540, 0.05882352941176470507 ) ;
#9656 =( LENGTH_UNIT ( ) NAMED_UNIT ( * ) SI_UNIT ( $, .METRE. ) );
#9657 = EDGE_CURVE ( 'NONE', #4786, #7261, #4368, .T. ) ;
#9658 = LENGTH_MEASURE_WITH_UNIT ( LENGTH_MEASURE( 0.02539999999999999897 ), #6899 );
#9659 = CARTESIAN_POINT ( 'NONE',  ( -0.04700000000000000705, 0.1849999999999999978, 0.1199999999999999956 ) ) ;
#9660 = LENGTH_MEASURE_WITH_UNIT ( LENGTH_MEASURE( 0.02539999999999999897 ), #6036 );
#9661 = MECHANICAL_DESIGN_GEOMETRIC_PRESENTATION_REPRESENTATION (  '', ( #3580 ), #6057 ) ;
#9662 = UNCERTAINTY_MEASURE_WITH_UNIT (LENGTH_MEASURE( 1.000000000000000082E-05 ), #3127, 'distance_accuracy_value', 'NONE');
#9663 =( GEOMETRIC_REPRESENTATION_CONTEXT ( 3 ) GLOBAL_UNCERTAINTY_ASSIGNED_CONTEXT ( ( #8193 ) ) GLOBAL_UNIT_ASSIGNED_CONTEXT ( ( #4377, #8246, #10117 ) ) REPRESENTATION_CONTEXT ( 'NONE', 'WORKASPACE' ) );
#9664 = CARTESIAN_POINT ( 'NONE',  ( 0.05800000000000000294, 0.01999999999999999001, -0.03300000000000000155 ) ) ;
#9665 = DIRECTION ( 'NONE',  ( 1.000000000000000000, 0.000000000000000000, 0.000000000000000000 ) ) ;
#9666 = SURFACE_STYLE_FILL_AREA ( #11572 ) ;
#9667 = ORIENTED_EDGE ( 'NONE', *, *, #7724, .F. ) ;
#9668 = ORIENTED_EDGE ( 'NONE', *, *, #3739, .F. ) ;
#9669 = LINE ( 'NONE', #629, #1269 ) ;
#9670 =( NAMED_UNIT ( * ) PLANE_ANGLE_UNIT ( ) SI_UNIT ( $, .RADIAN. ) );
#9671 =( GEOMETRIC_REPRESENTATION_CONTEXT ( 3 ) GLOBAL_UNCERTAINTY_ASSIGNED_CONTEXT ( ( #6086 ) ) GLOBAL_UNIT_ASSIGNED_CONTEXT ( ( #174, #2123, #1236 ) ) REPRESENTATION_CONTEXT ( 'NONE', 'WORKASPACE' ) );
#9672 = DIRECTION ( 'NONE',  ( -0.000000000000000000, -1.778546870875169980E-16, 1.000000000000000000 ) ) ;
#9673 = VERTEX_POINT ( 'NONE', #5334 ) ;
#9674 = FILL_AREA_STYLE_COLOUR ( '', #8108 ) ;
#9675 = DIRECTION ( 'NONE',  ( 0.000000000000000000, -0.8741572761215378184, 0.4856429311786317760 ) ) ;
#9676 = CARTESIAN_POINT ( 'NONE',  ( 0.2879999999999999782, 0.01999999999999999001, -0.01700000000000000122 ) ) ;
#9677 = FILL_AREA_STYLE_COLOUR ( '', #4765 ) ;
#9678 = DIRECTION ( 'NONE',  ( 0.000000000000000000, 0.000000000000000000, -1.000000000000000000 ) ) ;
#9679 =( NAMED_UNIT ( * ) PLANE_ANGLE_UNIT ( ) SI_UNIT ( $, .RADIAN. ) );
#9680 = ORIENTED_EDGE ( 'NONE', *, *, #11206, .T. ) ;
#9681 =( NAMED_UNIT ( * ) SI_UNIT ( $, .STERADIAN. ) SOLID_ANGLE_UNIT ( ) );
#9682 = ORIENTED_EDGE ( 'NONE', *, *, #10611, .T. ) ;
#9683 = PRESENTATION_LAYER_ASSIGNMENT (  '', '', ( #2856 ) ) ;
#9684 = DIRECTION ( 'NONE',  ( 0.4368520283305186158, 0.7863336509949349074, 0.4368520283305178942 ) ) ;
#9685 = ORIENTED_EDGE ( 'NONE', *, *, #1770, .T. ) ;
#9686 = PLANE ( 'NONE',  #10917 ) ;
#9687 = DIRECTION ( 'NONE',  ( 0.000000000000000000, 0.000000000000000000, -1.000000000000000000 ) ) ;
#9688 = VECTOR ( 'NONE', #9327, 39.37007874015748143 ) ;
#9689 = ORIENTED_EDGE ( 'NONE', *, *, #9150, .F. ) ;
#9690 = DIRECTION ( 'NONE',  ( 0.000000000000000000, 0.000000000000000000, 1.000000000000000000 ) ) ;
#9691 = ORIENTED_EDGE ( 'NONE', *, *, #11550, .T. ) ;
#9692 = SURFACE_SIDE_STYLE ('',( #2495 ) ) ;
#9693 = EDGE_CURVE ( 'NONE', #555, #6174, #1534, .T. ) ;
#9694 = DIMENSIONAL_EXPONENTS ( 1.000000000000000000, 0.000000000000000000, 0.000000000000000000, 0.000000000000000000, 0.000000000000000000, 0.000000000000000000, 0.000000000000000000 ) ;
#9695 = LINE ( 'NONE', #7762, #11202 ) ;
#9696 = COLOUR_RGB ( '',0.8627450980392157298, 0.6274509803921568540, 0.05882352941176470507 ) ;
#9697 =( CONVERSION_BASED_UNIT ( 'INCH', #11391 ) LENGTH_UNIT ( ) NAMED_UNIT ( #6580 ) );
#9698 = FILL_AREA_STYLE ('',( #5959 ) ) ;
#9699 = FACE_BOUND ( 'NONE', #9370, .T. ) ;
#9700 = LINE ( 'NONE', #9591, #11211 ) ;
#9701 = DIRECTION ( 'NONE',  ( -1.000000000000000000, -0.000000000000000000, -0.000000000000000000 ) ) ;
#9702 = ADVANCED_FACE ( 'NONE', ( #1698 ), #8781, .F. ) ;
#9703 = EDGE_CURVE ( 'NONE', #9987, #5119, #11675, .T. ) ;
#9704 = SURFACE_STYLE_USAGE ( .BOTH. , #846 ) ;
#9705 = FILL_AREA_STYLE ('',( #11562 ) ) ;
#9706 = DIRECTION ( 'NONE',  ( -1.000000000000000000, 0.000000000000000000, 0.000000000000000000 ) ) ;
#9707 = ORIENTED_EDGE ( 'NONE', *, *, #5044, .T. ) ;
#9708 =( CONVERSION_BASED_UNIT ( 'INCH', #11398 ) LENGTH_UNIT ( ) NAMED_UNIT ( #9448 ) );
#9709 = ADVANCED_FACE ( 'NONE', ( #8848 ), #1643, .F. ) ;
#9710 = SURFACE_STYLE_FILL_AREA ( #7772 ) ;
#9711 =( CONVERSION_BASED_UNIT ( 'INCH', #9599 ) LENGTH_UNIT ( ) NAMED_UNIT ( #9985 ) );
#9712 = PRESENTATION_STYLE_ASSIGNMENT (( #1596 ) ) ;
#9713 = LINE ( 'NONE', #5165, #11473 ) ;
#9714 = DIRECTION ( 'NONE',  ( 0.000000000000000000, 0.000000000000000000, 1.000000000000000000 ) ) ;
#9715 = DIRECTION ( 'NONE',  ( 0.000000000000000000, -1.000000000000000000, -0.000000000000000000 ) ) ;
#9716 = CARTESIAN_POINT ( 'NONE',  ( 0.04200000000000000955, -0.06600000000000000311, -0.01700000000000006714 ) ) ;
#9717 = VERTEX_POINT ( 'NONE', #1889 ) ;
#9718 = ORIENTED_EDGE ( 'NONE', *, *, #1160, .T. ) ;
#9719 = LINE ( 'NONE', #1719, #2026 ) ;
#9720 = PRODUCT_DEFINITION_SHAPE ( 'NONE', 'NONE',  #11806 ) ;
#9721 = SURFACE_SIDE_STYLE ('',( #4281 ) ) ;
#9722 = EDGE_CURVE ( 'NONE', #7920, #5424, #8298, .T. ) ;
#9723 = CARTESIAN_POINT ( 'NONE',  ( -0.04200000000000000955, 0.01999999999999999001, -0.01700000000000000122 ) ) ;
#9724 = ORIENTED_EDGE ( 'NONE', *, *, #8222, .F. ) ;
#9725 = SURFACE_STYLE_FILL_AREA ( #522 ) ;
#9726 =( LENGTH_UNIT ( ) NAMED_UNIT ( * ) SI_UNIT ( $, .METRE. ) );
#9727 = VERTEX_POINT ( 'NONE', #3803 ) ;
#9728 = ORIENTED_EDGE ( 'NONE', *, *, #4746, .F. ) ;
#9729 = CARTESIAN_POINT ( 'NONE',  ( -0.008000000000000010575, 0.06500000000000000222, 0.000000000000000000 ) ) ;
#9730 =( GEOMETRIC_REPRESENTATION_CONTEXT ( 3 ) GLOBAL_UNCERTAINTY_ASSIGNED_CONTEXT ( ( #4630 ) ) GLOBAL_UNIT_ASSIGNED_CONTEXT ( ( #7462, #3617, #41 ) ) REPRESENTATION_CONTEXT ( 'NONE', 'WORKASPACE' ) );
#9731 = DIRECTION ( 'NONE',  ( 0.000000000000000000, -0.8741572761215407050, -0.4856429311786268355 ) ) ;
#9732 = ORIENTED_EDGE ( 'NONE', *, *, #11535, .F. ) ;
#9733 = DIRECTION ( 'NONE',  ( -1.000000000000000000, 0.000000000000000000, -0.000000000000000000 ) ) ;
#9734 = STYLED_ITEM ( 'NONE', ( #9927 ), #3746 ) ;
#9735 = ORIENTED_EDGE ( 'NONE', *, *, #10900, .F. ) ;
#9736 = CARTESIAN_POINT ( 'NONE',  ( -0.04200000000000000955, 0.2099999999999999922, -0.03300000000000000155 ) ) ;
#9737 =( NAMED_UNIT ( * ) PLANE_ANGLE_UNIT ( ) SI_UNIT ( $, .RADIAN. ) );
#9738 =( GEOMETRIC_REPRESENTATION_CONTEXT ( 3 ) GLOBAL_UNCERTAINTY_ASSIGNED_CONTEXT ( ( #4522 ) ) GLOBAL_UNIT_ASSIGNED_CONTEXT ( ( #1984, #6516, #3546 ) ) REPRESENTATION_CONTEXT ( 'NONE', 'WORKASPACE' ) );
#9739 = SURFACE_SIDE_STYLE ('',( #10654 ) ) ;
#9740 = COLOUR_RGB ( '',0.8627450980392157298, 0.6274509803921568540, 0.05882352941176470507 ) ;
#9741 = VERTEX_POINT ( 'NONE', #10849 ) ;
#9742 = LENGTH_MEASURE_WITH_UNIT ( LENGTH_MEASURE( 0.02539999999999999897 ), #4311 );
#9743 = DIMENSIONAL_EXPONENTS ( 1.000000000000000000, 0.000000000000000000, 0.000000000000000000, 0.000000000000000000, 0.000000000000000000, 0.000000000000000000, 0.000000000000000000 ) ;
#9744 = LINE ( 'NONE', #11489, #7518 ) ;
#9745 = PRESENTATION_LAYER_ASSIGNMENT (  '', '', ( #4793 ) ) ;
#9746 = EDGE_LOOP ( 'NONE', ( #4560, #192, #7979, #6659 ) ) ;
#9747 =( LENGTH_UNIT ( ) NAMED_UNIT ( * ) SI_UNIT ( $, .METRE. ) );
#9748 = SURFACE_STYLE_FILL_AREA ( #3220 ) ;
#9749 = EDGE_CURVE ( 'NONE', #11466, #3586, #4728, .T. ) ;
#9750 = LINE ( 'NONE', #4319, #5579 ) ;
#9751 = FILL_AREA_STYLE ('',( #2498 ) ) ;
#9752 =( NAMED_UNIT ( * ) SI_UNIT ( $, .STERADIAN. ) SOLID_ANGLE_UNIT ( ) );
#9753 = LINE ( 'NONE', #5042, #1862 ) ;
#9754 = STYLED_ITEM ( 'NONE', ( #9279 ), #6933 ) ;
#9755 = CARTESIAN_POINT ( 'NONE',  ( 0.1079999999999999988, 0.05000000000000000278, -0.03300000000000000155 ) ) ;
#9756 = SURFACE_SIDE_STYLE ('',( #2283 ) ) ;
#9757 = LINE ( 'NONE', #2386, #9130 ) ;
#9758 = EDGE_CURVE ( 'NONE', #9727, #1356, #11086, .T. ) ;
#9759 = VECTOR ( 'NONE', #3441, 39.37007874015748143 ) ;
#9760 =( GEOMETRIC_REPRESENTATION_CONTEXT ( 3 ) GLOBAL_UNCERTAINTY_ASSIGNED_CONTEXT ( ( #3467 ) ) GLOBAL_UNIT_ASSIGNED_CONTEXT ( ( #1170, #6635, #9541 ) ) REPRESENTATION_CONTEXT ( 'NONE', 'WORKASPACE' ) );
#9761 = VERTEX_POINT ( 'NONE', #6368 ) ;
#9762 = DIRECTION ( 'NONE',  ( 0.000000000000000000, 0.000000000000000000, 1.000000000000000000 ) ) ;
#9763 = SURFACE_SIDE_STYLE ('',( #6204 ) ) ;
#9764 = LINE ( 'NONE', #10680, #1745 ) ;
#9765 = UNCERTAINTY_MEASURE_WITH_UNIT (LENGTH_MEASURE( 1.000000000000000082E-05 ), #2164, 'distance_accuracy_value', 'NONE');
#9766 = DIRECTION ( 'NONE',  ( -1.000000000000000000, 0.000000000000000000, 0.000000000000000000 ) ) ;
#9767 = VECTOR ( 'NONE', #10101, 39.37007874015748143 ) ;
#9768 = CARTESIAN_POINT ( 'NONE',  ( -0.002999999999999991823, -0.07499999999999999722, 0.02800000000000000752 ) ) ;
#9769 = DIMENSIONAL_EXPONENTS ( 1.000000000000000000, 0.000000000000000000, 0.000000000000000000, 0.000000000000000000, 0.000000000000000000, 0.000000000000000000, 0.000000000000000000 ) ;
#9770 = SHAPE_REPRESENTATION_RELATIONSHIP ( 'NONE' , 'NONE' ,  #9096, #8155 ) ;
#9771 = VERTEX_POINT ( 'NONE', #7180 ) ;
#9772 = EDGE_LOOP ( 'NONE', ( #11293, #4362, #10489, #11091 ) ) ;
#9773 = ADVANCED_FACE ( 'NONE', ( #10106 ), #10969, .F. ) ;
#9774 = LINE ( 'NONE', #5173, #6595 ) ;
#9775 = DIRECTION ( 'NONE',  ( 0.4856429311786317760, 0.8741572761215378184, 0.000000000000000000 ) ) ;
#9776 = CARTESIAN_POINT ( 'NONE',  ( -0.2879999999999999782, 0.2099999999999999922, -0.1199999999999999956 ) ) ;
#9777 = ORIENTED_EDGE ( 'NONE', *, *, #3249, .F. ) ;
#9778 = EDGE_CURVE ( 'NONE', #198, #10831, #2911, .T. ) ;
#9779 =( LENGTH_UNIT ( ) NAMED_UNIT ( * ) SI_UNIT ( $, .METRE. ) );
#9780 = AXIS2_PLACEMENT_3D ( 'NONE', #6898, #7560, #11448 ) ;
#9781 = MECHANICAL_DESIGN_GEOMETRIC_PRESENTATION_REPRESENTATION (  '', ( #302 ), #6917 ) ;
#9782 = EDGE_CURVE ( 'NONE', #1805, #3953, #901, .T. ) ;
#9783 = ORIENTED_EDGE ( 'NONE', *, *, #7368, .F. ) ;
#9784 = ORIENTED_EDGE ( 'NONE', *, *, #1349, .F. ) ;
#9785 = CARTESIAN_POINT ( 'NONE',  ( 0.1079999999999999988, -0.06600000000000000311, -0.01700000000000000122 ) ) ;
#9786 =( GEOMETRIC_REPRESENTATION_CONTEXT ( 3 ) GLOBAL_UNCERTAINTY_ASSIGNED_CONTEXT ( ( #10480 ) ) GLOBAL_UNIT_ASSIGNED_CONTEXT ( ( #83, #4638, #8267 ) ) REPRESENTATION_CONTEXT ( 'NONE', 'WORKASPACE' ) );
#9787 = ADVANCED_FACE ( 'NONE', ( #8235 ), #179, .T. ) ;
#9788 = VECTOR ( 'NONE', #5394, 39.37007874015748143 ) ;
#9789 = ORIENTED_EDGE ( 'NONE', *, *, #5642, .F. ) ;
#9790 = DIRECTION ( 'NONE',  ( 0.000000000000000000, -1.000000000000000000, -0.000000000000000000 ) ) ;
#9791 = ORIENTED_EDGE ( 'NONE', *, *, #11272, .F. ) ;
#9792 = PRESENTATION_LAYER_ASSIGNMENT (  '', '', ( #2581 ) ) ;
#9793 = DIRECTION ( 'NONE',  ( -1.000000000000000000, 0.000000000000000000, -0.000000000000000000 ) ) ;
#9794 = LINE ( 'NONE', #4420, #8498 ) ;
#9795 = LINE ( 'NONE', #8959, #6729 ) ;
#9796 =( CONVERSION_BASED_UNIT ( 'INCH', #10845 ) LENGTH_UNIT ( ) NAMED_UNIT ( #2855 ) );
#9797 = SURFACE_STYLE_FILL_AREA ( #5328 ) ;
#9798 = VECTOR ( 'NONE', #3636, 39.37007874015748143 ) ;
#9799 = SURFACE_SIDE_STYLE ('',( #6182 ) ) ;
#9800 = VECTOR ( 'NONE', #7622, 39.37007874015748143 ) ;
#9801 = COLOUR_RGB ( '',0.2862745098039215508, 0.2862745098039215508, 0.2862745098039215508 ) ;
#9802 = SURFACE_SIDE_STYLE ('',( #2491 ) ) ;
#9803 = VERTEX_POINT ( 'NONE', #11312 ) ;
#9804 = VECTOR ( 'NONE', #10818, 39.37007874015748143 ) ;
#9805 =( CONVERSION_BASED_UNIT ( 'INCH', #10784 ) LENGTH_UNIT ( ) NAMED_UNIT ( #1779 ) );
#9806 = PRESENTATION_LAYER_ASSIGNMENT (  '', '', ( #5428 ) ) ;
#9807 = STYLED_ITEM ( 'NONE', ( #634 ), #1560 ) ;
#9808 = DIRECTION ( 'NONE',  ( -0.4368520283305197816, -0.7863336509949336861, 0.4368520283305188934 ) ) ;
#9809 = ORIENTED_EDGE ( 'NONE', *, *, #7298, .T. ) ;
#9810 = DIRECTION ( 'NONE',  ( -0.4368520283305186158, -0.7863336509949349074, 0.4368520283305178942 ) ) ;
#9811 =( NAMED_UNIT ( * ) SI_UNIT ( $, .STERADIAN. ) SOLID_ANGLE_UNIT ( ) );
#9812 =( NAMED_UNIT ( * ) PLANE_ANGLE_UNIT ( ) SI_UNIT ( $, .RADIAN. ) );
#9813 = CARTESIAN_POINT ( 'NONE',  ( -0.008000000000000010575, 0.06499999999999998834, -0.01700000000000000122 ) ) ;
#9814 = COLOUR_RGB ( '',0.8627450980392157298, 0.6274509803921568540, 0.05882352941176470507 ) ;
#9815 = LENGTH_MEASURE_WITH_UNIT ( LENGTH_MEASURE( 0.02539999999999999897 ), #1585 );
#9816 = STYLED_ITEM ( 'NONE', ( #6736 ), #1913 ) ;
#9817 = DIRECTION ( 'NONE',  ( 0.000000000000000000, 0.000000000000000000, -1.000000000000000000 ) ) ;
#9818 = EDGE_CURVE ( 'NONE', #7068, #1928, #5708, .T. ) ;
#9819 = STYLED_ITEM ( 'NONE', ( #2030 ), #10374 ) ;
#9820 = ORIENTED_EDGE ( 'NONE', *, *, #4312, .F. ) ;
#9821 =( LENGTH_UNIT ( ) NAMED_UNIT ( * ) SI_UNIT ( $, .METRE. ) );
#9822 = DIMENSIONAL_EXPONENTS ( 1.000000000000000000, 0.000000000000000000, 0.000000000000000000, 0.000000000000000000, 0.000000000000000000, 0.000000000000000000, 0.000000000000000000 ) ;
#9823 = COLOUR_RGB ( '',0.8627450980392157298, 0.6274509803921568540, 0.05882352941176470507 ) ;
#9824 = CARTESIAN_POINT ( 'NONE',  ( -0.008000000000000010575, 0.2099999999999999922, -0.03300000000000000155 ) ) ;
#9825 = EDGE_CURVE ( 'NONE', #5812, #7889, #10350, .T. ) ;
#9826 = FILL_AREA_STYLE ('',( #6205 ) ) ;
#9827 = DIRECTION ( 'NONE',  ( 0.000000000000000000, -0.8741572761215378184, 0.4856429311786317760 ) ) ;
#9828 = CARTESIAN_POINT ( 'NONE',  ( 0.000000000000000000, 0.06500000000000000222, 0.03300000000000000155 ) ) ;
#9829 = SURFACE_STYLE_FILL_AREA ( #10682 ) ;
#9830 = VERTEX_POINT ( 'NONE', #6604 ) ;
#9831 = ORIENTED_EDGE ( 'NONE', *, *, #1895, .F. ) ;
#9832 = PRESENTATION_STYLE_ASSIGNMENT (( #7146 ) ) ;
#9833 =( GEOMETRIC_REPRESENTATION_CONTEXT ( 3 ) GLOBAL_UNCERTAINTY_ASSIGNED_CONTEXT ( ( #1446 ) ) GLOBAL_UNIT_ASSIGNED_CONTEXT ( ( #8429, #430, #9472 ) ) REPRESENTATION_CONTEXT ( 'NONE', 'WORKASPACE' ) );
#9834 =( NAMED_UNIT ( * ) PLANE_ANGLE_UNIT ( ) SI_UNIT ( $, .RADIAN. ) );
#9835 =( NAMED_UNIT ( * ) SI_UNIT ( $, .STERADIAN. ) SOLID_ANGLE_UNIT ( ) );
#9836 = AXIS2_PLACEMENT_3D ( 'NONE', #5096, #6022, #2497 ) ;
#9837 = ORIENTED_EDGE ( 'NONE', *, *, #6490, .F. ) ;
#9838 = AXIS2_PLACEMENT_3D ( 'NONE', #3045, #2151, #9412 ) ;
#9839 = PRESENTATION_STYLE_ASSIGNMENT (( #3366 ) ) ;
#9840 = EDGE_CURVE ( 'NONE', #6174, #532, #4070, .T. ) ;
#9841 = DIRECTION ( 'NONE',  ( -1.000000000000000000, -0.000000000000000000, -0.000000000000000000 ) ) ;
#9842 =( NAMED_UNIT ( * ) PLANE_ANGLE_UNIT ( ) SI_UNIT ( $, .RADIAN. ) );
#9843 = FACE_OUTER_BOUND ( 'NONE', #11429, .T. ) ;
#9844 =( CONVERSION_BASED_UNIT ( 'INCH', #6229 ) LENGTH_UNIT ( ) NAMED_UNIT ( #1873 ) );
#9845 = ORIENTED_EDGE ( 'NONE', *, *, #8017, .F. ) ;
#9846 = EDGE_LOOP ( 'NONE', ( #2139, #795, #8657, #1679 ) ) ;
#9847 =( GEOMETRIC_REPRESENTATION_CONTEXT ( 3 ) GLOBAL_UNCERTAINTY_ASSIGNED_CONTEXT ( ( #2050 ) ) GLOBAL_UNIT_ASSIGNED_CONTEXT ( ( #2003, #7346, #1185 ) ) REPRESENTATION_CONTEXT ( 'NONE', 'WORKASPACE' ) );
#9848 = PRESENTATION_STYLE_ASSIGNMENT (( #4545 ) ) ;
#9849 = STYLED_ITEM ( 'NONE', ( #10594 ), #7691 ) ;
#9850 = ADVANCED_FACE ( 'NONE', ( #2251 ), #4841, .F. ) ;
#9851 = CARTESIAN_POINT ( 'NONE',  ( -0.09199999999999999845, 0.2099999999999999922, -0.01700000000000000122 ) ) ;
#9852 = DIMENSIONAL_EXPONENTS ( 1.000000000000000000, 0.000000000000000000, 0.000000000000000000, 0.000000000000000000, 0.000000000000000000, 0.000000000000000000, 0.000000000000000000 ) ;
#9853 = CARTESIAN_POINT ( 'NONE',  ( 0.05800000000000000294, 0.06499999999999998834, 0.01700000000000000122 ) ) ;
#9854 = ORIENTED_EDGE ( 'NONE', *, *, #9782, .F. ) ;
#9855 = EDGE_CURVE ( 'NONE', #6012, #11427, #7471, .T. ) ;
#9856 = DIRECTION ( 'NONE',  ( -0.000000000000000000, -1.778546870875169980E-16, 1.000000000000000000 ) ) ;
#9857 = CARTESIAN_POINT ( 'NONE',  ( 0.05800000000000000294, 0.01999999999999999001, 0.03300000000000000155 ) ) ;
#9858 = EDGE_LOOP ( 'NONE', ( #11596, #1712, #6746, #7173 ) ) ;
#9859 = FACE_OUTER_BOUND ( 'NONE', #24, .T. ) ;
#9860 = CARTESIAN_POINT ( 'NONE',  ( -0.04200000000000000955, 0.05000000000000000971, 0.03300000000000000155 ) ) ;
#9861 = MECHANICAL_DESIGN_GEOMETRIC_PRESENTATION_REPRESENTATION (  '', ( #5478 ), #10442 ) ;
#9862 =( GEOMETRIC_REPRESENTATION_CONTEXT ( 3 ) GLOBAL_UNCERTAINTY_ASSIGNED_CONTEXT ( ( #9535 ) ) GLOBAL_UNIT_ASSIGNED_CONTEXT ( ( #10575, #6054, #5991 ) ) REPRESENTATION_CONTEXT ( 'NONE', 'WORKASPACE' ) );
#9863 = FILL_AREA_STYLE_COLOUR ( '', #7656 ) ;
#9864 = DIRECTION ( 'NONE',  ( -0.000000000000000000, 1.000000000000000000, 0.000000000000000000 ) ) ;
#9865 = ADVANCED_FACE ( 'NONE', ( #3966 ), #6709, .T. ) ;
#9866 = CARTESIAN_POINT ( 'NONE',  ( -0.09199999999999999845, 0.2099999999999999922, 0.03300000000000000155 ) ) ;
#9867 = ORIENTED_EDGE ( 'NONE', *, *, #1843, .F. ) ;
#9868 =( NAMED_UNIT ( * ) SI_UNIT ( $, .STERADIAN. ) SOLID_ANGLE_UNIT ( ) );
#9869 = AXIS2_PLACEMENT_3D ( 'NONE', #11336, #3227, #6735 ) ;
#9870 = ORIENTED_EDGE ( 'NONE', *, *, #11700, .F. ) ;
#9871 = EDGE_CURVE ( 'NONE', #1412, #9529, #5256, .T. ) ;
#9872 =( CONVERSION_BASED_UNIT ( 'INCH', #4564 ) LENGTH_UNIT ( ) NAMED_UNIT ( #3608 ) );
#9873 = VERTEX_POINT ( 'NONE', #8826 ) ;
#9874 = FACE_OUTER_BOUND ( 'NONE', #1949, .T. ) ;
#9875 = FILL_AREA_STYLE ('',( #1705 ) ) ;
#9876 = CARTESIAN_POINT ( 'NONE',  ( 0.2899999999999999800, 0.06500000000000000222, 0.07000000000000000666 ) ) ;
#9877 = CARTESIAN_POINT ( 'NONE',  ( 0.04200000000000000955, 0.2099999999999999922, 0.03300000000000000155 ) ) ;
#9878 = AXIS2_PLACEMENT_3D ( 'NONE', #433, #8680, #11443 ) ;
#9879 = DIRECTION ( 'NONE',  ( 0.000000000000000000, -0.8741572761215382625, -0.4856429311786310543 ) ) ;
#9880 =( CONVERSION_BASED_UNIT ( 'INCH', #63 ) LENGTH_UNIT ( ) NAMED_UNIT ( #3311 ) );
#9881 = DIRECTION ( 'NONE',  ( -0.000000000000000000, 0.000000000000000000, -1.000000000000000000 ) ) ;
#9882 = FILL_AREA_STYLE_COLOUR ( '', #1439 ) ;
#9883 = DIRECTION ( 'NONE',  ( 0.000000000000000000, -0.8741572761215371523, 0.4856429311786330527 ) ) ;
#9884 = VECTOR ( 'NONE', #5376, 39.37007874015748143 ) ;
#9885 = PRESENTATION_LAYER_ASSIGNMENT (  '', '', ( #3242 ) ) ;
#9886 = DIRECTION ( 'NONE',  ( 0.000000000000000000, 0.4856429311786318315, 0.8741572761215379295 ) ) ;
#9887 = ORIENTED_EDGE ( 'NONE', *, *, #356, .F. ) ;
#9888 = FILL_AREA_STYLE_COLOUR ( '', #2612 ) ;
#9889 = LINE ( 'NONE', #5356, #3101 ) ;
#9890 = FILL_AREA_STYLE_COLOUR ( '', #8231 ) ;
#9891 = FILL_AREA_STYLE ('',( #854 ) ) ;
#9892 = UNCERTAINTY_MEASURE_WITH_UNIT (LENGTH_MEASURE( 1.000000000000000082E-05 ), #11261, 'distance_accuracy_value', 'NONE');
#9893 = CARTESIAN_POINT ( 'NONE',  ( 0.04200000000000000955, 0.1759999999999999898, -0.01700000000000003245 ) ) ;
#9894 = EDGE_LOOP ( 'NONE', ( #10304, #2826, #3264, #2204 ) ) ;
#9895 = ORIENTED_EDGE ( 'NONE', *, *, #2075, .F. ) ;
#9896 = DIRECTION ( 'NONE',  ( -1.000000000000000000, -0.000000000000000000, 0.000000000000000000 ) ) ;
#9897 = PLANE ( 'NONE',  #7707 ) ;
#9898 = DIRECTION ( 'NONE',  ( 1.000000000000000000, -0.000000000000000000, 0.000000000000000000 ) ) ;
#9899 = ORIENTED_EDGE ( 'NONE', *, *, #4890, .T. ) ;
#9900 =( LENGTH_UNIT ( ) NAMED_UNIT ( * ) SI_UNIT ( $, .METRE. ) );
#9901 = LINE ( 'NONE', #3548, #9486 ) ;
#9902 = DIMENSIONAL_EXPONENTS ( 1.000000000000000000, 0.000000000000000000, 0.000000000000000000, 0.000000000000000000, 0.000000000000000000, 0.000000000000000000, 0.000000000000000000 ) ;
#9903 = DIRECTION ( 'NONE',  ( -0.000000000000000000, 0.000000000000000000, -1.000000000000000000 ) ) ;
#9904 = ORIENTED_EDGE ( 'NONE', *, *, #4343, .F. ) ;
#9905 = ORIENTED_EDGE ( 'NONE', *, *, #580, .T. ) ;
#9906 = COLOUR_RGB ( '',0.8627450980392157298, 0.6274509803921568540, 0.05882352941176470507 ) ;
#9907 = ADVANCED_FACE ( 'NONE', ( #2480 ), #8893, .F. ) ;
#9908 = PLANE ( 'NONE',  #134 ) ;
#9909 = PRESENTATION_STYLE_ASSIGNMENT (( #10898 ) ) ;
#9910 = VECTOR ( 'NONE', #10042, 39.37007874015748143 ) ;
#9911 = CARTESIAN_POINT ( 'NONE',  ( 0.000000000000000000, 0.000000000000000000, -0.005000000000000000104 ) ) ;
#9912 = ORIENTED_EDGE ( 'NONE', *, *, #1626, .T. ) ;
#9913 = VERTEX_POINT ( 'NONE', #3494 ) ;
#9914 = CARTESIAN_POINT ( 'NONE',  ( 0.1079999999999999988, -0.07499999999999999722, 0.02800000000000000752 ) ) ;
#9915 = DIRECTION ( 'NONE',  ( -0.4368520283305193375, 0.7863336509949337971, -0.4368520283305193375 ) ) ;
#9916 = DIRECTION ( 'NONE',  ( 0.000000000000000000, 1.000000000000000000, -0.000000000000000000 ) ) ;
#9917 = ADVANCED_FACE ( 'NONE', ( #5134 ), #3260, .F. ) ;
#9918 = AXIS2_PLACEMENT_3D ( 'NONE', #9490, #9665, #7778 ) ;
#9919 = CARTESIAN_POINT ( 'NONE',  ( -0.1029999999999999943, -0.07499999999999999722, 0.02199999999999999872 ) ) ;
#9920 = EDGE_LOOP ( 'NONE', ( #6214, #601, #8358, #9067 ) ) ;
#9921 = FILL_AREA_STYLE_COLOUR ( '', #9655 ) ;
#9922 = EDGE_LOOP ( 'NONE', ( #5462, #9429, #9206, #7334 ) ) ;
#9923 = SURFACE_STYLE_FILL_AREA ( #8124 ) ;
#9924 = ADVANCED_FACE ( 'NONE', ( #10035 ), #8162, .F. ) ;
#9925 = ORIENTED_EDGE ( 'NONE', *, *, #1072, .T. ) ;
#9926 = VECTOR ( 'NONE', #8955, 39.37007874015748143 ) ;
#9927 = PRESENTATION_STYLE_ASSIGNMENT (( #3577 ) ) ;
#9928 = VERTEX_POINT ( 'NONE', #6350 ) ;
#9929 = VECTOR ( 'NONE', #11080, 39.37007874015748143 ) ;
#9930 = DIMENSIONAL_EXPONENTS ( 1.000000000000000000, 0.000000000000000000, 0.000000000000000000, 0.000000000000000000, 0.000000000000000000, 0.000000000000000000, 0.000000000000000000 ) ;
#9931 = LINE ( 'NONE', #4567, #4512 ) ;
#9932 = SURFACE_STYLE_FILL_AREA ( #2684 ) ;
#9933 = EDGE_CURVE ( 'NONE', #2127, #4651, #3558, .T. ) ;
#9934 = FILL_AREA_STYLE ('',( #7244 ) ) ;
#9935 =( CONVERSION_BASED_UNIT ( 'INCH', #7189 ) LENGTH_UNIT ( ) NAMED_UNIT ( #5039 ) );
#9936 =( NAMED_UNIT ( * ) PLANE_ANGLE_UNIT ( ) SI_UNIT ( $, .RADIAN. ) );
#9937 =( LENGTH_UNIT ( ) NAMED_UNIT ( * ) SI_UNIT ( $, .METRE. ) );
#9938 = DIRECTION ( 'NONE',  ( 0.4368520283305190599, 0.7863336509949340192, 0.4368520283305190599 ) ) ;
#9939 = EDGE_CURVE ( 'NONE', #3908, #8281, #8285, .T. ) ;
#9940 = COLOUR_RGB ( '',0.2862745098039215508, 0.2862745098039215508, 0.2862745098039215508 ) ;
#9941 = SURFACE_SIDE_STYLE ('',( #11100 ) ) ;
#9942 = MANIFOLD_SOLID_BREP ( 'Imported1', #5186 ) ;
#9943 = SURFACE_SIDE_STYLE ('',( #10733 ) ) ;
#9944 = ADVANCED_FACE ( 'NONE', ( #6645 ), #11353, .F. ) ;
#9945 = ORIENTED_EDGE ( 'NONE', *, *, #4529, .F. ) ;
#9946 = VECTOR ( 'NONE', #4566, 39.37007874015748143 ) ;
#9947 = LINE ( 'NONE', #672, #5240 ) ;
#9948 =( CONVERSION_BASED_UNIT ( 'INCH', #5295 ) LENGTH_UNIT ( ) NAMED_UNIT ( #2771 ) );
#9949 =( CONVERSION_BASED_UNIT ( 'INCH', #5477 ) LENGTH_UNIT ( ) NAMED_UNIT ( #9387 ) );
#9950 = SURFACE_STYLE_USAGE ( .BOTH. , #2039 ) ;
#9951 = ORIENTED_EDGE ( 'NONE', *, *, #5007, .F. ) ;
#9952 = VERTEX_POINT ( 'NONE', #1283 ) ;
#9953 = STYLED_ITEM ( 'NONE', ( #6081 ), #6801 ) ;
#9954 = DIRECTION ( 'NONE',  ( 0.000000000000000000, -0.000000000000000000, -1.000000000000000000 ) ) ;
#9955 = CARTESIAN_POINT ( 'NONE',  ( -0.04700000000000000705, 0.1849999999999999978, -0.02200000000000005770 ) ) ;
#9956 = VERTEX_POINT ( 'NONE', #7575 ) ;
#9957 = SURFACE_STYLE_USAGE ( .BOTH. , #2346 ) ;
#9958 =( GEOMETRIC_REPRESENTATION_CONTEXT ( 3 ) GLOBAL_UNCERTAINTY_ASSIGNED_CONTEXT ( ( #7501 ) ) GLOBAL_UNIT_ASSIGNED_CONTEXT ( ( #2786, #3669, #5511 ) ) REPRESENTATION_CONTEXT ( 'NONE', 'WORKASPACE' ) );
#9959 = SURFACE_STYLE_USAGE ( .BOTH. , #9140 ) ;
#9960 = CARTESIAN_POINT ( 'NONE',  ( 0.1079999999999999988, 0.05000000000000000278, 0.01700000000000000122 ) ) ;
#9961 = FILL_AREA_STYLE_COLOUR ( '', #9801 ) ;
#9962 = ORIENTED_EDGE ( 'NONE', *, *, #4529, .T. ) ;
#9963 = ORIENTED_EDGE ( 'NONE', *, *, #10913, .F. ) ;
#9964 = CARTESIAN_POINT ( 'NONE',  ( -0.008000000000000001901, 0.1759999999999999898, -0.03300000000000000849 ) ) ;
#9965 = FILL_AREA_STYLE_COLOUR ( '', #6410 ) ;
#9966 = CARTESIAN_POINT ( 'NONE',  ( -0.008000000000000007105, -0.06600000000000000311, 0.01700000000000000122 ) ) ;
#9967 = SURFACE_STYLE_USAGE ( .BOTH. , #1802 ) ;
#9968 = CARTESIAN_POINT ( 'NONE',  ( -0.008000000000000008840, 0.04000000000000000083, 0.03299999999999999462 ) ) ;
#9969 = ORIENTED_EDGE ( 'NONE', *, *, #4895, .F. ) ;
#9970 = SURFACE_STYLE_USAGE ( .BOTH. , #11796 ) ;
#9971 = VERTEX_POINT ( 'NONE', #9497 ) ;
#9972 = VECTOR ( 'NONE', #5467, 39.37007874015748143 ) ;
#9973 =( NAMED_UNIT ( * ) PLANE_ANGLE_UNIT ( ) SI_UNIT ( $, .RADIAN. ) );
#9974 = DIRECTION ( 'NONE',  ( 1.000000000000000000, 0.000000000000000000, 0.000000000000000000 ) ) ;
#9975 = ADVANCED_FACE ( 'NONE', ( #3895 ), #9435, .F. ) ;
#9976 = FACE_OUTER_BOUND ( 'NONE', #1153, .T. ) ;
#9977 = CARTESIAN_POINT ( 'NONE',  ( 0.1079999999999999988, -0.06600000000000000311, 0.01700000000000000122 ) ) ;
#9978 = ORIENTED_EDGE ( 'NONE', *, *, #2557, .T. ) ;
#9979 = FACE_OUTER_BOUND ( 'NONE', #11678, .T. ) ;
#9980 = STYLED_ITEM ( 'NONE', ( #3884 ), #842 ) ;
#9981 = ORIENTED_EDGE ( 'NONE', *, *, #8536, .T. ) ;
#9982 = VECTOR ( 'NONE', #11043, 39.37007874015748143 ) ;
#9983 = AXIS2_PLACEMENT_3D ( 'NONE', #9977, #5330, #10047 ) ;
#9984 = DIRECTION ( 'NONE',  ( 1.000000000000000000, 0.000000000000000000, -0.000000000000000000 ) ) ;
#9985 = DIMENSIONAL_EXPONENTS ( 1.000000000000000000, 0.000000000000000000, 0.000000000000000000, 0.000000000000000000, 0.000000000000000000, 0.000000000000000000, 0.000000000000000000 ) ;
#9986 = COLOUR_RGB ( '',0.8627450980392157298, 0.6274509803921568540, 0.05882352941176470507 ) ;
#9987 = VERTEX_POINT ( 'NONE', #2341 ) ;
#9988 = PRESENTATION_STYLE_ASSIGNMENT (( #10054 ) ) ;
#9989 = ORIENTED_EDGE ( 'NONE', *, *, #2945, .T. ) ;
#9990 =( CONVERSION_BASED_UNIT ( 'INCH', #1081 ) LENGTH_UNIT ( ) NAMED_UNIT ( #11436 ) );
#9991 = CARTESIAN_POINT ( 'NONE',  ( 0.002999999999999975776, 0.1849999999999999978, 0.02199999999999999872 ) ) ;
#9992 = CARTESIAN_POINT ( 'NONE',  ( 0.1079999999999999988, 0.1759999999999999898, 0.03300000000000000155 ) ) ;
#9993 = COLOUR_RGB ( '',0.2862745098039215508, 0.2862745098039215508, 0.2862745098039215508 ) ;
#9994 = VECTOR ( 'NONE', #7576, 39.37007874015748854 ) ;
#9995 = PRESENTATION_LAYER_ASSIGNMENT (  '', '', ( #690 ) ) ;
#9996 = EDGE_CURVE ( 'NONE', #8152, #2750, #10631, .T. ) ;
#9997 = SURFACE_STYLE_FILL_AREA ( #2686 ) ;
#9998 = DIRECTION ( 'NONE',  ( 1.000000000000000000, 0.000000000000000000, -0.000000000000000000 ) ) ;
#9999 =( CONVERSION_BASED_UNIT ( 'INCH', #8247 ) LENGTH_UNIT ( ) NAMED_UNIT ( #741 ) );
#10000 = FILL_AREA_STYLE_COLOUR ( '', #970 ) ;
#10001 = STYLED_ITEM ( 'NONE', ( #7337 ), #9924 ) ;
#10002 = PRESENTATION_STYLE_ASSIGNMENT (( #6555 ) ) ;
#10003 = FACE_OUTER_BOUND ( 'NONE', #1300, .T. ) ;
#10004 = VECTOR ( 'NONE', #1514, 39.37007874015748143 ) ;
#10005 = VECTOR ( 'NONE', #10502, 39.37007874015748143 ) ;
#10006 = LINE ( 'NONE', #5469, #5654 ) ;
#10007 = CARTESIAN_POINT ( 'NONE',  ( -0.04200000000000000955, 0.04000000000000000777, 0.1199999999999999956 ) ) ;
#10008 = ORIENTED_EDGE ( 'NONE', *, *, #7159, .F. ) ;
#10009 = VECTOR ( 'NONE', #6216, 39.37007874015748854 ) ;
#10010 = PLANE ( 'NONE',  #11543 ) ;
#10011 = EDGE_CURVE ( 'NONE', #5119, #5458, #5004, .T. ) ;
#10012 = PLANE ( 'NONE',  #2153 ) ;
#10013 = CARTESIAN_POINT ( 'NONE',  ( -0.003000000000000001363, -0.07499999999999999722, 0.02799999999999999711 ) ) ;
#10014 = CARTESIAN_POINT ( 'NONE',  ( 0.1079999999999999988, -0.07499999999999999722, -0.02199999999999999872 ) ) ;
#10015 = UNCERTAINTY_MEASURE_WITH_UNIT (LENGTH_MEASURE( 1.000000000000000082E-05 ), #1172, 'distance_accuracy_value', 'NONE');
#10016 = VECTOR ( 'NONE', #6033, 39.37007874015748143 ) ;
#10017 = SURFACE_STYLE_USAGE ( .BOTH. , #9062 ) ;
#10018 =( GEOMETRIC_REPRESENTATION_CONTEXT ( 3 ) GLOBAL_UNCERTAINTY_ASSIGNED_CONTEXT ( ( #1721 ) ) GLOBAL_UNIT_ASSIGNED_CONTEXT ( ( #925, #9126, #10814 ) ) REPRESENTATION_CONTEXT ( 'NONE', 'WORKASPACE' ) );
#10019 = ADVANCED_FACE ( 'NONE', ( #745 ), #630, .F. ) ;
#10020 = DIRECTION ( 'NONE',  ( 1.000000000000000000, 0.000000000000000000, 0.000000000000000000 ) ) ;
#10021 = ORIENTED_EDGE ( 'NONE', *, *, #7533, .T. ) ;
#10022 = COLOUR_RGB ( '',1.000000000000000000, 0.000000000000000000, 0.000000000000000000 ) ;
#10023 = DIRECTION ( 'NONE',  ( 0.000000000000000000, 0.000000000000000000, -1.000000000000000000 ) ) ;
#10024 = ORIENTED_EDGE ( 'NONE', *, *, #9554, .F. ) ;
#10025 = PRESENTATION_STYLE_ASSIGNMENT (( #2885 ) ) ;
#10026 = FACE_OUTER_BOUND ( 'NONE', #8280, .T. ) ;
#10027 = CARTESIAN_POINT ( 'NONE',  ( 0.1079999999999999988, 0.1849999999999999978, 0.02199999999999999872 ) ) ;
#10028 = STYLED_ITEM ( 'NONE', ( #10041 ), #3907 ) ;
#10029 = LENGTH_MEASURE_WITH_UNIT ( LENGTH_MEASURE( 0.02539999999999999897 ), #11783 );
#10030 = SURFACE_STYLE_FILL_AREA ( #7969 ) ;
#10031 = DIRECTION ( 'NONE',  ( -0.000000000000000000, -1.000000000000000000, 0.000000000000000000 ) ) ;
#10032 = ORIENTED_EDGE ( 'NONE', *, *, #11759, .F. ) ;
#10033 = ORIENTED_EDGE ( 'NONE', *, *, #3172, .F. ) ;
#10034 =( LENGTH_UNIT ( ) NAMED_UNIT ( * ) SI_UNIT ( $, .METRE. ) );
#10035 = FACE_OUTER_BOUND ( 'NONE', #4176, .T. ) ;
#10036 = COLOUR_RGB ( '',0.8627450980392157298, 0.6274509803921568540, 0.05882352941176470507 ) ;
#10037 = MECHANICAL_DESIGN_GEOMETRIC_PRESENTATION_REPRESENTATION (  '', ( #7355 ), #1647 ) ;
#10038 = LINE ( 'NONE', #1800, #4669 ) ;
#10039 = SURFACE_SIDE_STYLE ('',( #10954 ) ) ;
#10040 = ORIENTED_EDGE ( 'NONE', *, *, #9939, .F. ) ;
#10041 = PRESENTATION_STYLE_ASSIGNMENT (( #9970 ) ) ;
#10042 = DIRECTION ( 'NONE',  ( -1.000000000000000000, 0.000000000000000000, -0.000000000000000000 ) ) ;
#10043 = PLANE ( 'NONE',  #1683 ) ;
#10044 = CARTESIAN_POINT ( 'NONE',  ( 0.1079999999999999988, 0.05000000000000000971, -0.01700000000000000122 ) ) ;
#10045 = COLOUR_RGB ( '',0.8627450980392157298, 0.6274509803921568540, 0.05882352941176470507 ) ;
#10046 = VECTOR ( 'NONE', #8742, 39.37007874015748143 ) ;
#10047 = DIRECTION ( 'NONE',  ( 1.000000000000000000, 0.000000000000000000, -0.000000000000000000 ) ) ;
#10048 = EDGE_LOOP ( 'NONE', ( #7204, #2426, #2893, #3306 ) ) ;
#10049 = FILL_AREA_STYLE_COLOUR ( '', #9696 ) ;
#10050 = ORIENTED_EDGE ( 'NONE', *, *, #7731, .F. ) ;
#10051 = VECTOR ( 'NONE', #938, 39.37007874015748143 ) ;
#10052 = ORIENTED_EDGE ( 'NONE', *, *, #9871, .F. ) ;
#10053 = MECHANICAL_DESIGN_GEOMETRIC_PRESENTATION_REPRESENTATION (  '', ( #4523 ), #9671 ) ;
#10054 = SURFACE_STYLE_USAGE ( .BOTH. , #11613 ) ;
#10055 = ORIENTED_EDGE ( 'NONE', *, *, #3898, .T. ) ;
#10056 = CARTESIAN_POINT ( 'NONE',  ( 0.2879999999999999782, 0.01999999999999999001, -0.01700000000000000122 ) ) ;
#10057 = CARTESIAN_POINT ( 'NONE',  ( -0.05800000000000001682, -0.06600000000000000311, -0.03300000000000000155 ) ) ;
#10058 = CARTESIAN_POINT ( 'NONE',  ( -0.1079999999999999988, 0.2099999999999999922, -0.01700000000000000122 ) ) ;
#10059 = PLANE ( 'NONE',  #7117 ) ;
#10060 = COLOUR_RGB ( '',0.8627450980392157298, 0.6274509803921568540, 0.05882352941176470507 ) ;
#10061 = STYLED_ITEM ( 'NONE', ( #7272 ), #8073 ) ;
#10062 = LENGTH_MEASURE_WITH_UNIT ( LENGTH_MEASURE( 0.02539999999999999897 ), #7299 );
#10063 = DIRECTION ( 'NONE',  ( 0.000000000000000000, 0.4856429311786331082, 0.8741572761215372633 ) ) ;
#10064 = ADVANCED_FACE ( 'NONE', ( #2523 ), #3361, .T. ) ;
#10065 =( NAMED_UNIT ( * ) SI_UNIT ( $, .STERADIAN. ) SOLID_ANGLE_UNIT ( ) );
#10066 = ORIENTED_EDGE ( 'NONE', *, *, #2602, .F. ) ;
#10067 = DIRECTION ( 'NONE',  ( 0.000000000000000000, -1.000000000000000000, -0.000000000000000000 ) ) ;
#10068 = DIMENSIONAL_EXPONENTS ( 1.000000000000000000, 0.000000000000000000, 0.000000000000000000, 0.000000000000000000, 0.000000000000000000, 0.000000000000000000, 0.000000000000000000 ) ;
#10069 = MECHANICAL_DESIGN_GEOMETRIC_PRESENTATION_REPRESENTATION (  '', ( #10275 ), #6464 ) ;
#10070 = DIRECTION ( 'NONE',  ( 1.000000000000000000, 0.000000000000000000, 0.000000000000000000 ) ) ;
#10071 = DIRECTION ( 'NONE',  ( 1.000000000000000000, 0.000000000000000000, -0.000000000000000000 ) ) ;
#10072 = FACE_OUTER_BOUND ( 'NONE', #6564, .T. ) ;
#10073 = LINE ( 'NONE', #5537, #2915 ) ;
#10074 = SURFACE_STYLE_FILL_AREA ( #1102 ) ;
#10075 = EDGE_CURVE ( 'NONE', #697, #4726, #10881, .T. ) ;
#10076 =( CONVERSION_BASED_UNIT ( 'INCH', #5541 ) LENGTH_UNIT ( ) NAMED_UNIT ( #4679 ) );
#10077 = ORIENTED_EDGE ( 'NONE', *, *, #1092, .F. ) ;
#10078 = VECTOR ( 'NONE', #9081, 39.37007874015748143 ) ;
#10079 = MECHANICAL_DESIGN_GEOMETRIC_PRESENTATION_REPRESENTATION (  '', ( #9314 ), #5509 ) ;
#10080 = CARTESIAN_POINT ( 'NONE',  ( -0.09199999999999999845, 0.2099999999999999922, 0.03300000000000000155 ) ) ;
#10082 = EDGE_CURVE ( 'NONE', #5847, #944, #8999, .T. ) ;
#10081 = UNCERTAINTY_MEASURE_WITH_UNIT (LENGTH_MEASURE( 1.000000000000000082E-05 ), #127, 'distance_accuracy_value', 'NONE');
#10083 = SURFACE_STYLE_FILL_AREA ( #3941 ) ;
#10084 = SURFACE_SIDE_STYLE ('',( #2162 ) ) ;
#10085 = SURFACE_STYLE_FILL_AREA ( #5845 ) ;
#10086 = EDGE_CURVE ( 'NONE', #11046, #6002, #8263, .T. ) ;
#10087 = PRESENTATION_STYLE_ASSIGNMENT (( #2829 ) ) ;
#10088 =( CONVERSION_BASED_UNIT ( 'INCH', #6224 ) LENGTH_UNIT ( ) NAMED_UNIT ( #115 ) );
#10089 = LINE ( 'NONE', #7506, #4636 ) ;
#10090 = SURFACE_STYLE_FILL_AREA ( #1925 ) ;
#10091 = CARTESIAN_POINT ( 'NONE',  ( 0.05000000000000000278, 0.2099999999999999922, -0.1000000000000000056 ) ) ;
#10092 = EDGE_LOOP ( 'NONE', ( #3718, #8913, #6620, #8925 ) ) ;
#10093 = ORIENTED_EDGE ( 'NONE', *, *, #11623, .F. ) ;
#10094 = EDGE_CURVE ( 'NONE', #9673, #10754, #4458, .T. ) ;
#10095 = LENGTH_MEASURE_WITH_UNIT ( LENGTH_MEASURE( 0.02539999999999999897 ), #3787 );
#10096 = FACE_OUTER_BOUND ( 'NONE', #3356, .T. ) ;
#10097 = CARTESIAN_POINT ( 'NONE',  ( 0.1079999999999999988, -0.06600000000000000311, -0.01700000000000000122 ) ) ;
#10098 = ORIENTED_EDGE ( 'NONE', *, *, #3167, .T. ) ;
#10099 = LINE ( 'NONE', #8353, #10604 ) ;
#10100 = DIRECTION ( 'NONE',  ( 0.8741572761215383736, -0.4856429311786311098, 0.000000000000000000 ) ) ;
#10101 = DIRECTION ( 'NONE',  ( -0.000000000000000000, -1.000000000000000000, 0.000000000000000000 ) ) ;
#10102 = PLANE ( 'NONE',  #1542 ) ;
#10103 = FACE_BOUND ( 'NONE', #1581, .T. ) ;
#10104 = VERTEX_POINT ( 'NONE', #9132 ) ;
#10105 = ORIENTED_EDGE ( 'NONE', *, *, #3299, .T. ) ;
#10106 = FACE_OUTER_BOUND ( 'NONE', #10699, .T. ) ;
#10107 = ORIENTED_EDGE ( 'NONE', *, *, #8017, .T. ) ;
#10108 =( LENGTH_UNIT ( ) NAMED_UNIT ( * ) SI_UNIT ( $, .METRE. ) );
#10109 = COLOUR_RGB ( '',0.8627450980392157298, 0.6274509803921568540, 0.05882352941176470507 ) ;
#10110 = EDGE_LOOP ( 'NONE', ( #10107, #3980, #8632, #5939 ) ) ;
#10111 = LINE ( 'NONE', #8364, #4981 ) ;
#10112 =( LENGTH_UNIT ( ) NAMED_UNIT ( * ) SI_UNIT ( $, .METRE. ) );
#10113 = COLOUR_RGB ( '',0.2862745098039215508, 0.2862745098039215508, 0.2862745098039215508 ) ;
#10114 = FILL_AREA_STYLE ('',( #6489 ) ) ;
#10115 = VECTOR ( 'NONE', #10358, 39.37007874015748143 ) ;
#10116 =( NAMED_UNIT ( * ) SI_UNIT ( $, .STERADIAN. ) SOLID_ANGLE_UNIT ( ) );
#10117 =( NAMED_UNIT ( * ) SI_UNIT ( $, .STERADIAN. ) SOLID_ANGLE_UNIT ( ) );
#10118 = PRESENTATION_STYLE_ASSIGNMENT (( #4683 ) ) ;
#10119 = DIRECTION ( 'NONE',  ( 1.000000000000000000, 0.000000000000000000, 0.000000000000000000 ) ) ;
#10120 = COLOUR_RGB ( '',0.2862745098039215508, 0.2862745098039215508, 0.2862745098039215508 ) ;
#10121 = DIRECTION ( 'NONE',  ( 0.000000000000000000, -0.000000000000000000, 1.000000000000000000 ) ) ;
#10122 = VECTOR ( 'NONE', #7581, 39.37007874015748143 ) ;
#10123 = FILL_AREA_STYLE_COLOUR ( '', #9237 ) ;
#10124 = EDGE_CURVE ( 'NONE', #2262, #743, #3771, .T. ) ;
#10125 = CARTESIAN_POINT ( 'NONE',  ( -0.3250000000000000111, 0.000000000000000000, 0.1000000000000000056 ) ) ;
#10126 = ORIENTED_EDGE ( 'NONE', *, *, #4724, .T. ) ;
#10127 = LENGTH_MEASURE_WITH_UNIT ( LENGTH_MEASURE( 0.02539999999999999897 ), #8191 );
#10128 =( NAMED_UNIT ( * ) SI_UNIT ( $, .STERADIAN. ) SOLID_ANGLE_UNIT ( ) );
#10129 = CARTESIAN_POINT ( 'NONE',  ( 0.000000000000000000, 0.005590169943749469933, -0.002500000000000000052 ) ) ;
#10130 = SURFACE_STYLE_FILL_AREA ( #3765 ) ;
#10131 = UNCERTAINTY_MEASURE_WITH_UNIT (LENGTH_MEASURE( 1.000000000000000082E-05 ), #9935, 'distance_accuracy_value', 'NONE');
#10132 = VECTOR ( 'NONE', #9611, 39.37007874015748143 ) ;
#10133 = COLOUR_RGB ( '',0.2862745098039215508, 0.2862745098039215508, 0.2862745098039215508 ) ;
#10134 = ADVANCED_FACE ( 'NONE', ( #6277 ), #7206, .F. ) ;
#10135 = PLANE ( 'NONE',  #7750 ) ;
#10136 = VERTEX_POINT ( 'NONE', #4637 ) ;
#10137 =( GEOMETRIC_REPRESENTATION_CONTEXT ( 3 ) GLOBAL_UNCERTAINTY_ASSIGNED_CONTEXT ( ( #8210 ) ) GLOBAL_UNIT_ASSIGNED_CONTEXT ( ( #7476, #9276, #2802 ) ) REPRESENTATION_CONTEXT ( 'NONE', 'WORKASPACE' ) );
#10138 =( NAMED_UNIT ( * ) SI_UNIT ( $, .STERADIAN. ) SOLID_ANGLE_UNIT ( ) );
#10139 =( GEOMETRIC_REPRESENTATION_CONTEXT ( 3 ) GLOBAL_UNCERTAINTY_ASSIGNED_CONTEXT ( ( #3591 ) ) GLOBAL_UNIT_ASSIGNED_CONTEXT ( ( #5846, #4919, #4801 ) ) REPRESENTATION_CONTEXT ( 'NONE', 'WORKASPACE' ) );
#10140 = AXIS2_PLACEMENT_3D ( 'NONE', #1387, #11505, #6964 ) ;
#10141 = MECHANICAL_DESIGN_GEOMETRIC_PRESENTATION_REPRESENTATION (  '', ( #8592 ), #11297 ) ;
#10142 = CARTESIAN_POINT ( 'NONE',  ( -0.1079999999999999988, 0.2099999999999999922, 0.01700000000000000122 ) ) ;
#10143 = LINE ( 'NONE', #8334, #11559 ) ;
#10144 = DIRECTION ( 'NONE',  ( 0.000000000000000000, -1.000000000000000000, -0.000000000000000000 ) ) ;
#10145 = CARTESIAN_POINT ( 'NONE',  ( -0.1079999999999999988, -0.06600000000000000311, 0.000000000000000000 ) ) ;
#10146 =( NAMED_UNIT ( * ) SI_UNIT ( $, .STERADIAN. ) SOLID_ANGLE_UNIT ( ) );
#10147 = UNCERTAINTY_MEASURE_WITH_UNIT (LENGTH_MEASURE( 1.000000000000000082E-05 ), #10169, 'distance_accuracy_value', 'NONE');
#10148 = LINE ( 'NONE', #7393, #1005 ) ;
#10149 = STYLED_ITEM ( 'NONE', ( #170 ), #2578 ) ;
#10150 = PRESENTATION_STYLE_ASSIGNMENT (( #1275 ) ) ;
#10151 = DIRECTION ( 'NONE',  ( -1.000000000000000000, -0.000000000000000000, 0.000000000000000000 ) ) ;
#10152 = CARTESIAN_POINT ( 'NONE',  ( 0.1079999999999999988, -0.06599999999999998923, 0.03300000000000000155 ) ) ;
#10153 = EDGE_CURVE ( 'NONE', #1509, #1347, #5304, .T. ) ;
#10154 = DIMENSIONAL_EXPONENTS ( 1.000000000000000000, 0.000000000000000000, 0.000000000000000000, 0.000000000000000000, 0.000000000000000000, 0.000000000000000000, 0.000000000000000000 ) ;
#10155 = PRESENTATION_LAYER_ASSIGNMENT (  '', '', ( #8600 ) ) ;
#10156 = DIRECTION ( 'NONE',  ( 0.4472135954999579277, -0.8944271909999158554, 0.000000000000000000 ) ) ;
#10157 = ORIENTED_EDGE ( 'NONE', *, *, #4895, .T. ) ;
#10158 = VERTEX_POINT ( 'NONE', #10939 ) ;
#10159 = LINE ( 'NONE', #11295, #10582 ) ;
#10160 = VECTOR ( 'NONE', #6793, 39.37007874015748143 ) ;
#10161 = FILL_AREA_STYLE_COLOUR ( '', #5037 ) ;
#10162 = FILL_AREA_STYLE ('',( #7577 ) ) ;
#10163 = EDGE_CURVE ( 'NONE', #4551, #4904, #2644, .T. ) ;
#10164 = AXIS2_PLACEMENT_3D ( 'NONE', #6326, #10871, #6387 ) ;
#10165 = SURFACE_SIDE_STYLE ('',( #2952 ) ) ;
#10166 = ORIENTED_EDGE ( 'NONE', *, *, #6779, .T. ) ;
#10167 = LINE ( 'NONE', #5697, #1479 ) ;
#10168 = PRESENTATION_STYLE_ASSIGNMENT (( #11079 ) ) ;
#10169 =( CONVERSION_BASED_UNIT ( 'INCH', #4720 ) LENGTH_UNIT ( ) NAMED_UNIT ( #9165 ) );
#10170 = LENGTH_MEASURE_WITH_UNIT ( LENGTH_MEASURE( 0.02539999999999999897 ), #3732 );
#10171 = EDGE_CURVE ( 'NONE', #6791, #5483, #6334, .T. ) ;
#10172 = LINE ( 'NONE', #5513, #5340 ) ;
#10173 =( NAMED_UNIT ( * ) PLANE_ANGLE_UNIT ( ) SI_UNIT ( $, .RADIAN. ) );
#10174 = FACE_OUTER_BOUND ( 'NONE', #8947, .T. ) ;
#10175 = FACE_OUTER_BOUND ( 'NONE', #1891, .T. ) ;
#10176 = ORIENTED_EDGE ( 'NONE', *, *, #9703, .F. ) ;
#10177 = CARTESIAN_POINT ( 'NONE',  ( -0.1080000000000000682, -0.06600000000000000311, -0.03300000000000000155 ) ) ;
#10178 = FILL_AREA_STYLE ('',( #113 ) ) ;
#10179 = ORIENTED_EDGE ( 'NONE', *, *, #6443, .F. ) ;
#10180 = ORIENTED_EDGE ( 'NONE', *, *, #11026, .F. ) ;
#10181 = DIMENSIONAL_EXPONENTS ( 1.000000000000000000, 0.000000000000000000, 0.000000000000000000, 0.000000000000000000, 0.000000000000000000, 0.000000000000000000, 0.000000000000000000 ) ;
#10182 =( NAMED_UNIT ( * ) SI_UNIT ( $, .STERADIAN. ) SOLID_ANGLE_UNIT ( ) );
#10183 = VECTOR ( 'NONE', #1667, 39.37007874015748143 ) ;
#10184 = DIRECTION ( 'NONE',  ( 0.000000000000000000, 0.000000000000000000, -1.000000000000000000 ) ) ;
#10185 = VECTOR ( 'NONE', #11322, 39.37007874015748143 ) ;
#10186 = CARTESIAN_POINT ( 'NONE',  ( -0.008000000000000074760, -0.06600000000000000311, -0.03300000000000000155 ) ) ;
#10187 = ORIENTED_EDGE ( 'NONE', *, *, #5869, .F. ) ;
#10188 = LINE ( 'NONE', #3753, #7885 ) ;
#10189 = SURFACE_STYLE_USAGE ( .BOTH. , #6617 ) ;
#10190 = STYLED_ITEM ( 'NONE', ( #4874 ), #989 ) ;
#10191 = ORIENTED_EDGE ( 'NONE', *, *, #2423, .F. ) ;
#10192 = STYLED_ITEM ( 'NONE', ( #3978 ), #196 ) ;
#10193 = STYLED_ITEM ( 'NONE', ( #7414 ), #11264 ) ;
#10194 =( CONVERSION_BASED_UNIT ( 'INCH', #10127 ) LENGTH_UNIT ( ) NAMED_UNIT ( #11366 ) );
#10195 =( LENGTH_UNIT ( ) NAMED_UNIT ( * ) SI_UNIT ( $, .METRE. ) );
#10196 = AXIS2_PLACEMENT_3D ( 'NONE', #4902, #5938, #3853 ) ;
#10197 = PLANE ( 'NONE',  #11419 ) ;
#10198 = FACE_OUTER_BOUND ( 'NONE', #9385, .T. ) ;
#10199 =( GEOMETRIC_REPRESENTATION_CONTEXT ( 3 ) GLOBAL_UNCERTAINTY_ASSIGNED_CONTEXT ( ( #9395 ) ) GLOBAL_UNIT_ASSIGNED_CONTEXT ( ( #4261, #10735, #2452 ) ) REPRESENTATION_CONTEXT ( 'NONE', 'WORKASPACE' ) );
#10200 = SHAPE_DEFINITION_REPRESENTATION ( #11539, #2550 ) ;
#10201 = ORIENTED_EDGE ( 'NONE', *, *, #6490, .T. ) ;
#10202 = STYLED_ITEM ( 'NONE', ( #1914 ), #455 ) ;
#10203 = MECHANICAL_DESIGN_GEOMETRIC_PRESENTATION_REPRESENTATION (  '', ( #4659 ), #9051 ) ;
#10204 = DIRECTION ( 'NONE',  ( 0.4368520283305199481, 0.7863336509949335751, 0.4368520283305192264 ) ) ;
#10205 = CARTESIAN_POINT ( 'NONE',  ( -0.3009999999999999898, 0.000000000000000000, 0.02500000000000000139 ) ) ;
#10206 = VECTOR ( 'NONE', #4655, 39.37007874015748143 ) ;
#10207 = VECTOR ( 'NONE', #9896, 39.37007874015748143 ) ;
#10208 = FACE_OUTER_BOUND ( 'NONE', #1406, .T. ) ;
#10209 = CARTESIAN_POINT ( 'NONE',  ( 0.2899999999999999800, 0.06500000000000000222, -0.07000000000000000666 ) ) ;
#10210 = ADVANCED_FACE ( 'NONE', ( #1915 ), #9897, .F. ) ;
#10211 = PRESENTATION_LAYER_ASSIGNMENT (  '', '', ( #8662 ) ) ;
#10212 = FILL_AREA_STYLE ('',( #8335 ) ) ;
#10213 = PRESENTATION_LAYER_ASSIGNMENT (  '', '', ( #517 ) ) ;
#10214 = CARTESIAN_POINT ( 'NONE',  ( -0.1079999999999999988, 0.2099999999999999922, -0.03300000000000000155 ) ) ;
#10215 = CARTESIAN_POINT ( 'NONE',  ( -0.008000000000000008840, 0.06499999999999998834, 0.01700000000000000122 ) ) ;
#10216 = LINE ( 'NONE', #6462, #5035 ) ;
#10217 = MECHANICAL_DESIGN_GEOMETRIC_PRESENTATION_REPRESENTATION (  '', ( #10796 ), #4481 ) ;
#10218 =( GEOMETRIC_REPRESENTATION_CONTEXT ( 3 ) GLOBAL_UNCERTAINTY_ASSIGNED_CONTEXT ( ( #290 ) ) GLOBAL_UNIT_ASSIGNED_CONTEXT ( ( #9805, #8732, #9868 ) ) REPRESENTATION_CONTEXT ( 'NONE', 'WORKASPACE' ) );
#10219 = FACE_OUTER_BOUND ( 'NONE', #4169, .T. ) ;
#10220 = ORIENTED_EDGE ( 'NONE', *, *, #9840, .T. ) ;
#10221 = ORIENTED_EDGE ( 'NONE', *, *, #5880, .F. ) ;
#10222 = CARTESIAN_POINT ( 'NONE',  ( -0.04200000000000000955, 0.06500000000000000222, 0.000000000000000000 ) ) ;
#10223 = VECTOR ( 'NONE', #5797, 39.37007874015748143 ) ;
#10224 =( NAMED_UNIT ( * ) SI_UNIT ( $, .STERADIAN. ) SOLID_ANGLE_UNIT ( ) );
#10225 = LINE ( 'NONE', #2063, #2411 ) ;
#10226 = PRESENTATION_STYLE_ASSIGNMENT (( #6591 ) ) ;
#10227 = EDGE_CURVE ( 'NONE', #1189, #8008, #8503, .T. ) ;
#10228 = VERTEX_POINT ( 'NONE', #8331 ) ;
#10229 = DIRECTION ( 'NONE',  ( 1.000000000000000000, 0.000000000000000000, -0.000000000000000000 ) ) ;
#10230 = LINE ( 'NONE', #2067, #4019 ) ;
#10231 = PLANE ( 'NONE',  #3825 ) ;
#10232 = DIRECTION ( 'NONE',  ( -0.000000000000000000, 1.000000000000000000, 0.000000000000000000 ) ) ;
#10233 = EDGE_CURVE ( 'NONE', #8933, #8701, #389, .T. ) ;
#10234 = CARTESIAN_POINT ( 'NONE',  ( 0.000000000000000000, 0.2099999999999999922, 0.07000000000000000666 ) ) ;
#10235 = ORIENTED_EDGE ( 'NONE', *, *, #11179, .F. ) ;
#10236 = PRESENTATION_LAYER_ASSIGNMENT (  '', '', ( #3580 ) ) ;
#10237 = DIRECTION ( 'NONE',  ( -0.4856429311786330527, -0.8741572761215371523, 0.000000000000000000 ) ) ;
#10238 = STYLED_ITEM ( 'NONE', ( #234 ), #8948 ) ;
#10239 = DIRECTION ( 'NONE',  ( -0.000000000000000000, -1.000000000000000000, 0.000000000000000000 ) ) ;
#10240 = DIMENSIONAL_EXPONENTS ( 1.000000000000000000, 0.000000000000000000, 0.000000000000000000, 0.000000000000000000, 0.000000000000000000, 0.000000000000000000, 0.000000000000000000 ) ;
#10241 = ADVANCED_FACE ( 'NONE', ( #11118 ), #9303, .F. ) ;
#10242 = ORIENTED_EDGE ( 'NONE', *, *, #7234, .F. ) ;
#10243 = ORIENTED_EDGE ( 'NONE', *, *, #8618, .F. ) ;
#10244 = CARTESIAN_POINT ( 'NONE',  ( -0.008000000000000024453, -0.06600000000000000311, -0.03299999999999999462 ) ) ;
#10245 = STYLED_ITEM ( 'NONE', ( #11036 ), #4511 ) ;
#10246 = AXIS2_PLACEMENT_3D ( 'NONE', #6136, #3335, #1584 ) ;
#10247 =( NAMED_UNIT ( * ) PLANE_ANGLE_UNIT ( ) SI_UNIT ( $, .RADIAN. ) );
#10248 = EDGE_CURVE ( 'NONE', #865, #2522, #212, .T. ) ;
#10249 = FACE_OUTER_BOUND ( 'NONE', #10685, .T. ) ;
#10250 = CARTESIAN_POINT ( 'NONE',  ( -0.05800000000000001682, -0.06600000000000000311, -0.03300000000000000155 ) ) ;
#10251 = VERTEX_POINT ( 'NONE', #2160 ) ;
#10252 = PRESENTATION_STYLE_ASSIGNMENT (( #11042 ) ) ;
#10253 = VECTOR ( 'NONE', #1357, 39.37007874015748143 ) ;
#10254 = MECHANICAL_DESIGN_GEOMETRIC_PRESENTATION_REPRESENTATION (  '', ( #2638 ), #6994 ) ;
#10255 = ADVANCED_FACE ( 'NONE', ( #6628 ), #8386, .F. ) ;
#10256 = FACE_OUTER_BOUND ( 'NONE', #10879, .T. ) ;
#10257 = ORIENTED_EDGE ( 'NONE', *, *, #11525, .F. ) ;
#10258 = LINE ( 'NONE', #1038, #11197 ) ;
#10259 = SURFACE_STYLE_USAGE ( .BOTH. , #8430 ) ;
#10260 = LENGTH_MEASURE_WITH_UNIT ( LENGTH_MEASURE( 0.02539999999999999897 ), #5535 );
#10261 = CARTESIAN_POINT ( 'NONE',  ( -0.003000000000000018711, -0.07499999999999999722, -0.02799999999999999711 ) ) ;
#10262 = FILL_AREA_STYLE ('',( #3876 ) ) ;
#10263 = UNCERTAINTY_MEASURE_WITH_UNIT (LENGTH_MEASURE( 1.000000000000000082E-05 ), #5474, 'distance_accuracy_value', 'NONE');
#10264 = FILL_AREA_STYLE ('',( #7313 ) ) ;
#10265 = DIRECTION ( 'NONE',  ( 0.000000000000000000, -1.000000000000000000, -0.000000000000000000 ) ) ;
#10266 = SURFACE_STYLE_USAGE ( .BOTH. , #5793 ) ;
#10267 = STYLED_ITEM ( 'NONE', ( #5668 ), #5349 ) ;
#10268 = LINE ( 'NONE', #2106, #6567 ) ;
#10269 =( CONVERSION_BASED_UNIT ( 'INCH', #6631 ) LENGTH_UNIT ( ) NAMED_UNIT ( #642 ) );
#10270 =( CONVERSION_BASED_UNIT ( 'INCH', #3111 ) LENGTH_UNIT ( ) NAMED_UNIT ( #5744 ) );
#10271 = DIRECTION ( 'NONE',  ( -1.000000000000000000, 0.000000000000000000, -0.000000000000000000 ) ) ;
#10272 = UNCERTAINTY_MEASURE_WITH_UNIT (LENGTH_MEASURE( 1.000000000000000082E-05 ), #7754, 'distance_accuracy_value', 'NONE');
#10273 = CARTESIAN_POINT ( 'NONE',  ( -0.3250000000000000111, 0.2099999999999999922, 0.1000000000000000056 ) ) ;
#10274 = FILL_AREA_STYLE ('',( #7568 ) ) ;
#10275 = STYLED_ITEM ( 'NONE', ( #7883 ), #5409 ) ;
#10276 = VECTOR ( 'NONE', #8976, 39.37007874015748143 ) ;
#10277 = CARTESIAN_POINT ( 'NONE',  ( 0.1079999999999999988, 0.06500000000000000222, 0.000000000000000000 ) ) ;
#10278 = ORIENTED_EDGE ( 'NONE', *, *, #1535, .F. ) ;
#10279 = VERTEX_POINT ( 'NONE', #7827 ) ;
#10280 = CARTESIAN_POINT ( 'NONE',  ( 0.1079999999999999988, 0.1849999999999999978, -0.02199999999999999872 ) ) ;
#10281 = LINE ( 'NONE', #1933, #9994 ) ;
#10282 = UNCERTAINTY_MEASURE_WITH_UNIT (LENGTH_MEASURE( 1.000000000000000082E-05 ), #417, 'distance_accuracy_value', 'NONE');
#10283 = DIRECTION ( 'NONE',  ( -0.000000000000000000, 7.532669100177199608E-16, -1.000000000000000000 ) ) ;
#10284 = ADVANCED_FACE ( 'NONE', ( #4157 ), #10494, .F. ) ;
#10285 = ORIENTED_EDGE ( 'NONE', *, *, #4023, .F. ) ;
#10286 = VECTOR ( 'NONE', #716, 39.37007874015748143 ) ;
#10287 = LINE ( 'NONE', #8465, #1839 ) ;
#10288 =( NAMED_UNIT ( * ) SI_UNIT ( $, .STERADIAN. ) SOLID_ANGLE_UNIT ( ) );
#10289 = CARTESIAN_POINT ( 'NONE',  ( 0.007999999999999989758, 0.2099999999999999922, -0.03300000000000000155 ) ) ;
#10290 = LENGTH_MEASURE_WITH_UNIT ( LENGTH_MEASURE( 0.02539999999999999897 ), #6657 );
#10291 = DIMENSIONAL_EXPONENTS ( 1.000000000000000000, 0.000000000000000000, 0.000000000000000000, 0.000000000000000000, 0.000000000000000000, 0.000000000000000000, 0.000000000000000000 ) ;
#10292 = ORIENTED_EDGE ( 'NONE', *, *, #1011, .T. ) ;
#10293 = ADVANCED_FACE ( 'NONE', ( #4260 ), #618, .F. ) ;
#10294 = LINE ( 'NONE', #10177, #2818 ) ;
#10295 = VERTEX_POINT ( 'NONE', #7196 ) ;
#10296 = ORIENTED_EDGE ( 'NONE', *, *, #10655, .F. ) ;
#10297 = SURFACE_STYLE_FILL_AREA ( #9223 ) ;
#10298 = LENGTH_MEASURE_WITH_UNIT ( LENGTH_MEASURE( 0.02539999999999999897 ), #1244 );
#10299 = CARTESIAN_POINT ( 'NONE',  ( -0.04200000000000002343, -0.06600000000000000311, -0.03300000000000005707 ) ) ;
#10300 = DIRECTION ( 'NONE',  ( 0.000000000000000000, 0.4856429311786331082, -0.8741572761215372633 ) ) ;
#10301 = LINE ( 'NONE', #3033, #10185 ) ;
#10302 = EDGE_CURVE ( 'NONE', #252, #5483, #11630, .T. ) ;
#10303 = PRESENTATION_STYLE_ASSIGNMENT (( #1310 ) ) ;
#10304 = ORIENTED_EDGE ( 'NONE', *, *, #939, .T. ) ;
#10305 = FILL_AREA_STYLE_COLOUR ( '', #9069 ) ;
#10306 = SURFACE_STYLE_FILL_AREA ( #8603 ) ;
#10307 = STYLED_ITEM ( 'NONE', ( #7327 ), #3464 ) ;
#10308 = DIRECTION ( 'NONE',  ( -1.000000000000000000, 0.000000000000000000, -0.000000000000000000 ) ) ;
#10309 = CARTESIAN_POINT ( 'NONE',  ( 0.09199999999999999845, 0.1759999999999999898, 0.03300000000000000155 ) ) ;
#10310 = EDGE_CURVE ( 'NONE', #4061, #10347, #7946, .T. ) ;
#10311 = ORIENTED_EDGE ( 'NONE', *, *, #9491, .F. ) ;
#10312 = DIMENSIONAL_EXPONENTS ( 1.000000000000000000, 0.000000000000000000, 0.000000000000000000, 0.000000000000000000, 0.000000000000000000, 0.000000000000000000, 0.000000000000000000 ) ;
#10313 = LENGTH_MEASURE_WITH_UNIT ( LENGTH_MEASURE( 0.02539999999999999897 ), #11165 );
#10314 = ORIENTED_EDGE ( 'NONE', *, *, #1927, .F. ) ;
#10315 = PLANE ( 'NONE',  #2728 ) ;
#10316 = PLANE ( 'NONE',  #10464 ) ;
#10317 = EDGE_CURVE ( 'NONE', #6791, #8516, #7300, .T. ) ;
#10318 = SURFACE_STYLE_USAGE ( .BOTH. , #9479 ) ;
#10319 = VECTOR ( 'NONE', #9684, 39.37007874015748854 ) ;
#10320 = APPLICATION_PROTOCOL_DEFINITION ( 'draft international standard', 'automotive_design', 1998, #8145 ) ;
#10321 = ORIENTED_EDGE ( 'NONE', *, *, #6150, .F. ) ;
#10322 = ADVANCED_FACE ( 'NONE', ( #6200 ), #3635, .F. ) ;
#10323 = CARTESIAN_POINT ( 'NONE',  ( -0.05000000000000000971, 0.2099999999999999922, 0.1000000000000000056 ) ) ;
#10324 = FACE_OUTER_BOUND ( 'NONE', #1717, .T. ) ;
#10325 =( GEOMETRIC_REPRESENTATION_CONTEXT ( 3 ) GLOBAL_UNCERTAINTY_ASSIGNED_CONTEXT ( ( #256 ) ) GLOBAL_UNIT_ASSIGNED_CONTEXT ( ( #11232, #11178, #8507 ) ) REPRESENTATION_CONTEXT ( 'NONE', 'WORKASPACE' ) );
#10326 = AXIS2_PLACEMENT_3D ( 'NONE', #7008, #3516, #10857 ) ;
#10327 = PRESENTATION_STYLE_ASSIGNMENT (( #11234 ) ) ;
#10328 =( LENGTH_UNIT ( ) NAMED_UNIT ( * ) SI_UNIT ( $, .METRE. ) );
#10329 =( CONVERSION_BASED_UNIT ( 'INCH', #6518 ) LENGTH_UNIT ( ) NAMED_UNIT ( #10240 ) );
#10330 = SURFACE_STYLE_FILL_AREA ( #10274 ) ;
#10331 =( NAMED_UNIT ( * ) SI_UNIT ( $, .STERADIAN. ) SOLID_ANGLE_UNIT ( ) );
#10332 = CARTESIAN_POINT ( 'NONE',  ( 0.05000000000000000971, 0.2099999999999999922, 0.1000000000000000056 ) ) ;
#10333 = ORIENTED_EDGE ( 'NONE', *, *, #11326, .F. ) ;
#10334 = VERTEX_POINT ( 'NONE', #4572 ) ;
#10335 = DIRECTION ( 'NONE',  ( -0.000000000000000000, 0.000000000000000000, -1.000000000000000000 ) ) ;
#10336 = AXIS2_PLACEMENT_3D ( 'NONE', #791, #9057, #4577 ) ;
#10337 = MECHANICAL_DESIGN_GEOMETRIC_PRESENTATION_REPRESENTATION (  '', ( #5784 ), #3089 ) ;
#10338 = VECTOR ( 'NONE', #4075, 39.37007874015748143 ) ;
#10339 = CARTESIAN_POINT ( 'NONE',  ( 0.1079999999999999849, 0.01999999999999999001, 0.03300000000000000155 ) ) ;
#10340 =( NAMED_UNIT ( * ) SI_UNIT ( $, .STERADIAN. ) SOLID_ANGLE_UNIT ( ) );
#10341 = LINE ( 'NONE', #9205, #11529 ) ;
#10342 = VERTEX_POINT ( 'NONE', #4329 ) ;
#10343 = DIRECTION ( 'NONE',  ( -0.000000000000000000, 0.000000000000000000, 1.000000000000000000 ) ) ;
#10344 = FILL_AREA_STYLE_COLOUR ( '', #7447 ) ;
#10345 = VECTOR ( 'NONE', #8366, 39.37007874015748143 ) ;
#10346 = DIRECTION ( 'NONE',  ( 1.000000000000000000, 0.000000000000000000, -0.000000000000000000 ) ) ;
#10347 = VERTEX_POINT ( 'NONE', #848 ) ;
#10348 =( NAMED_UNIT ( * ) SI_UNIT ( $, .STERADIAN. ) SOLID_ANGLE_UNIT ( ) );
#10349 = EDGE_CURVE ( 'NONE', #8546, #10771, #8070, .T. ) ;
#10350 = LINE ( 'NONE', #8410, #497 ) ;
#10351 = VECTOR ( 'NONE', #11542, 39.37007874015748143 ) ;
#10352 = ORIENTED_EDGE ( 'NONE', *, *, #10163, .F. ) ;
#10353 = FILL_AREA_STYLE ('',( #118 ) ) ;
#10354 = VERTEX_POINT ( 'NONE', #10864 ) ;
#10355 = EDGE_CURVE ( 'NONE', #6291, #5591, #1768, .T. ) ;
#10356 = FACE_OUTER_BOUND ( 'NONE', #9858, .T. ) ;
#10357 = DIRECTION ( 'NONE',  ( -0.000000000000000000, 5.021779400118129785E-16, 1.000000000000000000 ) ) ;
#10358 = DIRECTION ( 'NONE',  ( -0.000000000000000000, 0.000000000000000000, 1.000000000000000000 ) ) ;
#10359 = STYLED_ITEM ( 'NONE', ( #1127 ), #2587 ) ;
#10360 = PLANE ( 'NONE',  #3786 ) ;
#10361 = DIRECTION ( 'NONE',  ( -0.000000000000000000, 1.000000000000000000, 0.000000000000000000 ) ) ;
#10362 = LINE ( 'NONE', #5775, #3812 ) ;
#10363 = ORIENTED_EDGE ( 'NONE', *, *, #8359, .F. ) ;
#10364 = DIMENSIONAL_EXPONENTS ( 1.000000000000000000, 0.000000000000000000, 0.000000000000000000, 0.000000000000000000, 0.000000000000000000, 0.000000000000000000, 0.000000000000000000 ) ;
#10365 = DIRECTION ( 'NONE',  ( -0.4368520283305178942, -0.7863336509949346853, -0.4368520283305190599 ) ) ;
#10366 = ORIENTED_EDGE ( 'NONE', *, *, #7152, .T. ) ;
#10367 = FILL_AREA_STYLE_COLOUR ( '', #2055 ) ;
#10368 = EDGE_CURVE ( 'NONE', #11573, #9830, #7248, .T. ) ;
#10369 = LINE ( 'NONE', #5489, #546 ) ;
#10370 = CARTESIAN_POINT ( 'NONE',  ( -0.09199999999999999845, 0.1759999999999999898, -0.01700000000000006714 ) ) ;
#10371 = UNCERTAINTY_MEASURE_WITH_UNIT (LENGTH_MEASURE( 1.000000000000000082E-05 ), #8035, 'distance_accuracy_value', 'NONE');
#10372 = DIRECTION ( 'NONE',  ( 1.000000000000000000, 0.000000000000000000, -0.000000000000000000 ) ) ;
#10373 = EDGE_CURVE ( 'NONE', #2772, #8676, #10006, .T. ) ;
#10374 = ADVANCED_FACE ( 'NONE', ( #6440 ), #197, .T. ) ;
#10375 = ORIENTED_EDGE ( 'NONE', *, *, #7168, .F. ) ;
#10376 = STYLED_ITEM ( 'NONE', ( #562 ), #981 ) ;
#10377 = PRESENTATION_LAYER_ASSIGNMENT (  '', '', ( #1075 ) ) ;
#10378 = VECTOR ( 'NONE', #830, 39.37007874015748143 ) ;
#10379 = CARTESIAN_POINT ( 'NONE',  ( 0.05800000000000000294, 0.05000000000000000278, 0.1199999999999999956 ) ) ;
#10380 = FILL_AREA_STYLE_COLOUR ( '', #9603 ) ;
#10381 = EDGE_CURVE ( 'NONE', #8123, #11281, #5779, .T. ) ;
#10382 = PRESENTATION_LAYER_ASSIGNMENT (  '', '', ( #8836 ) ) ;
#10383 = LENGTH_MEASURE_WITH_UNIT ( LENGTH_MEASURE( 0.02539999999999999897 ), #3846 );
#10384 = FACE_OUTER_BOUND ( 'NONE', #1430, .T. ) ;
#10385 = UNCERTAINTY_MEASURE_WITH_UNIT (LENGTH_MEASURE( 1.000000000000000082E-05 ), #8914, 'distance_accuracy_value', 'NONE');
#10386 = VECTOR ( 'NONE', #2662, 39.37007874015748143 ) ;
#10387 = AXIS2_PLACEMENT_3D ( 'NONE', #2264, #720, #7875 ) ;
#10388 = PLANE ( 'NONE',  #10140 ) ;
#10390 = DIRECTION ( 'NONE',  ( 0.8741572761215372633, 0.4856429311786330527, 0.000000000000000000 ) ) ;
#10389 = COLOUR_RGB ( '',0.8627450980392157298, 0.6274509803921568540, 0.05882352941176470507 ) ;
#10391 =( NAMED_UNIT ( * ) SI_UNIT ( $, .STERADIAN. ) SOLID_ANGLE_UNIT ( ) );
#10392 = DIMENSIONAL_EXPONENTS ( 1.000000000000000000, 0.000000000000000000, 0.000000000000000000, 0.000000000000000000, 0.000000000000000000, 0.000000000000000000, 0.000000000000000000 ) ;
#10393 =( LENGTH_UNIT ( ) NAMED_UNIT ( * ) SI_UNIT ( $, .METRE. ) );
#10394 = VERTEX_POINT ( 'NONE', #1095 ) ;
#10395 = ORIENTED_EDGE ( 'NONE', *, *, #6496, .F. ) ;
#10396 =( GEOMETRIC_REPRESENTATION_CONTEXT ( 3 ) GLOBAL_UNCERTAINTY_ASSIGNED_CONTEXT ( ( #3883 ) ) GLOBAL_UNIT_ASSIGNED_CONTEXT ( ( #8752, #6966, #2461 ) ) REPRESENTATION_CONTEXT ( 'NONE', 'WORKASPACE' ) );
#10397 = DIRECTION ( 'NONE',  ( 0.000000000000000000, -0.000000000000000000, 1.000000000000000000 ) ) ;
#10398 =( NAMED_UNIT ( * ) SI_UNIT ( $, .STERADIAN. ) SOLID_ANGLE_UNIT ( ) );
#10399 = STYLED_ITEM ( 'NONE', ( #264 ), #477 ) ;
#10400 = VECTOR ( 'NONE', #2335, 39.37007874015748854 ) ;
#10401 = ORIENTED_EDGE ( 'NONE', *, *, #6152, .T. ) ;
#10402 = ORIENTED_EDGE ( 'NONE', *, *, #363, .F. ) ;
#10403 = LINE ( 'NONE', #9441, #7542 ) ;
#10404 = CARTESIAN_POINT ( 'NONE',  ( -0.05800000000000001682, -0.06600000000000000311, 0.01700000000000000122 ) ) ;
#10405 =( GEOMETRIC_REPRESENTATION_CONTEXT ( 3 ) GLOBAL_UNCERTAINTY_ASSIGNED_CONTEXT ( ( #10371 ) ) GLOBAL_UNIT_ASSIGNED_CONTEXT ( ( #8035, #11132, #1343 ) ) REPRESENTATION_CONTEXT ( 'NONE', 'WORKASPACE' ) );
#10406 = DIRECTION ( 'NONE',  ( -0.4368520283305191154, -0.7863336509949342412, -0.4368520283305187824 ) ) ;
#10407 = CARTESIAN_POINT ( 'NONE',  ( 0.05299999999999999850, -0.07499999999999999722, 0.1199999999999999956 ) ) ;
#10408 = VECTOR ( 'NONE', #6324, 39.37007874015748143 ) ;
#10409 = DIRECTION ( 'NONE',  ( -0.000000000000000000, 1.000000000000000000, 0.000000000000000000 ) ) ;
#10410 = ORIENTED_EDGE ( 'NONE', *, *, #8502, .F. ) ;
#10411 = CARTESIAN_POINT ( 'NONE',  ( -0.04699999999999999317, -0.07499999999999999722, 0.1199999999999999956 ) ) ;
#10412 = COLOUR_RGB ( '',0.2862745098039215508, 0.2862745098039215508, 0.2862745098039215508 ) ;
#10413 = CARTESIAN_POINT ( 'NONE',  ( -0.09199999999999999845, 0.2099999999999999922, -0.03300000000000000155 ) ) ;
#10414 = ORIENTED_EDGE ( 'NONE', *, *, #215, .F. ) ;
#10415 = ORIENTED_EDGE ( 'NONE', *, *, #10094, .T. ) ;
#10416 = CARTESIAN_POINT ( 'NONE',  ( 0.04200000000000000955, 0.2099999999999999922, 0.03300000000000000155 ) ) ;
#10417 = SURFACE_SIDE_STYLE ('',( #6773 ) ) ;
#10418 = FILL_AREA_STYLE_COLOUR ( '', #6165 ) ;
#10419 = LINE ( 'NONE', #8595, #8564 ) ;
#10420 = CARTESIAN_POINT ( 'NONE',  ( -0.09700000000000000289, -0.07499999999999998335, 0.02800000000000000752 ) ) ;
#10421 = VECTOR ( 'NONE', #4604, 39.37007874015748143 ) ;
#10422 = AXIS2_PLACEMENT_3D ( 'NONE', #10411, #2248, #10237 ) ;
#10423 = LINE ( 'NONE', #308, #682 ) ;
#10424 =( NAMED_UNIT ( * ) SI_UNIT ( $, .STERADIAN. ) SOLID_ANGLE_UNIT ( ) );
#10425 = ORIENTED_EDGE ( 'NONE', *, *, #7437, .F. ) ;
#10426 = CARTESIAN_POINT ( 'NONE',  ( 0.1079999999999999988, -0.06600000000000000311, 0.03300000000000000155 ) ) ;
#10427 = CARTESIAN_POINT ( 'NONE',  ( 0.2879999999999999782, 0.01999999999999999001, 0.05999999999999999084 ) ) ;
#10428 = FILL_AREA_STYLE_COLOUR ( '', #9993 ) ;
#10429 = MECHANICAL_DESIGN_GEOMETRIC_PRESENTATION_REPRESENTATION (  '', ( #8500 ), #3392 ) ;
#10430 = ORIENTED_EDGE ( 'NONE', *, *, #3943, .T. ) ;
#10431 = LINE ( 'NONE', #8494, #2553 ) ;
#10432 = ADVANCED_FACE ( 'NONE', ( #10256 ), #3871, .F. ) ;
#10433 = CARTESIAN_POINT ( 'NONE',  ( -0.04200000000000000955, -0.06600000000000000311, 0.1199999999999999956 ) ) ;
#10434 = CARTESIAN_POINT ( 'NONE',  ( 0.04200000000000000955, 0.04000000000000000083, -0.01700000000000000122 ) ) ;
#10435 = VECTOR ( 'NONE', #1742, 39.37007874015748143 ) ;
#10436 = CARTESIAN_POINT ( 'NONE',  ( 0.1079999999999999988, 0.1849999999999999978, -0.02799999999999999711 ) ) ;
#10437 = ADVANCED_FACE ( 'NONE', ( #2868 ), #6498, .F. ) ;
#10438 = FILL_AREA_STYLE ('',( #3230 ) ) ;
#10439 = UNCERTAINTY_MEASURE_WITH_UNIT (LENGTH_MEASURE( 1.000000000000000082E-05 ), #5410, 'distance_accuracy_value', 'NONE');
#10440 = PLANE ( 'NONE',  #9030 ) ;
#10441 = CARTESIAN_POINT ( 'NONE',  ( 0.2879999999999999782, 0.01999999999999998307, 0.03300000000000000155 ) ) ;
#10442 =( GEOMETRIC_REPRESENTATION_CONTEXT ( 3 ) GLOBAL_UNCERTAINTY_ASSIGNED_CONTEXT ( ( #11109 ) ) GLOBAL_UNIT_ASSIGNED_CONTEXT ( ( #4227, #9558, #4894 ) ) REPRESENTATION_CONTEXT ( 'NONE', 'WORKASPACE' ) );
#10443 = PRESENTATION_LAYER_ASSIGNMENT (  '', '', ( #9288 ) ) ;
#10444 =( CONVERSION_BASED_UNIT ( 'INCH', #9660 ) LENGTH_UNIT ( ) NAMED_UNIT ( #4407 ) );
#10445 = EDGE_CURVE ( 'NONE', #6202, #1342, #8605, .T. ) ;
#10446 =( NAMED_UNIT ( * ) SI_UNIT ( $, .STERADIAN. ) SOLID_ANGLE_UNIT ( ) );
#10447 = LENGTH_MEASURE_WITH_UNIT ( LENGTH_MEASURE( 0.02539999999999999897 ), #502 );
#10448 = SURFACE_STYLE_USAGE ( .BOTH. , #4880 ) ;
#10449 =( NAMED_UNIT ( * ) PLANE_ANGLE_UNIT ( ) SI_UNIT ( $, .RADIAN. ) );
#10450 = DIRECTION ( 'NONE',  ( 0.000000000000000000, 0.000000000000000000, 1.000000000000000000 ) ) ;
#10451 = ORIENTED_EDGE ( 'NONE', *, *, #5540, .T. ) ;
#10452 = VERTEX_POINT ( 'NONE', #6116 ) ;
#10453 = EDGE_CURVE ( 'NONE', #10704, #10963, #6236, .T. ) ;
#10454 = VECTOR ( 'NONE', #1907, 39.37007874015748143 ) ;
#10455 = LENGTH_MEASURE_WITH_UNIT ( LENGTH_MEASURE( 0.02539999999999999897 ), #7843 );
#10456 = VECTOR ( 'NONE', #5249, 39.37007874015748143 ) ;
#10457 = CARTESIAN_POINT ( 'NONE',  ( 0.1079999999999999988, 0.1849999999999999978, 0.02199999999999999872 ) ) ;
#10458 = CARTESIAN_POINT ( 'NONE',  ( -0.04200000000000000955, 0.05000000000000000278, 0.1199999999999999956 ) ) ;
#10459 = EDGE_LOOP ( 'NONE', ( #10628, #549, #7788, #1816, #3769, #9346, #9240, #5599 ) ) ;
#10460 = DIRECTION ( 'NONE',  ( 1.000000000000000000, 0.000000000000000000, -0.000000000000000000 ) ) ;
#10461 = ADVANCED_FACE ( 'NONE', ( #11533 ), #11327, .F. ) ;
#10462 = CARTESIAN_POINT ( 'NONE',  ( -0.1079999999999999988, -0.06600000000000000311, 0.1199999999999999956 ) ) ;
#10463 = CARTESIAN_POINT ( 'NONE',  ( 0.1079999999999999988, 0.05000000000000000278, -0.01700000000000000122 ) ) ;
#10464 = AXIS2_PLACEMENT_3D ( 'NONE', #2270, #3162, #9533 ) ;
#10465 = MECHANICAL_DESIGN_GEOMETRIC_PRESENTATION_REPRESENTATION (  '', ( #8141 ), #8343 ) ;
#10466 =( CONVERSION_BASED_UNIT ( 'INCH', #9445 ) LENGTH_UNIT ( ) NAMED_UNIT ( #5416 ) );
#10467 =( CONVERSION_BASED_UNIT ( 'INCH', #4066 ) LENGTH_UNIT ( ) NAMED_UNIT ( #10472 ) );
#10468 = DIRECTION ( 'NONE',  ( 0.8741572761215379295, 0.4856429311786318315, 0.000000000000000000 ) ) ;
#10469 = EDGE_CURVE ( 'NONE', #8174, #11737, #5191, .T. ) ;
#10470 = LENGTH_MEASURE_WITH_UNIT ( LENGTH_MEASURE( 0.02539999999999999897 ), #5992 );
#10471 = ORIENTED_EDGE ( 'NONE', *, *, #10835, .T. ) ;
#10472 = DIMENSIONAL_EXPONENTS ( 1.000000000000000000, 0.000000000000000000, 0.000000000000000000, 0.000000000000000000, 0.000000000000000000, 0.000000000000000000, 0.000000000000000000 ) ;
#10473 = MECHANICAL_DESIGN_GEOMETRIC_PRESENTATION_REPRESENTATION (  '', ( #11426 ), #1694 ) ;
#10474 = PRESENTATION_LAYER_ASSIGNMENT (  '', '', ( #1518 ) ) ;
#10475 = ORIENTED_EDGE ( 'NONE', *, *, #6496, .T. ) ;
#10476 = EDGE_LOOP ( 'NONE', ( #1473, #9899, #7304, #6614, #817, #512, #3917, #1861 ) ) ;
#10477 = PLANE ( 'NONE',  #1575 ) ;
#10478 = DIRECTION ( 'NONE',  ( 0.000000000000000000, -0.000000000000000000, 1.000000000000000000 ) ) ;
#10479 =( NAMED_UNIT ( * ) PLANE_ANGLE_UNIT ( ) SI_UNIT ( $, .RADIAN. ) );
#10480 = UNCERTAINTY_MEASURE_WITH_UNIT (LENGTH_MEASURE( 1.000000000000000082E-05 ), #83, 'distance_accuracy_value', 'NONE');
#10481 = LINE ( 'NONE', #11544, #4140 ) ;
#10482 = VERTEX_POINT ( 'NONE', #2265 ) ;
#10483 =( NAMED_UNIT ( * ) PLANE_ANGLE_UNIT ( ) SI_UNIT ( $, .RADIAN. ) );
#10484 = AXIS2_PLACEMENT_3D ( 'NONE', #8770, #7860, #8537 ) ;
#10485 = VERTEX_POINT ( 'NONE', #8829 ) ;
#10486 = DIRECTION ( 'NONE',  ( 0.000000000000000000, 1.778546870875169980E-16, -1.000000000000000000 ) ) ;
#10487 =( NAMED_UNIT ( * ) SI_UNIT ( $, .STERADIAN. ) SOLID_ANGLE_UNIT ( ) );
#10488 =( LENGTH_UNIT ( ) NAMED_UNIT ( * ) SI_UNIT ( $, .METRE. ) );
#10489 = ORIENTED_EDGE ( 'NONE', *, *, #6662, .F. ) ;
#10490 = FACE_OUTER_BOUND ( 'NONE', #6404, .T. ) ;
#10491 = DIRECTION ( 'NONE',  ( -1.000000000000000000, 0.000000000000000000, -0.000000000000000000 ) ) ;
#10492 = UNCERTAINTY_MEASURE_WITH_UNIT (LENGTH_MEASURE( 1.000000000000000082E-05 ), #5743, 'distance_accuracy_value', 'NONE');
#10493 = DIRECTION ( 'NONE',  ( 0.000000000000000000, -0.000000000000000000, -1.000000000000000000 ) ) ;
#10494 = PLANE ( 'NONE',  #11752 ) ;
#10495 = DIRECTION ( 'NONE',  ( 1.000000000000000000, 0.000000000000000000, 0.000000000000000000 ) ) ;
#10496 = DIRECTION ( 'NONE',  ( -0.000000000000000000, -0.000000000000000000, -1.000000000000000000 ) ) ;
#10497 = AXIS2_PLACEMENT_3D ( 'NONE', #3888, #395, #7670 ) ;
#10498 = FILL_AREA_STYLE_COLOUR ( '', #7837 ) ;
#10499 = ADVANCED_FACE ( 'NONE', ( #4297 ), #11595, .F. ) ;
#10500 = CARTESIAN_POINT ( 'NONE',  ( 0.04200000000000000955, 0.1759999999999999898, -0.03300000000000002931 ) ) ;
#10501 = DIRECTION ( 'NONE',  ( -0.4856429311786310543, 0.8741572761215382625, 0.000000000000000000 ) ) ;
#10502 = DIRECTION ( 'NONE',  ( 0.000000000000000000, -7.532669100177199608E-16, 1.000000000000000000 ) ) ;
#10503 = ORIENTED_EDGE ( 'NONE', *, *, #4599, .T. ) ;
#10504 = EDGE_LOOP ( 'NONE', ( #1021, #4330, #6117, #6395 ) ) ;
#10505 = MECHANICAL_DESIGN_GEOMETRIC_PRESENTATION_REPRESENTATION (  '', ( #9734 ), #2507 ) ;
#10506 = CARTESIAN_POINT ( 'NONE',  ( 0.09199999999999999845, -0.06600000000000000311, 0.01699999999999996653 ) ) ;
#10507 = STYLED_ITEM ( 'NONE', ( #4063 ), #6304 ) ;
#10508 = VERTEX_POINT ( 'NONE', #2898 ) ;
#10509 = SURFACE_STYLE_FILL_AREA ( #6861 ) ;
#10510 =( NAMED_UNIT ( * ) PLANE_ANGLE_UNIT ( ) SI_UNIT ( $, .RADIAN. ) );
#10511 = EDGE_CURVE ( 'NONE', #6114, #7220, #11793, .T. ) ;
#10512 = LENGTH_MEASURE_WITH_UNIT ( LENGTH_MEASURE( 0.02539999999999999897 ), #6757 );
#10513 = DIRECTION ( 'NONE',  ( 0.4856429311786310543, -0.8741572761215382625, 0.000000000000000000 ) ) ;
#10514 = DIRECTION ( 'NONE',  ( 0.000000000000000000, 0.000000000000000000, -1.000000000000000000 ) ) ;
#10515 = LINE ( 'NONE', #2352, #10842 ) ;
#10516 = DIMENSIONAL_EXPONENTS ( 1.000000000000000000, 0.000000000000000000, 0.000000000000000000, 0.000000000000000000, 0.000000000000000000, 0.000000000000000000, 0.000000000000000000 ) ;
#10517 = VECTOR ( 'NONE', #1787, 39.37007874015748854 ) ;
#10518 = FACE_OUTER_BOUND ( 'NONE', #7407, .T. ) ;
#10519 = MECHANICAL_DESIGN_GEOMETRIC_PRESENTATION_REPRESENTATION (  '', ( #7062 ), #2154 ) ;
#10520 = ORIENTED_EDGE ( 'NONE', *, *, #5316, .T. ) ;
#10521 = STYLED_ITEM ( 'NONE', ( #204 ), #2869 ) ;
#10522 = CARTESIAN_POINT ( 'NONE',  ( 0.1079999999999999988, -0.06600000000000000311, 0.01700000000000000122 ) ) ;
#10523 = FILL_AREA_STYLE ('',( #6872 ) ) ;
#10524 = VERTEX_POINT ( 'NONE', #8165 ) ;
#10525 = EDGE_CURVE ( 'NONE', #10539, #10251, #8109, .T. ) ;
#10526 = COLOUR_RGB ( '',0.8627450980392157298, 0.6274509803921568540, 0.05882352941176470507 ) ;
#10527 = ORIENTED_EDGE ( 'NONE', *, *, #6812, .F. ) ;
#10528 = MECHANICAL_DESIGN_GEOMETRIC_PRESENTATION_REPRESENTATION (  '', ( #4609 ), #1032 ) ;
#10529 = LINE ( 'NONE', #6829, #2734 ) ;
#10530 = DIRECTION ( 'NONE',  ( 0.000000000000000000, 0.000000000000000000, 1.000000000000000000 ) ) ;
#10531 =( NAMED_UNIT ( * ) PLANE_ANGLE_UNIT ( ) SI_UNIT ( $, .RADIAN. ) );
#10532 = DIRECTION ( 'NONE',  ( -0.000000000000000000, -1.000000000000000000, -0.000000000000000000 ) ) ;
#10533 = ADVANCED_FACE ( 'NONE', ( #3663 ), #1737, .F. ) ;
#10534 = CARTESIAN_POINT ( 'NONE',  ( 0.05800000000000000294, -0.06600000000000000311, 0.1199999999999999956 ) ) ;
#10535 = EDGE_LOOP ( 'NONE', ( #2709, #3596, #3022, #8550 ) ) ;
#10536 = SURFACE_STYLE_USAGE ( .BOTH. , #718 ) ;
#10537 = PLANE ( 'NONE',  #2781 ) ;
#10538 = FACE_OUTER_BOUND ( 'NONE', #11089, .T. ) ;
#10539 = VERTEX_POINT ( 'NONE', #9893 ) ;
#10540 = AXIS2_PLACEMENT_3D ( 'NONE', #75, #8988, #986 ) ;
#10541 =( LENGTH_UNIT ( ) NAMED_UNIT ( * ) SI_UNIT ( $, .METRE. ) );
#10542 = DIMENSIONAL_EXPONENTS ( 1.000000000000000000, 0.000000000000000000, 0.000000000000000000, 0.000000000000000000, 0.000000000000000000, 0.000000000000000000, 0.000000000000000000 ) ;
#10543 = VECTOR ( 'NONE', #11732, 39.37007874015748143 ) ;
#10544 = CARTESIAN_POINT ( 'NONE',  ( 8.537024980200822558E-19, -6.829619984160658046E-18, 1.600692183787654230E-18 ) ) ;
#10545 =( NAMED_UNIT ( * ) SI_UNIT ( $, .STERADIAN. ) SOLID_ANGLE_UNIT ( ) );
#10546 = SURFACE_SIDE_STYLE ('',( #4153 ) ) ;
#10547 = DIRECTION ( 'NONE',  ( 1.000000000000000000, 0.000000000000000000, 0.000000000000000000 ) ) ;
#10548 =( NAMED_UNIT ( * ) PLANE_ANGLE_UNIT ( ) SI_UNIT ( $, .RADIAN. ) );
#10549 = ORIENTED_EDGE ( 'NONE', *, *, #7195, .T. ) ;
#10550 = LENGTH_MEASURE_WITH_UNIT ( LENGTH_MEASURE( 0.02539999999999999897 ), #7016 );
#10551 = SURFACE_SIDE_STYLE ('',( #4208 ) ) ;
#10552 = LINE ( 'NONE', #2327, #2992 ) ;
#10553 =( NAMED_UNIT ( * ) PLANE_ANGLE_UNIT ( ) SI_UNIT ( $, .RADIAN. ) );
#10554 = PRESENTATION_STYLE_ASSIGNMENT (( #11453 ) ) ;
#10555 = EDGE_CURVE ( 'NONE', #5206, #8585, #10746, .T. ) ;
#10556 = DIRECTION ( 'NONE',  ( 1.000000000000000000, 0.000000000000000000, 0.000000000000000000 ) ) ;
#10557 = CARTESIAN_POINT ( 'NONE',  ( 0.09199999999999999845, 0.05000000000000000278, -0.03299999999999999462 ) ) ;
#10558 = LENGTH_MEASURE_WITH_UNIT ( LENGTH_MEASURE( 0.02539999999999999897 ), #3180 );
#10559 = ORIENTED_EDGE ( 'NONE', *, *, #2229, .T. ) ;
#10560 = PRESENTATION_LAYER_ASSIGNMENT (  '', '', ( #5998 ) ) ;
#10561 = ORIENTED_EDGE ( 'NONE', *, *, #8233, .T. ) ;
#10562 = STYLED_ITEM ( 'NONE', ( #11006 ), #10755 ) ;
#10563 = CARTESIAN_POINT ( 'NONE',  ( 0.1079999999999999988, -0.06600000000000000311, 0.03300000000000000155 ) ) ;
#10564 = PRESENTATION_STYLE_ASSIGNMENT (( #5175 ) ) ;
#10565 = MECHANICAL_DESIGN_GEOMETRIC_PRESENTATION_REPRESENTATION (  '', ( #5050 ), #2808 ) ;
#10566 =( NAMED_UNIT ( * ) SI_UNIT ( $, .STERADIAN. ) SOLID_ANGLE_UNIT ( ) );
#10567 =( NAMED_UNIT ( * ) SI_UNIT ( $, .STERADIAN. ) SOLID_ANGLE_UNIT ( ) );
#10568 = ORIENTED_EDGE ( 'NONE', *, *, #1271, .T. ) ;
#10569 = PLANE ( 'NONE',  #3189 ) ;
#10570 = DIRECTION ( 'NONE',  ( 0.4856429311786310543, -0.8741572761215382625, 0.000000000000000000 ) ) ;
#10571 = AXIS2_PLACEMENT_3D ( 'NONE', #5661, #4514, #9289 ) ;
#10572 = VECTOR ( 'NONE', #3083, 39.37007874015748143 ) ;
#10573 = LINE ( 'NONE', #1519, #7239 ) ;
#10574 = PRESENTATION_STYLE_ASSIGNMENT (( #6053 ) ) ;
#10575 =( CONVERSION_BASED_UNIT ( 'INCH', #410 ) LENGTH_UNIT ( ) NAMED_UNIT ( #2252 ) );
#10576 =( GEOMETRIC_REPRESENTATION_CONTEXT ( 3 ) GLOBAL_UNCERTAINTY_ASSIGNED_CONTEXT ( ( #7663 ) ) GLOBAL_UNIT_ASSIGNED_CONTEXT ( ( #2718, #9152, #4658 ) ) REPRESENTATION_CONTEXT ( 'NONE', 'WORKASPACE' ) );
#10577 = EDGE_LOOP ( 'NONE', ( #8473, #331, #8798, #478 ) ) ;
#10578 = SURFACE_STYLE_USAGE ( .BOTH. , #6058 ) ;
#10579 = VECTOR ( 'NONE', #2899, 39.37007874015748143 ) ;
#10580 = STYLED_ITEM ( 'NONE', ( #7813 ), #245 ) ;
#10581 = ADVANCED_FACE ( 'NONE', ( #4274 ), #11703, .T. ) ;
#10582 = VECTOR ( 'NONE', #3120, 39.37007874015748143 ) ;
#10583 = VERTEX_POINT ( 'NONE', #2640 ) ;
#10584 =( NAMED_UNIT ( * ) SI_UNIT ( $, .STERADIAN. ) SOLID_ANGLE_UNIT ( ) );
#10585 = PLANE ( 'NONE',  #1734 ) ;
#10586 = ORIENTED_EDGE ( 'NONE', *, *, #10349, .F. ) ;
#10587 =( CONVERSION_BASED_UNIT ( 'INCH', #8723 ) LENGTH_UNIT ( ) NAMED_UNIT ( #3912 ) );
#10588 = MECHANICAL_DESIGN_GEOMETRIC_PRESENTATION_REPRESENTATION (  '', ( #5839 ), #8283 ) ;
#10589 = EDGE_CURVE ( 'NONE', #4202, #5746, #2571, .T. ) ;
#10590 = UNCERTAINTY_MEASURE_WITH_UNIT (LENGTH_MEASURE( 1.000000000000000082E-05 ), #8748, 'distance_accuracy_value', 'NONE');
#10591 = CARTESIAN_POINT ( 'NONE',  ( -0.09199999999999999845, 0.2099999999999999922, -0.01700000000000000122 ) ) ;
#10592 = VECTOR ( 'NONE', #1397, 39.37007874015748143 ) ;
#10593 = ADVANCED_FACE ( 'NONE', ( #6272 ), #5233, .F. ) ;
#10594 = PRESENTATION_STYLE_ASSIGNMENT (( #4077 ) ) ;
#10595 =( NAMED_UNIT ( * ) PLANE_ANGLE_UNIT ( ) SI_UNIT ( $, .RADIAN. ) );
#10596 =( NAMED_UNIT ( * ) SI_UNIT ( $, .STERADIAN. ) SOLID_ANGLE_UNIT ( ) );
#10597 = ORIENTED_EDGE ( 'NONE', *, *, #9818, .F. ) ;
#10598 = DIRECTION ( 'NONE',  ( 1.000000000000000000, 0.000000000000000000, -0.000000000000000000 ) ) ;
#10599 = DIMENSIONAL_EXPONENTS ( 1.000000000000000000, 0.000000000000000000, 0.000000000000000000, 0.000000000000000000, 0.000000000000000000, 0.000000000000000000, 0.000000000000000000 ) ;
#10600 = CARTESIAN_POINT ( 'NONE',  ( -0.02500000000000000139, 0.05000000000000000278, -0.005000000000000000104 ) ) ;
#10601 = ORIENTED_EDGE ( 'NONE', *, *, #4548, .F. ) ;
#10602 = PLANE ( 'NONE',  #3486 ) ;
#10603 = CARTESIAN_POINT ( 'NONE',  ( 0.2879999999999999782, 0.01999999999999999695, -0.03300000000000000155 ) ) ;
#10604 = VECTOR ( 'NONE', #1940, 39.37007874015748143 ) ;
#10605 = EDGE_CURVE ( 'NONE', #7780, #4726, #10216, .T. ) ;
#10606 = DIRECTION ( 'NONE',  ( 0.000000000000000000, 0.000000000000000000, -1.000000000000000000 ) ) ;
#10607 = FACE_BOUND ( 'NONE', #3035, .T. ) ;
#10608 = SURFACE_SIDE_STYLE ('',( #3223 ) ) ;
#10609 = UNCERTAINTY_MEASURE_WITH_UNIT (LENGTH_MEASURE( 1.000000000000000082E-05 ), #6822, 'distance_accuracy_value', 'NONE');
#10610 = STYLED_ITEM ( 'NONE', ( #11491 ), #2156 ) ;
#10611 = EDGE_CURVE ( 'NONE', #11573, #6974, #2832, .T. ) ;
#10612 = MECHANICAL_DESIGN_GEOMETRIC_PRESENTATION_REPRESENTATION (  '', ( #10245 ), #5071 ) ;
#10613 = APPLICATION_CONTEXT ( 'automotive_design' ) ;
#10614 = STYLED_ITEM ( 'NONE', ( #7290 ), #8905 ) ;
#10615 =( NAMED_UNIT ( * ) SI_UNIT ( $, .STERADIAN. ) SOLID_ANGLE_UNIT ( ) );
#10616 = ORIENTED_EDGE ( 'NONE', *, *, #3585, .F. ) ;
#10617 = PLANE ( 'NONE',  #10336 ) ;
#10618 =( NAMED_UNIT ( * ) SI_UNIT ( $, .STERADIAN. ) SOLID_ANGLE_UNIT ( ) );
#10619 = SURFACE_STYLE_FILL_AREA ( #6962 ) ;
#10620 = SURFACE_STYLE_USAGE ( .BOTH. , #7775 ) ;
#10621 = VECTOR ( 'NONE', #1881, 39.37007874015748143 ) ;
#10622 = UNCERTAINTY_MEASURE_WITH_UNIT (LENGTH_MEASURE( 1.000000000000000082E-05 ), #2544, 'distance_accuracy_value', 'NONE');
#10623 = MECHANICAL_DESIGN_GEOMETRIC_PRESENTATION_REPRESENTATION (  '', ( #548 ), #9663 ) ;
#10624 = LINE ( 'NONE', #447, #8562 ) ;
#10625 = DIMENSIONAL_EXPONENTS ( 1.000000000000000000, 0.000000000000000000, 0.000000000000000000, 0.000000000000000000, 0.000000000000000000, 0.000000000000000000, 0.000000000000000000 ) ;
#10626 = DIRECTION ( 'NONE',  ( 0.000000000000000000, -1.000000000000000000, -0.000000000000000000 ) ) ;
#10627 = SURFACE_STYLE_USAGE ( .BOTH. , #1389 ) ;
#10628 = ORIENTED_EDGE ( 'NONE', *, *, #7739, .T. ) ;
#10629 = ORIENTED_EDGE ( 'NONE', *, *, #7833, .T. ) ;
#10630 = CARTESIAN_POINT ( 'NONE',  ( 0.04199999999999998873, 0.02000000000000000042, -0.05999999999999999778 ) ) ;
#10631 = LINE ( 'NONE', #3295, #8655 ) ;
#10632 = COLOUR_RGB ( '',0.8627450980392157298, 0.6274509803921568540, 0.05882352941176470507 ) ;
#10633 =( LENGTH_UNIT ( ) NAMED_UNIT ( * ) SI_UNIT ( $, .METRE. ) );
#10634 = ORIENTED_EDGE ( 'NONE', *, *, #9825, .T. ) ;
#10635 = FACE_OUTER_BOUND ( 'NONE', #2642, .T. ) ;
#10636 =( NAMED_UNIT ( * ) SI_UNIT ( $, .STERADIAN. ) SOLID_ANGLE_UNIT ( ) );
#10637 = LENGTH_MEASURE_WITH_UNIT ( LENGTH_MEASURE( 0.02539999999999999897 ), #5874 );
#10638 = CARTESIAN_POINT ( 'NONE',  ( -0.05300000000000000544, -0.07499999999999999722, 0.02199999999999999872 ) ) ;
#10639 = CARTESIAN_POINT ( 'NONE',  ( 0.007999999999999970676, 0.2099999999999999922, 0.03300000000000000155 ) ) ;
#10640 = PRESENTATION_STYLE_ASSIGNMENT (( #586 ) ) ;
#10641 = MECHANICAL_DESIGN_GEOMETRIC_PRESENTATION_REPRESENTATION (  '', ( #9495 ), #3609 ) ;
#10642 = VECTOR ( 'NONE', #11524, 39.37007874015748854 ) ;
#10643 = DIRECTION ( 'NONE',  ( 0.000000000000000000, 0.000000000000000000, 1.000000000000000000 ) ) ;
#10644 = VERTEX_POINT ( 'NONE', #2110 ) ;
#10645 =( LENGTH_UNIT ( ) NAMED_UNIT ( * ) SI_UNIT ( $, .METRE. ) );
#10646 = CARTESIAN_POINT ( 'NONE',  ( 0.1079999999999999988, 0.1759999999999999898, -0.03300000000000000155 ) ) ;
#10647 = EDGE_LOOP ( 'NONE', ( #8769, #6641, #3440, #4838 ) ) ;
#10648 = VECTOR ( 'NONE', #3179, 39.37007874015748143 ) ;
#10649 = PRESENTATION_STYLE_ASSIGNMENT (( #9518 ) ) ;
#10650 = ORIENTED_EDGE ( 'NONE', *, *, #4213, .T. ) ;
#10651 = CARTESIAN_POINT ( 'NONE',  ( -0.3109999999999999987, 0.04499999999999999833, 0.02500000000000000139 ) ) ;
#10652 = DIRECTION ( 'NONE',  ( 1.000000000000000000, 0.000000000000000000, 0.000000000000000000 ) ) ;
#10653 = FILL_AREA_STYLE_COLOUR ( '', #11691 ) ;
#10654 = SURFACE_STYLE_FILL_AREA ( #4422 ) ;
#10655 = EDGE_CURVE ( 'NONE', #4936, #10251, #9426, .T. ) ;
#10656 = FILL_AREA_STYLE_COLOUR ( '', #1315 ) ;
#10657 =( NAMED_UNIT ( * ) PLANE_ANGLE_UNIT ( ) SI_UNIT ( $, .RADIAN. ) );
#10658 =( GEOMETRIC_REPRESENTATION_CONTEXT ( 3 ) GLOBAL_UNCERTAINTY_ASSIGNED_CONTEXT ( ( #7954 ) ) GLOBAL_UNIT_ASSIGNED_CONTEXT ( ( #10467, #11364, #9614 ) ) REPRESENTATION_CONTEXT ( 'NONE', 'WORKASPACE' ) );
#10659 = VECTOR ( 'NONE', #4438, 39.37007874015748143 ) ;
#10660 = ORIENTED_EDGE ( 'NONE', *, *, #10992, .F. ) ;
#10661 = SURFACE_SIDE_STYLE ('',( #6186 ) ) ;
#10662 = CARTESIAN_POINT ( 'NONE',  ( 0.3009999999999999898, 0.000000000000000000, -0.02500000000000000139 ) ) ;
#10663 = ORIENTED_EDGE ( 'NONE', *, *, #5262, .F. ) ;
#10664 =( CONVERSION_BASED_UNIT ( 'INCH', #4977 ) LENGTH_UNIT ( ) NAMED_UNIT ( #8053 ) );
#10665 = DIRECTION ( 'NONE',  ( 1.000000000000000000, 0.000000000000000000, -0.000000000000000000 ) ) ;
#10666 = EDGE_CURVE ( 'NONE', #8899, #11574, #9311, .T. ) ;
#10667 = LINE ( 'NONE', #9877, #8892 ) ;
#10668 =( CONVERSION_BASED_UNIT ( 'INCH', #3995 ) LENGTH_UNIT ( ) NAMED_UNIT ( #10702 ) );
#10669 = SURFACE_SIDE_STYLE ('',( #10730 ) ) ;
#10670 = FILL_AREA_STYLE ('',( #2630 ) ) ;
#10671 = EDGE_CURVE ( 'NONE', #5337, #9389, #10089, .T. ) ;
#10672 = DIRECTION ( 'NONE',  ( -0.4856429311786317760, -0.8741572761215378184, 0.000000000000000000 ) ) ;
#10673 = FACE_OUTER_BOUND ( 'NONE', #2584, .T. ) ;
#10674 = ORIENTED_EDGE ( 'NONE', *, *, #8009, .T. ) ;
#10675 =( CONVERSION_BASED_UNIT ( 'INCH', #919 ) LENGTH_UNIT ( ) NAMED_UNIT ( #411 ) );
#10676 = DIMENSIONAL_EXPONENTS ( 1.000000000000000000, 0.000000000000000000, 0.000000000000000000, 0.000000000000000000, 0.000000000000000000, 0.000000000000000000, 0.000000000000000000 ) ;
#10677 = EDGE_CURVE ( 'NONE', #4196, #2175, #1173, .T. ) ;
#10678 = DIRECTION ( 'NONE',  ( -1.000000000000000000, 0.000000000000000000, -0.000000000000000000 ) ) ;
#10679 = DIRECTION ( 'NONE',  ( 0.8741572761215383736, -0.4856429311786311098, 0.000000000000000000 ) ) ;
#10680 = CARTESIAN_POINT ( 'NONE',  ( 0.05299999999999997768, 0.1849999999999999978, 0.02799999999999999711 ) ) ;
#10681 = DIRECTION ( 'NONE',  ( 0.000000000000000000, 0.000000000000000000, 1.000000000000000000 ) ) ;
#10682 = FILL_AREA_STYLE ('',( #8805 ) ) ;
#10683 = DIRECTION ( 'NONE',  ( 0.000000000000000000, -0.4856429311786311098, 0.8741572761215383736 ) ) ;
#10684 = EDGE_LOOP ( 'NONE', ( #4676, #10816, #9119, #7530 ) ) ;
#10685 = EDGE_LOOP ( 'NONE', ( #1370, #9136, #10395, #1490 ) ) ;
#10686 = CARTESIAN_POINT ( 'NONE',  ( -0.04699999999999999317, -0.07499999999999999722, 0.1199999999999999956 ) ) ;
#10687 = VECTOR ( 'NONE', #5611, 39.37007874015748143 ) ;
#10688 = CARTESIAN_POINT ( 'NONE',  ( 0.04200000000000000955, 0.04000000000000000083, 0.01700000000000000122 ) ) ;
#10689 = EDGE_LOOP ( 'NONE', ( #465, #9777, #5837, #6309 ) ) ;
#10690 = CARTESIAN_POINT ( 'NONE',  ( 0.1079999999999999988, 0.05000000000000000278, -0.01700000000000000122 ) ) ;
#10691 = LENGTH_MEASURE_WITH_UNIT ( LENGTH_MEASURE( 0.02539999999999999897 ), #4007 );
#10692 =( LENGTH_UNIT ( ) NAMED_UNIT ( * ) SI_UNIT ( $, .METRE. ) );
#10693 = CARTESIAN_POINT ( 'NONE',  ( 0.05299999999999997768, -0.07499999999999999722, -0.02799999999999999711 ) ) ;
#10694 = CARTESIAN_POINT ( 'NONE',  ( -0.1250000000000000000, 0.2099999999999999922, 0.1000000000000000056 ) ) ;
#10695 = DIRECTION ( 'NONE',  ( -1.000000000000000000, 0.000000000000000000, 0.000000000000000000 ) ) ;
#10696 = STYLED_ITEM ( 'NONE', ( #304 ), #3752 ) ;
#10697 =( CONVERSION_BASED_UNIT ( 'INCH', #7795 ) LENGTH_UNIT ( ) NAMED_UNIT ( #3700 ) );
#10698 = VERTEX_POINT ( 'NONE', #2890 ) ;
#10699 = EDGE_LOOP ( 'NONE', ( #3437, #2337, #10402, #9605 ) ) ;
#10700 = LINE ( 'NONE', #4231, #11378 ) ;
#10701 = PRESENTATION_LAYER_ASSIGNMENT (  '', '', ( #10907 ) ) ;
#10702 = DIMENSIONAL_EXPONENTS ( 1.000000000000000000, 0.000000000000000000, 0.000000000000000000, 0.000000000000000000, 0.000000000000000000, 0.000000000000000000, 0.000000000000000000 ) ;
#10703 = FILL_AREA_STYLE ('',( #7042 ) ) ;
#10704 = VERTEX_POINT ( 'NONE', #4769 ) ;
#10705 = LINE ( 'NONE', #8112, #9174 ) ;
#10706 = ORIENTED_EDGE ( 'NONE', *, *, #8674, .F. ) ;
#10707 =( LENGTH_UNIT ( ) NAMED_UNIT ( * ) SI_UNIT ( $, .METRE. ) );
#10708 = COLOUR_RGB ( '',0.8627450980392157298, 0.6274509803921568540, 0.05882352941176470507 ) ;
#10709 = SURFACE_SIDE_STYLE ('',( #6573 ) ) ;
#10710 = SURFACE_STYLE_USAGE ( .BOTH. , #9739 ) ;
#10711 = STYLED_ITEM ( 'NONE', ( #6560 ), #7349 ) ;
#10712 = PRESENTATION_LAYER_ASSIGNMENT (  '', '', ( #633 ) ) ;
#10713 = PLANE ( 'NONE',  #8506 ) ;
#10714 =( NAMED_UNIT ( * ) SI_UNIT ( $, .STERADIAN. ) SOLID_ANGLE_UNIT ( ) );
#10715 = ORIENTED_EDGE ( 'NONE', *, *, #5104, .T. ) ;
#10716 = VECTOR ( 'NONE', #120, 39.37007874015748143 ) ;
#10717 = CARTESIAN_POINT ( 'NONE',  ( 0.1030000000000000360, 0.1849999999999999978, 0.1199999999999999956 ) ) ;
#10718 = COLOUR_RGB ( '',0.8627450980392157298, 0.6274509803921568540, 0.05882352941176470507 ) ;
#10719 = VECTOR ( 'NONE', #2400, 39.37007874015748143 ) ;
#10720 = MECHANICAL_DESIGN_GEOMETRIC_PRESENTATION_REPRESENTATION (  '', ( #66 ), #5937 ) ;
#10721 = EDGE_CURVE ( 'NONE', #2620, #9873, #397, .T. ) ;
#10722 = CARTESIAN_POINT ( 'NONE',  ( 0.007999999999999989758, 0.2099999999999999922, -0.01700000000000000122 ) ) ;
#10723 = ORIENTED_EDGE ( 'NONE', *, *, #7763, .T. ) ;
#10724 = CARTESIAN_POINT ( 'NONE',  ( -0.05800000000000000294, -0.06600000000000000311, 0.1199999999999999956 ) ) ;
#10725 = DIRECTION ( 'NONE',  ( 0.8741572761215383736, 0.4856429311786311098, 0.000000000000000000 ) ) ;
#10726 = VECTOR ( 'NONE', #710, 39.37007874015748143 ) ;
#10727 = LINE ( 'NONE', #4323, #6806 ) ;
#10728 =( GEOMETRIC_REPRESENTATION_CONTEXT ( 3 ) GLOBAL_UNCERTAINTY_ASSIGNED_CONTEXT ( ( #9892 ) ) GLOBAL_UNIT_ASSIGNED_CONTEXT ( ( #11261, #11152, #9394 ) ) REPRESENTATION_CONTEXT ( 'NONE', 'WORKASPACE' ) );
#10729 = FILL_AREA_STYLE ('',( #6744 ) ) ;
#10730 = SURFACE_STYLE_FILL_AREA ( #6259 ) ;
#10731 =( NAMED_UNIT ( * ) PLANE_ANGLE_UNIT ( ) SI_UNIT ( $, .RADIAN. ) );
#10732 = VECTOR ( 'NONE', #11452, 39.37007874015748143 ) ;
#10733 = SURFACE_STYLE_FILL_AREA ( #5529 ) ;
#10734 = EDGE_CURVE ( 'NONE', #7142, #413, #8395, .T. ) ;
#10735 =( NAMED_UNIT ( * ) PLANE_ANGLE_UNIT ( ) SI_UNIT ( $, .RADIAN. ) );
#10736 = STYLED_ITEM ( 'NONE', ( #11064 ), #7011 ) ;
#10737 = EDGE_LOOP ( 'NONE', ( #1716, #8190, #10995, #10949 ) ) ;
#10738 = PRESENTATION_STYLE_ASSIGNMENT (( #11693 ) ) ;
#10739 = CARTESIAN_POINT ( 'NONE',  ( 0.05800000000000000294, 0.1759999999999999898, 0.1199999999999999956 ) ) ;
#10740 = CLOSED_SHELL ( 'NONE', ( #981, #4952, #989, #4947, #2373, #9924, #1560, #2882, #3228, #9055, #6572, #10461, #10210, #4883, #4426, #245, #8324, #8905, #7145, #7782, #9944, #10437, #7794, #1826, #5405, #6733, #10322, #3545, #1733, #10593, #6671, #3443, #8378, #7129, #3464, #7453, #1913, #7278, #6373, #5267, #1660, #6933, #3256, #4763, #8875, #9975, #6594, #2135, #5606, #5731, #894, #11404, #6880, #8602, #11264, #2156, #3886, #5032, #10533, #4366, #7011, #3832, #124, #10499, #9850, #2587, #5349, #7802, #11616, #6606, #173, #2284, #4541, #10284, #9773, #10821, #751, #2742, #8969, #6242, #9907, #9189, #14, #643, #7586, #8330, #10134, #7594, #5783, #3036, #9564, #5273, #11446, #2578, #3752, #2295, #9709, #1354, #6675, #8881, #3525, #3434, #11145, #9338, #10019, #6162, #7349, #3100, #5947, #6946, #3313, #7340, #11476, #9702, #2017, #2932, #27, #842, #2274, #551, #5151, #99, #1000, #2779, #260, #3527, #8734, #8303, #8236, #563, #10884, #8948, #4536, #9917, #5382, #5796, #4511, #7659, #4432, #7868, #7789, #10432, #9138, #3157, #553, #4810, #1044, #6157, #1994, #6801, #8508, #455, #5172, #6304, #7201, #477, #10811, #11704 ) ) ;
#10741 = DIRECTION ( 'NONE',  ( -1.000000000000000000, 0.000000000000000000, -0.000000000000000000 ) ) ;
#10742 = UNCERTAINTY_MEASURE_WITH_UNIT (LENGTH_MEASURE( 1.000000000000000082E-05 ), #2753, 'distance_accuracy_value', 'NONE');
#10743 = FILL_AREA_STYLE ('',( #6039 ) ) ;
#10744 = VECTOR ( 'NONE', #5903, 39.37007874015748143 ) ;
#10745 = EDGE_CURVE ( 'NONE', #2674, #9316, #3057, .T. ) ;
#10746 = LINE ( 'NONE', #5299, #11169 ) ;
#10747 = CARTESIAN_POINT ( 'NONE',  ( 0.000000000000000000, 0.000000000000000000, 0.000000000000000000 ) ) ;
#10748 = ORIENTED_EDGE ( 'NONE', *, *, #2877, .F. ) ;
#10749 = ORIENTED_EDGE ( 'NONE', *, *, #9478, .F. ) ;
#10750 = DIRECTION ( 'NONE',  ( 1.000000000000000000, 0.000000000000000000, -0.000000000000000000 ) ) ;
#10751 = EDGE_CURVE ( 'NONE', #1805, #11255, #4881, .T. ) ;
#10752 = FILL_AREA_STYLE_COLOUR ( '', #1451 ) ;
#10753 = EDGE_CURVE ( 'NONE', #7418, #1104, #6690, .T. ) ;
#10754 = VERTEX_POINT ( 'NONE', #279 ) ;
#10755 = ADVANCED_FACE ( 'NONE', ( #11067 ), #7449, .T. ) ;
#10756 = CARTESIAN_POINT ( 'NONE',  ( -0.2899999999999999800, 0.06500000000000000222, 0.07000000000000000666 ) ) ;
#10757 = FACE_OUTER_BOUND ( 'NONE', #6500, .T. ) ;
#10758 = PRESENTATION_STYLE_ASSIGNMENT (( #8029 ) ) ;
#10759 = DIRECTION ( 'NONE',  ( 0.000000000000000000, -1.000000000000000000, 0.000000000000000000 ) ) ;
#10760 = CARTESIAN_POINT ( 'NONE',  ( -0.1080000000000000543, -0.06599999999999998923, -0.01699999999999999428 ) ) ;
#10761 = DIMENSIONAL_EXPONENTS ( 1.000000000000000000, 0.000000000000000000, 0.000000000000000000, 0.000000000000000000, 0.000000000000000000, 0.000000000000000000, 0.000000000000000000 ) ;
#10762 = VERTEX_POINT ( 'NONE', #4204 ) ;
#10763 = ORIENTED_EDGE ( 'NONE', *, *, #5255, .F. ) ;
#10764 = EDGE_CURVE ( 'NONE', #7973, #10158, #5285, .T. ) ;
#10765 = LENGTH_MEASURE_WITH_UNIT ( LENGTH_MEASURE( 0.02539999999999999897 ), #814 );
#10766 = PRESENTATION_LAYER_ASSIGNMENT (  '', '', ( #10376 ) ) ;
#10767 =( NAMED_UNIT ( * ) SI_UNIT ( $, .STERADIAN. ) SOLID_ANGLE_UNIT ( ) );
#10768 = VECTOR ( 'NONE', #4854, 39.37007874015748143 ) ;
#10769 = LINE ( 'NONE', #6418, #2021 ) ;
#10770 = ORIENTED_EDGE ( 'NONE', *, *, #11272, .T. ) ;
#10771 = VERTEX_POINT ( 'NONE', #6951 ) ;
#10772 = AXIS2_PLACEMENT_3D ( 'NONE', #4132, #7977, #11661 ) ;
#10773 = LINE ( 'NONE', #9736, #6725 ) ;
#10774 = CARTESIAN_POINT ( 'NONE',  ( 0.007999999999999989758, 0.05000000000000000971, 0.03300000000000000155 ) ) ;
#10775 = MECHANICAL_DESIGN_GEOMETRIC_PRESENTATION_REPRESENTATION (  '', ( #7695 ), #891 ) ;
#10776 = LENGTH_MEASURE_WITH_UNIT ( LENGTH_MEASURE( 0.02539999999999999897 ), #1744 );
#10777 =( NAMED_UNIT ( * ) SI_UNIT ( $, .STERADIAN. ) SOLID_ANGLE_UNIT ( ) );
#10778 = DIRECTION ( 'NONE',  ( -0.000000000000000000, 0.000000000000000000, 1.000000000000000000 ) ) ;
#10779 = VECTOR ( 'NONE', #8675, 39.37007874015748854 ) ;
#10780 = LINE ( 'NONE', #6073, #6756 ) ;
#10781 = STYLED_ITEM ( 'NONE', ( #7222 ), #207 ) ;
#10782 = ORIENTED_EDGE ( 'NONE', *, *, #1635, .F. ) ;
#10783 =( GEOMETRIC_REPRESENTATION_CONTEXT ( 3 ) GLOBAL_UNCERTAINTY_ASSIGNED_CONTEXT ( ( #8284 ) ) GLOBAL_UNIT_ASSIGNED_CONTEXT ( ( #6046, #6856, #4119 ) ) REPRESENTATION_CONTEXT ( 'NONE', 'WORKASPACE' ) );
#10784 = LENGTH_MEASURE_WITH_UNIT ( LENGTH_MEASURE( 0.02539999999999999897 ), #9639 );
#10785 =( GEOMETRIC_REPRESENTATION_CONTEXT ( 3 ) GLOBAL_UNCERTAINTY_ASSIGNED_CONTEXT ( ( #4041 ) ) GLOBAL_UNIT_ASSIGNED_CONTEXT ( ( #4057, #4118, #5980 ) ) REPRESENTATION_CONTEXT ( 'NONE', 'WORKASPACE' ) );
#10786 = ORIENTED_EDGE ( 'NONE', *, *, #1421, .T. ) ;
#10787 = VECTOR ( 'NONE', #4344, 39.37007874015748143 ) ;
#10788 =( LENGTH_UNIT ( ) NAMED_UNIT ( * ) SI_UNIT ( $, .METRE. ) );
#10789 = ORIENTED_EDGE ( 'NONE', *, *, #5504, .T. ) ;
#10790 = VECTOR ( 'NONE', #1344, 39.37007874015748143 ) ;
#10791 = MECHANICAL_DESIGN_GEOMETRIC_PRESENTATION_REPRESENTATION (  '', ( #4100 ), #4478 ) ;
#10792 = DIRECTION ( 'NONE',  ( 0.000000000000000000, 0.8741572761215371523, 0.4856429311786330527 ) ) ;
#10793 = DIMENSIONAL_EXPONENTS ( 1.000000000000000000, 0.000000000000000000, 0.000000000000000000, 0.000000000000000000, 0.000000000000000000, 0.000000000000000000, 0.000000000000000000 ) ;
#10794 =( NAMED_UNIT ( * ) PLANE_ANGLE_UNIT ( ) SI_UNIT ( $, .RADIAN. ) );
#10795 = PLANE ( 'NONE',  #8978 ) ;
#10796 = STYLED_ITEM ( 'NONE', ( #9071 ), #10210 ) ;
#10797 = LINE ( 'NONE', #5466, #9480 ) ;
#10798 = MECHANICAL_DESIGN_GEOMETRIC_PRESENTATION_REPRESENTATION (  '', ( #2222 ), #10785 ) ;
#10799 = DIRECTION ( 'NONE',  ( 0.000000000000000000, -0.4856429311786311098, 0.8741572761215383736 ) ) ;
#10800 = CARTESIAN_POINT ( 'NONE',  ( -0.1029999999999999943, 0.1849999999999999978, 0.02799999999999999711 ) ) ;
#10801 = AXIS2_PLACEMENT_3D ( 'NONE', #10869, #6264, #8138 ) ;
#10802 = FACE_OUTER_BOUND ( 'NONE', #4353, .T. ) ;
#10803 = CARTESIAN_POINT ( 'NONE',  ( 0.1079999999999999988, -0.07499999999999999722, -0.02799999999999999711 ) ) ;
#10804 = PRESENTATION_LAYER_ASSIGNMENT (  '', '', ( #9819 ) ) ;
#10805 = EDGE_CURVE ( 'NONE', #2733, #7460, #11495, .T. ) ;
#10806 =( LENGTH_UNIT ( ) NAMED_UNIT ( * ) SI_UNIT ( $, .METRE. ) );
#10807 = ORIENTED_EDGE ( 'NONE', *, *, #414, .F. ) ;
#10808 =( NAMED_UNIT ( * ) SI_UNIT ( $, .STERADIAN. ) SOLID_ANGLE_UNIT ( ) );
#10809 = CARTESIAN_POINT ( 'NONE',  ( 0.05800000000000000294, 0.05000000000000000278, -0.01700000000000000122 ) ) ;
#10810 =( LENGTH_UNIT ( ) NAMED_UNIT ( * ) SI_UNIT ( $, .METRE. ) );
#10811 = ADVANCED_FACE ( 'NONE', ( #7942 ), #667, .F. ) ;
#10812 = VECTOR ( 'NONE', #3543, 39.37007874015748143 ) ;
#10813 = DIRECTION ( 'NONE',  ( -1.000000000000000000, 0.000000000000000000, -0.000000000000000000 ) ) ;
#10814 =( NAMED_UNIT ( * ) SI_UNIT ( $, .STERADIAN. ) SOLID_ANGLE_UNIT ( ) );
#10815 = ORIENTED_EDGE ( 'NONE', *, *, #1217, .F. ) ;
#10816 = ORIENTED_EDGE ( 'NONE', *, *, #137, .T. ) ;
#10817 = CARTESIAN_POINT ( 'NONE',  ( 0.05799999999999999600, 0.1759999999999999898, 0.03299999999999995992 ) ) ;
#10818 = DIRECTION ( 'NONE',  ( 1.000000000000000000, -0.000000000000000000, 0.000000000000000000 ) ) ;
#10819 = UNCERTAINTY_MEASURE_WITH_UNIT (LENGTH_MEASURE( 1.000000000000000082E-05 ), #10697, 'distance_accuracy_value', 'NONE');
#10820 = CARTESIAN_POINT ( 'NONE',  ( 0.1079999999999999988, 0.1759999999999999898, -0.01700000000000000122 ) ) ;
#10821 = ADVANCED_FACE ( 'NONE', ( #2447 ), #3116, .F. ) ;
#10822 = SURFACE_SIDE_STYLE ('',( #7086 ) ) ;
#10823 = COLOUR_RGB ( '',0.8627450980392157298, 0.6274509803921568540, 0.05882352941176470507 ) ;
#10824 = ORIENTED_EDGE ( 'NONE', *, *, #10094, .F. ) ;
#10825 = VECTOR ( 'NONE', #9171, 39.37007874015748854 ) ;
#10826 = CARTESIAN_POINT ( 'NONE',  ( -0.2880000000000002558, 0.08000000000000000167, -0.1199999999999999956 ) ) ;
#10827 = CARTESIAN_POINT ( 'NONE',  ( -0.09199999999999999845, 0.1759999999999999898, 0.1199999999999999956 ) ) ;
#10828 = LINE ( 'NONE', #2653, #5293 ) ;
#10829 = ADVANCED_FACE ( 'NONE', ( #9652 ), #8743, .F. ) ;
#10830 = SURFACE_STYLE_USAGE ( .BOTH. , #7161 ) ;
#10831 = VERTEX_POINT ( 'NONE', #8308 ) ;
#10832 = ORIENTED_EDGE ( 'NONE', *, *, #916, .F. ) ;
#10833 = CARTESIAN_POINT ( 'NONE',  ( 0.05800000000000000294, 0.04000000000000000083, 0.01700000000000000122 ) ) ;
#10834 =( NAMED_UNIT ( * ) SI_UNIT ( $, .STERADIAN. ) SOLID_ANGLE_UNIT ( ) );
#10835 = EDGE_CURVE ( 'NONE', #7475, #6075, #5526, .T. ) ;
#10836 = ORIENTED_EDGE ( 'NONE', *, *, #4076, .T. ) ;
#10837 = FILL_AREA_STYLE_COLOUR ( '', #11769 ) ;
#10838 = LINE ( 'NONE', #9626, #11660 ) ;
#10839 = VERTEX_POINT ( 'NONE', #1087 ) ;
#10840 = LINE ( 'NONE', #6302, #10726 ) ;
#10841 = CARTESIAN_POINT ( 'NONE',  ( -0.1029999999999999943, -0.07499999999999998335, 0.02199999999999999872 ) ) ;
#10842 = VECTOR ( 'NONE', #463, 39.37007874015748143 ) ;
#10843 = EDGE_CURVE ( 'NONE', #9322, #8687, #189, .T. ) ;
#10844 = FILL_AREA_STYLE_COLOUR ( '', #5976 ) ;
#10845 = LENGTH_MEASURE_WITH_UNIT ( LENGTH_MEASURE( 0.02539999999999999897 ), #6180 );
#10846 = EDGE_LOOP ( 'NONE', ( #3836, #2574, #5276, #9571 ) ) ;
#10847 = EDGE_CURVE ( 'NONE', #8767, #4475, #11039, .T. ) ;
#10848 = VERTEX_POINT ( 'NONE', #9114 ) ;
#10849 = CARTESIAN_POINT ( 'NONE',  ( -0.09199999999999999845, 0.1759999999999999898, -0.03300000000000005707 ) ) ;
#10850 = DIMENSIONAL_EXPONENTS ( 1.000000000000000000, 0.000000000000000000, 0.000000000000000000, 0.000000000000000000, 0.000000000000000000, 0.000000000000000000, 0.000000000000000000 ) ;
#10851 = AXIS2_PLACEMENT_3D ( 'NONE', #10436, #3165, #10493 ) ;
#10852 = ORIENTED_EDGE ( 'NONE', *, *, #691, .F. ) ;
#10853 = ORIENTED_EDGE ( 'NONE', *, *, #9620, .F. ) ;
#10854 = LINE ( 'NONE', #5402, #8619 ) ;
#10855 =( CONVERSION_BASED_UNIT ( 'INCH', #6375 ) LENGTH_UNIT ( ) NAMED_UNIT ( #10068 ) );
#10856 = FILL_AREA_STYLE_COLOUR ( '', #8998 ) ;
#10857 = DIRECTION ( 'NONE',  ( 0.000000000000000000, 0.000000000000000000, -1.000000000000000000 ) ) ;
#10858 = PLANE ( 'NONE',  #6439 ) ;
#10859 = VECTOR ( 'NONE', #1945, 39.37007874015748854 ) ;
#10860 = VECTOR ( 'NONE', #5587, 39.37007874015748143 ) ;
#10861 = CARTESIAN_POINT ( 'NONE',  ( -0.3250000000000000111, 0.2099999999999999922, -0.1199999999999999956 ) ) ;
#10862 = PRESENTATION_STYLE_ASSIGNMENT (( #11756 ) ) ;
#10863 = CARTESIAN_POINT ( 'NONE',  ( -0.05800000000000000988, 0.1759999999999999898, 0.03299999999999995992 ) ) ;
#10864 = CARTESIAN_POINT ( 'NONE',  ( -0.3250000000000000111, 0.000000000000000000, -0.1199999999999999956 ) ) ;
#10865 = PRESENTATION_LAYER_ASSIGNMENT (  '', '', ( #2863 ) ) ;
#10866 = STYLED_ITEM ( 'NONE', ( #600 ), #8875 ) ;
#10867 = SURFACE_STYLE_FILL_AREA ( #5411 ) ;
#10868 = ORIENTED_EDGE ( 'NONE', *, *, #3943, .F. ) ;
#10869 = CARTESIAN_POINT ( 'NONE',  ( -0.1079999999999999988, 0.2099999999999999922, 0.03300000000000000155 ) ) ;
#10870 =( NAMED_UNIT ( * ) SI_UNIT ( $, .STERADIAN. ) SOLID_ANGLE_UNIT ( ) );
#10871 = DIRECTION ( 'NONE',  ( 0.000000000000000000, 0.000000000000000000, 1.000000000000000000 ) ) ;
#10872 = SURFACE_SIDE_STYLE ('',( #2395 ) ) ;
#10873 = SURFACE_STYLE_USAGE ( .BOTH. , #4696 ) ;
#10874 = UNCERTAINTY_MEASURE_WITH_UNIT (LENGTH_MEASURE( 1.000000000000000082E-05 ), #3918, 'distance_accuracy_value', 'NONE');
#10875 = FILL_AREA_STYLE_COLOUR ( '', #9186 ) ;
#10876 = DIMENSIONAL_EXPONENTS ( 1.000000000000000000, 0.000000000000000000, 0.000000000000000000, 0.000000000000000000, 0.000000000000000000, 0.000000000000000000, 0.000000000000000000 ) ;
#10877 = EDGE_CURVE ( 'NONE', #8585, #10394, #977, .T. ) ;
#10878 = DIRECTION ( 'NONE',  ( -0.000000000000000000, 0.000000000000000000, 1.000000000000000000 ) ) ;
#10879 = EDGE_LOOP ( 'NONE', ( #6556, #3382, #7361, #7909 ) ) ;
#10880 = ORIENTED_EDGE ( 'NONE', *, *, #3593, .T. ) ;
#10881 = LINE ( 'NONE', #6399, #3161 ) ;
#10882 = LINE ( 'NONE', #3478, #10966 ) ;
#10883 = CARTESIAN_POINT ( 'NONE',  ( 0.09199999999999999845, 0.2099999999999999922, 0.03300000000000000155 ) ) ;
#10884 = ADVANCED_FACE ( 'NONE', ( #5656 ), #10059, .F. ) ;
#10885 = ORIENTED_EDGE ( 'NONE', *, *, #11759, .T. ) ;
#10886 = CARTESIAN_POINT ( 'NONE',  ( 0.000000000000000000, 0.000000000000000000, 0.09499999999999998723 ) ) ;
#10887 = LINE ( 'NONE', #10827, #3855 ) ;
#10888 = CARTESIAN_POINT ( 'NONE',  ( -0.003000000000000000062, 0.1849999999999999978, 0.1199999999999999956 ) ) ;
#10889 = SURFACE_STYLE_USAGE ( .BOTH. , #6408 ) ;
#10890 = DIRECTION ( 'NONE',  ( 0.000000000000000000, -0.000000000000000000, -1.000000000000000000 ) ) ;
#10891 = FILL_AREA_STYLE_COLOUR ( '', #6078 ) ;
#10892 = FILL_AREA_STYLE ('',( #7972 ) ) ;
#10893 = ORIENTED_EDGE ( 'NONE', *, *, #7168, .T. ) ;
#10894 = EDGE_LOOP ( 'NONE', ( #6215, #10414, #8398, #2188 ) ) ;
#10895 = CARTESIAN_POINT ( 'NONE',  ( -0.002999999999999996159, 0.1849999999999999978, -0.02800000000000004222 ) ) ;
#10896 = PRESENTATION_STYLE_ASSIGNMENT (( #9015 ) ) ;
#10897 = CARTESIAN_POINT ( 'NONE',  ( 0.02500000000000000139, 0.05000000000000000278, -0.002500000000000000052 ) ) ;
#10898 = SURFACE_STYLE_USAGE ( .BOTH. , #10039 ) ;
#10899 = LINE ( 'NONE', #8463, #11745 ) ;
#10900 = EDGE_CURVE ( 'NONE', #10698, #5033, #1201, .T. ) ;
#10901 = EDGE_LOOP ( 'NONE', ( #4277, #7087, #8907, #4317 ) ) ;
#10902 = SURFACE_STYLE_USAGE ( .BOTH. , #1569 ) ;
#10903 = ORIENTED_EDGE ( 'NONE', *, *, #8688, .T. ) ;
#10904 = CARTESIAN_POINT ( 'NONE',  ( -0.3009999999999999898, 0.000000000000000000, -0.02500000000000000139 ) ) ;
#10905 = LINE ( 'NONE', #11800, #3774 ) ;
#10906 = FACE_OUTER_BOUND ( 'NONE', #3782, .T. ) ;
#10907 = STYLED_ITEM ( 'NONE', ( #520 ), #6242 ) ;
#10908 = DIRECTION ( 'NONE',  ( -1.000000000000000000, -0.000000000000000000, 0.000000000000000000 ) ) ;
#10909 = ORIENTED_EDGE ( 'NONE', *, *, #6842, .T. ) ;
#10910 = MECHANICAL_DESIGN_GEOMETRIC_PRESENTATION_REPRESENTATION (  '', ( #9355 ), #4935 ) ;
#10911 = ORIENTED_EDGE ( 'NONE', *, *, #5079, .F. ) ;
#10912 = DIRECTION ( 'NONE',  ( 0.000000000000000000, 0.000000000000000000, -1.000000000000000000 ) ) ;
#10913 = EDGE_CURVE ( 'NONE', #8687, #5132, #2308, .T. ) ;
#10914 = VERTEX_POINT ( 'NONE', #5774 ) ;
#10915 = MECHANICAL_DESIGN_GEOMETRIC_PRESENTATION_REPRESENTATION (  '', ( #10507 ), #1952 ) ;
#10916 = VERTEX_POINT ( 'NONE', #8545 ) ;
#10917 = AXIS2_PLACEMENT_3D ( 'NONE', #3385, #6303, #4492 ) ;
#10918 = PRESENTATION_LAYER_ASSIGNMENT (  '', '', ( #10521 ) ) ;
#10919 = FILL_AREA_STYLE_COLOUR ( '', #8211 ) ;
#10920 = CARTESIAN_POINT ( 'NONE',  ( 0.04200000000000000955, -0.06600000000000000311, 0.1199999999999999956 ) ) ;
#10921 = DIRECTION ( 'NONE',  ( 0.000000000000000000, 0.000000000000000000, 1.000000000000000000 ) ) ;
#10922 = CARTESIAN_POINT ( 'NONE',  ( -0.05800000000000001682, 0.04000000000000000083, 0.01700000000000000122 ) ) ;
#10923 = DIRECTION ( 'NONE',  ( 0.4368520283305187824, -0.7863336509949342412, -0.4368520283305187824 ) ) ;
#10924 = AXIS2_PLACEMENT_3D ( 'NONE', #1594, #5223, #4161 ) ;
#10925 = PRESENTATION_STYLE_ASSIGNMENT (( #4626 ) ) ;
#10926 = CARTESIAN_POINT ( 'NONE',  ( -0.2879999999999999782, 0.2099999999999999922, -0.1000000000000000056 ) ) ;
#10927 = CARTESIAN_POINT ( 'NONE',  ( 0.1079999999999999988, 0.1849999999999999978, 0.02199999999999999872 ) ) ;
#10928 = ORIENTED_EDGE ( 'NONE', *, *, #6432, .T. ) ;
#10929 = COLOUR_RGB ( '',0.2862745098039215508, 0.2862745098039215508, 0.2862745098039215508 ) ;
#10930 = LENGTH_MEASURE_WITH_UNIT ( LENGTH_MEASURE( 0.02539999999999999897 ), #4263 );
#10931 = DIMENSIONAL_EXPONENTS ( 1.000000000000000000, 0.000000000000000000, 0.000000000000000000, 0.000000000000000000, 0.000000000000000000, 0.000000000000000000, 0.000000000000000000 ) ;
#10932 = AXIS2_PLACEMENT_3D ( 'NONE', #7058, #2624, #10921 ) ;
#10933 = FILL_AREA_STYLE_COLOUR ( '', #10718 ) ;
#10934 = PRESENTATION_STYLE_ASSIGNMENT (( #11638 ) ) ;
#10935 = SHAPE_REPRESENTATION_RELATIONSHIP ( 'NONE' , 'NONE' ,  #4193, #2072 ) ;
#10936 = ORIENTED_EDGE ( 'NONE', *, *, #9554, .T. ) ;
#10937 =( GEOMETRIC_REPRESENTATION_CONTEXT ( 3 ) GLOBAL_UNCERTAINTY_ASSIGNED_CONTEXT ( ( #738 ) ) GLOBAL_UNIT_ASSIGNED_CONTEXT ( ( #5391, #4302, #10146 ) ) REPRESENTATION_CONTEXT ( 'NONE', 'WORKASPACE' ) );
#10938 = DIRECTION ( 'NONE',  ( 0.000000000000000000, -0.000000000000000000, 1.000000000000000000 ) ) ;
#10939 = CARTESIAN_POINT ( 'NONE',  ( 0.05299999999999999850, -0.07499999999999999722, 0.02199999999999996403 ) ) ;
#10940 = LINE ( 'NONE', #7901, #1790 ) ;
#10941 = ORIENTED_EDGE ( 'NONE', *, *, #628, .T. ) ;
#10942 = DIRECTION ( 'NONE',  ( -1.000000000000000000, -0.000000000000000000, 0.000000000000000000 ) ) ;
#10943 = EDGE_CURVE ( 'NONE', #605, #11300, #2260, .T. ) ;
#10944 = PRESENTATION_LAYER_ASSIGNMENT (  '', '', ( #11311 ) ) ;
#10945 = DIRECTION ( 'NONE',  ( 0.000000000000000000, 1.778546870875169980E-16, -1.000000000000000000 ) ) ;
#10946 = DIRECTION ( 'NONE',  ( 0.000000000000000000, 0.000000000000000000, 1.000000000000000000 ) ) ;
#10947 = LINE ( 'NONE', #4539, #4714 ) ;
#10948 = ORIENTED_EDGE ( 'NONE', *, *, #530, .T. ) ;
#10949 = ORIENTED_EDGE ( 'NONE', *, *, #9417, .F. ) ;
#10950 = UNCERTAINTY_MEASURE_WITH_UNIT (LENGTH_MEASURE( 1.000000000000000082E-05 ), #6586, 'distance_accuracy_value', 'NONE');
#10951 = DIRECTION ( 'NONE',  ( 0.000000000000000000, 0.000000000000000000, 1.000000000000000000 ) ) ;
#10952 =( CONVERSION_BASED_UNIT ( 'INCH', #6886 ) LENGTH_UNIT ( ) NAMED_UNIT ( #6112 ) );
#10953 = PRESENTATION_STYLE_ASSIGNMENT (( #1736 ) ) ;
#10954 = SURFACE_STYLE_FILL_AREA ( #7280 ) ;
#10955 = FILL_AREA_STYLE_COLOUR ( '', #687 ) ;
#10956 = VERTEX_POINT ( 'NONE', #3864 ) ;
#10957 = FACE_OUTER_BOUND ( 'NONE', #1590, .T. ) ;
#10958 = MECHANICAL_DESIGN_GEOMETRIC_PRESENTATION_REPRESENTATION (  '', ( #2759 ), #104 ) ;
#10959 = LENGTH_MEASURE_WITH_UNIT ( LENGTH_MEASURE( 0.02539999999999999897 ), #2724 );
#10960 = DIRECTION ( 'NONE',  ( 0.000000000000000000, 0.000000000000000000, 1.000000000000000000 ) ) ;
#10961 = CARTESIAN_POINT ( 'NONE',  ( 0.000000000000000000, 0.06500000000000000222, 0.000000000000000000 ) ) ;
#10962 = CARTESIAN_POINT ( 'NONE',  ( 0.05000000000000000278, 0.2099999999999999922, -0.1199999999999999956 ) ) ;
#10963 = VERTEX_POINT ( 'NONE', #8422 ) ;
#10964 = EDGE_CURVE ( 'NONE', #4821, #11056, #10301, .T. ) ;
#10965 = DIRECTION ( 'NONE',  ( 0.000000000000000000, -0.7071067811865475727, -0.7071067811865475727 ) ) ;
#10966 = VECTOR ( 'NONE', #8810, 39.37007874015748143 ) ;
#10967 = ORIENTED_EDGE ( 'NONE', *, *, #2267, .T. ) ;
#10968 = VECTOR ( 'NONE', #4328, 39.37007874015748143 ) ;
#10969 = PLANE ( 'NONE',  #2393 ) ;
#10970 = STYLED_ITEM ( 'NONE', ( #6248 ), #9702 ) ;
#10971 = EDGE_LOOP ( 'NONE', ( #11301, #4234, #1753, #3745 ) ) ;
#10972 =( CONVERSION_BASED_UNIT ( 'INCH', #2681 ) LENGTH_UNIT ( ) NAMED_UNIT ( #11676 ) );
#10973 = VERTEX_POINT ( 'NONE', #3923 ) ;
#10974 = EDGE_CURVE ( 'NONE', #7226, #3008, #6673, .T. ) ;
#10975 = DIRECTION ( 'NONE',  ( -0.4856429311786310543, 0.8741572761215382625, 0.000000000000000000 ) ) ;
#10976 = VECTOR ( 'NONE', #1738, 39.37007874015748143 ) ;
#10977 =( GEOMETRIC_REPRESENTATION_CONTEXT ( 3 ) GLOBAL_UNCERTAINTY_ASSIGNED_CONTEXT ( ( #8541 ) ) GLOBAL_UNIT_ASSIGNED_CONTEXT ( ( #5751, #7457, #10224 ) ) REPRESENTATION_CONTEXT ( 'NONE', 'WORKASPACE' ) );
#10978 = LENGTH_MEASURE_WITH_UNIT ( LENGTH_MEASURE( 0.02539999999999999897 ), #3813 );
#10979 = STYLED_ITEM ( 'NONE', ( #6153 ), #10581 ) ;
#10980 = COLOUR_RGB ( '',0.8627450980392157298, 0.6274509803921568540, 0.05882352941176470507 ) ;
#10981 = VECTOR ( 'NONE', #4657, 39.37007874015748854 ) ;
#10982 = LINE ( 'NONE', #2730, #4457 ) ;
#10983 = CARTESIAN_POINT ( 'NONE',  ( -0.1250000000000000000, 0.2099999999999999922, 0.09499999999999998723 ) ) ;
#10984 = EDGE_CURVE ( 'NONE', #11131, #3926, #7543, .T. ) ;
#10985 = VERTEX_POINT ( 'NONE', #2137 ) ;
#10986 = PLANE ( 'NONE',  #9651 ) ;
#10987 = SURFACE_SIDE_STYLE ('',( #7308 ) ) ;
#10988 = SURFACE_SIDE_STYLE ('',( #9410 ) ) ;
#10989 = FILL_AREA_STYLE ('',( #11107 ) ) ;
#10990 = LINE ( 'NONE', #4040, #7814 ) ;
#10991 = UNCERTAINTY_MEASURE_WITH_UNIT (LENGTH_MEASURE( 1.000000000000000082E-05 ), #3054, 'distance_accuracy_value', 'NONE');
#10992 = EDGE_CURVE ( 'NONE', #6828, #6075, #1247, .T. ) ;
#10993 = PRESENTATION_LAYER_ASSIGNMENT (  '', '', ( #4107 ) ) ;
#10994 = FACE_OUTER_BOUND ( 'NONE', #7819, .T. ) ;
#10995 = ORIENTED_EDGE ( 'NONE', *, *, #5660, .T. ) ;
#10996 = COLOUR_RGB ( '',0.8627450980392157298, 0.6274509803921568540, 0.05882352941176470507 ) ;
#10997 = CARTESIAN_POINT ( 'NONE',  ( 0.1079999999999999988, 0.05000000000000000971, 0.03300000000000000155 ) ) ;
#10998 = CARTESIAN_POINT ( 'NONE',  ( 0.1079999999999999988, 0.1759999999999999898, 0.000000000000000000 ) ) ;
#10999 = ORIENTED_EDGE ( 'NONE', *, *, #2142, .F. ) ;
#11000 = CARTESIAN_POINT ( 'NONE',  ( 0.000000000000000000, 0.06500000000000000222, -0.03300000000000000155 ) ) ;
#11001 = PLANE ( 'NONE',  #5885 ) ;
#11002 = VECTOR ( 'NONE', #3066, 39.37007874015748143 ) ;
#11003 = UNCERTAINTY_MEASURE_WITH_UNIT (LENGTH_MEASURE( 1.000000000000000082E-05 ), #11632, 'distance_accuracy_value', 'NONE');
#11004 = CARTESIAN_POINT ( 'NONE',  ( 0.1029999999999999943, -0.07499999999999999722, 0.1199999999999999956 ) ) ;
#11005 = FILL_AREA_STYLE ('',( #5613 ) ) ;
#11006 = PRESENTATION_STYLE_ASSIGNMENT (( #5553 ) ) ;
#11007 = SURFACE_SIDE_STYLE ('',( #92 ) ) ;
#11008 = DIMENSIONAL_EXPONENTS ( 1.000000000000000000, 0.000000000000000000, 0.000000000000000000, 0.000000000000000000, 0.000000000000000000, 0.000000000000000000, 0.000000000000000000 ) ;
#11009 = LINE ( 'NONE', #8104, #7519 ) ;
#11010 = ORIENTED_EDGE ( 'NONE', *, *, #11267, .F. ) ;
#11011 = ORIENTED_EDGE ( 'NONE', *, *, #1420, .T. ) ;
#11012 = LENGTH_MEASURE_WITH_UNIT ( LENGTH_MEASURE( 0.02539999999999999897 ), #3660 );
#11013 =( CONVERSION_BASED_UNIT ( 'INCH', #10095 ) LENGTH_UNIT ( ) NAMED_UNIT ( #11532 ) );
#11014 = DIRECTION ( 'NONE',  ( -0.000000000000000000, 1.000000000000000000, 0.000000000000000000 ) ) ;
#11015 = COLOUR_RGB ( '',0.8627450980392157298, 0.6274509803921568540, 0.05882352941176470507 ) ;
#11016 = CARTESIAN_POINT ( 'NONE',  ( 0.000000000000000000, 0.005590169943749469933, 1.067128122525102820E-18 ) ) ;
#11017 = CARTESIAN_POINT ( 'NONE',  ( -0.04200000000000000955, 0.2099999999999999922, 0.03300000000000000155 ) ) ;
#11018 = ORIENTED_EDGE ( 'NONE', *, *, #4273, .F. ) ;
#11019 = FILL_AREA_STYLE_COLOUR ( '', #3020 ) ;
#11020 = LINE ( 'NONE', #6538, #8391 ) ;
#11021 =( NAMED_UNIT ( * ) SI_UNIT ( $, .STERADIAN. ) SOLID_ANGLE_UNIT ( ) );
#11022 = LENGTH_MEASURE_WITH_UNIT ( LENGTH_MEASURE( 0.02539999999999999897 ), #5270 );
#11023 = STYLED_ITEM ( 'NONE', ( #3583 ), #7594 ) ;
#11024 = DIRECTION ( 'NONE',  ( -0.000000000000000000, 1.000000000000000000, 0.000000000000000000 ) ) ;
#11025 = ORIENTED_EDGE ( 'NONE', *, *, #2201, .F. ) ;
#11026 = EDGE_CURVE ( 'NONE', #6002, #3719, #10423, .T. ) ;
#11027 = PLANE ( 'NONE',  #7905 ) ;
#11028 = ORIENTED_EDGE ( 'NONE', *, *, #1616, .T. ) ;
#11029 = SURFACE_SIDE_STYLE ('',( #9923 ) ) ;
#11030 = PRESENTATION_LAYER_ASSIGNMENT (  '', '', ( #8711 ) ) ;
#11031 = ORIENTED_EDGE ( 'NONE', *, *, #4383, .T. ) ;
#11032 = PRESENTATION_LAYER_ASSIGNMENT (  '', '', ( #9849 ) ) ;
#11033 = ORIENTED_EDGE ( 'NONE', *, *, #11061, .F. ) ;
#11034 =( LENGTH_UNIT ( ) NAMED_UNIT ( * ) SI_UNIT ( $, .METRE. ) );
#11035 = EDGE_CURVE ( 'NONE', #8568, #971, #4965, .T. ) ;
#11036 = PRESENTATION_STYLE_ASSIGNMENT (( #840 ) ) ;
#11037 =( LENGTH_UNIT ( ) NAMED_UNIT ( * ) SI_UNIT ( $, .METRE. ) );
#11038 = PLANE ( 'NONE',  #7730 ) ;
#11039 = LINE ( 'NONE', #2744, #4822 ) ;
#11040 = FACE_OUTER_BOUND ( 'NONE', #3447, .T. ) ;
#11041 =( GEOMETRIC_REPRESENTATION_CONTEXT ( 3 ) GLOBAL_UNCERTAINTY_ASSIGNED_CONTEXT ( ( #7609 ) ) GLOBAL_UNIT_ASSIGNED_CONTEXT ( ( #1867, #8819, #9010 ) ) REPRESENTATION_CONTEXT ( 'NONE', 'WORKASPACE' ) );
#11042 = SURFACE_STYLE_USAGE ( .BOTH. , #5237 ) ;
#11043 = DIRECTION ( 'NONE',  ( 0.000000000000000000, -1.000000000000000000, -0.000000000000000000 ) ) ;
#11044 = DIRECTION ( 'NONE',  ( 1.000000000000000000, 0.000000000000000000, -0.000000000000000000 ) ) ;
#11045 = DIRECTION ( 'NONE',  ( -0.000000000000000000, -0.000000000000000000, -1.000000000000000000 ) ) ;
#11046 = VERTEX_POINT ( 'NONE', #8485 ) ;
#11047 = LINE ( 'NONE', #253, #4500 ) ;
#11048 = EDGE_CURVE ( 'NONE', #5380, #10839, #9462, .T. ) ;
#11049 = AXIS2_PLACEMENT_3D ( 'NONE', #5153, #9974, #6480 ) ;
#11050 = PRESENTATION_LAYER_ASSIGNMENT (  '', '', ( #6832 ) ) ;
#11051 = LINE ( 'NONE', #10014, #4721 ) ;
#11052 = DIRECTION ( 'NONE',  ( -0.000000000000000000, 0.000000000000000000, -1.000000000000000000 ) ) ;
#11053 =( LENGTH_UNIT ( ) NAMED_UNIT ( * ) SI_UNIT ( $, .METRE. ) );
#11055 = EDGE_CURVE ( 'NONE', #8289, #681, #7595, .T. ) ;
#11054 = CONTEXT_DEPENDENT_SHAPE_REPRESENTATION ( #2090, #5238 ) ;
#11056 = VERTEX_POINT ( 'NONE', #6719 ) ;
#11057 = VECTOR ( 'NONE', #7013, 39.37007874015748143 ) ;
#11058 = CARTESIAN_POINT ( 'NONE',  ( -0.2899999999999999800, 0.06500000000000000222, 0.07000000000000000666 ) ) ;
#11059 = UNCERTAINTY_MEASURE_WITH_UNIT (LENGTH_MEASURE( 1.000000000000000082E-05 ), #3131, 'distance_accuracy_value', 'NONE');
#11060 = CARTESIAN_POINT ( 'NONE',  ( -0.02220491502812529938, 0.05000000000000000278, 2.000865229734567787E-19 ) ) ;
#11061 = EDGE_CURVE ( 'NONE', #2960, #1412, #5720, .T. ) ;
#11062 = PLANE ( 'NONE',  #730 ) ;
#11063 = LINE ( 'NONE', #9188, #2526 ) ;
#11064 = PRESENTATION_STYLE_ASSIGNMENT (( #2611 ) ) ;
#11065 = DIRECTION ( 'NONE',  ( 0.8741572761215379295, -0.4856429311786318315, 0.000000000000000000 ) ) ;
#11066 = CARTESIAN_POINT ( 'NONE',  ( -0.04700000000000000705, -0.07499999999999998335, -0.02800000000000002834 ) ) ;
#11067 = FACE_OUTER_BOUND ( 'NONE', #5705, .T. ) ;
#11068 = LINE ( 'NONE', #3005, #1326 ) ;
#11069 = FILL_AREA_STYLE ('',( #7398 ) ) ;
#11070 = VERTEX_POINT ( 'NONE', #9339 ) ;
#11071 = ORIENTED_EDGE ( 'NONE', *, *, #7937, .F. ) ;
#11072 = CARTESIAN_POINT ( 'NONE',  ( 0.1079999999999999988, 0.1850000000000000533, -0.02800000000000004222 ) ) ;
#11073 = FILL_AREA_STYLE ('',( #10161 ) ) ;
#11074 = DIRECTION ( 'NONE',  ( -0.8741572761215383736, -0.4856429311786311098, 0.000000000000000000 ) ) ;
#11075 = PRESENTATION_LAYER_ASSIGNMENT (  '', '', ( #416 ) ) ;
#11076 = FACE_OUTER_BOUND ( 'NONE', #2596, .T. ) ;
#11077 = ORIENTED_EDGE ( 'NONE', *, *, #2496, .F. ) ;
#11078 =( NAMED_UNIT ( * ) SI_UNIT ( $, .STERADIAN. ) SOLID_ANGLE_UNIT ( ) );
#11079 = SURFACE_STYLE_USAGE ( .BOTH. , #8291 ) ;
#11080 = DIRECTION ( 'NONE',  ( -1.000000000000000000, -0.000000000000000000, 0.000000000000000000 ) ) ;
#11081 = CARTESIAN_POINT ( 'NONE',  ( 0.007999999999999989758, 0.1759999999999999898, -0.03300000000000000155 ) ) ;
#11082 =( NAMED_UNIT ( * ) PLANE_ANGLE_UNIT ( ) SI_UNIT ( $, .RADIAN. ) );
#11083 = CARTESIAN_POINT ( 'NONE',  ( -0.09700000000000001676, -0.07499999999999999722, 0.02199999999999999872 ) ) ;
#11084 = VERTEX_POINT ( 'NONE', #7646 ) ;
#11085 = PLANE ( 'NONE',  #1297 ) ;
#11086 = LINE ( 'NONE', #2735, #3337 ) ;
#11087 = AXIS2_PLACEMENT_3D ( 'NONE', #5701, #8227, #1071 ) ;
#11088 = DIMENSIONAL_EXPONENTS ( 1.000000000000000000, 0.000000000000000000, 0.000000000000000000, 0.000000000000000000, 0.000000000000000000, 0.000000000000000000, 0.000000000000000000 ) ;
#11089 = EDGE_LOOP ( 'NONE', ( #4915, #2415, #9887, #3611 ) ) ;
#11090 =( GEOMETRIC_REPRESENTATION_CONTEXT ( 3 ) GLOBAL_UNCERTAINTY_ASSIGNED_CONTEXT ( ( #2282 ) ) GLOBAL_UNIT_ASSIGNED_CONTEXT ( ( #2230, #5918, #1386 ) ) REPRESENTATION_CONTEXT ( 'NONE', 'WORKASPACE' ) );
#11091 = ORIENTED_EDGE ( 'NONE', *, *, #10943, .F. ) ;
#11092 = FILL_AREA_STYLE_COLOUR ( '', #10045 ) ;
#11093 = VECTOR ( 'NONE', #9351, 39.37007874015748143 ) ;
#11094 = AXIS2_PLACEMENT_3D ( 'NONE', #3570, #825, #11669 ) ;
#11095 = DIRECTION ( 'NONE',  ( 0.4472135954999579277, 0.8944271909999158554, 0.000000000000000000 ) ) ;
#11096 = DIRECTION ( 'NONE',  ( -0.000000000000000000, 7.532669100177199608E-16, -1.000000000000000000 ) ) ;
#11097 = DIRECTION ( 'NONE',  ( -0.000000000000000000, 0.000000000000000000, -1.000000000000000000 ) ) ;
#11098 = ORIENTED_EDGE ( 'NONE', *, *, #8164, .T. ) ;
#11099 = ADVANCED_FACE ( 'NONE', ( #2193 ), #5834, .T. ) ;
#11100 = SURFACE_STYLE_FILL_AREA ( #248 ) ;
#11101 = AXIS2_PLACEMENT_3D ( 'NONE', #10462, #4893, #7522 ) ;
#11102 = SURFACE_STYLE_USAGE ( .BOTH. , #7428 ) ;
#11103 = ORIENTED_EDGE ( 'NONE', *, *, #4505, .T. ) ;
#11104 = FACE_OUTER_BOUND ( 'NONE', #8114, .T. ) ;
#11105 = PLANE ( 'NONE',  #4415 ) ;
#11106 = DIRECTION ( 'NONE',  ( 0.4472135954999579277, 0.8944271909999158554, 0.000000000000000000 ) ) ;
#11107 = FILL_AREA_STYLE_COLOUR ( '', #6824 ) ;
#11108 = DIRECTION ( 'NONE',  ( 0.000000000000000000, 0.000000000000000000, -1.000000000000000000 ) ) ;
#11109 = UNCERTAINTY_MEASURE_WITH_UNIT (LENGTH_MEASURE( 1.000000000000000082E-05 ), #4227, 'distance_accuracy_value', 'NONE');
#11110 = VECTOR ( 'NONE', #6356, 39.37007874015748854 ) ;
#11111 = PRESENTATION_LAYER_ASSIGNMENT (  '', '', ( #4400 ) ) ;
#11112 =( LENGTH_UNIT ( ) NAMED_UNIT ( * ) SI_UNIT ( $, .METRE. ) );
#11113 = VERTEX_POINT ( 'NONE', #771 ) ;
#11114 = EDGE_CURVE ( 'NONE', #4502, #8311, #2490, .T. ) ;
#11115 = PRODUCT_RELATED_PRODUCT_CATEGORY ( 'part', '', ( #6318 ) ) ;
#11116 = LINE ( 'NONE', #1854, #11520 ) ;
#11117 =( GEOMETRIC_REPRESENTATION_CONTEXT ( 3 ) GLOBAL_UNCERTAINTY_ASSIGNED_CONTEXT ( ( #4878 ) ) GLOBAL_UNIT_ASSIGNED_CONTEXT ( ( #9990, #184, #8304 ) ) REPRESENTATION_CONTEXT ( 'NONE', 'WORKASPACE' ) );
#11118 = FACE_OUTER_BOUND ( 'NONE', #95, .T. ) ;
#11119 =( LENGTH_UNIT ( ) NAMED_UNIT ( * ) SI_UNIT ( $, .METRE. ) );
#11120 = STYLED_ITEM ( 'NONE', ( #1715 ), #5947 ) ;
#11121 = LINE ( 'NONE', #10998, #526 ) ;
#11122 = EDGE_CURVE ( 'NONE', #9389, #9168, #10780, .T. ) ;
#11123 = DIRECTION ( 'NONE',  ( 0.000000000000000000, 0.000000000000000000, -1.000000000000000000 ) ) ;
#11124 = UNCERTAINTY_MEASURE_WITH_UNIT (LENGTH_MEASURE( 1.000000000000000082E-05 ), #7111, 'distance_accuracy_value', 'NONE');
#11125 = VECTOR ( 'NONE', #4419, 39.37007874015748143 ) ;
#11126 =( LENGTH_UNIT ( ) NAMED_UNIT ( * ) SI_UNIT ( $, .METRE. ) );
#11127 = CARTESIAN_POINT ( 'NONE',  ( -0.3009999999999999898, 0.000000000000000000, 0.02500000000000000139 ) ) ;
#11128 = EDGE_CURVE ( 'NONE', #7475, #6791, #11606, .T. ) ;
#11129 =( GEOMETRIC_REPRESENTATION_CONTEXT ( 3 ) GLOBAL_UNCERTAINTY_ASSIGNED_CONTEXT ( ( #2754 ) ) GLOBAL_UNIT_ASSIGNED_CONTEXT ( ( #2148, #3983, #488 ) ) REPRESENTATION_CONTEXT ( 'NONE', 'WORKASPACE' ) );
#11130 = ORIENTED_EDGE ( 'NONE', *, *, #9507, .T. ) ;
#11131 = VERTEX_POINT ( 'NONE', #2547 ) ;
#11132 =( NAMED_UNIT ( * ) PLANE_ANGLE_UNIT ( ) SI_UNIT ( $, .RADIAN. ) );
#11133 = PRESENTATION_STYLE_ASSIGNMENT (( #5561 ) ) ;
#11134 = VECTOR ( 'NONE', #852, 39.37007874015748143 ) ;
#11135 = UNCERTAINTY_MEASURE_WITH_UNIT (LENGTH_MEASURE( 1.000000000000000082E-05 ), #1365, 'distance_accuracy_value', 'NONE');
#11136 = PLANE ( 'NONE',  #9049 ) ;
#11137 = ORIENTED_EDGE ( 'NONE', *, *, #6210, .T. ) ;
#11138 = MECHANICAL_DESIGN_GEOMETRIC_PRESENTATION_REPRESENTATION (  '', ( #3507 ), #9760 ) ;
#11139 =( CONVERSION_BASED_UNIT ( 'INCH', #9379 ) LENGTH_UNIT ( ) NAMED_UNIT ( #968 ) );
#11140 = SURFACE_STYLE_FILL_AREA ( #4663 ) ;
#11141 = CARTESIAN_POINT ( 'NONE',  ( 0.09199999999999999845, 0.1759999999999999898, 0.1199999999999999956 ) ) ;
#11142 =( NAMED_UNIT ( * ) PLANE_ANGLE_UNIT ( ) SI_UNIT ( $, .RADIAN. ) );
#11143 = LINE ( 'NONE', #7468, #1331 ) ;
#11144 = LENGTH_MEASURE_WITH_UNIT ( LENGTH_MEASURE( 0.02539999999999999897 ), #1946 );
#11145 = ADVANCED_FACE ( 'NONE', ( #3445 ), #5948, .F. ) ;
#11146 = ORIENTED_EDGE ( 'NONE', *, *, #6612, .F. ) ;
#11147 = LENGTH_MEASURE_WITH_UNIT ( LENGTH_MEASURE( 0.02539999999999999897 ), #3135 );
#11148 = ORIENTED_EDGE ( 'NONE', *, *, #4114, .F. ) ;
#11149 =( LENGTH_UNIT ( ) NAMED_UNIT ( * ) SI_UNIT ( $, .METRE. ) );
#11150 = ORIENTED_EDGE ( 'NONE', *, *, #1209, .F. ) ;
#11151 =( LENGTH_UNIT ( ) NAMED_UNIT ( * ) SI_UNIT ( $, .METRE. ) );
#11152 =( NAMED_UNIT ( * ) PLANE_ANGLE_UNIT ( ) SI_UNIT ( $, .RADIAN. ) );
#11153 = AXIS2_PLACEMENT_3D ( 'NONE', #213, #7445, #3232 ) ;
#11154 = CARTESIAN_POINT ( 'NONE',  ( 0.000000000000000000, 0.06500000000000000222, 0.07000000000000000666 ) ) ;
#11155 = COLOUR_RGB ( '',0.8627450980392157298, 0.6274509803921568540, 0.05882352941176470507 ) ;
#11156 = LENGTH_MEASURE_WITH_UNIT ( LENGTH_MEASURE( 0.02539999999999999897 ), #11380 );
#11157 = ORIENTED_EDGE ( 'NONE', *, *, #9117, .F. ) ;
#11158 = MECHANICAL_DESIGN_GEOMETRIC_PRESENTATION_REPRESENTATION (  '', ( #4483 ), #2988 ) ;
#11159 =( CONVERSION_BASED_UNIT ( 'INCH', #7961 ) LENGTH_UNIT ( ) NAMED_UNIT ( #908 ) );
#11160 = FILL_AREA_STYLE_COLOUR ( '', #6223 ) ;
#11161 = VECTOR ( 'NONE', #5352, 39.37007874015748143 ) ;
#11162 = EDGE_LOOP ( 'NONE', ( #11103, #10201, #6991, #9216 ) ) ;
#11163 = SURFACE_STYLE_USAGE ( .BOTH. , #8255 ) ;
#11164 = DIMENSIONAL_EXPONENTS ( 1.000000000000000000, 0.000000000000000000, 0.000000000000000000, 0.000000000000000000, 0.000000000000000000, 0.000000000000000000, 0.000000000000000000 ) ;
#11165 =( LENGTH_UNIT ( ) NAMED_UNIT ( * ) SI_UNIT ( $, .METRE. ) );
#11166 = COLOUR_RGB ( '',0.8627450980392157298, 0.6274509803921568540, 0.05882352941176470507 ) ;
#11167 = DIRECTION ( 'NONE',  ( -1.000000000000000000, -0.000000000000000000, 0.000000000000000000 ) ) ;
#11168 = PRESENTATION_STYLE_ASSIGNMENT (( #2271 ) ) ;
#11169 = VECTOR ( 'NONE', #10878, 39.37007874015748143 ) ;
#11170 = STYLED_ITEM ( 'NONE', ( #4533 ), #1682 ) ;
#11171 = CARTESIAN_POINT ( 'NONE',  ( -0.1000000000000000056, -0.05000000000000000278, 0.1000000000000000056 ) ) ;
#11172 = STYLED_ITEM ( 'NONE', ( #9618 ), #11483 ) ;
#11173 = CARTESIAN_POINT ( 'NONE',  ( -0.04699999999999999317, -0.07499999999999999722, -0.02200000000000006464 ) ) ;
#11174 = VECTOR ( 'NONE', #1735, 39.37007874015748143 ) ;
#11175 = VECTOR ( 'NONE', #2465, 39.37007874015748143 ) ;
#11176 = SURFACE_STYLE_FILL_AREA ( #1168 ) ;
#11177 = AXIS2_PLACEMENT_3D ( 'NONE', #4160, #3173, #6803 ) ;
#11178 =( NAMED_UNIT ( * ) PLANE_ANGLE_UNIT ( ) SI_UNIT ( $, .RADIAN. ) );
#11179 = EDGE_CURVE ( 'NONE', #4068, #11648, #5200, .T. ) ;
#11180 = FACE_OUTER_BOUND ( 'NONE', #4771, .T. ) ;
#11181 = PLANE ( 'NONE',  #826 ) ;
#11182 = LENGTH_MEASURE_WITH_UNIT ( LENGTH_MEASURE( 0.02539999999999999897 ), #1058 );
#11183 =( GEOMETRIC_REPRESENTATION_CONTEXT ( 3 ) GLOBAL_UNCERTAINTY_ASSIGNED_CONTEXT ( ( #2412 ) ) GLOBAL_UNIT_ASSIGNED_CONTEXT ( ( #11159, #11643, #6495 ) ) REPRESENTATION_CONTEXT ( 'NONE', 'WORKASPACE' ) );
#11184 = EDGE_LOOP ( 'NONE', ( #4782, #8890, #3624, #5440 ) ) ;
#11185 = ORIENTED_EDGE ( 'NONE', *, *, #9470, .F. ) ;
#11186 = DIRECTION ( 'NONE',  ( 0.4472135954999571505, -0.8944271909999161885, 0.000000000000000000 ) ) ;
#11187 = PRESENTATION_LAYER_ASSIGNMENT (  '', '', ( #4491 ) ) ;
#11188 = FILL_AREA_STYLE ('',( #7514 ) ) ;
#11189 = CARTESIAN_POINT ( 'NONE',  ( -0.05800000000000000294, 0.2099999999999999922, -0.03300000000000000155 ) ) ;
#11190 = DIRECTION ( 'NONE',  ( -1.000000000000000000, -0.000000000000000000, 0.000000000000000000 ) ) ;
#11191 =( GEOMETRIC_REPRESENTATION_CONTEXT ( 3 ) GLOBAL_UNCERTAINTY_ASSIGNED_CONTEXT ( ( #2887 ) ) GLOBAL_UNIT_ASSIGNED_CONTEXT ( ( #5179, #3365, #2585 ) ) REPRESENTATION_CONTEXT ( 'NONE', 'WORKASPACE' ) );
#11192 = ORIENTED_EDGE ( 'NONE', *, *, #5224, .T. ) ;
#11193 = CARTESIAN_POINT ( 'NONE',  ( 0.2879999999999999782, 0.2099999999999999922, -0.1199999999999999956 ) ) ;
#11194 = FACE_OUTER_BOUND ( 'NONE', #5202, .T. ) ;
#11195 = EDGE_CURVE ( 'NONE', #9548, #10956, #5029, .T. ) ;
#11196 = DIRECTION ( 'NONE',  ( 0.000000000000000000, 0.000000000000000000, -1.000000000000000000 ) ) ;
#11197 = VECTOR ( 'NONE', #4692, 39.37007874015748854 ) ;
#11198 = LINE ( 'NONE', #4065, #11447 ) ;
#11199 = SURFACE_STYLE_FILL_AREA ( #7526 ) ;
#11200 = FILL_AREA_STYLE ('',( #11253 ) ) ;
#11201 = EDGE_LOOP ( 'NONE', ( #8897, #8631, #4190, #9275 ) ) ;
#11202 = VECTOR ( 'NONE', #723, 39.37007874015748143 ) ;
#11203 = COLOUR_RGB ( '',0.8627450980392157298, 0.6274509803921568540, 0.05882352941176470507 ) ;
#11204 = EDGE_CURVE ( 'NONE', #11381, #7226, #7755, .T. ) ;
#11205 = ORIENTED_EDGE ( 'NONE', *, *, #7731, .T. ) ;
#11206 = EDGE_CURVE ( 'NONE', #7973, #10104, #8779, .T. ) ;
#11207 = DIRECTION ( 'NONE',  ( 0.000000000000000000, 0.000000000000000000, 1.000000000000000000 ) ) ;
#11208 = ORIENTED_EDGE ( 'NONE', *, *, #10847, .F. ) ;
#11209 = SURFACE_STYLE_USAGE ( .BOTH. , #4847 ) ;
#11210 =( GEOMETRIC_REPRESENTATION_CONTEXT ( 3 ) GLOBAL_UNCERTAINTY_ASSIGNED_CONTEXT ( ( #5972 ) ) GLOBAL_UNIT_ASSIGNED_CONTEXT ( ( #10855, #121, #8242 ) ) REPRESENTATION_CONTEXT ( 'NONE', 'WORKASPACE' ) );
#11211 = VECTOR ( 'NONE', #8682, 39.37007874015748143 ) ;
#11212 = UNCERTAINTY_MEASURE_WITH_UNIT (LENGTH_MEASURE( 1.000000000000000082E-05 ), #2115, 'distance_accuracy_value', 'NONE');
#11213 = DIRECTION ( 'NONE',  ( 1.000000000000000000, 0.000000000000000000, 0.000000000000000000 ) ) ;
#11214 = FILL_AREA_STYLE ('',( #11266 ) ) ;
#11215 = ORIENTED_EDGE ( 'NONE', *, *, #3014, .T. ) ;
#11216 = MECHANICAL_DESIGN_GEOMETRIC_PRESENTATION_REPRESENTATION (  '', ( #8313 ), #6985 ) ;
#11217 = AXIS2_PLACEMENT_3D ( 'NONE', #7350, #6540, #2005 ) ;
#11218 = LINE ( 'NONE', #545, #4253 ) ;
#11219 = VERTEX_POINT ( 'NONE', #4242 ) ;
#11220 = CARTESIAN_POINT ( 'NONE',  ( 0.09199999999999999845, 0.2099999999999999922, -0.03300000000000000155 ) ) ;
#11221 = VERTEX_POINT ( 'NONE', #11545 ) ;
#11222 = UNCERTAINTY_MEASURE_WITH_UNIT (LENGTH_MEASURE( 1.000000000000000082E-05 ), #5344, 'distance_accuracy_value', 'NONE');
#11223 = MECHANICAL_DESIGN_GEOMETRIC_PRESENTATION_REPRESENTATION (  '', ( #5091 ), #2 ) ;
#11224 = CARTESIAN_POINT ( 'NONE',  ( 0.1079999999999999988, 0.04000000000000000083, -0.01700000000000000122 ) ) ;
#11225 = PRODUCT_CONTEXT ( 'NONE', #2249, 'mechanical' ) ;
#11226 = SURFACE_STYLE_USAGE ( .BOTH. , #3104 ) ;
#11227 = LENGTH_MEASURE_WITH_UNIT ( LENGTH_MEASURE( 0.02539999999999999897 ), #7443 );
#11228 = PRESENTATION_LAYER_ASSIGNMENT (  '', '', ( #2464 ) ) ;
#11229 = VECTOR ( 'NONE', #12, 39.37007874015748143 ) ;
#11230 = SURFACE_STYLE_USAGE ( .BOTH. , #9134 ) ;
#11231 = CARTESIAN_POINT ( 'NONE',  ( 0.09199999999999999845, 0.06499999999999998834, 0.01700000000000000122 ) ) ;
#11232 =( CONVERSION_BASED_UNIT ( 'INCH', #7565 ) LENGTH_UNIT ( ) NAMED_UNIT ( #2930 ) );
#11233 = CARTESIAN_POINT ( 'NONE',  ( 0.09199999999999999845, 0.01999999999999999001, 0.03300000000000000155 ) ) ;
#11234 = SURFACE_STYLE_USAGE ( .BOTH. , #6741 ) ;
#11235 = UNCERTAINTY_MEASURE_WITH_UNIT (LENGTH_MEASURE( 1.000000000000000082E-05 ), #219, 'distance_accuracy_value', 'NONE');
#11236 =( REPRESENTATION_RELATIONSHIP ('NONE','NONE', #8375, #9096 ) REPRESENTATION_RELATIONSHIP_WITH_TRANSFORMATION ( #2820 )SHAPE_REPRESENTATION_RELATIONSHIP( ) );
#11237 = LENGTH_MEASURE_WITH_UNIT ( LENGTH_MEASURE( 0.02539999999999999897 ), #10328 );
#11238 = SURFACE_STYLE_USAGE ( .BOTH. , #7567 ) ;
#11239 = CARTESIAN_POINT ( 'NONE',  ( -0.2879999999999999782, 0.2099999999999999922, -0.1000000000000000056 ) ) ;
#11240 = FILL_AREA_STYLE_COLOUR ( '', #4531 ) ;
#11241 = DIMENSIONAL_EXPONENTS ( 1.000000000000000000, 0.000000000000000000, 0.000000000000000000, 0.000000000000000000, 0.000000000000000000, 0.000000000000000000, 0.000000000000000000 ) ;
#11242 = STYLED_ITEM ( 'NONE', ( #358 ), #5569 ) ;
#11243 = MECHANICAL_DESIGN_GEOMETRIC_PRESENTATION_REPRESENTATION (  '', ( #2286 ), #4918 ) ;
#11244 = ORIENTED_EDGE ( 'NONE', *, *, #4001, .T. ) ;
#11245 = ORIENTED_EDGE ( 'NONE', *, *, #7914, .F. ) ;
#11246 = LENGTH_MEASURE_WITH_UNIT ( LENGTH_MEASURE( 0.02539999999999999897 ), #8457 );
#11247 = EDGE_CURVE ( 'NONE', #7116, #6771, #4611, .T. ) ;
#11248 =( CONVERSION_BASED_UNIT ( 'INCH', #1997 ) LENGTH_UNIT ( ) NAMED_UNIT ( #6707 ) );
#11249 = ORIENTED_EDGE ( 'NONE', *, *, #6028, .T. ) ;
#11250 = CARTESIAN_POINT ( 'NONE',  ( 0.05299999999999999850, -0.07499999999999999722, -0.02200000000000006464 ) ) ;
#11251 = CARTESIAN_POINT ( 'NONE',  ( -0.1250000000000000000, 0.2099999999999999922, 0.09499999999999998723 ) ) ;
#11252 = CARTESIAN_POINT ( 'NONE',  ( 0.04199999999999997485, 0.1759999999999999898, 0.01699999999999999428 ) ) ;
#11253 = FILL_AREA_STYLE_COLOUR ( '', #6632 ) ;
#11254 = DIRECTION ( 'NONE',  ( 0.000000000000000000, 0.000000000000000000, 1.000000000000000000 ) ) ;
#11255 = VERTEX_POINT ( 'NONE', #6422 ) ;
#11256 = EDGE_CURVE ( 'NONE', #8933, #801, #5574, .T. ) ;
#11257 = ORIENTED_EDGE ( 'NONE', *, *, #4347, .T. ) ;
#11258 = SURFACE_STYLE_USAGE ( .BOTH. , #3806 ) ;
#11259 = ORIENTED_EDGE ( 'NONE', *, *, #6924, .T. ) ;
#11260 = DIRECTION ( 'NONE',  ( 1.000000000000000000, 0.000000000000000000, -0.000000000000000000 ) ) ;
#11261 =( CONVERSION_BASED_UNIT ( 'INCH', #2861 ) LENGTH_UNIT ( ) NAMED_UNIT ( #7396 ) );
#11262 = EDGE_CURVE ( 'NONE', #3576, #8097, #3623, .T. ) ;
#11263 = DIRECTION ( 'NONE',  ( 0.000000000000000000, 0.000000000000000000, -1.000000000000000000 ) ) ;
#11264 = ADVANCED_FACE ( 'NONE', ( #108 ), #1748, .F. ) ;
#11265 = CARTESIAN_POINT ( 'NONE',  ( 0.09199999999999999845, -0.06600000000000000311, 0.1199999999999999956 ) ) ;
#11266 = FILL_AREA_STYLE_COLOUR ( '', #399 ) ;
#11267 = EDGE_CURVE ( 'NONE', #3659, #8289, #7351, .T. ) ;
#11268 = ORIENTED_EDGE ( 'NONE', *, *, #4273, .T. ) ;
#11269 = DIRECTION ( 'NONE',  ( 0.000000000000000000, -1.000000000000000000, -0.000000000000000000 ) ) ;
#11270 =( GEOMETRIC_REPRESENTATION_CONTEXT ( 3 ) GLOBAL_UNCERTAINTY_ASSIGNED_CONTEXT ( ( #11344 ) ) GLOBAL_UNIT_ASSIGNED_CONTEXT ( ( #1865, #7216, #1056 ) ) REPRESENTATION_CONTEXT ( 'NONE', 'WORKASPACE' ) );
#11271 = DIRECTION ( 'NONE',  ( 0.000000000000000000, 0.000000000000000000, -1.000000000000000000 ) ) ;
#11272 = EDGE_CURVE ( 'NONE', #8146, #4615, #3675, .T. ) ;
#11273 = EDGE_LOOP ( 'NONE', ( #3491, #11257, #5767, #5488 ) ) ;
#11274 = FACE_OUTER_BOUND ( 'NONE', #7845, .T. ) ;
#11275 = CARTESIAN_POINT ( 'NONE',  ( 0.3109999999999999987, 0.04499999999999999833, 0.02500000000000000139 ) ) ;
#11276 = SURFACE_STYLE_FILL_AREA ( #1970 ) ;
#11277 = LINE ( 'NONE', #6840, #3284 ) ;
#11278 = DIRECTION ( 'NONE',  ( 1.000000000000000000, 0.000000000000000000, 0.000000000000000000 ) ) ;
#11279 = AXIS2_PLACEMENT_3D ( 'NONE', #3002, #6742, #10501 ) ;
#11280 =( NAMED_UNIT ( * ) SI_UNIT ( $, .STERADIAN. ) SOLID_ANGLE_UNIT ( ) );
#11281 = VERTEX_POINT ( 'NONE', #9919 ) ;
#11282 = DIRECTION ( 'NONE',  ( 1.000000000000000000, 0.000000000000000000, 0.000000000000000000 ) ) ;
#11283 = CARTESIAN_POINT ( 'NONE',  ( -0.04200000000000000955, 0.04000000000000000083, 0.01700000000000000122 ) ) ;
#11284 = DIMENSIONAL_EXPONENTS ( 1.000000000000000000, 0.000000000000000000, 0.000000000000000000, 0.000000000000000000, 0.000000000000000000, 0.000000000000000000, 0.000000000000000000 ) ;
#11285 = VECTOR ( 'NONE', #583, 39.37007874015748143 ) ;
#11286 = SURFACE_STYLE_FILL_AREA ( #2280 ) ;
#11287 = PLANE ( 'NONE',  #1676 ) ;
#11288 = DIRECTION ( 'NONE',  ( 1.000000000000000000, -0.000000000000000000, 0.000000000000000000 ) ) ;
#11289 =( NAMED_UNIT ( * ) PLANE_ANGLE_UNIT ( ) SI_UNIT ( $, .RADIAN. ) );
#11290 = SURFACE_STYLE_USAGE ( .BOTH. , #9756 ) ;
#11291 = CARTESIAN_POINT ( 'NONE',  ( 0.1079999999999999988, 0.04000000000000000777, -0.03300000000000000155 ) ) ;
#11292 =( GEOMETRIC_REPRESENTATION_CONTEXT ( 3 ) GLOBAL_UNCERTAINTY_ASSIGNED_CONTEXT ( ( #10385 ) ) GLOBAL_UNIT_ASSIGNED_CONTEXT ( ( #8914, #2683, #8970 ) ) REPRESENTATION_CONTEXT ( 'NONE', 'WORKASPACE' ) );
#11293 = ORIENTED_EDGE ( 'NONE', *, *, #1281, .F. ) ;
#11294 = ORIENTED_EDGE ( 'NONE', *, *, #6460, .F. ) ;
#11295 = CARTESIAN_POINT ( 'NONE',  ( -0.1079999999999999849, 0.02000000000000000042, -0.05999999999999999778 ) ) ;
#11296 =( GEOMETRIC_REPRESENTATION_CONTEXT ( 3 ) GLOBAL_UNCERTAINTY_ASSIGNED_CONTEXT ( ( #10015 ) ) GLOBAL_UNIT_ASSIGNED_CONTEXT ( ( #1172, #6637, #3353 ) ) REPRESENTATION_CONTEXT ( 'NONE', 'WORKASPACE' ) );
#11297 =( GEOMETRIC_REPRESENTATION_CONTEXT ( 3 ) GLOBAL_UNCERTAINTY_ASSIGNED_CONTEXT ( ( #5110 ) ) GLOBAL_UNIT_ASSIGNED_CONTEXT ( ( #8306, #3862, #10182 ) ) REPRESENTATION_CONTEXT ( 'NONE', 'WORKASPACE' ) );
#11298 = CARTESIAN_POINT ( 'NONE',  ( 0.000000000000000000, 0.06500000000000000222, 0.01700000000000000122 ) ) ;
#11299 = LENGTH_MEASURE_WITH_UNIT ( LENGTH_MEASURE( 0.02539999999999999897 ), #7785 );
#11300 = VERTEX_POINT ( 'NONE', #8046 ) ;
#11301 = ORIENTED_EDGE ( 'NONE', *, *, #8006, .T. ) ;
#11302 = LINE ( 'NONE', #8762, #8484 ) ;
#11303 = LENGTH_MEASURE_WITH_UNIT ( LENGTH_MEASURE( 0.02539999999999999897 ), #9504 );
#11304 =( GEOMETRIC_REPRESENTATION_CONTEXT ( 3 ) GLOBAL_UNCERTAINTY_ASSIGNED_CONTEXT ( ( #10622 ) ) GLOBAL_UNIT_ASSIGNED_CONTEXT ( ( #2544, #7982, #1689 ) ) REPRESENTATION_CONTEXT ( 'NONE', 'WORKASPACE' ) );
#11305 = MECHANICAL_DESIGN_GEOMETRIC_PRESENTATION_REPRESENTATION (  '', ( #9754 ), #10728 ) ;
#11306 = LINE ( 'NONE', #9508, #8179 ) ;
#11307 = DIRECTION ( 'NONE',  ( 0.000000000000000000, -1.000000000000000000, -0.000000000000000000 ) ) ;
#11308 = PLANE ( 'NONE',  #4080 ) ;
#11309 = ORIENTED_EDGE ( 'NONE', *, *, #851, .F. ) ;
#11310 = FACE_OUTER_BOUND ( 'NONE', #7510, .T. ) ;
#11311 = STYLED_ITEM ( 'NONE', ( #7773 ), #2742 ) ;
#11312 = CARTESIAN_POINT ( 'NONE',  ( -0.1029999999999999943, 0.1849999999999999978, -0.02199999999999999872 ) ) ;
#11313 = DIMENSIONAL_EXPONENTS ( 1.000000000000000000, 0.000000000000000000, 0.000000000000000000, 0.000000000000000000, 0.000000000000000000, 0.000000000000000000, 0.000000000000000000 ) ;
#11314 = AXIS2_PLACEMENT_3D ( 'NONE', #2365, #4239, #6004 ) ;
#11315 = ORIENTED_EDGE ( 'NONE', *, *, #1858, .F. ) ;
#11316 = ORIENTED_EDGE ( 'NONE', *, *, #2024, .T. ) ;
#11317 = DIRECTION ( 'NONE',  ( 1.000000000000000000, 0.000000000000000000, 0.000000000000000000 ) ) ;
#11318 =( CONVERSION_BASED_UNIT ( 'INCH', #3859 ) LENGTH_UNIT ( ) NAMED_UNIT ( #719 ) );
#11319 = LENGTH_MEASURE_WITH_UNIT ( LENGTH_MEASURE( 0.02539999999999999897 ), #5892 );
#11320 = COLOUR_RGB ( '',0.2862745098039215508, 0.2862745098039215508, 0.2862745098039215508 ) ;
#11321 = EDGE_CURVE ( 'NONE', #4887, #8464, #5516, .T. ) ;
#11322 = DIRECTION ( 'NONE',  ( -0.000000000000000000, -1.000000000000000000, -0.000000000000000000 ) ) ;
#11323 =( NAMED_UNIT ( * ) PLANE_ANGLE_UNIT ( ) SI_UNIT ( $, .RADIAN. ) );
#11324 = ORIENTED_EDGE ( 'NONE', *, *, #11338, .T. ) ;
#11325 = DIRECTION ( 'NONE',  ( 0.000000000000000000, 1.000000000000000000, 0.000000000000000000 ) ) ;
#11326 = EDGE_CURVE ( 'NONE', #11658, #697, #1073, .T. ) ;
#11327 = PLANE ( 'NONE',  #4085 ) ;
#11328 = CARTESIAN_POINT ( 'NONE',  ( -0.09199999999999998457, 0.04000000000000000083, 0.01700000000000000122 ) ) ;
#11329 = VERTEX_POINT ( 'NONE', #4494 ) ;
#11330 = DIRECTION ( 'NONE',  ( -0.8741572761215372633, 0.4856429311786330527, 0.000000000000000000 ) ) ;
#11331 =( LENGTH_UNIT ( ) NAMED_UNIT ( * ) SI_UNIT ( $, .METRE. ) );
#11332 =( LENGTH_UNIT ( ) NAMED_UNIT ( * ) SI_UNIT ( $, .METRE. ) );
#11333 = FACE_OUTER_BOUND ( 'NONE', #1449, .T. ) ;
#11334 = EDGE_CURVE ( 'NONE', #3629, #11070, #8120, .T. ) ;
#11335 = UNCERTAINTY_MEASURE_WITH_UNIT (LENGTH_MEASURE( 1.000000000000000082E-05 ), #6089, 'distance_accuracy_value', 'NONE');
#11336 = CARTESIAN_POINT ( 'NONE',  ( 0.000000000000000000, 0.000000000000000000, -0.005000000000000000104 ) ) ;
#11337 = STYLED_ITEM ( 'NONE', ( #2647 ), #751 ) ;
#11338 = EDGE_CURVE ( 'NONE', #209, #1280, #10982, .T. ) ;
#11339 = PLANE ( 'NONE',  #11177 ) ;
#11340 = EDGE_CURVE ( 'NONE', #3976, #4820, #6363, .T. ) ;
#11341 = DIRECTION ( 'NONE',  ( 1.000000000000000000, 0.000000000000000000, 0.000000000000000000 ) ) ;
#11342 = PRESENTATION_STYLE_ASSIGNMENT (( #5055 ) ) ;
#11343 = DIRECTION ( 'NONE',  ( -1.000000000000000000, 0.000000000000000000, -0.000000000000000000 ) ) ;
#11344 = UNCERTAINTY_MEASURE_WITH_UNIT (LENGTH_MEASURE( 1.000000000000000082E-05 ), #1865, 'distance_accuracy_value', 'NONE');
#11345 =( LENGTH_UNIT ( ) NAMED_UNIT ( * ) SI_UNIT ( $, .METRE. ) );
#11346 =( GEOMETRIC_REPRESENTATION_CONTEXT ( 3 ) GLOBAL_UNCERTAINTY_ASSIGNED_CONTEXT ( ( #9000 ) ) GLOBAL_UNIT_ASSIGNED_CONTEXT ( ( #9844, #2056, #2173 ) ) REPRESENTATION_CONTEXT ( 'NONE', 'WORKASPACE' ) );
#11347 = CARTESIAN_POINT ( 'NONE',  ( -0.05800000000000000294, -0.06600000000000000311, 0.1199999999999999956 ) ) ;
#11348 = ORIENTED_EDGE ( 'NONE', *, *, #3105, .T. ) ;
#11349 = ORIENTED_EDGE ( 'NONE', *, *, #9280, .T. ) ;
#11350 = MECHANICAL_DESIGN_GEOMETRIC_PRESENTATION_REPRESENTATION (  '', ( #8075 ), #7144 ) ;
#11351 = PRESENTATION_LAYER_ASSIGNMENT (  '', '', ( #7695 ) ) ;
#11352 = CARTESIAN_POINT ( 'NONE',  ( -0.04200000000000000955, 0.1759999999999999898, -0.01700000000000006714 ) ) ;
#11353 = PLANE ( 'NONE',  #5631 ) ;
#11354 = PLANE ( 'NONE',  #3168 ) ;
#11355 = VECTOR ( 'NONE', #9672, 39.37007874015748143 ) ;
#11356 = VECTOR ( 'NONE', #6295, 39.37007874015748143 ) ;
#11357 = ORIENTED_EDGE ( 'NONE', *, *, #8917, .T. ) ;
#11358 = ORIENTED_EDGE ( 'NONE', *, *, #3105, .F. ) ;
#11359 = SURFACE_STYLE_FILL_AREA ( #2181 ) ;
#11360 = VECTOR ( 'NONE', #7066, 39.37007874015748854 ) ;
#11361 = DIRECTION ( 'NONE',  ( 0.000000000000000000, -1.000000000000000000, -0.000000000000000000 ) ) ;
#11362 = MECHANICAL_DESIGN_GEOMETRIC_PRESENTATION_REPRESENTATION (  '', ( #3743 ), #141 ) ;
#11363 = PRESENTATION_STYLE_ASSIGNMENT (( #6818 ) ) ;
#11364 =( NAMED_UNIT ( * ) PLANE_ANGLE_UNIT ( ) SI_UNIT ( $, .RADIAN. ) );
#11365 = LINE ( 'NONE', #3129, #2847 ) ;
#11366 = DIMENSIONAL_EXPONENTS ( 1.000000000000000000, 0.000000000000000000, 0.000000000000000000, 0.000000000000000000, 0.000000000000000000, 0.000000000000000000, 0.000000000000000000 ) ;
#11367 = SURFACE_STYLE_FILL_AREA ( #5932 ) ;
#11368 = EDGE_LOOP ( 'NONE', ( #8753, #9274, #6384, #8033 ) ) ;
#11369 =( NAMED_UNIT ( * ) PLANE_ANGLE_UNIT ( ) SI_UNIT ( $, .RADIAN. ) );
#11370 = VECTOR ( 'NONE', #3090, 39.37007874015748143 ) ;
#11371 = PRESENTATION_STYLE_ASSIGNMENT (( #5018 ) ) ;
#11372 = EDGE_LOOP ( 'NONE', ( #4410, #2092, #10166, #748 ) ) ;
#11373 = EDGE_LOOP ( 'NONE', ( #1096, #10893, #763, #1061 ) ) ;
#11374 = LENGTH_MEASURE_WITH_UNIT ( LENGTH_MEASURE( 0.02539999999999999897 ), #11541 );
#11375 = SURFACE_STYLE_USAGE ( .BOTH. , #7701 ) ;
#11376 = SURFACE_STYLE_FILL_AREA ( #9575 ) ;
#11377 = MECHANICAL_DESIGN_GEOMETRIC_PRESENTATION_REPRESENTATION (  '', ( #10028 ), #2049 ) ;
#11378 = VECTOR ( 'NONE', #2356, 39.37007874015748143 ) ;
#11379 = PRESENTATION_STYLE_ASSIGNMENT (( #7706 ) ) ;
#11380 =( LENGTH_UNIT ( ) NAMED_UNIT ( * ) SI_UNIT ( $, .METRE. ) );
#11381 = VERTEX_POINT ( 'NONE', #9100 ) ;
#11382 = DIRECTION ( 'NONE',  ( -0.000000000000000000, -0.000000000000000000, 1.000000000000000000 ) ) ;
#11383 = PLANE ( 'NONE',  #8640 ) ;
#11384 = EDGE_CURVE ( 'NONE', #2146, #8568, #963, .T. ) ;
#11385 = PRESENTATION_LAYER_ASSIGNMENT (  '', '', ( #10245 ) ) ;
#11386 = LENGTH_MEASURE_WITH_UNIT ( LENGTH_MEASURE( 0.02539999999999999897 ), #547 );
#11387 = ORIENTED_EDGE ( 'NONE', *, *, #9404, .T. ) ;
#11388 = SURFACE_STYLE_FILL_AREA ( #2316 ) ;
#11389 = DIMENSIONAL_EXPONENTS ( 1.000000000000000000, 0.000000000000000000, 0.000000000000000000, 0.000000000000000000, 0.000000000000000000, 0.000000000000000000, 0.000000000000000000 ) ;
#11390 =( LENGTH_UNIT ( ) NAMED_UNIT ( * ) SI_UNIT ( $, .METRE. ) );
#11391 = LENGTH_MEASURE_WITH_UNIT ( LENGTH_MEASURE( 0.02539999999999999897 ), #10488 );
#11392 =( NAMED_UNIT ( * ) PLANE_ANGLE_UNIT ( ) SI_UNIT ( $, .RADIAN. ) );
#11393 = LINE ( 'NONE', #2321, #3012 ) ;
#11394 = VECTOR ( 'NONE', #4735, 39.37007874015748143 ) ;
#11395 = ORIENTED_EDGE ( 'NONE', *, *, #2705, .T. ) ;
#11396 = EDGE_CURVE ( 'NONE', #1578, #4184, #412, .T. ) ;
#11397 =( NAMED_UNIT ( * ) PLANE_ANGLE_UNIT ( ) SI_UNIT ( $, .RADIAN. ) );
#11398 = LENGTH_MEASURE_WITH_UNIT ( LENGTH_MEASURE( 0.02539999999999999897 ), #1548 );
#11399 = PRESENTATION_LAYER_ASSIGNMENT (  '', '', ( #1500 ) ) ;
#11400 = VECTOR ( 'NONE', #9312, 39.37007874015748143 ) ;
#11401 =( LENGTH_UNIT ( ) NAMED_UNIT ( * ) SI_UNIT ( $, .METRE. ) );
#11402 = PLANE ( 'NONE',  #6653 ) ;
#11403 = FILL_AREA_STYLE ('',( #8627 ) ) ;
#11404 = ADVANCED_FACE ( 'NONE', ( #10175 ), #11308, .F. ) ;
#11405 = PLANE ( 'NONE',  #11279 ) ;
#11406 = CARTESIAN_POINT ( 'NONE',  ( 0.1079999999999999988, -0.06600000000000000311, -0.03300000000000000155 ) ) ;
#11407 = PRESENTATION_STYLE_ASSIGNMENT (( #7732 ) ) ;
#11408 = ORIENTED_EDGE ( 'NONE', *, *, #406, .T. ) ;
#11409 = VERTEX_POINT ( 'NONE', #2006 ) ;
#11410 = PRESENTATION_LAYER_ASSIGNMENT (  '', '', ( #10267 ) ) ;
#11411 = CARTESIAN_POINT ( 'NONE',  ( 0.1079999999999999988, -0.07499999999999999722, -0.02799999999999999711 ) ) ;
#11412 = VECTOR ( 'NONE', #3643, 39.37007874015748143 ) ;
#11413 = EDGE_CURVE ( 'NONE', #5036, #6676, #8357, .T. ) ;
#11414 = FILL_AREA_STYLE ('',( #2237 ) ) ;
#11415 = SURFACE_STYLE_USAGE ( .BOTH. , #11514 ) ;
#11416 = VERTEX_POINT ( 'NONE', #11083 ) ;
#11417 = LINE ( 'NONE', #2241, #724 ) ;
#11418 = EDGE_CURVE ( 'NONE', #5821, #7184, #2183, .T. ) ;
#11419 = AXIS2_PLACEMENT_3D ( 'NONE', #6389, #4751, #3764 ) ;
#11420 = AXIS2_PLACEMENT_3D ( 'NONE', #6494, #10119, #9228 ) ;
#11421 = DIRECTION ( 'NONE',  ( 0.000000000000000000, -1.000000000000000000, -0.000000000000000000 ) ) ;
#11422 = SURFACE_STYLE_USAGE ( .BOTH. , #6919 ) ;
#11423 = ORIENTED_EDGE ( 'NONE', *, *, #8359, .T. ) ;
#11424 = CARTESIAN_POINT ( 'NONE',  ( -0.008000000000000014044, 0.01999999999999999001, 0.03300000000000000155 ) ) ;
#11425 = SURFACE_STYLE_FILL_AREA ( #7748 ) ;
#11426 = STYLED_ITEM ( 'NONE', ( #8030 ), #5783 ) ;
#11427 = VERTEX_POINT ( 'NONE', #3850 ) ;
#11428 = PRESENTATION_STYLE_ASSIGNMENT (( #2254 ) ) ;
#11429 = EDGE_LOOP ( 'NONE', ( #1731, #2437, #6468, #3728 ) ) ;
#11430 = CARTESIAN_POINT ( 'NONE',  ( 0.09700000000000000289, 0.1849999999999999978, -0.02199999999999999872 ) ) ;
#11431 = CARTESIAN_POINT ( 'NONE',  ( -0.07500000000000001110, 0.2100000000000000200, 0.09499999999999998723 ) ) ;
#11432 = FACE_OUTER_BOUND ( 'NONE', #10110, .T. ) ;
#11433 = CARTESIAN_POINT ( 'NONE',  ( -0.008000000000000010575, 0.1759999999999999898, 0.01700000000000000122 ) ) ;
#11434 = ORIENTED_EDGE ( 'NONE', *, *, #1530, .F. ) ;
#11435 = FILL_AREA_STYLE ('',( #1251 ) ) ;
#11436 = DIMENSIONAL_EXPONENTS ( 1.000000000000000000, 0.000000000000000000, 0.000000000000000000, 0.000000000000000000, 0.000000000000000000, 0.000000000000000000, 0.000000000000000000 ) ;
#11437 = EDGE_CURVE ( 'NONE', #4015, #8281, #9268, .T. ) ;
#11438 = ORIENTED_EDGE ( 'NONE', *, *, #423, .F. ) ;
#11439 = FACE_OUTER_BOUND ( 'NONE', #8636, .T. ) ;
#11440 = DIRECTION ( 'NONE',  ( 0.000000000000000000, -0.000000000000000000, 1.000000000000000000 ) ) ;
#11441 = ORIENTED_EDGE ( 'NONE', *, *, #4797, .T. ) ;
#11442 = FACE_OUTER_BOUND ( 'NONE', #1508, .T. ) ;
#11443 = DIRECTION ( 'NONE',  ( -1.000000000000000000, 0.000000000000000000, -0.000000000000000000 ) ) ;
#11444 = LENGTH_MEASURE_WITH_UNIT ( LENGTH_MEASURE( 0.02539999999999999897 ), #2445 );
#11445 = UNCERTAINTY_MEASURE_WITH_UNIT (LENGTH_MEASURE( 1.000000000000000082E-05 ), #6246, 'distance_accuracy_value', 'NONE');
#11446 = ADVANCED_FACE ( 'NONE', ( #9329 ), #5881, .F. ) ;
#11447 = VECTOR ( 'NONE', #4896, 39.37007874015748143 ) ;
#11448 = DIRECTION ( 'NONE',  ( 0.000000000000000000, 0.8741572761215407050, -0.4856429311786268355 ) ) ;
#11449 = SURFACE_STYLE_FILL_AREA ( #10438 ) ;
#11450 = CARTESIAN_POINT ( 'NONE',  ( 0.1079999999999999988, -0.06600000000000000311, -0.03300000000000000155 ) ) ;
#11451 = DIRECTION ( 'NONE',  ( -0.8741572761215383736, -0.4856429311786311098, 0.000000000000000000 ) ) ;
#11452 = DIRECTION ( 'NONE',  ( -0.000000000000000000, 0.000000000000000000, 1.000000000000000000 ) ) ;
#11453 = SURFACE_STYLE_USAGE ( .BOTH. , #8692 ) ;
#11454 = UNCERTAINTY_MEASURE_WITH_UNIT (LENGTH_MEASURE( 1.000000000000000082E-05 ), #7541, 'distance_accuracy_value', 'NONE');
#11455 = LINE ( 'NONE', #6208, #4773 ) ;
#11456 = EDGE_CURVE ( 'NONE', #9952, #70, #3373, .T. ) ;
#11457 = DIMENSIONAL_EXPONENTS ( 1.000000000000000000, 0.000000000000000000, 0.000000000000000000, 0.000000000000000000, 0.000000000000000000, 0.000000000000000000, 0.000000000000000000 ) ;
#11458 = PRODUCT_RELATED_PRODUCT_CATEGORY ( 'part', '', ( #8090 ) ) ;
#11459 = CARTESIAN_POINT ( 'NONE',  ( -0.09199999999999998457, -0.06600000000000000311, 0.01700000000000000122 ) ) ;
#11460 = EDGE_LOOP ( 'NONE', ( #2821, #2118, #5696, #10066 ) ) ;
#11461 = ORIENTED_EDGE ( 'NONE', *, *, #4750, .F. ) ;
#11462 = CARTESIAN_POINT ( 'NONE',  ( -0.1029999999999999943, 0.1849999999999999978, -0.02800000000000000752 ) ) ;
#11463 = DIRECTION ( 'NONE',  ( 0.000000000000000000, -1.000000000000000000, 0.000000000000000000 ) ) ;
#11464 = STYLED_ITEM ( 'NONE', ( #6926 ), #6157 ) ;
#11465 =( NAMED_UNIT ( * ) PLANE_ANGLE_UNIT ( ) SI_UNIT ( $, .RADIAN. ) );
#11466 = VERTEX_POINT ( 'NONE', #3430 ) ;
#11467 = SURFACE_STYLE_FILL_AREA ( #7847 ) ;
#11468 = PLANE ( 'NONE',  #1314 ) ;
#11469 = LINE ( 'NONE', #7791, #6506 ) ;
#11470 = CARTESIAN_POINT ( 'NONE',  ( -0.008000000000000010575, 0.2099999999999999922, -0.01700000000000000122 ) ) ;
#11471 = FILL_AREA_STYLE ('',( #2296 ) ) ;
#11472 = FACE_OUTER_BOUND ( 'NONE', #346, .T. ) ;
#11473 = VECTOR ( 'NONE', #4267, 39.37007874015748143 ) ;
#11474 = VERTEX_POINT ( 'NONE', #3257 ) ;
#11475 =( GEOMETRIC_REPRESENTATION_CONTEXT ( 3 ) GLOBAL_UNCERTAINTY_ASSIGNED_CONTEXT ( ( #157 ) ) GLOBAL_UNIT_ASSIGNED_CONTEXT ( ( #666, #9646, #10545 ) ) REPRESENTATION_CONTEXT ( 'NONE', 'WORKASPACE' ) );
#11476 = ADVANCED_FACE ( 'NONE', ( #10518 ), #1521, .F. ) ;
#11477 =( NAMED_UNIT ( * ) SI_UNIT ( $, .STERADIAN. ) SOLID_ANGLE_UNIT ( ) );
#11478 = EDGE_LOOP ( 'NONE', ( #1663, #8295, #5502, #11185 ) ) ;
#11479 = FACE_BOUND ( 'NONE', #5647, .T. ) ;
#11480 = FILL_AREA_STYLE ('',( #652 ) ) ;
#11481 = ORIENTED_EDGE ( 'NONE', *, *, #2945, .F. ) ;
#11482 = CARTESIAN_POINT ( 'NONE',  ( 0.1079999999999999988, 0.1759999999999999898, 0.01700000000000000122 ) ) ;
#11483 = ADVANCED_FACE ( 'NONE', ( #11472 ), #2421, .T. ) ;
#11484 =( LENGTH_UNIT ( ) NAMED_UNIT ( * ) SI_UNIT ( $, .METRE. ) );
#11485 = DIRECTION ( 'NONE',  ( -1.000000000000000000, -0.000000000000000000, -0.000000000000000000 ) ) ;
#11486 = DIRECTION ( 'NONE',  ( 0.000000000000000000, 0.000000000000000000, -1.000000000000000000 ) ) ;
#11487 = ORIENTED_EDGE ( 'NONE', *, *, #363, .T. ) ;
#11488 = FILL_AREA_STYLE_COLOUR ( '', #6956 ) ;
#11489 = CARTESIAN_POINT ( 'NONE',  ( 0.1079999999999999988, -0.07499999999999999722, 0.02199999999999999872 ) ) ;
#11490 = EDGE_LOOP ( 'NONE', ( #4454, #9292, #2616, #7587 ) ) ;
#11491 = PRESENTATION_STYLE_ASSIGNMENT (( #4916 ) ) ;
#11492 = DIRECTION ( 'NONE',  ( -1.000000000000000000, -0.000000000000000000, -0.000000000000000000 ) ) ;
#11493 =( NAMED_UNIT ( * ) PLANE_ANGLE_UNIT ( ) SI_UNIT ( $, .RADIAN. ) );
#11494 = CARTESIAN_POINT ( 'NONE',  ( 0.1079999999999999988, -0.07499999999999999722, 0.02800000000000000752 ) ) ;
#11495 = LINE ( 'NONE', #9755, #6748 ) ;
#11496 =( CONVERSION_BASED_UNIT ( 'INCH', #917 ) LENGTH_UNIT ( ) NAMED_UNIT ( #4925 ) );
#11497 = STYLED_ITEM ( 'NONE', ( #8975 ), #10821 ) ;
#11498 = CARTESIAN_POINT ( 'NONE',  ( 0.3250000000000000111, 0.2099999999999999922, 0.000000000000000000 ) ) ;
#11499 = DIMENSIONAL_EXPONENTS ( 1.000000000000000000, 0.000000000000000000, 0.000000000000000000, 0.000000000000000000, 0.000000000000000000, 0.000000000000000000, 0.000000000000000000 ) ;
#11500 = FACE_OUTER_BOUND ( 'NONE', #1141, .T. ) ;
#11501 = SURFACE_STYLE_FILL_AREA ( #5163 ) ;
#11502 = DIRECTION ( 'NONE',  ( 0.000000000000000000, -0.8741572761215378184, 0.4856429311786317760 ) ) ;
#11503 =( NAMED_UNIT ( * ) PLANE_ANGLE_UNIT ( ) SI_UNIT ( $, .RADIAN. ) );
#11504 = CARTESIAN_POINT ( 'NONE',  ( 0.04200000000000000955, 0.2099999999999999922, -0.01700000000000000122 ) ) ;
#11505 = DIRECTION ( 'NONE',  ( 0.000000000000000000, 0.000000000000000000, -1.000000000000000000 ) ) ;
#11506 = EDGE_CURVE ( 'NONE', #743, #198, #3490, .T. ) ;
#11507 = CARTESIAN_POINT ( 'NONE',  ( -0.3109999999999999987, 0.000000000000000000, -0.02500000000000000139 ) ) ;
#11508 = MECHANICAL_DESIGN_GEOMETRIC_PRESENTATION_REPRESENTATION (  '', ( #3529 ), #9786 ) ;
#11509 = ORIENTED_EDGE ( 'NONE', *, *, #2888, .T. ) ;
#11510 = ORIENTED_EDGE ( 'NONE', *, *, #3766, .T. ) ;
#11511 = CARTESIAN_POINT ( 'NONE',  ( -0.008000000000000024453, 0.02000000000000000042, -0.05999999999999999778 ) ) ;
#11512 = STYLED_ITEM ( 'NONE', ( #3679 ), #9773 ) ;
#11513 = CARTESIAN_POINT ( 'NONE',  ( 0.05800000000000000294, 0.02000000000000000042, -0.05999999999999999778 ) ) ;
#11514 = SURFACE_SIDE_STYLE ('',( #4937 ) ) ;
#11515 = EDGE_CURVE ( 'NONE', #6666, #5206, #7274, .T. ) ;
#11516 = ORIENTED_EDGE ( 'NONE', *, *, #699, .F. ) ;
#11517 = CARTESIAN_POINT ( 'NONE',  ( 0.05000000000000000278, 0.000000000000000000, 0.07000000000000000666 ) ) ;
#11518 = VECTOR ( 'NONE', #4194, 39.37007874015748854 ) ;
#11519 = FILL_AREA_STYLE_COLOUR ( '', #8194 ) ;
#11520 = VECTOR ( 'NONE', #5484, 39.37007874015748143 ) ;
#11521 = AXIS2_PLACEMENT_3D ( 'NONE', #10091, #11718, #942 ) ;
#11522 = FILL_AREA_STYLE ('',( #11653 ) ) ;
#11523 = MECHANICAL_DESIGN_GEOMETRIC_PRESENTATION_REPRESENTATION (  '', ( #10001 ), #2977 ) ;
#11524 = DIRECTION ( 'NONE',  ( 0.000000000000000000, -0.7071067811865474617, -0.7071067811865474617 ) ) ;
#11525 = EDGE_CURVE ( 'NONE', #3984, #8567, #6346, .T. ) ;
#11526 = FILL_AREA_STYLE ('',( #1564 ) ) ;
#11527 = ORIENTED_EDGE ( 'NONE', *, *, #3593, .F. ) ;
#11528 =( CONVERSION_BASED_UNIT ( 'INCH', #5934 ) LENGTH_UNIT ( ) NAMED_UNIT ( #7186 ) );
#11529 = VECTOR ( 'NONE', #1064, 39.37007874015748143 ) ;
#11530 =( GEOMETRIC_REPRESENTATION_CONTEXT ( 3 ) GLOBAL_UNCERTAINTY_ASSIGNED_CONTEXT ( ( #473 ) ) GLOBAL_UNIT_ASSIGNED_CONTEXT ( ( #3614, #8037, #10834 ) ) REPRESENTATION_CONTEXT ( 'NONE', 'WORKASPACE' ) );
#11531 = PRESENTATION_LAYER_ASSIGNMENT (  '', '', ( #4100 ) ) ;
#11532 = DIMENSIONAL_EXPONENTS ( 1.000000000000000000, 0.000000000000000000, 0.000000000000000000, 0.000000000000000000, 0.000000000000000000, 0.000000000000000000, 0.000000000000000000 ) ;
#11533 = FACE_OUTER_BOUND ( 'NONE', #33, .T. ) ;
#11534 =( GEOMETRIC_REPRESENTATION_CONTEXT ( 3 ) GLOBAL_UNCERTAINTY_ASSIGNED_CONTEXT ( ( #9147 ) ) GLOBAL_UNIT_ASSIGNED_CONTEXT ( ( #5809, #4000, #3121 ) ) REPRESENTATION_CONTEXT ( 'NONE', 'WORKASPACE' ) );
#11535 = EDGE_CURVE ( 'NONE', #181, #1280, #11009, .T. ) ;
#11536 = AXIS2_PLACEMENT_3D ( 'NONE', #3785, #7513, #11186 ) ;
#11537 = ORIENTED_EDGE ( 'NONE', *, *, #9273, .T. ) ;
#11538 = ORIENTED_EDGE ( 'NONE', *, *, #1077, .T. ) ;
#11539 = PRODUCT_DEFINITION_SHAPE ( 'NONE', 'NONE',  #929 ) ;
#11540 = CARTESIAN_POINT ( 'NONE',  ( 0.09199999999999999845, -0.06600000000000000311, -0.01700000000000006714 ) ) ;
#11541 =( LENGTH_UNIT ( ) NAMED_UNIT ( * ) SI_UNIT ( $, .METRE. ) );
#11542 = DIRECTION ( 'NONE',  ( 0.000000000000000000, -0.000000000000000000, 1.000000000000000000 ) ) ;
#11543 = AXIS2_PLACEMENT_3D ( 'NONE', #5355, #8983, #11762 ) ;
#11544 = CARTESIAN_POINT ( 'NONE',  ( -0.1079999999999999988, 0.000000000000000000, -0.01700000000000000122 ) ) ;
#11545 = CARTESIAN_POINT ( 'NONE',  ( -0.05800000000000007233, -0.06600000000000000311, -0.01699999999999999428 ) ) ;
#11546 = MECHANICAL_DESIGN_GEOMETRIC_PRESENTATION_REPRESENTATION (  '', ( #912 ), #8476 ) ;
#11547 = STYLED_ITEM ( 'NONE', ( #6834 ), #9567 ) ;
#11548 = ORIENTED_EDGE ( 'NONE', *, *, #714, .F. ) ;
#11549 = CARTESIAN_POINT ( 'NONE',  ( 0.000000000000000000, 0.06500000000000000222, -0.03300000000000000155 ) ) ;
#11550 = EDGE_CURVE ( 'NONE', #6666, #3262, #32, .T. ) ;
#11551 =( NAMED_UNIT ( * ) PLANE_ANGLE_UNIT ( ) SI_UNIT ( $, .RADIAN. ) );
#11552 = ORIENTED_EDGE ( 'NONE', *, *, #4158, .T. ) ;
#11553 =( CONVERSION_BASED_UNIT ( 'INCH', #1537 ) LENGTH_UNIT ( ) NAMED_UNIT ( #1381 ) );
#11554 =( NAMED_UNIT ( * ) PLANE_ANGLE_UNIT ( ) SI_UNIT ( $, .RADIAN. ) );
#11555 = COLOUR_RGB ( '',0.2862745098039215508, 0.2862745098039215508, 0.2862745098039215508 ) ;
#11556 = LINE ( 'NONE', #6839, #281 ) ;
#11557 = FACE_OUTER_BOUND ( 'NONE', #3092, .T. ) ;
#11558 = LENGTH_MEASURE_WITH_UNIT ( LENGTH_MEASURE( 0.02539999999999999897 ), #3517 );
#11559 = VECTOR ( 'NONE', #9137, 39.37007874015748143 ) ;
#11560 =( GEOMETRIC_REPRESENTATION_CONTEXT ( 3 ) GLOBAL_UNCERTAINTY_ASSIGNED_CONTEXT ( ( #6798 ) ) GLOBAL_UNIT_ASSIGNED_CONTEXT ( ( #3198, #11369, #10348 ) ) REPRESENTATION_CONTEXT ( 'NONE', 'WORKASPACE' ) );
#11561 = LINE ( 'NONE', #732, #10968 ) ;
#11562 = FILL_AREA_STYLE_COLOUR ( '', #10022 ) ;
#11563 = SURFACE_SIDE_STYLE ('',( #10867 ) ) ;
#11564 = VERTEX_POINT ( 'NONE', #3657 ) ;
#11565 = SURFACE_STYLE_USAGE ( .BOTH. , #4264 ) ;
#11566 = CARTESIAN_POINT ( 'NONE',  ( -0.2899999999999999800, 0.06500000000000000222, -0.07000000000000000666 ) ) ;
#11567 = CARTESIAN_POINT ( 'NONE',  ( -0.003000000000000000062, 0.1849999999999999978, 0.1199999999999999956 ) ) ;
#11568 = CARTESIAN_POINT ( 'NONE',  ( 0.09699999999999998901, -0.07499999999999999722, 0.02799999999999997283 ) ) ;
#11569 = MECHANICAL_DESIGN_GEOMETRIC_PRESENTATION_REPRESENTATION (  '', ( #6813 ), #9098 ) ;
#11570 = UNCERTAINTY_MEASURE_WITH_UNIT (LENGTH_MEASURE( 1.000000000000000082E-05 ), #1570, 'distance_accuracy_value', 'NONE');
#11571 = LINE ( 'NONE', #3351, #4381 ) ;
#11572 = FILL_AREA_STYLE ('',( #6906 ) ) ;
#11573 = VERTEX_POINT ( 'NONE', #7096 ) ;
#11574 = VERTEX_POINT ( 'NONE', #7332 ) ;
#11575 = DIRECTION ( 'NONE',  ( 1.000000000000000000, 0.000000000000000000, -0.000000000000000000 ) ) ;
#11576 =( GEOMETRIC_REPRESENTATION_CONTEXT ( 3 ) GLOBAL_UNCERTAINTY_ASSIGNED_CONTEXT ( ( #3822 ) ) GLOBAL_UNIT_ASSIGNED_CONTEXT ( ( #5181, #4537, #8815 ) ) REPRESENTATION_CONTEXT ( 'NONE', 'WORKASPACE' ) );
#11577 = MECHANICAL_DESIGN_GEOMETRIC_PRESENTATION_REPRESENTATION (  '', ( #4704 ), #1872 ) ;
#11578 = DIRECTION ( 'NONE',  ( 0.000000000000000000, -0.000000000000000000, 1.000000000000000000 ) ) ;
#11579 = PRESENTATION_STYLE_ASSIGNMENT (( #11415 ) ) ;
#11580 = EDGE_LOOP ( 'NONE', ( #9525, #6274, #117, #3154 ) ) ;
#11581 = ADVANCED_FACE ( 'NONE', ( #6466 ), #805, .F. ) ;
#11582 = CARTESIAN_POINT ( 'NONE',  ( 0.000000000000000000, 0.05000000000000000278, -0.005000000000000000104 ) ) ;
#11583 = CARTESIAN_POINT ( 'NONE',  ( 0.05800000000000000294, 0.06499999999999998834, 0.03300000000000000155 ) ) ;
#11584 =( CONVERSION_BASED_UNIT ( 'INCH', #6225 ) LENGTH_UNIT ( ) NAMED_UNIT ( #6344 ) );
#11585 = SURFACE_SIDE_STYLE ('',( #5312 ) ) ;
#11586 = DIMENSIONAL_EXPONENTS ( 1.000000000000000000, 0.000000000000000000, 0.000000000000000000, 0.000000000000000000, 0.000000000000000000, 0.000000000000000000, 0.000000000000000000 ) ;
#11587 =( GEOMETRIC_REPRESENTATION_CONTEXT ( 3 ) GLOBAL_UNCERTAINTY_ASSIGNED_CONTEXT ( ( #5227 ) ) GLOBAL_UNIT_ASSIGNED_CONTEXT ( ( #853, #4448, #4387 ) ) REPRESENTATION_CONTEXT ( 'NONE', 'WORKASPACE' ) );
#11588 = AXIS2_PLACEMENT_3D ( 'NONE', #8888, #10695, #2707 ) ;
#11589 = DIRECTION ( 'NONE',  ( -1.000000000000000000, 0.000000000000000000, 0.000000000000000000 ) ) ;
#11590 = EDGE_LOOP ( 'NONE', ( #3291, #4012, #10292, #7343 ) ) ;
#11591 = ORIENTED_EDGE ( 'NONE', *, *, #3538, .T. ) ;
#11592 = EDGE_CURVE ( 'NONE', #2674, #9153, #3551, .T. ) ;
#11593 = CARTESIAN_POINT ( 'NONE',  ( 0.1079999999999999988, -0.07499999999999999722, 0.02199999999999999872 ) ) ;
#11594 = DIRECTION ( 'NONE',  ( 0.000000000000000000, 0.000000000000000000, 1.000000000000000000 ) ) ;
#11595 = PLANE ( 'NONE',  #1443 ) ;
#11596 = ORIENTED_EDGE ( 'NONE', *, *, #4870, .T. ) ;
#11597 =( GEOMETRIC_REPRESENTATION_CONTEXT ( 3 ) GLOBAL_UNCERTAINTY_ASSIGNED_CONTEXT ( ( #9649 ) ) GLOBAL_UNIT_ASSIGNED_CONTEXT ( ( #9880, #9115, #978 ) ) REPRESENTATION_CONTEXT ( 'NONE', 'WORKASPACE' ) );
#11598 = FILL_AREA_STYLE ('',( #885 ) ) ;
#11599 = DIRECTION ( 'NONE',  ( 0.000000000000000000, -0.000000000000000000, 1.000000000000000000 ) ) ;
#11600 = ORIENTED_EDGE ( 'NONE', *, *, #10984, .F. ) ;
#11601 = LINE ( 'NONE', #6067, #9759 ) ;
#11602 =( CONVERSION_BASED_UNIT ( 'INCH', #5198 ) LENGTH_UNIT ( ) NAMED_UNIT ( #431 ) );
#11603 =( CONVERSION_BASED_UNIT ( 'INCH', #7925 ) LENGTH_UNIT ( ) NAMED_UNIT ( #7071 ) );
#11604 =( LENGTH_UNIT ( ) NAMED_UNIT ( * ) SI_UNIT ( $, .METRE. ) );
#11605 = APPLICATION_CONTEXT ( 'automotive_design' ) ;
#11606 = LINE ( 'NONE', #3269, #2012 ) ;
#11607 = ADVANCED_FACE ( 'NONE', ( #7219 ), #1868, .F. ) ;
#11608 = AXIS2_PLACEMENT_3D ( 'NONE', #1461, #10514, #462 ) ;
#11609 = PRESENTATION_STYLE_ASSIGNMENT (( #1532 ) ) ;
#11610 = AXIS2_PLACEMENT_3D ( 'NONE', #9463, #3865, #3085 ) ;
#11611 = ORIENTED_EDGE ( 'NONE', *, *, #4165, .T. ) ;
#11612 = FILL_AREA_STYLE ('',( #4546 ) ) ;
#11613 = SURFACE_SIDE_STYLE ('',( #7934 ) ) ;
#11614 = EDGE_CURVE ( 'NONE', #2960, #2643, #3891, .T. ) ;
#11615 = EDGE_LOOP ( 'NONE', ( #1134, #8965, #11747, #1256 ) ) ;
#11616 = ADVANCED_FACE ( 'NONE', ( #10219 ), #4885, .F. ) ;
#11617 = DIRECTION ( 'NONE',  ( -0.4856429311786317760, 0.8741572761215378184, 0.000000000000000000 ) ) ;
#11618 = DIMENSIONAL_EXPONENTS ( 1.000000000000000000, 0.000000000000000000, 0.000000000000000000, 0.000000000000000000, 0.000000000000000000, 0.000000000000000000, 0.000000000000000000 ) ;
#11619 = SURFACE_STYLE_USAGE ( .BOTH. , #7716 ) ;
#11620 = PRESENTATION_STYLE_ASSIGNMENT (( #3687 ) ) ;
#11621 =( NAMED_UNIT ( * ) PLANE_ANGLE_UNIT ( ) SI_UNIT ( $, .RADIAN. ) );
#11622 = FACE_BOUND ( 'NONE', #9012, .T. ) ;
#11623 = EDGE_CURVE ( 'NONE', #3953, #1192, #3781, .T. ) ;
#11624 =( LENGTH_UNIT ( ) NAMED_UNIT ( * ) SI_UNIT ( $, .METRE. ) );
#11625 = CARTESIAN_POINT ( 'NONE',  ( -0.04200000000000000955, 0.05000000000000000971, -0.01700000000000000122 ) ) ;
#11626 = DIRECTION ( 'NONE',  ( 0.000000000000000000, -0.000000000000000000, -1.000000000000000000 ) ) ;
#11627 = SURFACE_SIDE_STYLE ('',( #1587 ) ) ;
#11628 = EDGE_CURVE ( 'NONE', #2031, #8546, #6691, .T. ) ;
#11629 = COLOUR_RGB ( '',0.2862745098039215508, 0.2862745098039215508, 0.2862745098039215508 ) ;
#11630 = LINE ( 'NONE', #6321, #11360 ) ;
#11631 = ORIENTED_EDGE ( 'NONE', *, *, #5339, .T. ) ;
#11632 =( CONVERSION_BASED_UNIT ( 'INCH', #10930 ) LENGTH_UNIT ( ) NAMED_UNIT ( #1313 ) );
#11633 = SURFACE_SIDE_STYLE ('',( #7831 ) ) ;
#11634 =( NAMED_UNIT ( * ) PLANE_ANGLE_UNIT ( ) SI_UNIT ( $, .RADIAN. ) );
#11635 = FACE_OUTER_BOUND ( 'NONE', #11184, .T. ) ;
#11636 = VECTOR ( 'NONE', #44, 39.37007874015748143 ) ;
#11637 = DIRECTION ( 'NONE',  ( 0.000000000000000000, 0.000000000000000000, -1.000000000000000000 ) ) ;
#11638 = SURFACE_STYLE_USAGE ( .BOTH. , #7956 ) ;
#11639 = DIRECTION ( 'NONE',  ( 0.000000000000000000, 0.4856429311786331082, 0.8741572761215372633 ) ) ;
#11640 =( LENGTH_UNIT ( ) NAMED_UNIT ( * ) SI_UNIT ( $, .METRE. ) );
#11641 = EDGE_LOOP ( 'NONE', ( #10032, #8345, #5431, #6348 ) ) ;
#11642 = EDGE_LOOP ( 'NONE', ( #5519, #1037, #11011, #9831 ) ) ;
#11643 =( NAMED_UNIT ( * ) PLANE_ANGLE_UNIT ( ) SI_UNIT ( $, .RADIAN. ) );
#11644 = PRODUCT ( 'ESHF-105-01-L-D-TH', 'ESHF-105-01-L-D-TH', '', ( #2995 ) ) ;
#11645 = FILL_AREA_STYLE_COLOUR ( '', #3742 ) ;
#11646 = DIRECTION ( 'NONE',  ( 0.4368520283305186158, -0.7863336509949349074, -0.4368520283305178942 ) ) ;
#11647 = PRESENTATION_LAYER_ASSIGNMENT (  '', '', ( #8557 ) ) ;
#11648 = VERTEX_POINT ( 'NONE', #10332 ) ;
#11649 = LINE ( 'NONE', #10826, #6618 ) ;
#11650 = STYLED_ITEM ( 'NONE', ( #10934 ), #5996 ) ;
#11651 = COLOUR_RGB ( '',0.8627450980392157298, 0.6274509803921568540, 0.05882352941176470507 ) ;
#11652 = LENGTH_MEASURE_WITH_UNIT ( LENGTH_MEASURE( 0.02539999999999999897 ), #10692 );
#11653 = FILL_AREA_STYLE_COLOUR ( '', #10109 ) ;
#11654 = PRESENTATION_STYLE_ASSIGNMENT (( #804 ) ) ;
#11655 = CARTESIAN_POINT ( 'NONE',  ( 0.05800000000000000294, 0.1759999999999999898, -0.03300000000000005707 ) ) ;
#11656 = CARTESIAN_POINT ( 'NONE',  ( 0.1079999999999999988, 0.1759999999999999898, 0.01700000000000000122 ) ) ;
#11657 = ORIENTED_EDGE ( 'NONE', *, *, #3023, .F. ) ;
#11658 = VERTEX_POINT ( 'NONE', #2232 ) ;
#11659 = CARTESIAN_POINT ( 'NONE',  ( -0.05000000000000000971, 0.2099999999999999922, 0.07000000000000000666 ) ) ;
#11660 = VECTOR ( 'NONE', #5137, 39.37007874015748854 ) ;
#11661 = DIRECTION ( 'NONE',  ( 0.000000000000000000, 0.8741572761215407050, -0.4856429311786268355 ) ) ;
#11662 = DIRECTION ( 'NONE',  ( 1.000000000000000000, 0.000000000000000000, -0.000000000000000000 ) ) ;
#11663 = UNCERTAINTY_MEASURE_WITH_UNIT (LENGTH_MEASURE( 1.000000000000000082E-05 ), #5485, 'distance_accuracy_value', 'NONE');
#11664 = ORIENTED_EDGE ( 'NONE', *, *, #560, .T. ) ;
#11665 = ORIENTED_EDGE ( 'NONE', *, *, #10453, .T. ) ;
#11666 = PLANE ( 'NONE',  #1967 ) ;
#11667 = STYLED_ITEM ( 'NONE', ( #10087 ), #6515 ) ;
#11668 = DIRECTION ( 'NONE',  ( -0.000000000000000000, -1.000000000000000000, -0.000000000000000000 ) ) ;
#11669 = DIRECTION ( 'NONE',  ( 0.000000000000000000, 0.8741572761215382625, -0.4856429311786310543 ) ) ;
#11670 = PRESENTATION_LAYER_ASSIGNMENT (  '', '', ( #6887 ) ) ;
#11671 =( GEOMETRIC_REPRESENTATION_CONTEXT ( 3 ) GLOBAL_UNCERTAINTY_ASSIGNED_CONTEXT ( ( #1222 ) ) GLOBAL_UNIT_ASSIGNED_CONTEXT ( ( #8614, #11392, #1431 ) ) REPRESENTATION_CONTEXT ( 'NONE', 'WORKASPACE' ) );
#11672 = LINE ( 'NONE', #1691, #5480 ) ;
#11673 =( NAMED_UNIT ( * ) PLANE_ANGLE_UNIT ( ) SI_UNIT ( $, .RADIAN. ) );
#11674 = ORIENTED_EDGE ( 'NONE', *, *, #9208, .T. ) ;
#11675 = LINE ( 'NONE', #10717, #9034 ) ;
#11676 = DIMENSIONAL_EXPONENTS ( 1.000000000000000000, 0.000000000000000000, 0.000000000000000000, 0.000000000000000000, 0.000000000000000000, 0.000000000000000000, 0.000000000000000000 ) ;
#11677 = STYLED_ITEM ( 'NONE', ( #3209 ), #3036 ) ;
#11678 = EDGE_LOOP ( 'NONE', ( #4095, #5399, #1117, #5777 ) ) ;
#11679 = LINE ( 'NONE', #3511, #7796 ) ;
#11680 = ORIENTED_EDGE ( 'NONE', *, *, #2305, .T. ) ;
#11681 = FILL_AREA_STYLE ('',( #7995 ) ) ;
#11682 = ADVANCED_FACE ( 'NONE', ( #5863 ), #1059, .T. ) ;
#11683 = CARTESIAN_POINT ( 'NONE',  ( -0.05299999999999999850, 0.1849999999999999978, -0.02200000000000006464 ) ) ;
#11684 = SURFACE_STYLE_FILL_AREA ( #1028 ) ;
#11685 = STYLED_ITEM ( 'NONE', ( #7366 ), #6880 ) ;
#11686 = SURFACE_STYLE_FILL_AREA ( #3457 ) ;
#11687 = FILL_AREA_STYLE_COLOUR ( '', #4731 ) ;
#11688 = EDGE_CURVE ( 'NONE', #11084, #5424, #2403, .T. ) ;
#11689 = DIRECTION ( 'NONE',  ( 1.000000000000000000, 0.000000000000000000, 0.000000000000000000 ) ) ;
#11690 = CARTESIAN_POINT ( 'NONE',  ( 0.09700000000000000289, 0.1849999999999999978, 0.02199999999999999872 ) ) ;
#11691 = COLOUR_RGB ( '',0.2862745098039215508, 0.2862745098039215508, 0.2862745098039215508 ) ;
#11692 = VERTEX_POINT ( 'NONE', #6042 ) ;
#11693 = SURFACE_STYLE_USAGE ( .BOTH. , #1842 ) ;
#11694 = EDGE_CURVE ( 'NONE', #3181, #7920, #7673, .T. ) ;
#11695 = PRESENTATION_STYLE_ASSIGNMENT (( #8256 ) ) ;
#11696 = STYLED_ITEM ( 'NONE', ( #6685 ), #14 ) ;
#11697 = SURFACE_SIDE_STYLE ('',( #5296 ) ) ;
#11698 = LINE ( 'NONE', #6849, #65 ) ;
#11699 = UNCERTAINTY_MEASURE_WITH_UNIT (LENGTH_MEASURE( 1.000000000000000082E-05 ), #4212, 'distance_accuracy_value', 'NONE');
#11700 = EDGE_CURVE ( 'NONE', #4151, #2453, #1340, .T. ) ;
#11701 = DIRECTION ( 'NONE',  ( -0.4368520283305203922, 0.7863336509949336861, 0.4368520283305185048 ) ) ;
#11702 = DIMENSIONAL_EXPONENTS ( 1.000000000000000000, 0.000000000000000000, 0.000000000000000000, 0.000000000000000000, 0.000000000000000000, 0.000000000000000000, 0.000000000000000000 ) ;
#11703 = PLANE ( 'NONE',  #4843 ) ;
#11704 = ADVANCED_FACE ( 'NONE', ( #7028 ), #7840, .F. ) ;
#11705 = ORIENTED_EDGE ( 'NONE', *, *, #4724, .F. ) ;
#11706 = EDGE_LOOP ( 'NONE', ( #6426, #10314, #2174, #6080 ) ) ;
#11707 = FILL_AREA_STYLE ('',( #1963 ) ) ;
#11708 = LENGTH_MEASURE_WITH_UNIT ( LENGTH_MEASURE( 0.02539999999999999897 ), #1855 );
#11709 = CARTESIAN_POINT ( 'NONE',  ( 0.3009999999999999898, 0.000000000000000000, 0.02500000000000000139 ) ) ;
#11710 = EDGE_CURVE ( 'NONE', #2986, #7116, #3415, .T. ) ;
#11711 = FACE_OUTER_BOUND ( 'NONE', #6713, .T. ) ;
#11712 = VERTEX_POINT ( 'NONE', #9604 ) ;
#11713 = CARTESIAN_POINT ( 'NONE',  ( -0.09199999999999998457, 0.1759999999999999898, 0.03300000000000000155 ) ) ;
#11714 = CARTESIAN_POINT ( 'NONE',  ( -0.09199999999999999845, 0.05000000000000000278, -0.01700000000000000122 ) ) ;
#11715 = MECHANICAL_DESIGN_GEOMETRIC_PRESENTATION_REPRESENTATION (  '', ( #11337 ), #8252 ) ;
#11716 = VECTOR ( 'NONE', #9398, 39.37007874015748143 ) ;
#11717 = CARTESIAN_POINT ( 'NONE',  ( -0.1029999999999999943, -0.07499999999999998335, 0.02800000000000000405 ) ) ;
#11718 = DIRECTION ( 'NONE',  ( -1.000000000000000000, 0.000000000000000000, -8.537024980200819846E-16 ) ) ;
#11719 = ORIENTED_EDGE ( 'NONE', *, *, #7999, .T. ) ;
#11720 = ORIENTED_EDGE ( 'NONE', *, *, #6851, .T. ) ;
#11721 = VECTOR ( 'NONE', #3664, 39.37007874015748143 ) ;
#11722 = FILL_AREA_STYLE ('',( #815 ) ) ;
#11723 = MECHANICAL_DESIGN_GEOMETRIC_PRESENTATION_REPRESENTATION (  '', ( #10193 ), #5031 ) ;
#11724 = LINE ( 'NONE', #11017, #4258 ) ;
#11725 = ORIENTED_EDGE ( 'NONE', *, *, #2085, .F. ) ;
#11726 = SURFACE_STYLE_FILL_AREA ( #11598 ) ;
#11727 = DIRECTION ( 'NONE',  ( 1.000000000000000000, 0.000000000000000000, -0.000000000000000000 ) ) ;
#11728 = ORIENTED_EDGE ( 'NONE', *, *, #1425, .F. ) ;
#11729 =( GEOMETRIC_REPRESENTATION_CONTEXT ( 3 ) GLOBAL_UNCERTAINTY_ASSIGNED_CONTEXT ( ( #8951 ) ) GLOBAL_UNIT_ASSIGNED_CONTEXT ( ( #1680, #703, #3375 ) ) REPRESENTATION_CONTEXT ( 'NONE', 'WORKASPACE' ) );
#11730 = SURFACE_SIDE_STYLE ('',( #8043 ) ) ;
#11731 = DIRECTION ( 'NONE',  ( 0.000000000000000000, 0.000000000000000000, -1.000000000000000000 ) ) ;
#11732 = DIRECTION ( 'NONE',  ( -1.000000000000000000, -0.000000000000000000, 0.000000000000000000 ) ) ;
#11733 =( NAMED_UNIT ( * ) PLANE_ANGLE_UNIT ( ) SI_UNIT ( $, .RADIAN. ) );
#11734 = AXIS2_PLACEMENT_3D ( 'NONE', #10927, #9118, #8136 ) ;
#11735 = FILL_AREA_STYLE ('',( #8173 ) ) ;
#11736 = PRESENTATION_LAYER_ASSIGNMENT (  '', '', ( #10202 ) ) ;
#11737 = VERTEX_POINT ( 'NONE', #5060 ) ;
#11738 = AXIS2_PLACEMENT_3D ( 'NONE', #3951, #8279, #6640 ) ;
#11739 = FILL_AREA_STYLE_COLOUR ( '', #3001 ) ;
#11740 = EDGE_LOOP ( 'NONE', ( #8659, #11771, #11349, #6431 ) ) ;
#11741 = VECTOR ( 'NONE', #8809, 39.37007874015748854 ) ;
#11742 = FILL_AREA_STYLE ('',( #5277 ) ) ;
#11743 = VECTOR ( 'NONE', #3612, 39.37007874015748143 ) ;
#11744 = VERTEX_POINT ( 'NONE', #4275 ) ;
#11745 = VECTOR ( 'NONE', #5811, 39.37007874015748143 ) ;
#11746 = CARTESIAN_POINT ( 'NONE',  ( 0.007999999999999998432, -0.06600000000000000311, 0.01699999999999996653 ) ) ;
#11747 = ORIENTED_EDGE ( 'NONE', *, *, #8244, .T. ) ;
#11748 = VECTOR ( 'NONE', #1513, 39.37007874015748143 ) ;
#11749 = VECTOR ( 'NONE', #6745, 39.37007874015748143 ) ;
#11750 =( CONVERSION_BASED_UNIT ( 'INCH', #7121 ) LENGTH_UNIT ( ) NAMED_UNIT ( #11008 ) );
#11751 = FACE_OUTER_BOUND ( 'NONE', #10846, .T. ) ;
#11752 = AXIS2_PLACEMENT_3D ( 'NONE', #8745, #495, #10672 ) ;
#11753 = FILL_AREA_STYLE_COLOUR ( '', #4513 ) ;
#11754 = STYLED_ITEM ( 'NONE', ( #9832 ), #9564 ) ;
#11755 =( NAMED_UNIT ( * ) PLANE_ANGLE_UNIT ( ) SI_UNIT ( $, .RADIAN. ) );
#11756 = SURFACE_STYLE_USAGE ( .BOTH. , #7191 ) ;
#11757 = CARTESIAN_POINT ( 'NONE',  ( -0.002999999999999998761, 0.1849999999999999978, 0.02199999999999996750 ) ) ;
#11758 = VECTOR ( 'NONE', #7665, 39.37007874015748143 ) ;
#11759 = EDGE_CURVE ( 'NONE', #5461, #8034, #8700, .T. ) ;
#11760 = CARTESIAN_POINT ( 'NONE',  ( 0.04200000000000000955, -0.06600000000000000311, -0.03300000000000000155 ) ) ;
#11761 = ORIENTED_EDGE ( 'NONE', *, *, #5627, .F. ) ;
#11762 = DIRECTION ( 'NONE',  ( 0.4856429311786310543, -0.8741572761215382625, 0.000000000000000000 ) ) ;
#11763 = DIMENSIONAL_EXPONENTS ( 1.000000000000000000, 0.000000000000000000, 0.000000000000000000, 0.000000000000000000, 0.000000000000000000, 0.000000000000000000, 0.000000000000000000 ) ;
#11764 = SURFACE_SIDE_STYLE ('',( #3762 ) ) ;
#11765 = FACE_OUTER_BOUND ( 'NONE', #11580, .T. ) ;
#11766 = CARTESIAN_POINT ( 'NONE',  ( -0.008000000000000010575, 0.2099999999999999922, 0.03300000000000000155 ) ) ;
#11767 = CARTESIAN_POINT ( 'NONE',  ( -0.05000000000000000278, 0.2099999999999999922, -0.1199999999999999956 ) ) ;
#11768 =( NAMED_UNIT ( * ) PLANE_ANGLE_UNIT ( ) SI_UNIT ( $, .RADIAN. ) );
#11769 = COLOUR_RGB ( '',0.2862745098039215508, 0.2862745098039215508, 0.2862745098039215508 ) ;
#11770 =( NAMED_UNIT ( * ) SI_UNIT ( $, .STERADIAN. ) SOLID_ANGLE_UNIT ( ) );
#11771 = ORIENTED_EDGE ( 'NONE', *, *, #1864, .T. ) ;
#11772 = ORIENTED_EDGE ( 'NONE', *, *, #3890, .T. ) ;
#11773 = EDGE_CURVE ( 'NONE', #11744, #3463, #7779, .T. ) ;
#11774 = PRODUCT_DEFINITION_CONTEXT ( 'detailed design', #11605, 'design' ) ;
#11775 = CARTESIAN_POINT ( 'NONE',  ( -0.3250000000000000111, 0.2099999999999999922, 0.000000000000000000 ) ) ;
#11776 = DIRECTION ( 'NONE',  ( -1.000000000000000000, 0.000000000000000000, -0.000000000000000000 ) ) ;
#11777 = PRESENTATION_LAYER_ASSIGNMENT (  '', '', ( #3387 ) ) ;
#11778 = ORIENTED_EDGE ( 'NONE', *, *, #9201, .T. ) ;
#11779 = VECTOR ( 'NONE', #5213, 39.37007874015748143 ) ;
#11780 =( NAMED_UNIT ( * ) PLANE_ANGLE_UNIT ( ) SI_UNIT ( $, .RADIAN. ) );
#11781 = DIRECTION ( 'NONE',  ( 0.000000000000000000, -0.000000000000000000, -1.000000000000000000 ) ) ;
#11782 = SURFACE_SIDE_STYLE ('',( #7155 ) ) ;
#11783 =( LENGTH_UNIT ( ) NAMED_UNIT ( * ) SI_UNIT ( $, .METRE. ) );
#11784 = LINE ( 'NONE', #7970, #5887 ) ;
#11785 = EDGE_CURVE ( 'NONE', #5921, #1238, #9492, .T. ) ;
#11786 = ORIENTED_EDGE ( 'NONE', *, *, #5335, .F. ) ;
#11787 = EDGE_LOOP ( 'NONE', ( #3851, #6253, #5532, #2197 ) ) ;
#11788 = AXIS2_PLACEMENT_3D ( 'NONE', #7865, #10652, #11731 ) ;
#11789 = PLANE ( 'NONE',  #8077 ) ;
#11790 = MECHANICAL_DESIGN_GEOMETRIC_PRESENTATION_REPRESENTATION (  '', ( #9288 ), #6251 ) ;
#11791 = DIMENSIONAL_EXPONENTS ( 1.000000000000000000, 0.000000000000000000, 0.000000000000000000, 0.000000000000000000, 0.000000000000000000, 0.000000000000000000, 0.000000000000000000 ) ;
#11792 = LINE ( 'NONE', #7103, #5230 ) ;
#11793 = LINE ( 'NONE', #5384, #6939 ) ;
#11794 = DIRECTION ( 'NONE',  ( 0.4472135954999579277, 0.8944271909999158554, 0.000000000000000000 ) ) ;
#11795 = ORIENTED_EDGE ( 'NONE', *, *, #6858, .F. ) ;
#11796 = SURFACE_SIDE_STYLE ('',( #6300 ) ) ;
#11797 = SURFACE_SIDE_STYLE ('',( #11140 ) ) ;
#11798 = EDGE_LOOP ( 'NONE', ( #3666, #6044, #5178, #9667 ) ) ;
#11799 = SURFACE_STYLE_FILL_AREA ( #9265 ) ;
#11800 = CARTESIAN_POINT ( 'NONE',  ( -0.1079999999999999988, 0.000000000000000000, 0.01700000000000000122 ) ) ;
#11801 = STYLED_ITEM ( 'NONE', ( #7743 ), #4952 ) ;
#11802 = VECTOR ( 'NONE', #3833, 39.37007874015748143 ) ;
#11803 = CARTESIAN_POINT ( 'NONE',  ( -0.2879999999999999782, 0.2099999999999999922, 0.1000000000000000056 ) ) ;
#11804 = SURFACE_SIDE_STYLE ('',( #4558 ) ) ;
#11805 = ORIENTED_EDGE ( 'NONE', *, *, #7937, .T. ) ;
#11806 = NEXT_ASSEMBLY_USAGE_OCCURRENCE ( 'NAUO1', ' ', ' ', #1752, #6014, $ ) ;
#11807 = NEXT_ASSEMBLY_USAGE_OCCURRENCE ( 'NAUO2', ' ', ' ', #1752, #2297, $ ) ;
#11808 = NEXT_ASSEMBLY_USAGE_OCCURRENCE ( 'NAUO3', ' ', ' ', #1752, #929, $ ) ;
ENDSEC;
END-ISO-10303-21;
