ISO-10303-21;
HEADER;
FILE_DESCRIPTION(('SolidDesigner STEP Export'),'2;1');
FILE_NAME('imcv_1.5-3-g-3.5-rn_p20_thr.stp','2013-12-09T12:36:35',(''),(
''),
'Creo Elements/Direct Modeling STEP processor for AP214 (Solid Model)',
'Creo Elements/Direct Modeling 18.1B  29-Sep-2012 (C) Parametric Technol
ogy GmbH','');
FILE_SCHEMA(('AUTOMOTIVE_DESIGN { 1 0 10303 214 1 1 1 1 }'));
ENDSEC;
DATA;
#10=CARTESIAN_POINT('',(72.5966848880231,12.5885756886306,
-0.0500000000000012));
#20=DIRECTION('',(1.,0.,0.));
#30=DIRECTION('',(0.,-1.,0.));
#40=AXIS2_PLACEMENT_3D('',#10,#20,#30);
#50=PLANE('',#40);
#60=CARTESIAN_POINT('',(72.596684888023,10.0101673137864,
-0.0500000000000012));
#70=DIRECTION('',(0.,0.,1.));
#80=VECTOR('',#70,1.);
#90=LINE('',#60,#80);
#100=CARTESIAN_POINT('',(72.596684888023,10.0101673137864,
-0.0500000000000012));
#110=VERTEX_POINT('',#100);
#120=CARTESIAN_POINT('',(72.596684888023,10.0101673137864,
0.0500000000000007));
#130=VERTEX_POINT('',#120);
#140=EDGE_CURVE('',#110,#130,#90,.T.);
#150=ORIENTED_EDGE('',*,*,#140,.T.);
#160=CARTESIAN_POINT('',(72.5966848880231,12.5885756886306,
-0.0500000000000012));
#170=DIRECTION('',(0.,-1.,0.));
#180=VECTOR('',#170,1.);
#190=LINE('',#160,#180);
#200=CARTESIAN_POINT('',(72.5966848880231,12.5885756886306,
-0.0500000000000012));
#210=VERTEX_POINT('',#200);
#220=EDGE_CURVE('',#210,#110,#190,.T.);
#230=ORIENTED_EDGE('',*,*,#220,.T.);
#240=CARTESIAN_POINT('',(72.5966848880231,12.5885756886306,
-0.0500000000000012));
#250=DIRECTION('',(0.,0.,1.));
#260=VECTOR('',#250,1.);
#270=LINE('',#240,#260);
#280=CARTESIAN_POINT('',(72.5966848880231,12.5885756886306,
0.0500000000000007));
#290=VERTEX_POINT('',#280);
#300=EDGE_CURVE('',#210,#290,#270,.T.);
#310=ORIENTED_EDGE('',*,*,#300,.F.);
#320=CARTESIAN_POINT('',(72.5966848880231,0.,0.0500000000000007));
#330=DIRECTION('',(0.,1.,0.));
#340=VECTOR('',#330,1.);
#350=LINE('',#320,#340);
#360=EDGE_CURVE('',#130,#290,#350,.T.);
#370=ORIENTED_EDGE('',*,*,#360,.T.);
#380=EDGE_LOOP('',(#370,#310,#230,#150));
#390=FACE_OUTER_BOUND('',#380,.T.);
#400=ADVANCED_FACE('',(#390),#50,.F.);
#410=CARTESIAN_POINT('',(69.7675438735269,11.5231794009827,
-0.0500000000000012));
#420=DIRECTION('',(0.,0.,1.));
#430=DIRECTION('',(1.,0.,0.));
#440=AXIS2_PLACEMENT_3D('',#410,#420,#430);
#450=PLANE('',#440);
#460=CARTESIAN_POINT('',(69.8074807006011,12.5885756886306,
-0.0500000000000012));
#470=DIRECTION('',(0.,0.,1.));
#480=DIRECTION('',(1.,0.,0.));
#490=AXIS2_PLACEMENT_3D('',#460,#470,#480);
#500=CIRCLE('',#490,0.210795812577921);
#510=CARTESIAN_POINT('',(69.8074807006011,12.7993715012085,
-0.0500000000000012));
#520=VERTEX_POINT('',#510);
#530=CARTESIAN_POINT('',(69.5966848880231,12.5885756886306,
-0.0500000000000012));
#540=VERTEX_POINT('',#530);
#550=EDGE_CURVE('',#520,#540,#500,.T.);
#560=ORIENTED_EDGE('',*,*,#550,.T.);
#570=CARTESIAN_POINT('',(69.8074807006011,12.7993715012085,
-0.0500000000000012));
#580=DIRECTION('',(1.,0.,0.));
#590=VECTOR('',#580,1.);
#600=LINE('',#570,#590);
#610=CARTESIAN_POINT('',(72.3858890754451,12.7993715012086,
-0.0500000000000012));
#620=VERTEX_POINT('',#610);
#630=EDGE_CURVE('',#520,#620,#600,.T.);
#640=ORIENTED_EDGE('',*,*,#630,.F.);
#650=CARTESIAN_POINT('',(72.3858890754451,12.5885756886306,
-0.0500000000000012));
#660=DIRECTION('',(0.,0.,1.));
#670=DIRECTION('',(1.,0.,0.));
#680=AXIS2_PLACEMENT_3D('',#650,#660,#670);
#690=CIRCLE('',#680,0.210795812577999);
#700=EDGE_CURVE('',#210,#620,#690,.T.);
#710=ORIENTED_EDGE('',*,*,#700,.T.);
#720=ORIENTED_EDGE('',*,*,#220,.F.);
#730=CARTESIAN_POINT('',(72.3858890754451,10.0101673137864,
-0.0500000000000012));
#740=DIRECTION('',(0.,0.,1.));
#750=DIRECTION('',(1.,0.,0.));
#760=AXIS2_PLACEMENT_3D('',#730,#740,#750);
#770=CIRCLE('',#760,0.210795812577921);
#780=CARTESIAN_POINT('',(72.3858890754451,9.79937150120852,
-0.0500000000000012));
#790=VERTEX_POINT('',#780);
#800=EDGE_CURVE('',#790,#110,#770,.T.);
#810=ORIENTED_EDGE('',*,*,#800,.T.);
#820=CARTESIAN_POINT('',(72.3858890754451,9.79937150120852,
-0.0500000000000012));
#830=DIRECTION('',(-1.,0.,0.));
#840=VECTOR('',#830,1.);
#850=LINE('',#820,#840);
#860=CARTESIAN_POINT('',(69.8074807006011,9.79937150120852,
-0.0500000000000012));
#870=VERTEX_POINT('',#860);
#880=EDGE_CURVE('',#790,#870,#850,.T.);
#890=ORIENTED_EDGE('',*,*,#880,.F.);
#900=CARTESIAN_POINT('',(69.8074807006011,10.0101673137864,
-0.0500000000000012));
#910=DIRECTION('',(0.,0.,1.));
#920=DIRECTION('',(1.,0.,0.));
#930=AXIS2_PLACEMENT_3D('',#900,#910,#920);
#940=CIRCLE('',#930,0.210795812577999);
#950=CARTESIAN_POINT('',(69.5966848880231,10.0101673137864,
-0.0500000000000012));
#960=VERTEX_POINT('',#950);
#970=EDGE_CURVE('',#960,#870,#940,.T.);
#980=ORIENTED_EDGE('',*,*,#970,.T.);
#990=CARTESIAN_POINT('',(69.5966848880231,12.5885756886306,
-0.0500000000000012));
#1000=DIRECTION('',(0.,-1.,0.));
#1010=VECTOR('',#1000,1.);
#1020=LINE('',#990,#1010);
#1030=EDGE_CURVE('',#540,#960,#1020,.T.);
#1040=ORIENTED_EDGE('',*,*,#1030,.T.);
#1050=EDGE_LOOP('',(#1040,#980,#890,#810,#720,#710,#640,#560));
#1060=FACE_OUTER_BOUND('',#1050,.T.);
#1070=CARTESIAN_POINT('',(71.3099380345516,12.0763171646216,
-0.0500000000000012));
#1080=DIRECTION('',(0.,0.,1.));
#1090=DIRECTION('',(1.,0.,0.));
#1100=AXIS2_PLACEMENT_3D('',#1070,#1080,#1090);
#1110=CIRCLE('',#1100,0.158096859433584);
#1120=CARTESIAN_POINT('',(71.1518411751181,12.0763171646216,
-0.0500000000000012));
#1130=VERTEX_POINT('',#1120);
#1140=CARTESIAN_POINT('',(71.2409184659056,11.9340817396858,
-0.0500000000000012));
#1150=VERTEX_POINT('',#1140);
#1160=EDGE_CURVE('',#1130,#1150,#1110,.T.);
#1170=ORIENTED_EDGE('',*,*,#1160,.F.);
#1180=CARTESIAN_POINT('',(71.0415286009285,11.5231794009827,
-0.0500000000000012));
#1190=DIRECTION('',(0.,0.,1.));
#1200=DIRECTION('',(1.,0.,0.));
#1210=AXIS2_PLACEMENT_3D('',#1180,#1190,#1200);
#1220=CIRCLE('',#1210,0.456724260585462);
#1230=CARTESIAN_POINT('',(71.2409184659057,11.1122770622796,
-0.0500000000000012));
#1240=VERTEX_POINT('',#1230);
#1250=EDGE_CURVE('',#1240,#1150,#1220,.T.);
#1260=ORIENTED_EDGE('',*,*,#1250,.T.);
#1270=CARTESIAN_POINT('',(71.3099380345516,10.9700416373439,
-0.0500000000000012));
#1280=DIRECTION('',(0.,0.,1.));
#1290=DIRECTION('',(1.,0.,0.));
#1300=AXIS2_PLACEMENT_3D('',#1270,#1280,#1290);
#1310=CIRCLE('',#1300,0.15809685943344);
#1320=CARTESIAN_POINT('',(71.1518411751182,10.9700416373439,
-0.0500000000000012));
#1330=VERTEX_POINT('',#1320);
#1340=EDGE_CURVE('',#1240,#1330,#1310,.T.);
#1350=ORIENTED_EDGE('',*,*,#1340,.F.);
#1360=CARTESIAN_POINT('',(71.1518411751183,10.730092686371,
-0.0500000000000012));
#1370=DIRECTION('',(0.,1.,0.));
#1380=VECTOR('',#1370,1.);
#1390=LINE('',#1360,#1380);
#1400=CARTESIAN_POINT('',(71.1518411751183,10.730092686371,
-0.0500000000000012));
#1410=VERTEX_POINT('',#1400);
#1420=EDGE_CURVE('',#1410,#1330,#1390,.T.);
#1430=ORIENTED_EDGE('',*,*,#1420,.T.);
#1440=CARTESIAN_POINT('',(71.3099380345516,10.7300926863709,
-0.0500000000000012));
#1450=DIRECTION('',(0.,0.,1.));
#1460=DIRECTION('',(1.,0.,0.));
#1470=AXIS2_PLACEMENT_3D('',#1440,#1450,#1460);
#1480=CIRCLE('',#1470,0.158096859433385);
#1490=CARTESIAN_POINT('',(71.3099380345516,10.5719958269375,
-0.0500000000000012));
#1500=VERTEX_POINT('',#1490);
#1510=EDGE_CURVE('',#1410,#1500,#1480,.T.);
#1520=ORIENTED_EDGE('',*,*,#1510,.F.);
#1530=CARTESIAN_POINT('',(71.3225896843657,10.5719958269375,
-0.0500000000000012));
#1540=DIRECTION('',(-1.,0.,0.));
#1550=VECTOR('',#1540,1.);
#1560=LINE('',#1530,#1550);
#1570=CARTESIAN_POINT('',(71.3225896843657,10.5719958269375,
-0.0500000000000012));
#1580=VERTEX_POINT('',#1570);
#1590=EDGE_CURVE('',#1580,#1500,#1560,.T.);
#1600=ORIENTED_EDGE('',*,*,#1590,.T.);
#1610=CARTESIAN_POINT('',(71.3225896843657,11.5231794009827,
-0.0500000000000012));
#1620=DIRECTION('',(0.,0.,1.));
#1630=DIRECTION('',(1.,0.,0.));
#1640=AXIS2_PLACEMENT_3D('',#1610,#1620,#1630);
#1650=CIRCLE('',#1640,0.951183574045199);
#1660=CARTESIAN_POINT('',(71.3225896843657,12.4743629750279,
-0.0500000000000012));
#1670=VERTEX_POINT('',#1660);
#1680=EDGE_CURVE('',#1580,#1670,#1650,.T.);
#1690=ORIENTED_EDGE('',*,*,#1680,.F.);
#1700=CARTESIAN_POINT('',(71.3225896843657,12.4743629750279,
-0.0500000000000012));
#1710=DIRECTION('',(-1.,0.,0.));
#1720=VECTOR('',#1710,1.);
#1730=LINE('',#1700,#1720);
#1740=CARTESIAN_POINT('',(71.3099380345516,12.4743629750279,
-0.0500000000000012));
#1750=VERTEX_POINT('',#1740);
#1760=EDGE_CURVE('',#1670,#1750,#1730,.T.);
#1770=ORIENTED_EDGE('',*,*,#1760,.F.);
#1780=CARTESIAN_POINT('',(71.3099380345516,12.3162661155944,
-0.0500000000000012));
#1790=DIRECTION('',(0.,0.,1.));
#1800=DIRECTION('',(1.,0.,0.));
#1810=AXIS2_PLACEMENT_3D('',#1780,#1790,#1800);
#1820=CIRCLE('',#1810,0.15809685943344);
#1830=CARTESIAN_POINT('',(71.1518411751181,12.3162661155944,
-0.0500000000000012));
#1840=VERTEX_POINT('',#1830);
#1850=EDGE_CURVE('',#1750,#1840,#1820,.T.);
#1860=ORIENTED_EDGE('',*,*,#1850,.F.);
#1870=CARTESIAN_POINT('',(71.1518411751181,12.0763171646216,
-0.0500000000000012));
#1880=DIRECTION('',(0.,1.,0.));
#1890=VECTOR('',#1880,1.);
#1900=LINE('',#1870,#1890);
#1910=EDGE_CURVE('',#1130,#1840,#1900,.T.);
#1920=ORIENTED_EDGE('',*,*,#1910,.T.);
#1930=EDGE_LOOP('',(#1920,#1860,#1770,#1690,#1600,#1520,#1430,#1350,
#1260,#1170));
#1940=FACE_BOUND('',#1930,.T.);
#1950=CARTESIAN_POINT('',(70.7731191673054,10.124380027397,
-0.0500000000000012));
#1960=DIRECTION('',(-1.,0.,0.));
#1970=VECTOR('',#1960,1.);
#1980=LINE('',#1950,#1970);
#1990=CARTESIAN_POINT('',(70.7731191673054,10.124380027397,
-0.0500000000000012));
#2000=VERTEX_POINT('',#1990);
#2010=CARTESIAN_POINT('',(70.0964997184642,10.124380027397,
-0.0500000000000012));
#2020=VERTEX_POINT('',#2010);
#2030=EDGE_CURVE('',#2000,#2020,#1980,.T.);
#2040=ORIENTED_EDGE('',*,*,#2030,.T.);
#2050=CARTESIAN_POINT('',(70.7731191673054,10.2824768868304,
-0.0500000000000012));
#2060=DIRECTION('',(0.,0.,1.));
#2070=DIRECTION('',(1.,0.,0.));
#2080=AXIS2_PLACEMENT_3D('',#2050,#2060,#2070);
#2090=CIRCLE('',#2080,0.158096859433439);
#2100=CARTESIAN_POINT('',(70.9312160267387,10.2824768868304,
-0.0500000000000012));
#2110=VERTEX_POINT('',#2100);
#2120=EDGE_CURVE('',#2000,#2110,#2090,.T.);
#2130=ORIENTED_EDGE('',*,*,#2120,.F.);
#2140=CARTESIAN_POINT('',(70.9312160267387,10.9700416373439,
-0.0500000000000012));
#2150=DIRECTION('',(0.,-1.,0.));
#2160=VECTOR('',#2150,1.);
#2170=LINE('',#2140,#2160);
#2180=CARTESIAN_POINT('',(70.9312160267387,10.9700416373439,
-0.0500000000000012));
#2190=VERTEX_POINT('',#2180);
#2200=EDGE_CURVE('',#2190,#2110,#2170,.T.);
#2210=ORIENTED_EDGE('',*,*,#2200,.T.);
#2220=CARTESIAN_POINT('',(70.7731191673054,10.9700416373439,
-0.0500000000000012));
#2230=DIRECTION('',(0.,0.,1.));
#2240=DIRECTION('',(1.,0.,0.));
#2250=AXIS2_PLACEMENT_3D('',#2220,#2230,#2240);
#2260=CIRCLE('',#2250,0.1580968594333);
#2270=CARTESIAN_POINT('',(70.8421387359512,11.1122770622795,
-0.0500000000000012));
#2280=VERTEX_POINT('',#2270);
#2290=EDGE_CURVE('',#2190,#2280,#2260,.T.);
#2300=ORIENTED_EDGE('',*,*,#2290,.F.);
#2310=CARTESIAN_POINT('',(71.0415286009285,11.5231794009827,
-0.0500000000000012));
#2320=DIRECTION('',(0.,0.,1.));
#2330=DIRECTION('',(1.,0.,0.));
#2340=AXIS2_PLACEMENT_3D('',#2310,#2320,#2330);
#2350=CIRCLE('',#2340,0.456724260585518);
#2360=CARTESIAN_POINT('',(70.8421387359513,11.9340817396859,
-0.0500000000000012));
#2370=VERTEX_POINT('',#2360);
#2380=EDGE_CURVE('',#2370,#2280,#2350,.T.);
#2390=ORIENTED_EDGE('',*,*,#2380,.T.);
#2400=CARTESIAN_POINT('',(70.7731191673054,12.0763171646216,
-0.0500000000000012));
#2410=DIRECTION('',(0.,0.,1.));
#2420=DIRECTION('',(1.,0.,0.));
#2430=AXIS2_PLACEMENT_3D('',#2400,#2410,#2420);
#2440=CIRCLE('',#2430,0.158096859433421);
#2450=CARTESIAN_POINT('',(70.931216026739,12.0763171646216,
-0.0500000000000012));
#2460=VERTEX_POINT('',#2450);
#2470=EDGE_CURVE('',#2370,#2460,#2440,.T.);
#2480=ORIENTED_EDGE('',*,*,#2470,.F.);
#2490=CARTESIAN_POINT('',(70.931216026739,12.3162661155944,
-0.0500000000000012));
#2500=DIRECTION('',(0.,-1.,0.));
#2510=VECTOR('',#2500,1.);
#2520=LINE('',#2490,#2510);
#2530=CARTESIAN_POINT('',(70.931216026739,12.3162661155944,
-0.0500000000000012));
#2540=VERTEX_POINT('',#2530);
#2550=EDGE_CURVE('',#2540,#2460,#2520,.T.);
#2560=ORIENTED_EDGE('',*,*,#2550,.T.);
#2570=CARTESIAN_POINT('',(70.7731191673054,12.3162661155944,
-0.0500000000000012));
#2580=DIRECTION('',(0.,0.,1.));
#2590=DIRECTION('',(1.,0.,0.));
#2600=AXIS2_PLACEMENT_3D('',#2570,#2580,#2590);
#2610=CIRCLE('',#2600,0.158096859433613);
#2620=CARTESIAN_POINT('',(70.7731191673054,12.474362975028,
-0.0500000000000012));
#2630=VERTEX_POINT('',#2620);
#2640=EDGE_CURVE('',#2540,#2630,#2610,.T.);
#2650=ORIENTED_EDGE('',*,*,#2640,.F.);
#2660=CARTESIAN_POINT('',(70.0964997184642,12.4743629750279,
-0.0500000000000012));
#2670=DIRECTION('',(1.,-2.88787519585346E-14,0.));
#2680=VECTOR('',#2670,1.);
#2690=LINE('',#2660,#2680);
#2700=CARTESIAN_POINT('',(70.0964997184642,12.4743629750279,
-0.0500000000000012));
#2710=VERTEX_POINT('',#2700);
#2720=EDGE_CURVE('',#2710,#2630,#2690,.T.);
#2730=ORIENTED_EDGE('',*,*,#2720,.T.);
#2740=CARTESIAN_POINT('',(70.0964997184642,12.3162661155945,
-0.0500000000000012));
#2750=DIRECTION('',(0.,0.,1.));
#2760=DIRECTION('',(1.,0.,0.));
#2770=AXIS2_PLACEMENT_3D('',#2740,#2750,#2760);
#2780=CIRCLE('',#2770,0.15809685943344);
#2790=CARTESIAN_POINT('',(69.9384028590308,12.3162661155945,
-0.0500000000000012));
#2800=VERTEX_POINT('',#2790);
#2810=EDGE_CURVE('',#2710,#2800,#2780,.T.);
#2820=ORIENTED_EDGE('',*,*,#2810,.F.);
#2830=CARTESIAN_POINT('',(69.9384028590307,12.3162661155945,
-0.0500000000000012));
#2840=DIRECTION('',(0.,-1.,0.));
#2850=VECTOR('',#2840,1.);
#2860=LINE('',#2830,#2850);
#2870=CARTESIAN_POINT('',(69.9384028590307,10.2824768868304,
-0.0500000000000012));
#2880=VERTEX_POINT('',#2870);
#2890=EDGE_CURVE('',#2800,#2880,#2860,.T.);
#2900=ORIENTED_EDGE('',*,*,#2890,.F.);
#2910=CARTESIAN_POINT('',(70.0964997184642,10.2824768868304,
-0.0500000000000012));
#2920=DIRECTION('',(0.,0.,1.));
#2930=DIRECTION('',(1.,0.,0.));
#2940=AXIS2_PLACEMENT_3D('',#2910,#2920,#2930);
#2950=CIRCLE('',#2940,0.158096859433499);
#2960=EDGE_CURVE('',#2880,#2020,#2950,.T.);
#2970=ORIENTED_EDGE('',*,*,#2960,.F.);
#2980=EDGE_LOOP('',(#2970,#2900,#2820,#2730,#2650,#2560,#2480,#2390,
#2300,#2210,#2130,#2040));
#2990=FACE_BOUND('',#2980,.T.);
#3000=CARTESIAN_POINT('',(71.0415286009285,11.5231794009827,
-0.0500000000000012));
#3010=DIRECTION('',(0.,0.,1.));
#3020=DIRECTION('',(1.,0.,0.));
#3030=AXIS2_PLACEMENT_3D('',#3000,#3010,#3020);
#3040=CIRCLE('',#3030,0.228362130292794);
#3050=CARTESIAN_POINT('',(71.2698907312213,11.5231794009827,
-0.0500000000000012));
#3060=VERTEX_POINT('',#3050);
#3070=CARTESIAN_POINT('',(70.8131664706357,11.5231794009827,
-0.0500000000000012));
#3080=VERTEX_POINT('',#3070);
#3090=EDGE_CURVE('',#3060,#3080,#3040,.T.);
#3100=ORIENTED_EDGE('',*,*,#3090,.F.);
#3110=EDGE_CURVE('',#3080,#3060,#3040,.T.);
#3120=ORIENTED_EDGE('',*,*,#3110,.F.);
#3130=EDGE_LOOP('',(#3120,#3100));
#3140=FACE_BOUND('',#3130,.T.);
#3150=ADVANCED_FACE('',(#1060,#1940,#2990,#3140),#450,.T.);
#3160=CARTESIAN_POINT('',(0.,0.,0.0500000000000007));
#3170=DIRECTION('',(0.,0.,1.));
#3180=DIRECTION('',(1.,0.,0.));
#3190=AXIS2_PLACEMENT_3D('',#3160,#3170,#3180);
#3200=PLANE('',#3190);
#3210=CARTESIAN_POINT('',(0.,12.4743629750279,0.0500000000000007));
#3220=DIRECTION('',(1.,0.,0.));
#3230=VECTOR('',#3220,1.);
#3240=LINE('',#3210,#3230);
#3250=CARTESIAN_POINT('',(71.3099380345516,12.4743629750279,
0.0500000000000007));
#3260=VERTEX_POINT('',#3250);
#3270=CARTESIAN_POINT('',(71.3225896843657,12.4743629750279,
0.0500000000000007));
#3280=VERTEX_POINT('',#3270);
#3290=EDGE_CURVE('',#3260,#3280,#3240,.T.);
#3300=ORIENTED_EDGE('',*,*,#3290,.F.);
#3310=CARTESIAN_POINT('',(71.3225896843657,11.5231794009827,
0.0500000000000007));
#3320=DIRECTION('',(0.,0.,1.));
#3330=DIRECTION('',(1.,0.,0.));
#3340=AXIS2_PLACEMENT_3D('',#3310,#3320,#3330);
#3350=CIRCLE('',#3340,0.951183574045199);
#3360=CARTESIAN_POINT('',(71.3225896843657,10.5719958269375,
0.0500000000000007));
#3370=VERTEX_POINT('',#3360);
#3380=EDGE_CURVE('',#3370,#3280,#3350,.T.);
#3390=ORIENTED_EDGE('',*,*,#3380,.T.);
#3400=CARTESIAN_POINT('',(0.,10.5719958269375,0.0500000000000007));
#3410=DIRECTION('',(-1.,0.,0.));
#3420=VECTOR('',#3410,1.);
#3430=LINE('',#3400,#3420);
#3440=CARTESIAN_POINT('',(71.3099380345516,10.5719958269375,
0.0500000000000007));
#3450=VERTEX_POINT('',#3440);
#3460=EDGE_CURVE('',#3370,#3450,#3430,.T.);
#3470=ORIENTED_EDGE('',*,*,#3460,.F.);
#3480=CARTESIAN_POINT('',(71.3099380345516,10.7300926863709,
0.0500000000000007));
#3490=DIRECTION('',(0.,0.,1.));
#3500=DIRECTION('',(1.,0.,0.));
#3510=AXIS2_PLACEMENT_3D('',#3480,#3490,#3500);
#3520=CIRCLE('',#3510,0.158096859433385);
#3530=CARTESIAN_POINT('',(71.1518411751183,10.730092686371,
0.0500000000000007));
#3540=VERTEX_POINT('',#3530);
#3550=EDGE_CURVE('',#3540,#3450,#3520,.T.);
#3560=ORIENTED_EDGE('',*,*,#3550,.T.);
#3570=CARTESIAN_POINT('',(71.1518411751182,0.,0.0500000000000007));
#3580=DIRECTION('',(0.,1.,0.));
#3590=VECTOR('',#3580,1.);
#3600=LINE('',#3570,#3590);
#3610=CARTESIAN_POINT('',(71.1518411751182,10.9700416373439,
0.0500000000000007));
#3620=VERTEX_POINT('',#3610);
#3630=EDGE_CURVE('',#3540,#3620,#3600,.T.);
#3640=ORIENTED_EDGE('',*,*,#3630,.F.);
#3650=CARTESIAN_POINT('',(71.3099380345516,10.9700416373439,
0.0500000000000007));
#3660=DIRECTION('',(0.,0.,1.));
#3670=DIRECTION('',(1.,0.,0.));
#3680=AXIS2_PLACEMENT_3D('',#3650,#3660,#3670);
#3690=CIRCLE('',#3680,0.15809685943344);
#3700=CARTESIAN_POINT('',(71.2409184659057,11.1122770622796,
0.0500000000000007));
#3710=VERTEX_POINT('',#3700);
#3720=EDGE_CURVE('',#3710,#3620,#3690,.T.);
#3730=ORIENTED_EDGE('',*,*,#3720,.T.);
#3740=CARTESIAN_POINT('',(71.0415286009285,11.5231794009827,
0.0500000000000007));
#3750=DIRECTION('',(0.,0.,1.));
#3760=DIRECTION('',(1.,0.,0.));
#3770=AXIS2_PLACEMENT_3D('',#3740,#3750,#3760);
#3780=CIRCLE('',#3770,0.456724260585462);
#3790=CARTESIAN_POINT('',(71.2409184659056,11.9340817396858,
0.0500000000000007));
#3800=VERTEX_POINT('',#3790);
#3810=EDGE_CURVE('',#3710,#3800,#3780,.T.);
#3820=ORIENTED_EDGE('',*,*,#3810,.F.);
#3830=CARTESIAN_POINT('',(71.3099380345516,12.0763171646216,
0.0500000000000007));
#3840=DIRECTION('',(0.,0.,1.));
#3850=DIRECTION('',(1.,0.,0.));
#3860=AXIS2_PLACEMENT_3D('',#3830,#3840,#3850);
#3870=CIRCLE('',#3860,0.158096859433584);
#3880=CARTESIAN_POINT('',(71.1518411751181,12.0763171646216,
0.0500000000000007));
#3890=VERTEX_POINT('',#3880);
#3900=EDGE_CURVE('',#3890,#3800,#3870,.T.);
#3910=ORIENTED_EDGE('',*,*,#3900,.T.);
#3920=CARTESIAN_POINT('',(71.1518411751181,0.,0.0500000000000007));
#3930=DIRECTION('',(0.,1.,0.));
#3940=VECTOR('',#3930,1.);
#3950=LINE('',#3920,#3940);
#3960=CARTESIAN_POINT('',(71.1518411751181,12.3162661155944,
0.0500000000000007));
#3970=VERTEX_POINT('',#3960);
#3980=EDGE_CURVE('',#3890,#3970,#3950,.T.);
#3990=ORIENTED_EDGE('',*,*,#3980,.F.);
#4000=CARTESIAN_POINT('',(71.3099380345516,12.3162661155944,
0.0500000000000007));
#4010=DIRECTION('',(0.,0.,1.));
#4020=DIRECTION('',(1.,0.,0.));
#4030=AXIS2_PLACEMENT_3D('',#4000,#4010,#4020);
#4040=CIRCLE('',#4030,0.15809685943344);
#4050=EDGE_CURVE('',#3260,#3970,#4040,.T.);
#4060=ORIENTED_EDGE('',*,*,#4050,.T.);
#4070=EDGE_LOOP('',(#4060,#3990,#3910,#3820,#3730,#3640,#3560,#3470,
#3390,#3300));
#4080=FACE_OUTER_BOUND('',#4070,.T.);
#4090=ADVANCED_FACE('',(#4080),#3200,.T.);
#4100=CARTESIAN_POINT('',(71.3099380345516,12.3162661155944,
-0.0500000000000012));
#4110=DIRECTION('',(0.,0.,1.));
#4120=DIRECTION('',(1.,0.,0.));
#4130=AXIS2_PLACEMENT_3D('',#4100,#4110,#4120);
#4140=CYLINDRICAL_SURFACE('',#4130,0.15809685943344);
#4150=CARTESIAN_POINT('',(71.1518411751181,12.3162661155944,
-0.0500000000000012));
#4160=DIRECTION('',(0.,0.,1.));
#4170=VECTOR('',#4160,1.);
#4180=LINE('',#4150,#4170);
#4190=EDGE_CURVE('',#1840,#3970,#4180,.T.);
#4200=ORIENTED_EDGE('',*,*,#4190,.T.);
#4210=ORIENTED_EDGE('',*,*,#1850,.T.);
#4220=CARTESIAN_POINT('',(71.3099380345516,12.4743629750279,
-0.0500000000000012));
#4230=DIRECTION('',(0.,0.,1.));
#4240=VECTOR('',#4230,1.);
#4250=LINE('',#4220,#4240);
#4260=EDGE_CURVE('',#1750,#3260,#4250,.T.);
#4270=ORIENTED_EDGE('',*,*,#4260,.F.);
#4280=ORIENTED_EDGE('',*,*,#4050,.F.);
#4290=EDGE_LOOP('',(#4280,#4270,#4210,#4200));
#4300=FACE_OUTER_BOUND('',#4290,.T.);
#4310=ADVANCED_FACE('',(#4300),#4140,.T.);
#4320=CARTESIAN_POINT('',(71.3225896843657,12.4743629750279,
-0.0500000000000012));
#4330=DIRECTION('',(-0.,-1.,-0.));
#4340=DIRECTION('',(-1.,0.,0.));
#4350=AXIS2_PLACEMENT_3D('',#4320,#4330,#4340);
#4360=PLANE('',#4350);
#4370=ORIENTED_EDGE('',*,*,#4260,.T.);
#4380=ORIENTED_EDGE('',*,*,#1760,.T.);
#4390=CARTESIAN_POINT('',(71.3225896843657,12.4743629750279,
-0.0500000000000012));
#4400=DIRECTION('',(0.,0.,1.));
#4410=VECTOR('',#4400,1.);
#4420=LINE('',#4390,#4410);
#4430=EDGE_CURVE('',#1670,#3280,#4420,.T.);
#4440=ORIENTED_EDGE('',*,*,#4430,.F.);
#4450=ORIENTED_EDGE('',*,*,#3290,.T.);
#4460=EDGE_LOOP('',(#4450,#4440,#4380,#4370));
#4470=FACE_OUTER_BOUND('',#4460,.T.);
#4480=ADVANCED_FACE('',(#4470),#4360,.F.);
#4490=CARTESIAN_POINT('',(71.3225896843657,11.5231794009827,
-0.0500000000000012));
#4500=DIRECTION('',(0.,0.,1.));
#4510=DIRECTION('',(1.,0.,0.));
#4520=AXIS2_PLACEMENT_3D('',#4490,#4500,#4510);
#4530=CYLINDRICAL_SURFACE('',#4520,0.951183574045199);
#4540=ORIENTED_EDGE('',*,*,#4430,.T.);
#4550=ORIENTED_EDGE('',*,*,#1680,.T.);
#4560=CARTESIAN_POINT('',(71.3225896843657,10.5719958269375,
-0.0500000000000012));
#4570=DIRECTION('',(0.,0.,1.));
#4580=VECTOR('',#4570,1.);
#4590=LINE('',#4560,#4580);
#4600=EDGE_CURVE('',#1580,#3370,#4590,.T.);
#4610=ORIENTED_EDGE('',*,*,#4600,.F.);
#4620=ORIENTED_EDGE('',*,*,#3380,.F.);
#4630=EDGE_LOOP('',(#4620,#4610,#4550,#4540));
#4640=FACE_OUTER_BOUND('',#4630,.T.);
#4650=ADVANCED_FACE('',(#4640),#4530,.T.);
#4660=CARTESIAN_POINT('',(71.3099380345516,10.5719958269375,
-0.0500000000000012));
#4670=DIRECTION('',(-0.,1.,0.));
#4680=DIRECTION('',(1.,0.,0.));
#4690=AXIS2_PLACEMENT_3D('',#4660,#4670,#4680);
#4700=PLANE('',#4690);
#4710=ORIENTED_EDGE('',*,*,#4600,.T.);
#4720=ORIENTED_EDGE('',*,*,#1590,.F.);
#4730=CARTESIAN_POINT('',(71.3099380345516,10.5719958269375,
-0.0500000000000012));
#4740=DIRECTION('',(0.,0.,1.));
#4750=VECTOR('',#4740,1.);
#4760=LINE('',#4730,#4750);
#4770=EDGE_CURVE('',#1500,#3450,#4760,.T.);
#4780=ORIENTED_EDGE('',*,*,#4770,.F.);
#4790=ORIENTED_EDGE('',*,*,#3460,.T.);
#4800=EDGE_LOOP('',(#4790,#4780,#4720,#4710));
#4810=FACE_OUTER_BOUND('',#4800,.T.);
#4820=ADVANCED_FACE('',(#4810),#4700,.F.);
#4830=CARTESIAN_POINT('',(71.3099380345516,10.7300926863709,
-0.0500000000000012));
#4840=DIRECTION('',(0.,0.,1.));
#4850=DIRECTION('',(1.,0.,0.));
#4860=AXIS2_PLACEMENT_3D('',#4830,#4840,#4850);
#4870=CYLINDRICAL_SURFACE('',#4860,0.158096859433385);
#4880=ORIENTED_EDGE('',*,*,#4770,.T.);
#4890=ORIENTED_EDGE('',*,*,#1510,.T.);
#4900=CARTESIAN_POINT('',(71.1518411751183,10.730092686371,
-0.0500000000000012));
#4910=DIRECTION('',(0.,0.,1.));
#4920=VECTOR('',#4910,1.);
#4930=LINE('',#4900,#4920);
#4940=EDGE_CURVE('',#1410,#3540,#4930,.T.);
#4950=ORIENTED_EDGE('',*,*,#4940,.F.);
#4960=ORIENTED_EDGE('',*,*,#3550,.F.);
#4970=EDGE_LOOP('',(#4960,#4950,#4890,#4880));
#4980=FACE_OUTER_BOUND('',#4970,.T.);
#4990=ADVANCED_FACE('',(#4980),#4870,.T.);
#5000=CARTESIAN_POINT('',(71.1518411751182,10.9700416373439,
-0.0500000000000012));
#5010=DIRECTION('',(1.,0.,0.));
#5020=DIRECTION('',(0.,-1.,0.));
#5030=AXIS2_PLACEMENT_3D('',#5000,#5010,#5020);
#5040=PLANE('',#5030);
#5050=ORIENTED_EDGE('',*,*,#4940,.T.);
#5060=ORIENTED_EDGE('',*,*,#1420,.F.);
#5070=CARTESIAN_POINT('',(71.1518411751182,10.9700416373439,
-0.0500000000000012));
#5080=DIRECTION('',(0.,0.,1.));
#5090=VECTOR('',#5080,1.);
#5100=LINE('',#5070,#5090);
#5110=EDGE_CURVE('',#1330,#3620,#5100,.T.);
#5120=ORIENTED_EDGE('',*,*,#5110,.F.);
#5130=ORIENTED_EDGE('',*,*,#3630,.T.);
#5140=EDGE_LOOP('',(#5130,#5120,#5060,#5050));
#5150=FACE_OUTER_BOUND('',#5140,.T.);
#5160=ADVANCED_FACE('',(#5150),#5040,.F.);
#5170=CARTESIAN_POINT('',(71.3099380345516,10.9700416373439,
-0.0500000000000012));
#5180=DIRECTION('',(0.,0.,1.));
#5190=DIRECTION('',(1.,0.,0.));
#5200=AXIS2_PLACEMENT_3D('',#5170,#5180,#5190);
#5210=CYLINDRICAL_SURFACE('',#5200,0.15809685943344);
#5220=ORIENTED_EDGE('',*,*,#5110,.T.);
#5230=ORIENTED_EDGE('',*,*,#1340,.T.);
#5240=CARTESIAN_POINT('',(71.2409184659057,11.1122770622796,
-0.0500000000000012));
#5250=DIRECTION('',(0.,0.,1.));
#5260=VECTOR('',#5250,1.);
#5270=LINE('',#5240,#5260);
#5280=EDGE_CURVE('',#1240,#3710,#5270,.T.);
#5290=ORIENTED_EDGE('',*,*,#5280,.F.);
#5300=ORIENTED_EDGE('',*,*,#3720,.F.);
#5310=EDGE_LOOP('',(#5300,#5290,#5230,#5220));
#5320=FACE_OUTER_BOUND('',#5310,.T.);
#5330=ADVANCED_FACE('',(#5320),#5210,.T.);
#5340=CARTESIAN_POINT('',(71.0415286009285,11.5231794009827,
-0.0500000000000012));
#5350=DIRECTION('',(0.,0.,1.));
#5360=DIRECTION('',(1.,0.,0.));
#5370=AXIS2_PLACEMENT_3D('',#5340,#5350,#5360);
#5380=CYLINDRICAL_SURFACE('',#5370,0.456724260585462);
#5390=ORIENTED_EDGE('',*,*,#5280,.T.);
#5400=ORIENTED_EDGE('',*,*,#1250,.F.);
#5410=CARTESIAN_POINT('',(71.2409184659056,11.9340817396858,
-0.0500000000000012));
#5420=DIRECTION('',(0.,0.,1.));
#5430=VECTOR('',#5420,1.);
#5440=LINE('',#5410,#5430);
#5450=EDGE_CURVE('',#1150,#3800,#5440,.T.);
#5460=ORIENTED_EDGE('',*,*,#5450,.F.);
#5470=ORIENTED_EDGE('',*,*,#3810,.T.);
#5480=EDGE_LOOP('',(#5470,#5460,#5400,#5390));
#5490=FACE_OUTER_BOUND('',#5480,.T.);
#5500=ADVANCED_FACE('',(#5490),#5380,.F.);
#5510=CARTESIAN_POINT('',(71.3099380345516,12.0763171646216,
-0.0500000000000012));
#5520=DIRECTION('',(0.,0.,1.));
#5530=DIRECTION('',(1.,0.,0.));
#5540=AXIS2_PLACEMENT_3D('',#5510,#5520,#5530);
#5550=CYLINDRICAL_SURFACE('',#5540,0.158096859433584);
#5560=ORIENTED_EDGE('',*,*,#5450,.T.);
#5570=ORIENTED_EDGE('',*,*,#1160,.T.);
#5580=CARTESIAN_POINT('',(71.1518411751181,12.0763171646216,
-0.0500000000000012));
#5590=DIRECTION('',(0.,0.,1.));
#5600=VECTOR('',#5590,1.);
#5610=LINE('',#5580,#5600);
#5620=EDGE_CURVE('',#1130,#3890,#5610,.T.);
#5630=ORIENTED_EDGE('',*,*,#5620,.F.);
#5640=ORIENTED_EDGE('',*,*,#3900,.F.);
#5650=EDGE_LOOP('',(#5640,#5630,#5570,#5560));
#5660=FACE_OUTER_BOUND('',#5650,.T.);
#5670=ADVANCED_FACE('',(#5660),#5550,.T.);
#5680=CARTESIAN_POINT('',(71.1518411751181,12.3162661155944,
-0.0500000000000012));
#5690=DIRECTION('',(1.,0.,0.));
#5700=DIRECTION('',(0.,-1.,0.));
#5710=AXIS2_PLACEMENT_3D('',#5680,#5690,#5700);
#5720=PLANE('',#5710);
#5730=ORIENTED_EDGE('',*,*,#5620,.T.);
#5740=ORIENTED_EDGE('',*,*,#1910,.F.);
#5750=ORIENTED_EDGE('',*,*,#4190,.F.);
#5760=ORIENTED_EDGE('',*,*,#3980,.T.);
#5770=EDGE_LOOP('',(#5760,#5750,#5740,#5730));
#5780=FACE_OUTER_BOUND('',#5770,.T.);
#5790=ADVANCED_FACE('',(#5780),#5720,.F.);
#5800=CARTESIAN_POINT('',(70.0964997184642,10.124380027397,
-0.0500000000000012));
#5810=DIRECTION('',(-0.,1.,0.));
#5820=DIRECTION('',(1.,0.,0.));
#5830=AXIS2_PLACEMENT_3D('',#5800,#5810,#5820);
#5840=PLANE('',#5830);
#5850=CARTESIAN_POINT('',(70.7731191673054,10.124380027397,
-0.0500000000000012));
#5860=DIRECTION('',(0.,0.,1.));
#5870=VECTOR('',#5860,1.);
#5880=LINE('',#5850,#5870);
#5890=CARTESIAN_POINT('',(70.7731191673054,10.124380027397,
0.0500000000000007));
#5900=VERTEX_POINT('',#5890);
#5910=EDGE_CURVE('',#2000,#5900,#5880,.T.);
#5920=ORIENTED_EDGE('',*,*,#5910,.T.);
#5930=ORIENTED_EDGE('',*,*,#2030,.F.);
#5940=CARTESIAN_POINT('',(70.0964997184642,10.124380027397,
-0.0500000000000012));
#5950=DIRECTION('',(0.,0.,1.));
#5960=VECTOR('',#5950,1.);
#5970=LINE('',#5940,#5960);
#5980=CARTESIAN_POINT('',(70.0964997184642,10.1243800273969,
0.0500000000000007));
#5990=VERTEX_POINT('',#5980);
#6000=EDGE_CURVE('',#2020,#5990,#5970,.T.);
#6010=ORIENTED_EDGE('',*,*,#6000,.F.);
#6020=CARTESIAN_POINT('',(0.,10.124380027397,0.0500000000000007));
#6030=DIRECTION('',(-1.,0.,0.));
#6040=VECTOR('',#6030,1.);
#6050=LINE('',#6020,#6040);
#6060=EDGE_CURVE('',#5900,#5990,#6050,.T.);
#6070=ORIENTED_EDGE('',*,*,#6060,.T.);
#6080=EDGE_LOOP('',(#6070,#6010,#5930,#5920));
#6090=FACE_OUTER_BOUND('',#6080,.T.);
#6100=ADVANCED_FACE('',(#6090),#5840,.F.);
#6110=CARTESIAN_POINT('',(70.7731191673054,10.2824768868304,
-0.0500000000000012));
#6120=DIRECTION('',(0.,0.,1.));
#6130=DIRECTION('',(1.,0.,0.));
#6140=AXIS2_PLACEMENT_3D('',#6110,#6120,#6130);
#6150=CYLINDRICAL_SURFACE('',#6140,0.158096859433439);
#6160=CARTESIAN_POINT('',(70.9312160267387,10.2824768868304,
-0.0500000000000012));
#6170=DIRECTION('',(0.,0.,1.));
#6180=VECTOR('',#6170,1.);
#6190=LINE('',#6160,#6180);
#6200=CARTESIAN_POINT('',(70.9312160267387,10.2824768868304,
0.0500000000000007));
#6210=VERTEX_POINT('',#6200);
#6220=EDGE_CURVE('',#2110,#6210,#6190,.T.);
#6230=ORIENTED_EDGE('',*,*,#6220,.T.);
#6240=ORIENTED_EDGE('',*,*,#2120,.T.);
#6250=ORIENTED_EDGE('',*,*,#5910,.F.);
#6260=CARTESIAN_POINT('',(70.7731191673054,10.2824768868304,
0.0500000000000007));
#6270=DIRECTION('',(0.,0.,1.));
#6280=DIRECTION('',(1.,0.,0.));
#6290=AXIS2_PLACEMENT_3D('',#6260,#6270,#6280);
#6300=CIRCLE('',#6290,0.158096859433439);
#6310=EDGE_CURVE('',#5900,#6210,#6300,.T.);
#6320=ORIENTED_EDGE('',*,*,#6310,.F.);
#6330=EDGE_LOOP('',(#6320,#6250,#6240,#6230));
#6340=FACE_OUTER_BOUND('',#6330,.T.);
#6350=ADVANCED_FACE('',(#6340),#6150,.T.);
#6360=CARTESIAN_POINT('',(70.9312160267387,10.2824768868304,
-0.0500000000000012));
#6370=DIRECTION('',(-1.,0.,0.));
#6380=DIRECTION('',(0.,1.,0.));
#6390=AXIS2_PLACEMENT_3D('',#6360,#6370,#6380);
#6400=PLANE('',#6390);
#6410=CARTESIAN_POINT('',(70.9312160267387,10.9700416373439,
-0.0500000000000012));
#6420=DIRECTION('',(0.,0.,1.));
#6430=VECTOR('',#6420,1.);
#6440=LINE('',#6410,#6430);
#6450=CARTESIAN_POINT('',(70.9312160267387,10.9700416373439,
0.0500000000000007));
#6460=VERTEX_POINT('',#6450);
#6470=EDGE_CURVE('',#2190,#6460,#6440,.T.);
#6480=ORIENTED_EDGE('',*,*,#6470,.T.);
#6490=ORIENTED_EDGE('',*,*,#2200,.F.);
#6500=ORIENTED_EDGE('',*,*,#6220,.F.);
#6510=CARTESIAN_POINT('',(70.9312160267387,0.,0.0500000000000007));
#6520=DIRECTION('',(0.,-1.,0.));
#6530=VECTOR('',#6520,1.);
#6540=LINE('',#6510,#6530);
#6550=EDGE_CURVE('',#6460,#6210,#6540,.T.);
#6560=ORIENTED_EDGE('',*,*,#6550,.T.);
#6570=EDGE_LOOP('',(#6560,#6500,#6490,#6480));
#6580=FACE_OUTER_BOUND('',#6570,.T.);
#6590=ADVANCED_FACE('',(#6580),#6400,.F.);
#6600=CARTESIAN_POINT('',(70.7731191673054,10.9700416373439,
-0.0500000000000012));
#6610=DIRECTION('',(0.,0.,1.));
#6620=DIRECTION('',(1.,0.,0.));
#6630=AXIS2_PLACEMENT_3D('',#6600,#6610,#6620);
#6640=CYLINDRICAL_SURFACE('',#6630,0.1580968594333);
#6650=CARTESIAN_POINT('',(70.8421387359512,11.1122770622795,
-0.0500000000000012));
#6660=DIRECTION('',(0.,0.,1.));
#6670=VECTOR('',#6660,1.);
#6680=LINE('',#6650,#6670);
#6690=CARTESIAN_POINT('',(70.8421387359512,11.1122770622795,
0.0500000000000007));
#6700=VERTEX_POINT('',#6690);
#6710=EDGE_CURVE('',#2280,#6700,#6680,.T.);
#6720=ORIENTED_EDGE('',*,*,#6710,.T.);
#6730=ORIENTED_EDGE('',*,*,#2290,.T.);
#6740=ORIENTED_EDGE('',*,*,#6470,.F.);
#6750=CARTESIAN_POINT('',(70.7731191673054,10.9700416373439,
0.0500000000000007));
#6760=DIRECTION('',(0.,0.,1.));
#6770=DIRECTION('',(1.,0.,0.));
#6780=AXIS2_PLACEMENT_3D('',#6750,#6760,#6770);
#6790=CIRCLE('',#6780,0.1580968594333);
#6800=EDGE_CURVE('',#6460,#6700,#6790,.T.);
#6810=ORIENTED_EDGE('',*,*,#6800,.F.);
#6820=EDGE_LOOP('',(#6810,#6740,#6730,#6720));
#6830=FACE_OUTER_BOUND('',#6820,.T.);
#6840=ADVANCED_FACE('',(#6830),#6640,.T.);
#6850=CARTESIAN_POINT('',(71.0415286009285,11.5231794009827,
-0.0500000000000012));
#6860=DIRECTION('',(0.,0.,1.));
#6870=DIRECTION('',(1.,0.,0.));
#6880=AXIS2_PLACEMENT_3D('',#6850,#6860,#6870);
#6890=CYLINDRICAL_SURFACE('',#6880,0.456724260585518);
#6900=CARTESIAN_POINT('',(70.8421387359513,11.9340817396859,
-0.0500000000000012));
#6910=DIRECTION('',(0.,0.,1.));
#6920=VECTOR('',#6910,1.);
#6930=LINE('',#6900,#6920);
#6940=CARTESIAN_POINT('',(70.8421387359513,11.9340817396859,
0.0500000000000007));
#6950=VERTEX_POINT('',#6940);
#6960=EDGE_CURVE('',#2370,#6950,#6930,.T.);
#6970=ORIENTED_EDGE('',*,*,#6960,.T.);
#6980=ORIENTED_EDGE('',*,*,#2380,.F.);
#6990=ORIENTED_EDGE('',*,*,#6710,.F.);
#7000=CARTESIAN_POINT('',(71.0415286009285,11.5231794009827,
0.0500000000000007));
#7010=DIRECTION('',(0.,0.,1.));
#7020=DIRECTION('',(1.,0.,0.));
#7030=AXIS2_PLACEMENT_3D('',#7000,#7010,#7020);
#7040=CIRCLE('',#7030,0.456724260585518);
#7050=EDGE_CURVE('',#6950,#6700,#7040,.T.);
#7060=ORIENTED_EDGE('',*,*,#7050,.T.);
#7070=EDGE_LOOP('',(#7060,#6990,#6980,#6970));
#7080=FACE_OUTER_BOUND('',#7070,.T.);
#7090=ADVANCED_FACE('',(#7080),#6890,.F.);
#7100=CARTESIAN_POINT('',(70.7731191673054,12.0763171646216,
-0.0500000000000012));
#7110=DIRECTION('',(0.,0.,1.));
#7120=DIRECTION('',(1.,0.,0.));
#7130=AXIS2_PLACEMENT_3D('',#7100,#7110,#7120);
#7140=CYLINDRICAL_SURFACE('',#7130,0.158096859433421);
#7150=CARTESIAN_POINT('',(70.931216026739,12.0763171646216,
-0.0500000000000012));
#7160=DIRECTION('',(0.,0.,1.));
#7170=VECTOR('',#7160,1.);
#7180=LINE('',#7150,#7170);
#7190=CARTESIAN_POINT('',(70.931216026739,12.0763171646216,
0.0500000000000007));
#7200=VERTEX_POINT('',#7190);
#7210=EDGE_CURVE('',#2460,#7200,#7180,.T.);
#7220=ORIENTED_EDGE('',*,*,#7210,.T.);
#7230=ORIENTED_EDGE('',*,*,#2470,.T.);
#7240=ORIENTED_EDGE('',*,*,#6960,.F.);
#7250=CARTESIAN_POINT('',(70.7731191673054,12.0763171646216,
0.0500000000000007));
#7260=DIRECTION('',(0.,0.,1.));
#7270=DIRECTION('',(1.,0.,0.));
#7280=AXIS2_PLACEMENT_3D('',#7250,#7260,#7270);
#7290=CIRCLE('',#7280,0.158096859433421);
#7300=EDGE_CURVE('',#6950,#7200,#7290,.T.);
#7310=ORIENTED_EDGE('',*,*,#7300,.F.);
#7320=EDGE_LOOP('',(#7310,#7240,#7230,#7220));
#7330=FACE_OUTER_BOUND('',#7320,.T.);
#7340=ADVANCED_FACE('',(#7330),#7140,.T.);
#7350=CARTESIAN_POINT('',(70.931216026739,12.0763171646216,
-0.0500000000000012));
#7360=DIRECTION('',(-1.,0.,0.));
#7370=DIRECTION('',(0.,1.,0.));
#7380=AXIS2_PLACEMENT_3D('',#7350,#7360,#7370);
#7390=PLANE('',#7380);
#7400=CARTESIAN_POINT('',(70.931216026739,12.3162661155944,
-0.0500000000000012));
#7410=DIRECTION('',(0.,0.,1.));
#7420=VECTOR('',#7410,1.);
#7430=LINE('',#7400,#7420);
#7440=CARTESIAN_POINT('',(70.931216026739,12.3162661155944,
0.0500000000000007));
#7450=VERTEX_POINT('',#7440);
#7460=EDGE_CURVE('',#2540,#7450,#7430,.T.);
#7470=ORIENTED_EDGE('',*,*,#7460,.T.);
#7480=ORIENTED_EDGE('',*,*,#2550,.F.);
#7490=ORIENTED_EDGE('',*,*,#7210,.F.);
#7500=CARTESIAN_POINT('',(70.931216026739,0.,0.0500000000000007));
#7510=DIRECTION('',(0.,-1.,0.));
#7520=VECTOR('',#7510,1.);
#7530=LINE('',#7500,#7520);
#7540=EDGE_CURVE('',#7450,#7200,#7530,.T.);
#7550=ORIENTED_EDGE('',*,*,#7540,.T.);
#7560=EDGE_LOOP('',(#7550,#7490,#7480,#7470));
#7570=FACE_OUTER_BOUND('',#7560,.T.);
#7580=ADVANCED_FACE('',(#7570),#7390,.F.);
#7590=CARTESIAN_POINT('',(70.7731191673054,12.3162661155944,
-0.0500000000000012));
#7600=DIRECTION('',(0.,0.,1.));
#7610=DIRECTION('',(1.,0.,0.));
#7620=AXIS2_PLACEMENT_3D('',#7590,#7600,#7610);
#7630=CYLINDRICAL_SURFACE('',#7620,0.158096859433613);
#7640=CARTESIAN_POINT('',(70.7731191673054,12.474362975028,
-0.0500000000000012));
#7650=DIRECTION('',(0.,0.,1.));
#7660=VECTOR('',#7650,1.);
#7670=LINE('',#7640,#7660);
#7680=CARTESIAN_POINT('',(70.7731191673054,12.474362975028,
0.0500000000000007));
#7690=VERTEX_POINT('',#7680);
#7700=EDGE_CURVE('',#2630,#7690,#7670,.T.);
#7710=ORIENTED_EDGE('',*,*,#7700,.T.);
#7720=ORIENTED_EDGE('',*,*,#2640,.T.);
#7730=ORIENTED_EDGE('',*,*,#7460,.F.);
#7740=CARTESIAN_POINT('',(70.7731191673054,12.3162661155944,
0.0500000000000007));
#7750=DIRECTION('',(0.,0.,1.));
#7760=DIRECTION('',(1.,0.,0.));
#7770=AXIS2_PLACEMENT_3D('',#7740,#7750,#7760);
#7780=CIRCLE('',#7770,0.158096859433613);
#7790=EDGE_CURVE('',#7450,#7690,#7780,.T.);
#7800=ORIENTED_EDGE('',*,*,#7790,.F.);
#7810=EDGE_LOOP('',(#7800,#7730,#7720,#7710));
#7820=FACE_OUTER_BOUND('',#7810,.T.);
#7830=ADVANCED_FACE('',(#7820),#7630,.T.);
#7840=CARTESIAN_POINT('',(70.7731191673054,12.474362975028,
-0.0500000000000012));
#7850=DIRECTION('',(-2.88787519585346E-14,-1.,-0.));
#7860=DIRECTION('',(-1.,2.88787519585346E-14,0.));
#7870=AXIS2_PLACEMENT_3D('',#7840,#7850,#7860);
#7880=PLANE('',#7870);
#7890=CARTESIAN_POINT('',(70.0964997184642,12.4743629750279,
-0.0500000000000012));
#7900=DIRECTION('',(0.,0.,1.));
#7910=VECTOR('',#7900,1.);
#7920=LINE('',#7890,#7910);
#7930=CARTESIAN_POINT('',(70.0964997184642,12.4743629750279,
0.0500000000000007));
#7940=VERTEX_POINT('',#7930);
#7950=EDGE_CURVE('',#2710,#7940,#7920,.T.);
#7960=ORIENTED_EDGE('',*,*,#7950,.T.);
#7970=ORIENTED_EDGE('',*,*,#2720,.F.);
#7980=ORIENTED_EDGE('',*,*,#7700,.F.);
#7990=CARTESIAN_POINT('',(0.,12.4743629750301,0.0500000000000007));
#8000=DIRECTION('',(1.,-2.88787519585346E-14,0.));
#8010=VECTOR('',#8000,1.);
#8020=LINE('',#7990,#8010);
#8030=EDGE_CURVE('',#7940,#7690,#8020,.T.);
#8040=ORIENTED_EDGE('',*,*,#8030,.T.);
#8050=EDGE_LOOP('',(#8040,#7980,#7970,#7960));
#8060=FACE_OUTER_BOUND('',#8050,.T.);
#8070=ADVANCED_FACE('',(#8060),#7880,.F.);
#8080=CARTESIAN_POINT('',(70.0964997184642,12.3162661155945,
-0.0500000000000012));
#8090=DIRECTION('',(0.,0.,1.));
#8100=DIRECTION('',(1.,0.,0.));
#8110=AXIS2_PLACEMENT_3D('',#8080,#8090,#8100);
#8120=CYLINDRICAL_SURFACE('',#8110,0.15809685943344);
#8130=CARTESIAN_POINT('',(69.9384028590308,12.3162661155945,
-0.0500000000000012));
#8140=DIRECTION('',(0.,0.,1.));
#8150=VECTOR('',#8140,1.);
#8160=LINE('',#8130,#8150);
#8170=CARTESIAN_POINT('',(69.9384028590308,12.3162661155945,
0.0500000000000007));
#8180=VERTEX_POINT('',#8170);
#8190=EDGE_CURVE('',#2800,#8180,#8160,.T.);
#8200=ORIENTED_EDGE('',*,*,#8190,.T.);
#8210=ORIENTED_EDGE('',*,*,#2810,.T.);
#8220=ORIENTED_EDGE('',*,*,#7950,.F.);
#8230=CARTESIAN_POINT('',(70.0964997184642,12.3162661155945,
0.0500000000000007));
#8240=DIRECTION('',(0.,0.,1.));
#8250=DIRECTION('',(1.,0.,0.));
#8260=AXIS2_PLACEMENT_3D('',#8230,#8240,#8250);
#8270=CIRCLE('',#8260,0.15809685943344);
#8280=EDGE_CURVE('',#7940,#8180,#8270,.T.);
#8290=ORIENTED_EDGE('',*,*,#8280,.F.);
#8300=EDGE_LOOP('',(#8290,#8220,#8210,#8200));
#8310=FACE_OUTER_BOUND('',#8300,.T.);
#8320=ADVANCED_FACE('',(#8310),#8120,.T.);
#8330=CARTESIAN_POINT('',(69.9384028590308,12.3162661155945,
-0.0500000000000012));
#8340=DIRECTION('',(1.,0.,0.));
#8350=DIRECTION('',(0.,-1.,0.));
#8360=AXIS2_PLACEMENT_3D('',#8330,#8340,#8350);
#8370=PLANE('',#8360);
#8380=CARTESIAN_POINT('',(69.9384028590307,10.2824768868304,
-0.0500000000000012));
#8390=DIRECTION('',(0.,0.,1.));
#8400=VECTOR('',#8390,1.);
#8410=LINE('',#8380,#8400);
#8420=CARTESIAN_POINT('',(69.9384028590307,10.2824768868304,
0.0500000000000007));
#8430=VERTEX_POINT('',#8420);
#8440=EDGE_CURVE('',#2880,#8430,#8410,.T.);
#8450=ORIENTED_EDGE('',*,*,#8440,.T.);
#8460=ORIENTED_EDGE('',*,*,#2890,.T.);
#8470=ORIENTED_EDGE('',*,*,#8190,.F.);
#8480=CARTESIAN_POINT('',(69.9384028590308,0.,0.0500000000000007));
#8490=DIRECTION('',(0.,1.,0.));
#8500=VECTOR('',#8490,1.);
#8510=LINE('',#8480,#8500);
#8520=EDGE_CURVE('',#8430,#8180,#8510,.T.);
#8530=ORIENTED_EDGE('',*,*,#8520,.T.);
#8540=EDGE_LOOP('',(#8530,#8470,#8460,#8450));
#8550=FACE_OUTER_BOUND('',#8540,.T.);
#8560=ADVANCED_FACE('',(#8550),#8370,.F.);
#8570=CARTESIAN_POINT('',(70.0964997184642,10.2824768868304,
-0.0500000000000012));
#8580=DIRECTION('',(0.,0.,1.));
#8590=DIRECTION('',(1.,0.,0.));
#8600=AXIS2_PLACEMENT_3D('',#8570,#8580,#8590);
#8610=CYLINDRICAL_SURFACE('',#8600,0.158096859433499);
#8620=ORIENTED_EDGE('',*,*,#6000,.T.);
#8630=ORIENTED_EDGE('',*,*,#2960,.T.);
#8640=ORIENTED_EDGE('',*,*,#8440,.F.);
#8650=CARTESIAN_POINT('',(70.0964997184642,10.2824768868304,
0.0500000000000007));
#8660=DIRECTION('',(0.,0.,1.));
#8670=DIRECTION('',(1.,0.,0.));
#8680=AXIS2_PLACEMENT_3D('',#8650,#8660,#8670);
#8690=CIRCLE('',#8680,0.158096859433499);
#8700=EDGE_CURVE('',#8430,#5990,#8690,.T.);
#8710=ORIENTED_EDGE('',*,*,#8700,.F.);
#8720=EDGE_LOOP('',(#8710,#8640,#8630,#8620));
#8730=FACE_OUTER_BOUND('',#8720,.T.);
#8740=ADVANCED_FACE('',(#8730),#8610,.T.);
#8750=ORIENTED_EDGE('',*,*,#8520,.F.);
#8760=ORIENTED_EDGE('',*,*,#8280,.T.);
#8770=ORIENTED_EDGE('',*,*,#8030,.F.);
#8780=ORIENTED_EDGE('',*,*,#7790,.T.);
#8790=ORIENTED_EDGE('',*,*,#7540,.F.);
#8800=ORIENTED_EDGE('',*,*,#7300,.T.);
#8810=ORIENTED_EDGE('',*,*,#7050,.F.);
#8820=ORIENTED_EDGE('',*,*,#6800,.T.);
#8830=ORIENTED_EDGE('',*,*,#6550,.F.);
#8840=ORIENTED_EDGE('',*,*,#6310,.T.);
#8850=ORIENTED_EDGE('',*,*,#6060,.F.);
#8860=ORIENTED_EDGE('',*,*,#8700,.T.);
#8870=EDGE_LOOP('',(#8860,#8850,#8840,#8830,#8820,#8810,#8800,#8790,
#8780,#8770,#8760,#8750));
#8880=FACE_OUTER_BOUND('',#8870,.T.);
#8890=ADVANCED_FACE('',(#8880),#3200,.T.);
#8900=CARTESIAN_POINT('',(71.0415286009285,11.5231794009827,
-0.0500000000000012));
#8910=DIRECTION('',(0.,0.,1.));
#8920=DIRECTION('',(1.,0.,0.));
#8930=AXIS2_PLACEMENT_3D('',#8900,#8910,#8920);
#8940=CYLINDRICAL_SURFACE('',#8930,0.228362130292794);
#8950=CARTESIAN_POINT('',(70.8131664706357,11.5231794009827,
-0.0500000000000012));
#8960=DIRECTION('',(0.,0.,1.));
#8970=VECTOR('',#8960,1.);
#8980=LINE('',#8950,#8970);
#8990=CARTESIAN_POINT('',(70.8131664706357,11.5231794009827,
0.0500000000000007));
#9000=VERTEX_POINT('',#8990);
#9010=EDGE_CURVE('',#3080,#9000,#8980,.T.);
#9020=ORIENTED_EDGE('',*,*,#9010,.F.);
#9030=CARTESIAN_POINT('',(71.0415286009285,11.5231794009827,
0.0500000000000007));
#9040=DIRECTION('',(0.,0.,1.));
#9050=DIRECTION('',(1.,0.,0.));
#9060=AXIS2_PLACEMENT_3D('',#9030,#9040,#9050);
#9070=CIRCLE('',#9060,0.228362130292794);
#9080=CARTESIAN_POINT('',(71.2698907312213,11.5231794009827,
0.0500000000000007));
#9090=VERTEX_POINT('',#9080);
#9100=EDGE_CURVE('',#9000,#9090,#9070,.T.);
#9110=ORIENTED_EDGE('',*,*,#9100,.F.);
#9120=CARTESIAN_POINT('',(71.2698907312213,11.5231794009827,
-0.0500000000000012));
#9130=DIRECTION('',(0.,0.,1.));
#9140=VECTOR('',#9130,1.);
#9150=LINE('',#9120,#9140);
#9160=EDGE_CURVE('',#3060,#9090,#9150,.T.);
#9170=ORIENTED_EDGE('',*,*,#9160,.T.);
#9180=ORIENTED_EDGE('',*,*,#3110,.T.);
#9190=EDGE_LOOP('',(#9180,#9170,#9110,#9020));
#9200=FACE_OUTER_BOUND('',#9190,.T.);
#9210=ADVANCED_FACE('',(#9200),#8940,.T.);
#9220=EDGE_CURVE('',#9090,#9000,#9070,.T.);
#9230=ORIENTED_EDGE('',*,*,#9220,.T.);
#9240=ORIENTED_EDGE('',*,*,#9100,.T.);
#9250=EDGE_LOOP('',(#9240,#9230));
#9260=FACE_OUTER_BOUND('',#9250,.T.);
#9270=ADVANCED_FACE('',(#9260),#3200,.T.);
#9280=CARTESIAN_POINT('',(72.3858890754451,12.5885756886306,
-0.0500000000000012));
#9290=DIRECTION('',(0.,0.,1.));
#9300=DIRECTION('',(1.,0.,0.));
#9310=AXIS2_PLACEMENT_3D('',#9280,#9290,#9300);
#9320=CYLINDRICAL_SURFACE('',#9310,0.210795812577999);
#9330=ORIENTED_EDGE('',*,*,#300,.T.);
#9340=ORIENTED_EDGE('',*,*,#700,.F.);
#9350=CARTESIAN_POINT('',(72.3858890754451,12.7993715012086,
-0.0500000000000012));
#9360=DIRECTION('',(0.,0.,1.));
#9370=VECTOR('',#9360,1.);
#9380=LINE('',#9350,#9370);
#9390=CARTESIAN_POINT('',(72.3858890754451,12.7993715012086,
0.0500000000000007));
#9400=VERTEX_POINT('',#9390);
#9410=EDGE_CURVE('',#620,#9400,#9380,.T.);
#9420=ORIENTED_EDGE('',*,*,#9410,.F.);
#9430=CARTESIAN_POINT('',(72.3858890754451,12.5885756886306,
0.0500000000000007));
#9440=DIRECTION('',(0.,0.,1.));
#9450=DIRECTION('',(1.,0.,0.));
#9460=AXIS2_PLACEMENT_3D('',#9430,#9440,#9450);
#9470=CIRCLE('',#9460,0.210795812577999);
#9480=EDGE_CURVE('',#290,#9400,#9470,.T.);
#9490=ORIENTED_EDGE('',*,*,#9480,.T.);
#9500=EDGE_LOOP('',(#9490,#9420,#9340,#9330));
#9510=FACE_OUTER_BOUND('',#9500,.T.);
#9520=ADVANCED_FACE('',(#9510),#9320,.F.);
#9530=CARTESIAN_POINT('',(69.8074807006011,12.7993715012085,
-0.0500000000000012));
#9540=DIRECTION('',(-0.,1.,0.));
#9550=DIRECTION('',(1.,0.,0.));
#9560=AXIS2_PLACEMENT_3D('',#9530,#9540,#9550);
#9570=PLANE('',#9560);
#9580=ORIENTED_EDGE('',*,*,#9410,.T.);
#9590=ORIENTED_EDGE('',*,*,#630,.T.);
#9600=CARTESIAN_POINT('',(69.8074807006011,12.7993715012085,
-0.0500000000000012));
#9610=DIRECTION('',(0.,0.,1.));
#9620=VECTOR('',#9610,1.);
#9630=LINE('',#9600,#9620);
#9640=CARTESIAN_POINT('',(69.8074807006011,12.7993715012085,
0.0500000000000007));
#9650=VERTEX_POINT('',#9640);
#9660=EDGE_CURVE('',#520,#9650,#9630,.T.);
#9670=ORIENTED_EDGE('',*,*,#9660,.F.);
#9680=CARTESIAN_POINT('',(0.,12.7993715012085,0.0500000000000007));
#9690=DIRECTION('',(-1.,0.,0.));
#9700=VECTOR('',#9690,1.);
#9710=LINE('',#9680,#9700);
#9720=EDGE_CURVE('',#9400,#9650,#9710,.T.);
#9730=ORIENTED_EDGE('',*,*,#9720,.T.);
#9740=EDGE_LOOP('',(#9730,#9670,#9590,#9580));
#9750=FACE_OUTER_BOUND('',#9740,.T.);
#9760=ADVANCED_FACE('',(#9750),#9570,.F.);
#9770=CARTESIAN_POINT('',(69.8074807006011,12.5885756886306,
-0.0500000000000012));
#9780=DIRECTION('',(0.,0.,1.));
#9790=DIRECTION('',(1.,0.,0.));
#9800=AXIS2_PLACEMENT_3D('',#9770,#9780,#9790);
#9810=CYLINDRICAL_SURFACE('',#9800,0.210795812577921);
#9820=ORIENTED_EDGE('',*,*,#9660,.T.);
#9830=ORIENTED_EDGE('',*,*,#550,.F.);
#9840=CARTESIAN_POINT('',(69.5966848880231,12.5885756886306,
-0.0500000000000012));
#9850=DIRECTION('',(0.,0.,1.));
#9860=VECTOR('',#9850,1.);
#9870=LINE('',#9840,#9860);
#9880=CARTESIAN_POINT('',(69.5966848880231,12.5885756886306,
0.0500000000000007));
#9890=VERTEX_POINT('',#9880);
#9900=EDGE_CURVE('',#540,#9890,#9870,.T.);
#9910=ORIENTED_EDGE('',*,*,#9900,.F.);
#9920=CARTESIAN_POINT('',(69.8074807006011,12.5885756886306,
0.0500000000000007));
#9930=DIRECTION('',(0.,0.,1.));
#9940=DIRECTION('',(1.,0.,0.));
#9950=AXIS2_PLACEMENT_3D('',#9920,#9930,#9940);
#9960=CIRCLE('',#9950,0.210795812577921);
#9970=EDGE_CURVE('',#9650,#9890,#9960,.T.);
#9980=ORIENTED_EDGE('',*,*,#9970,.T.);
#9990=EDGE_LOOP('',(#9980,#9910,#9830,#9820));
#10000=FACE_OUTER_BOUND('',#9990,.T.);
#10010=ADVANCED_FACE('',(#10000),#9810,.F.);
#10020=CARTESIAN_POINT('',(69.5966848880231,10.0101673137864,
-0.0500000000000012));
#10030=DIRECTION('',(-1.,0.,0.));
#10040=DIRECTION('',(0.,1.,0.));
#10050=AXIS2_PLACEMENT_3D('',#10020,#10030,#10040);
#10060=PLANE('',#10050);
#10070=ORIENTED_EDGE('',*,*,#9900,.T.);
#10080=ORIENTED_EDGE('',*,*,#1030,.F.);
#10090=CARTESIAN_POINT('',(69.5966848880231,10.0101673137864,
-0.0500000000000012));
#10100=DIRECTION('',(0.,0.,1.));
#10110=VECTOR('',#10100,1.);
#10120=LINE('',#10090,#10110);
#10130=CARTESIAN_POINT('',(69.5966848880231,10.0101673137864,
0.0500000000000007));
#10140=VERTEX_POINT('',#10130);
#10150=EDGE_CURVE('',#960,#10140,#10120,.T.);
#10160=ORIENTED_EDGE('',*,*,#10150,.F.);
#10170=CARTESIAN_POINT('',(69.5966848880231,0.,0.0500000000000007));
#10180=DIRECTION('',(0.,-1.,0.));
#10190=VECTOR('',#10180,1.);
#10200=LINE('',#10170,#10190);
#10210=EDGE_CURVE('',#9890,#10140,#10200,.T.);
#10220=ORIENTED_EDGE('',*,*,#10210,.T.);
#10230=EDGE_LOOP('',(#10220,#10160,#10080,#10070));
#10240=FACE_OUTER_BOUND('',#10230,.T.);
#10250=ADVANCED_FACE('',(#10240),#10060,.F.);
#10260=CARTESIAN_POINT('',(69.8074807006011,10.0101673137864,
-0.0500000000000012));
#10270=DIRECTION('',(0.,0.,1.));
#10280=DIRECTION('',(1.,0.,0.));
#10290=AXIS2_PLACEMENT_3D('',#10260,#10270,#10280);
#10300=CYLINDRICAL_SURFACE('',#10290,0.210795812577999);
#10310=ORIENTED_EDGE('',*,*,#10150,.T.);
#10320=ORIENTED_EDGE('',*,*,#970,.F.);
#10330=CARTESIAN_POINT('',(69.8074807006011,9.79937150120852,
-0.0500000000000012));
#10340=DIRECTION('',(0.,0.,1.));
#10350=VECTOR('',#10340,1.);
#10360=LINE('',#10330,#10350);
#10370=CARTESIAN_POINT('',(69.8074807006011,9.79937150120844,
0.0500000000000007));
#10380=VERTEX_POINT('',#10370);
#10390=EDGE_CURVE('',#870,#10380,#10360,.T.);
#10400=ORIENTED_EDGE('',*,*,#10390,.F.);
#10410=CARTESIAN_POINT('',(69.8074807006011,10.0101673137864,
0.0500000000000007));
#10420=DIRECTION('',(0.,0.,1.));
#10430=DIRECTION('',(1.,0.,0.));
#10440=AXIS2_PLACEMENT_3D('',#10410,#10420,#10430);
#10450=CIRCLE('',#10440,0.210795812577999);
#10460=EDGE_CURVE('',#10140,#10380,#10450,.T.);
#10470=ORIENTED_EDGE('',*,*,#10460,.T.);
#10480=EDGE_LOOP('',(#10470,#10400,#10320,#10310));
#10490=FACE_OUTER_BOUND('',#10480,.T.);
#10500=ADVANCED_FACE('',(#10490),#10300,.F.);
#10510=CARTESIAN_POINT('',(72.3858890754451,9.79937150120852,
-0.0500000000000012));
#10520=DIRECTION('',(-0.,-1.,-0.));
#10530=DIRECTION('',(-1.,0.,0.));
#10540=AXIS2_PLACEMENT_3D('',#10510,#10520,#10530);
#10550=PLANE('',#10540);
#10560=ORIENTED_EDGE('',*,*,#10390,.T.);
#10570=ORIENTED_EDGE('',*,*,#880,.T.);
#10580=CARTESIAN_POINT('',(72.3858890754451,9.79937150120852,
-0.0500000000000012));
#10590=DIRECTION('',(0.,0.,1.));
#10600=VECTOR('',#10590,1.);
#10610=LINE('',#10580,#10600);
#10620=CARTESIAN_POINT('',(72.3858890754451,9.79937150120852,
0.0500000000000007));
#10630=VERTEX_POINT('',#10620);
#10640=EDGE_CURVE('',#790,#10630,#10610,.T.);
#10650=ORIENTED_EDGE('',*,*,#10640,.F.);
#10660=CARTESIAN_POINT('',(0.,9.79937150120852,0.0500000000000007));
#10670=DIRECTION('',(1.,0.,0.));
#10680=VECTOR('',#10670,1.);
#10690=LINE('',#10660,#10680);
#10700=EDGE_CURVE('',#10380,#10630,#10690,.T.);
#10710=ORIENTED_EDGE('',*,*,#10700,.T.);
#10720=EDGE_LOOP('',(#10710,#10650,#10570,#10560));
#10730=FACE_OUTER_BOUND('',#10720,.T.);
#10740=ADVANCED_FACE('',(#10730),#10550,.F.);
#10750=CARTESIAN_POINT('',(72.3858890754451,10.0101673137864,
-0.0500000000000012));
#10760=DIRECTION('',(0.,0.,1.));
#10770=DIRECTION('',(1.,0.,0.));
#10780=AXIS2_PLACEMENT_3D('',#10750,#10760,#10770);
#10790=CYLINDRICAL_SURFACE('',#10780,0.210795812577921);
#10800=ORIENTED_EDGE('',*,*,#10640,.T.);
#10810=ORIENTED_EDGE('',*,*,#800,.F.);
#10820=ORIENTED_EDGE('',*,*,#140,.F.);
#10830=CARTESIAN_POINT('',(72.3858890754451,10.0101673137864,
0.0500000000000007));
#10840=DIRECTION('',(0.,0.,1.));
#10850=DIRECTION('',(1.,0.,0.));
#10860=AXIS2_PLACEMENT_3D('',#10830,#10840,#10850);
#10870=CIRCLE('',#10860,0.210795812577921);
#10880=EDGE_CURVE('',#10630,#130,#10870,.T.);
#10890=ORIENTED_EDGE('',*,*,#10880,.T.);
#10900=EDGE_LOOP('',(#10890,#10820,#10810,#10800));
#10910=FACE_OUTER_BOUND('',#10900,.T.);
#10920=ADVANCED_FACE('',(#10910),#10790,.F.);
#10930=CARTESIAN_POINT('',(0.,9.29937150121156,0.0500000000000008));
#10940=DIRECTION('',(1.,1.35772497279E-15,-2.05202442970616E-28));
#10950=VECTOR('',#10940,1.);
#10960=LINE('',#10930,#10950);
#10970=CARTESIAN_POINT('',(65.2466848880231,9.29937150121165,
0.0500000000000008));
#10980=VERTEX_POINT('',#10970);
#10990=CARTESIAN_POINT('',(73.0966848880224,9.29937150121166,
0.0500000000000008));
#11000=VERTEX_POINT('',#10990);
#11010=EDGE_CURVE('',#10980,#11000,#10960,.T.);
#11020=ORIENTED_EDGE('',*,*,#11010,.T.);
#11030=CARTESIAN_POINT('',(65.2466848880231,0.,0.0500000000000007));
#11040=DIRECTION('',(0.,-1.,0.));
#11050=VECTOR('',#11040,1.);
#11060=LINE('',#11030,#11050);
#11070=CARTESIAN_POINT('',(65.2466848880231,11.8493715012132,
0.0500000000017199));
#11080=VERTEX_POINT('',#11070);
#11090=EDGE_CURVE('',#11080,#10980,#11060,.T.);
#11100=ORIENTED_EDGE('',*,*,#11090,.T.);
#11110=CARTESIAN_POINT('',(0.,11.8493715012134,0.0500000000000007));
#11120=DIRECTION('',(1.,-2.39719729596847E-15,0.));
#11130=VECTOR('',#11120,1.);
#11140=LINE('',#11110,#11130);
#11150=CARTESIAN_POINT('',(67.8998271150311,11.8493715012132,
0.0500000000000007));
#11160=VERTEX_POINT('',#11150);
#11170=EDGE_CURVE('',#11080,#11160,#11140,.T.);
#11180=ORIENTED_EDGE('',*,*,#11170,.F.);
#11190=CARTESIAN_POINT('',(67.8998271150308,0.,0.0500000000000007));
#11200=DIRECTION('',(-3.12308524193704E-16,1.,0.));
#11210=VECTOR('',#11200,1.);
#11220=LINE('',#11190,#11210);
#11230=CARTESIAN_POINT('',(67.8998271150311,13.7493715012133,
0.0500000000000007));
#11240=VERTEX_POINT('',#11230);
#11250=EDGE_CURVE('',#11160,#11240,#11220,.T.);
#11260=ORIENTED_EDGE('',*,*,#11250,.F.);
#11270=CARTESIAN_POINT('',(0.,13.7493715012135,0.0500000000000007));
#11280=DIRECTION('',(1.,-2.39719729596847E-15,0.));
#11290=VECTOR('',#11280,1.);
#11300=LINE('',#11270,#11290);
#11310=CARTESIAN_POINT('',(65.2466848880231,13.7493715012133,
0.0500000000015897));
#11320=VERTEX_POINT('',#11310);
#11330=EDGE_CURVE('',#11320,#11240,#11300,.T.);
#11340=ORIENTED_EDGE('',*,*,#11330,.T.);
#11350=CARTESIAN_POINT('',(65.2466848880231,15.2993715012086,
0.0500000000000007));
#11360=VERTEX_POINT('',#11350);
#11370=EDGE_CURVE('',#11360,#11320,#11060,.T.);
#11380=ORIENTED_EDGE('',*,*,#11370,.T.);
#11390=CARTESIAN_POINT('',(65.5466848880226,15.2993715012086,
0.0500000000000007));
#11400=DIRECTION('',(5.42251293299495E-29,0.,-1.));
#11410=DIRECTION('',(-1.,0.,-5.42251293299495E-29));
#11420=AXIS2_PLACEMENT_3D('',#11390,#11400,#11410);
#11430=CIRCLE('',#11420,0.3);
#11440=CARTESIAN_POINT('',(65.5466848880224,15.5993715012086,
0.0500000000000007));
#11450=VERTEX_POINT('',#11440);
#11460=EDGE_CURVE('',#11360,#11450,#11430,.T.);
#11470=ORIENTED_EDGE('',*,*,#11460,.F.);
#11480=CARTESIAN_POINT('',(0.,15.5993715012086,0.0500000000000007));
#11490=DIRECTION('',(1.,7.70303181352767E-42,0.));
#11500=VECTOR('',#11490,1.);
#11510=LINE('',#11480,#11500);
#11520=CARTESIAN_POINT('',(73.0966848880224,15.5993715012086,
0.0500000000000007));
#11530=VERTEX_POINT('',#11520);
#11540=EDGE_CURVE('',#11450,#11530,#11510,.T.);
#11550=ORIENTED_EDGE('',*,*,#11540,.F.);
#11560=CARTESIAN_POINT('',(73.0966848880231,0.,0.0500000000000007));
#11570=DIRECTION('',(0.,1.,0.));
#11580=VECTOR('',#11570,1.);
#11590=LINE('',#11560,#11580);
#11600=EDGE_CURVE('',#11000,#11530,#11590,.T.);
#11610=ORIENTED_EDGE('',*,*,#11600,.T.);
#11620=EDGE_LOOP('',(#11610,#11550,#11470,#11380,#11340,#11260,#11180,
#11100,#11020));
#11630=FACE_OUTER_BOUND('',#11620,.T.);
#11640=ORIENTED_EDGE('',*,*,#10700,.F.);
#11650=ORIENTED_EDGE('',*,*,#10880,.F.);
#11660=ORIENTED_EDGE('',*,*,#360,.F.);
#11670=ORIENTED_EDGE('',*,*,#9480,.F.);
#11680=ORIENTED_EDGE('',*,*,#9720,.F.);
#11690=ORIENTED_EDGE('',*,*,#9970,.F.);
#11700=ORIENTED_EDGE('',*,*,#10210,.F.);
#11710=ORIENTED_EDGE('',*,*,#10460,.F.);
#11720=EDGE_LOOP('',(#11710,#11700,#11690,#11680,#11670,#11660,#11650,
#11640));
#11730=FACE_BOUND('',#11720,.T.);
#11740=ADVANCED_FACE('',(#11630,#11730),#3200,.T.);
#11750=CARTESIAN_POINT('',(58.606914728472,15.4993715012117,
-1.70022595952289));
#11760=DIRECTION('',(0.,1.,0.));
#11770=DIRECTION('',(0.,0.,1.));
#11780=AXIS2_PLACEMENT_3D('',#11750,#11760,#11770);
#11790=PLANE('',#11780);
#11800=CARTESIAN_POINT('',(58.8966848880224,15.4993715012117,0.));
#11810=DIRECTION('',(0.,0.,-1.));
#11820=VECTOR('',#11810,1.);
#11830=LINE('',#11800,#11820);
#11840=CARTESIAN_POINT('',(58.8966848880224,15.4993715012117,
-1.90022595952289));
#11850=VERTEX_POINT('',#11840);
#11860=CARTESIAN_POINT('',(58.8966848880224,15.4993715012117,
-2.30022595952289));
#11870=VERTEX_POINT('',#11860);
#11880=EDGE_CURVE('',#11850,#11870,#11830,.T.);
#11890=ORIENTED_EDGE('',*,*,#11880,.F.);
#11900=CARTESIAN_POINT('',(-0.0397701595510824,15.4993715012117,
-2.30022595952289));
#11910=DIRECTION('',(1.,0.,0.));
#11920=VECTOR('',#11910,1.);
#11930=LINE('',#11900,#11920);
#11940=CARTESIAN_POINT('',(61.1466848880224,15.4993715012117,
-2.30022595952289));
#11950=VERTEX_POINT('',#11940);
#11960=EDGE_CURVE('',#11870,#11950,#11930,.T.);
#11970=ORIENTED_EDGE('',*,*,#11960,.F.);
#11980=CARTESIAN_POINT('',(61.1466848880224,15.4993715012117,0.));
#11990=DIRECTION('',(0.,0.,1.));
#12000=VECTOR('',#11990,1.);
#12010=LINE('',#11980,#12000);
#12020=CARTESIAN_POINT('',(61.1466848880224,15.4993715012117,
-1.90022595952289));
#12030=VERTEX_POINT('',#12020);
#12040=EDGE_CURVE('',#11950,#12030,#12010,.T.);
#12050=ORIENTED_EDGE('',*,*,#12040,.F.);
#12060=CARTESIAN_POINT('',(-0.0397701595510824,15.4993715012117,
-1.90022595952289));
#12070=DIRECTION('',(1.,0.,0.));
#12080=VECTOR('',#12070,1.);
#12090=LINE('',#12060,#12080);
#12100=EDGE_CURVE('',#11850,#12030,#12090,.T.);
#12110=ORIENTED_EDGE('',*,*,#12100,.T.);
#12120=EDGE_LOOP('',(#12110,#12050,#11970,#11890));
#12130=FACE_OUTER_BOUND('',#12120,.T.);
#12140=ADVANCED_FACE('',(#12130),#11790,.T.);
#12150=CARTESIAN_POINT('',(65.5466848880231,9.29937150121165,
-2.49999999999877));
#12160=DIRECTION('',(-1.35772497279E-15,1.,0.));
#12170=DIRECTION('',(1.,1.35772497279E-15,0.));
#12180=AXIS2_PLACEMENT_3D('',#12150,#12160,#12170);
#12190=PLANE('',#12180);
#12200=CARTESIAN_POINT('',(0.,9.29937150120833,-11.25));
#12210=DIRECTION('',(1.,-4.79439459193693E-15,0.));
#12220=VECTOR('',#12210,1.);
#12230=LINE('',#12200,#12220);
#12240=CARTESIAN_POINT('',(65.2466848880231,9.29937150120801,-11.25));
#12250=VERTEX_POINT('',#12240);
#12260=CARTESIAN_POINT('',(73.0966848880224,9.29937150120798,-11.25));
#12270=VERTEX_POINT('',#12260);
#12280=EDGE_CURVE('',#12250,#12270,#12230,.T.);
#12290=ORIENTED_EDGE('',*,*,#12280,.T.);
#12300=CARTESIAN_POINT('',(65.2466848880231,9.29937150120855,-3.5));
#12310=DIRECTION('',(0.,6.91554520566951E-14,1.));
#12320=VECTOR('',#12310,1.);
#12330=LINE('',#12300,#12320);
#12340=CARTESIAN_POINT('',(65.2466848880232,9.29937150120826,
-7.65000000000264));
#12350=VERTEX_POINT('',#12340);
#12360=EDGE_CURVE('',#12250,#12350,#12330,.T.);
#12370=ORIENTED_EDGE('',*,*,#12360,.F.);
#12380=CARTESIAN_POINT('',(0.,9.29937150120852,-8.39143960099312));
#12390=DIRECTION('',(0.999935440136801,-4.00807859124441E-15,
0.0113629027286774));
#12400=VECTOR('',#12390,1.);
#12410=LINE('',#12380,#12400);
#12420=CARTESIAN_POINT('',(65.5466848880224,9.29937150120826,
-7.6465909090936));
#12430=VERTEX_POINT('',#12420);
#12440=EDGE_CURVE('',#12350,#12430,#12410,.T.);
#12450=ORIENTED_EDGE('',*,*,#12440,.F.);
#12460=CARTESIAN_POINT('',(65.5466848880224,9.29937150120855,-3.5));
#12470=DIRECTION('',(0.,6.91554520566951E-14,1.));
#12480=VECTOR('',#12470,1.);
#12490=LINE('',#12460,#12480);
#12500=CARTESIAN_POINT('',(65.5466848880224,9.2993715012083,
-7.05340909090921));
#12510=VERTEX_POINT('',#12500);
#12520=EDGE_CURVE('',#12430,#12510,#12490,.T.);
#12530=ORIENTED_EDGE('',*,*,#12520,.F.);
#12540=CARTESIAN_POINT('',(0.,9.29937150120867,-6.30856039900969));
#12550=DIRECTION('',(-0.999935440136801,5.5797380604794E-15,
0.0113629027286774));
#12560=VECTOR('',#12550,1.);
#12570=LINE('',#12540,#12560);
#12580=CARTESIAN_POINT('',(65.2466848880231,9.2993715012083,
-7.05000000000017));
#12590=VERTEX_POINT('',#12580);
#12600=EDGE_CURVE('',#12510,#12590,#12570,.T.);
#12610=ORIENTED_EDGE('',*,*,#12600,.F.);
#12620=CARTESIAN_POINT('',(65.2466848880231,9.29937150120855,0.));
#12630=DIRECTION('',(0.,6.91554520566951E-14,1.));
#12640=VECTOR('',#12630,1.);
#12650=LINE('',#12620,#12640);
#12660=CARTESIAN_POINT('',(65.2466848880232,9.29937150120826,
-4.15000000000264));
#12670=VERTEX_POINT('',#12660);
#12680=EDGE_CURVE('',#12590,#12670,#12650,.T.);
#12690=ORIENTED_EDGE('',*,*,#12680,.F.);
#12700=CARTESIAN_POINT('',(0.,9.29937150120852,-4.89143960099312));
#12710=DIRECTION('',(0.999935440136801,-4.00807859124441E-15,
0.0113629027286774));
#12720=VECTOR('',#12710,1.);
#12730=LINE('',#12700,#12720);
#12740=CARTESIAN_POINT('',(65.5466848880224,9.29937150120826,
-4.1465909090936));
#12750=VERTEX_POINT('',#12740);
#12760=EDGE_CURVE('',#12670,#12750,#12730,.T.);
#12770=ORIENTED_EDGE('',*,*,#12760,.F.);
#12780=CARTESIAN_POINT('',(65.5466848880224,9.29937150120855,0.));
#12790=DIRECTION('',(0.,6.91554520566951E-14,1.));
#12800=VECTOR('',#12790,1.);
#12810=LINE('',#12780,#12800);
#12820=CARTESIAN_POINT('',(65.5466848880224,9.2993715012083,
-3.55340909090921));
#12830=VERTEX_POINT('',#12820);
#12840=EDGE_CURVE('',#12750,#12830,#12810,.T.);
#12850=ORIENTED_EDGE('',*,*,#12840,.F.);
#12860=CARTESIAN_POINT('',(0.,9.29937150120867,-2.80856039900969));
#12870=DIRECTION('',(-0.999935440136801,5.5797380604794E-15,
0.0113629027286774));
#12880=VECTOR('',#12870,1.);
#12890=LINE('',#12860,#12880);
#12900=CARTESIAN_POINT('',(65.2466848880231,9.2993715012083,
-3.55000000000017));
#12910=VERTEX_POINT('',#12900);
#12920=EDGE_CURVE('',#12830,#12910,#12890,.T.);
#12930=ORIENTED_EDGE('',*,*,#12920,.F.);
#12940=CARTESIAN_POINT('',(65.2466848880231,9.29937150120855,0.));
#12950=DIRECTION('',(0.,6.91554520566951E-14,1.));
#12960=VECTOR('',#12950,1.);
#12970=LINE('',#12940,#12960);
#12980=EDGE_CURVE('',#12910,#10980,#12970,.T.);
#12990=ORIENTED_EDGE('',*,*,#12980,.F.);
#13000=ORIENTED_EDGE('',*,*,#11010,.F.);
#13010=CARTESIAN_POINT('',(73.0966848880224,9.29937150120851,0.));
#13020=DIRECTION('',(1.19906857593594E-28,6.91554520566951E-14,1.));
#13030=VECTOR('',#13020,1.);
#13040=LINE('',#13010,#13030);
#13050=EDGE_CURVE('',#12270,#11000,#13040,.T.);
#13060=ORIENTED_EDGE('',*,*,#13050,.T.);
#13070=EDGE_LOOP('',(#13060,#13000,#12990,#12930,#12850,#12770,#12690,
#12610,#12530,#12450,#12370,#12290));
#13080=FACE_OUTER_BOUND('',#13070,.T.);
#13090=ADVANCED_FACE('',(#13080),#12190,.F.);
#13100=CARTESIAN_POINT('',(73.0966848880224,12.4993715012085,
3.30000000000005));
#13110=DIRECTION('',(1.,-4.79439459193693E-15,2.2017133048853E-28));
#13120=DIRECTION('',(-1.11387194855043E-28,-6.9155452056695E-14,-1.));
#13130=AXIS2_PLACEMENT_3D('',#13100,#13110,#13120);
#13140=PLANE('',#13130);
#13150=CARTESIAN_POINT('',(73.0966848880224,10.3843715012134,
-5.59999999999939));
#13160=DIRECTION('',(1.,-2.12058652180369E-33,-2.87017080875347E-16));
#13170=DIRECTION('',(-2.87017080875347E-16,3.79116733899747E-16,-1.));
#13180=AXIS2_PLACEMENT_3D('',#13150,#13160,#13170);
#13190=CIRCLE('',#13180,0.6);
#13200=CARTESIAN_POINT('',(73.0966848880224,10.9843715012134,-5.6));
#13210=VERTEX_POINT('',#13200);
#13220=CARTESIAN_POINT('',(73.0966848880224,10.3843715012134,
-4.99999999999939));
#13230=VERTEX_POINT('',#13220);
#13240=EDGE_CURVE('',#13210,#13230,#13190,.T.);
#13250=ORIENTED_EDGE('',*,*,#13240,.F.);
#13260=CARTESIAN_POINT('',(73.0966848880224,10.3843715012134,
-6.19999999999939));
#13270=VERTEX_POINT('',#13260);
#13280=EDGE_CURVE('',#13230,#13270,#13190,.T.);
#13290=ORIENTED_EDGE('',*,*,#13280,.F.);
#13300=EDGE_CURVE('',#13270,#13210,#13190,.T.);
#13310=ORIENTED_EDGE('',*,*,#13300,.F.);
#13320=EDGE_LOOP('',(#13310,#13290,#13250));
#13330=FACE_BOUND('',#13320,.T.);
#13340=CARTESIAN_POINT('',(73.0966848880224,14.1943715012134,
-2.09999999999939));
#13350=DIRECTION('',(1.,-2.12058652180369E-33,-2.87017080875347E-16));
#13360=DIRECTION('',(-2.87017080875347E-16,3.79116733899747E-16,-1.));
#13370=AXIS2_PLACEMENT_3D('',#13340,#13350,#13360);
#13380=CIRCLE('',#13370,0.6);
#13390=CARTESIAN_POINT('',(73.0966848880224,13.5943715012134,-2.1));
#13400=VERTEX_POINT('',#13390);
#13410=CARTESIAN_POINT('',(73.0966848880224,14.1943715012134,
-2.69999999999939));
#13420=VERTEX_POINT('',#13410);
#13430=EDGE_CURVE('',#13400,#13420,#13380,.T.);
#13440=ORIENTED_EDGE('',*,*,#13430,.F.);
#13450=CARTESIAN_POINT('',(73.0966848880224,14.1943715012134,
-1.49999999999939));
#13460=VERTEX_POINT('',#13450);
#13470=EDGE_CURVE('',#13420,#13460,#13380,.T.);
#13480=ORIENTED_EDGE('',*,*,#13470,.F.);
#13490=EDGE_CURVE('',#13460,#13400,#13380,.T.);
#13500=ORIENTED_EDGE('',*,*,#13490,.F.);
#13510=EDGE_LOOP('',(#13500,#13480,#13440));
#13520=FACE_BOUND('',#13510,.T.);
#13530=CARTESIAN_POINT('',(73.0966848880224,10.3843715012134,
-2.09999999999939));
#13540=DIRECTION('',(1.,4.04238930023546E-33,-2.87017080875347E-16));
#13550=DIRECTION('',(-2.87017080875347E-16,3.79116733899747E-16,-1.));
#13560=AXIS2_PLACEMENT_3D('',#13530,#13540,#13550);
#13570=CIRCLE('',#13560,0.6);
#13580=CARTESIAN_POINT('',(73.0966848880224,9.78437150121339,-2.1));
#13590=VERTEX_POINT('',#13580);
#13600=CARTESIAN_POINT('',(73.0966848880224,10.3843715012134,
-2.69999999999939));
#13610=VERTEX_POINT('',#13600);
#13620=EDGE_CURVE('',#13590,#13610,#13570,.T.);
#13630=ORIENTED_EDGE('',*,*,#13620,.F.);
#13640=CARTESIAN_POINT('',(73.0966848880224,10.3843715012134,
-1.49999999999939));
#13650=VERTEX_POINT('',#13640);
#13660=EDGE_CURVE('',#13610,#13650,#13570,.T.);
#13670=ORIENTED_EDGE('',*,*,#13660,.F.);
#13680=EDGE_CURVE('',#13650,#13590,#13570,.T.);
#13690=ORIENTED_EDGE('',*,*,#13680,.F.);
#13700=EDGE_LOOP('',(#13690,#13670,#13630));
#13710=FACE_BOUND('',#13700,.T.);
#13720=CARTESIAN_POINT('',(73.0966848880224,10.3843715012134,
-9.09999999999939));
#13730=DIRECTION('',(1.,-2.12058652180369E-33,-2.87017080875347E-16));
#13740=DIRECTION('',(-2.87017080875347E-16,3.79116733899747E-16,-1.));
#13750=AXIS2_PLACEMENT_3D('',#13720,#13730,#13740);
#13760=CIRCLE('',#13750,0.6);
#13770=CARTESIAN_POINT('',(73.0966848880224,9.78437150121339,-9.1));
#13780=VERTEX_POINT('',#13770);
#13790=CARTESIAN_POINT('',(73.0966848880224,10.3843715012134,
-9.69999999999939));
#13800=VERTEX_POINT('',#13790);
#13810=EDGE_CURVE('',#13780,#13800,#13760,.T.);
#13820=ORIENTED_EDGE('',*,*,#13810,.F.);
#13830=CARTESIAN_POINT('',(73.0966848880224,10.3843715012134,
-8.49999999999939));
#13840=VERTEX_POINT('',#13830);
#13850=EDGE_CURVE('',#13800,#13840,#13760,.T.);
#13860=ORIENTED_EDGE('',*,*,#13850,.F.);
#13870=EDGE_CURVE('',#13840,#13780,#13760,.T.);
#13880=ORIENTED_EDGE('',*,*,#13870,.F.);
#13890=EDGE_LOOP('',(#13880,#13860,#13820));
#13900=FACE_BOUND('',#13890,.T.);
#13910=CARTESIAN_POINT('',(73.0966848880224,14.1943715012134,
-9.09999999999939));
#13920=DIRECTION('',(1.,-2.12058652180369E-33,-2.87017080875347E-16));
#13930=DIRECTION('',(-2.87017080875347E-16,3.79116733899747E-16,-1.));
#13940=AXIS2_PLACEMENT_3D('',#13910,#13920,#13930);
#13950=CIRCLE('',#13940,0.6);
#13960=CARTESIAN_POINT('',(73.0966848880224,13.5943715012134,-9.1));
#13970=VERTEX_POINT('',#13960);
#13980=CARTESIAN_POINT('',(73.0966848880224,14.1943715012134,
-9.69999999999939));
#13990=VERTEX_POINT('',#13980);
#14000=EDGE_CURVE('',#13970,#13990,#13950,.T.);
#14010=ORIENTED_EDGE('',*,*,#14000,.F.);
#14020=CARTESIAN_POINT('',(73.0966848880224,14.1943715012134,
-8.49999999999939));
#14030=VERTEX_POINT('',#14020);
#14040=EDGE_CURVE('',#13990,#14030,#13950,.T.);
#14050=ORIENTED_EDGE('',*,*,#14040,.F.);
#14060=EDGE_CURVE('',#14030,#13970,#13950,.T.);
#14070=ORIENTED_EDGE('',*,*,#14060,.F.);
#14080=EDGE_LOOP('',(#14070,#14050,#14010));
#14090=FACE_BOUND('',#14080,.T.);
#14100=CARTESIAN_POINT('',(73.0966848880224,14.1943715012134,
-5.59999999999939));
#14110=DIRECTION('',(1.,-2.12058652180369E-33,-2.87017080875347E-16));
#14120=DIRECTION('',(-2.87017080875347E-16,3.79116733899747E-16,-1.));
#14130=AXIS2_PLACEMENT_3D('',#14100,#14110,#14120);
#14140=CIRCLE('',#14130,0.6);
#14150=CARTESIAN_POINT('',(73.0966848880224,13.5943715012134,-5.6));
#14160=VERTEX_POINT('',#14150);
#14170=CARTESIAN_POINT('',(73.0966848880224,14.1943715012134,
-6.19999999999939));
#14180=VERTEX_POINT('',#14170);
#14190=EDGE_CURVE('',#14160,#14180,#14140,.T.);
#14200=ORIENTED_EDGE('',*,*,#14190,.F.);
#14210=CARTESIAN_POINT('',(73.0966848880224,14.1943715012134,
-4.99999999999939));
#14220=VERTEX_POINT('',#14210);
#14230=EDGE_CURVE('',#14180,#14220,#14140,.T.);
#14240=ORIENTED_EDGE('',*,*,#14230,.F.);
#14250=EDGE_CURVE('',#14220,#14160,#14140,.T.);
#14260=ORIENTED_EDGE('',*,*,#14250,.F.);
#14270=EDGE_LOOP('',(#14260,#14240,#14200));
#14280=FACE_BOUND('',#14270,.T.);
#14290=ORIENTED_EDGE('',*,*,#11600,.F.);
#14300=CARTESIAN_POINT('',(73.0966848880224,15.5993715012086,0.));
#14310=DIRECTION('',(2.2017133048853E-28,0.,-1.));
#14320=VECTOR('',#14310,1.);
#14330=LINE('',#14300,#14320);
#14340=CARTESIAN_POINT('',(73.0966848880224,15.5993715012086,-11.25));
#14350=VERTEX_POINT('',#14340);
#14360=EDGE_CURVE('',#11530,#14350,#14330,.T.);
#14370=ORIENTED_EDGE('',*,*,#14360,.F.);
#14380=CARTESIAN_POINT('',(73.0966848880224,-3.14592796257784E-12,-11.25
));
#14390=DIRECTION('',(4.79439459193693E-15,1.,0.));
#14400=VECTOR('',#14390,1.);
#14410=LINE('',#14380,#14400);
#14420=EDGE_CURVE('',#12270,#14350,#14410,.T.);
#14430=ORIENTED_EDGE('',*,*,#14420,.T.);
#14440=ORIENTED_EDGE('',*,*,#13050,.F.);
#14450=EDGE_LOOP('',(#14440,#14430,#14370,#14290));
#14460=FACE_OUTER_BOUND('',#14450,.T.);
#14470=ADVANCED_FACE('',(#13330,#13520,#13710,#13900,#14090,#14280,
#14460),#13140,.T.);
#14480=CARTESIAN_POINT('',(73.0966848880224,15.5993715012086,
-41.9999999999994));
#14490=DIRECTION('',(-7.70303181352767E-42,1.,0.));
#14500=DIRECTION('',(1.,7.70303181352767E-42,0.));
#14510=AXIS2_PLACEMENT_3D('',#14480,#14490,#14500);
#14520=PLANE('',#14510);
#14530=CARTESIAN_POINT('',(66.2566848880224,15.5993715012086,
-2.42499999999877));
#14540=DIRECTION('',(0.,1.,0.));
#14550=DIRECTION('',(1.,0.,0.));
#14560=AXIS2_PLACEMENT_3D('',#14530,#14540,#14550);
#14570=CIRCLE('',#14560,0.725000000000009);
#14580=CARTESIAN_POINT('',(65.5466848880224,15.5993715012086,
-2.27828599248756));
#14590=VERTEX_POINT('',#14580);
#14600=CARTESIAN_POINT('',(66.9816848880224,15.5993715012086,
-2.42499999999877));
#14610=VERTEX_POINT('',#14600);
#14620=EDGE_CURVE('',#14590,#14610,#14570,.T.);
#14630=ORIENTED_EDGE('',*,*,#14620,.F.);
#14640=CARTESIAN_POINT('',(65.5466848880224,15.5993715012086,
-2.57171400750999));
#14650=VERTEX_POINT('',#14640);
#14660=EDGE_CURVE('',#14610,#14650,#14570,.T.);
#14670=ORIENTED_EDGE('',*,*,#14660,.F.);
#14680=CARTESIAN_POINT('',(65.5466848880224,15.5993715012086,
3.50000000000063));
#14690=DIRECTION('',(0.,0.,1.));
#14700=VECTOR('',#14690,1.);
#14710=LINE('',#14680,#14700);
#14720=CARTESIAN_POINT('',(65.5466848880224,15.5993715012086,
-3.55340909090921));
#14730=VERTEX_POINT('',#14720);
#14740=EDGE_CURVE('',#14730,#14650,#14710,.T.);
#14750=ORIENTED_EDGE('',*,*,#14740,.T.);
#14760=CARTESIAN_POINT('',(65.5466848880224,15.5993715012086,
6.32383034826489E-13));
#14770=DIRECTION('',(5.42251293299495E-29,0.,-1.));
#14780=VECTOR('',#14770,1.);
#14790=LINE('',#14760,#14780);
#14800=CARTESIAN_POINT('',(65.5466848880224,15.5993715012086,
-4.1465909090936));
#14810=VERTEX_POINT('',#14800);
#14820=EDGE_CURVE('',#14730,#14810,#14790,.T.);
#14830=ORIENTED_EDGE('',*,*,#14820,.F.);
#14840=CARTESIAN_POINT('',(65.5466848880224,15.5993715012086,
-5.77828599248756));
#14850=VERTEX_POINT('',#14840);
#14860=EDGE_CURVE('',#14850,#14810,#14710,.T.);
#14870=ORIENTED_EDGE('',*,*,#14860,.T.);
#14880=CARTESIAN_POINT('',(66.2566848880224,15.5993715012117,
-5.9249999999994));
#14890=DIRECTION('',(0.,1.,0.));
#14900=DIRECTION('',(1.,0.,0.));
#14910=AXIS2_PLACEMENT_3D('',#14880,#14890,#14900);
#14920=CIRCLE('',#14910,0.725000000000009);
#14930=CARTESIAN_POINT('',(66.9816848880224,15.5993715012117,
-5.9249999999994));
#14940=VERTEX_POINT('',#14930);
#14950=EDGE_CURVE('',#14850,#14940,#14920,.T.);
#14960=ORIENTED_EDGE('',*,*,#14950,.F.);
#14970=CARTESIAN_POINT('',(65.5466848880224,15.5993715012086,
-6.07171400750999));
#14980=VERTEX_POINT('',#14970);
#14990=EDGE_CURVE('',#14940,#14980,#14920,.T.);
#15000=ORIENTED_EDGE('',*,*,#14990,.F.);
#15010=CARTESIAN_POINT('',(65.5466848880224,15.5993715012086,
6.32383034826489E-13));
#15020=DIRECTION('',(0.,0.,1.));
#15030=VECTOR('',#15020,1.);
#15040=LINE('',#15010,#15030);
#15050=CARTESIAN_POINT('',(65.5466848880224,15.5993715012086,
-7.05340909090921));
#15060=VERTEX_POINT('',#15050);
#15070=EDGE_CURVE('',#15060,#14980,#15040,.T.);
#15080=ORIENTED_EDGE('',*,*,#15070,.T.);
#15090=CARTESIAN_POINT('',(65.5466848880224,15.5993715012086,
-3.49999999999937));
#15100=DIRECTION('',(5.42251293299495E-29,0.,-1.));
#15110=VECTOR('',#15100,1.);
#15120=LINE('',#15090,#15110);
#15130=CARTESIAN_POINT('',(65.5466848880224,15.5993715012086,
-7.6465909090936));
#15140=VERTEX_POINT('',#15130);
#15150=EDGE_CURVE('',#15060,#15140,#15120,.T.);
#15160=ORIENTED_EDGE('',*,*,#15150,.F.);
#15170=CARTESIAN_POINT('',(65.5466848880224,15.5993715012086,
6.32383034826489E-13));
#15180=DIRECTION('',(0.,0.,1.));
#15190=VECTOR('',#15180,1.);
#15200=LINE('',#15170,#15190);
#15210=CARTESIAN_POINT('',(65.5466848880224,15.5993715012086,
-9.27828599248772));
#15220=VERTEX_POINT('',#15210);
#15230=EDGE_CURVE('',#15220,#15140,#15200,.T.);
#15240=ORIENTED_EDGE('',*,*,#15230,.T.);
#15250=CARTESIAN_POINT('',(66.2566848880224,15.5993715012117,
-9.4249999999994));
#15260=DIRECTION('',(0.,1.,0.));
#15270=DIRECTION('',(1.,0.,0.));
#15280=AXIS2_PLACEMENT_3D('',#15250,#15260,#15270);
#15290=CIRCLE('',#15280,0.725000000000009);
#15300=CARTESIAN_POINT('',(66.9816848880224,15.5993715012117,
-9.4249999999994));
#15310=VERTEX_POINT('',#15300);
#15320=EDGE_CURVE('',#15220,#15310,#15290,.T.);
#15330=ORIENTED_EDGE('',*,*,#15320,.F.);
#15340=CARTESIAN_POINT('',(65.5466848880224,15.5993715012086,
-9.57171400751172));
#15350=VERTEX_POINT('',#15340);
#15360=EDGE_CURVE('',#15310,#15350,#15290,.T.);
#15370=ORIENTED_EDGE('',*,*,#15360,.F.);
#15380=CARTESIAN_POINT('',(65.5466848880224,15.5993715012086,-3.5));
#15390=DIRECTION('',(0.,0.,1.));
#15400=VECTOR('',#15390,1.);
#15410=LINE('',#15380,#15400);
#15420=CARTESIAN_POINT('',(65.5466848880224,15.5993715012086,-11.25));
#15430=VERTEX_POINT('',#15420);
#15440=EDGE_CURVE('',#15430,#15350,#15410,.T.);
#15450=ORIENTED_EDGE('',*,*,#15440,.T.);
#15460=CARTESIAN_POINT('',(-7.105427357601E-13,15.5993715012086,-11.25))
;
#15470=DIRECTION('',(-1.,-7.70303181352767E-42,0.));
#15480=VECTOR('',#15470,1.);
#15490=LINE('',#15460,#15480);
#15500=EDGE_CURVE('',#14350,#15430,#15490,.T.);
#15510=ORIENTED_EDGE('',*,*,#15500,.T.);
#15520=ORIENTED_EDGE('',*,*,#14360,.T.);
#15530=ORIENTED_EDGE('',*,*,#11540,.T.);
#15540=CARTESIAN_POINT('',(65.5466848880224,15.5993715012086,0.));
#15550=DIRECTION('',(0.,0.,1.));
#15560=VECTOR('',#15550,1.);
#15570=LINE('',#15540,#15560);
#15580=EDGE_CURVE('',#14590,#11450,#15570,.T.);
#15590=ORIENTED_EDGE('',*,*,#15580,.T.);
#15600=EDGE_LOOP('',(#15590,#15530,#15520,#15510,#15450,#15370,#15330,
#15240,#15160,#15080,#15000,#14960,#14870,#14830,#14750,#14670,#14630));
#15610=FACE_OUTER_BOUND('',#15600,.T.);
#15620=ADVANCED_FACE('',(#15610),#14520,.T.);
#15630=CARTESIAN_POINT('',(65.5466848880226,15.2993715012086,
6.32383034826489E-13));
#15640=DIRECTION('',(5.42251293299495E-29,0.,-1.));
#15650=DIRECTION('',(-1.,0.,-5.42251293299495E-29));
#15660=AXIS2_PLACEMENT_3D('',#15630,#15640,#15650);
#15670=CYLINDRICAL_SURFACE('',#15660,0.3);
#15680=CARTESIAN_POINT('',(65.5466848880226,15.2993715012086,
-3.55340909090921));
#15690=DIRECTION('',(0.0113629027286774,0.,0.999935440136801));
#15700=DIRECTION('',(-0.999935440136801,0.,0.0113629027286774));
#15710=AXIS2_PLACEMENT_3D('',#15680,#15690,#15700);
#15720=ELLIPSE('',#15710,0.300019369209433,0.3);
#15730=CARTESIAN_POINT('',(65.2466848880231,15.2993715012086,
-3.55000000000017));
#15740=VERTEX_POINT('',#15730);
#15750=EDGE_CURVE('',#14730,#15740,#15720,.T.);
#15760=ORIENTED_EDGE('',*,*,#15750,.T.);
#15770=ORIENTED_EDGE('',*,*,#14740,.F.);
#15780=CARTESIAN_POINT('',(65.5466848880224,15.2993715012086,
3.50000000000063));
#15790=DIRECTION('',(0.,0.,-1.));
#15800=DIRECTION('',(-1.,0.,0.));
#15810=AXIS2_PLACEMENT_3D('',#15780,#15790,#15800);
#15820=CYLINDRICAL_SURFACE('',#15810,0.3);
#15830=CARTESIAN_POINT('',(66.2566848880224,15.5993715012086,
-2.42499999999878));
#15840=DIRECTION('',(0.,1.,0.));
#15850=DIRECTION('',(1.,0.,0.));
#15860=AXIS2_PLACEMENT_3D('',#15830,#15840,#15850);
#15870=CONICAL_SURFACE('',#15860,0.725000000000009,0.785398163397457);
#15880=CARTESIAN_POINT('',(65.5466848880209,15.5993715012087,
-2.57171400750399));
#15890=CARTESIAN_POINT('',(65.5441929942035,15.5993715012087,
-2.55965486849995));
#15900=CARTESIAN_POINT('',(65.5420375871519,15.59934111734,
-2.54752240451468));
#15910=CARTESIAN_POINT('',(65.5402028024158,15.5993014639769,
-2.53534886462396));
#15920=CARTESIAN_POINT('',(65.5383675879297,15.599261801326,
-2.52317247340223));
#15930=CARTESIAN_POINT('',(65.536854538338,15.5992128325266,
-2.51096879651706));
#15940=CARTESIAN_POINT('',(65.5356471587471,15.5991683799989,
-2.49872318811363));
#15950=CARTESIAN_POINT('',(65.5344398079034,15.5991239285296,
-2.48647787127235));
#15960=CARTESIAN_POINT('',(65.5335394084691,15.5990839573082,
-2.47419632996497));
#15970=CARTESIAN_POINT('',(65.53294006022,15.5990564686472,
-2.4619015753145));
#15980=CARTESIAN_POINT('',(65.5323407119221,15.5990289799839,
-2.44960681966208));
#15990=CARTESIAN_POINT('',(65.5320424367242,15.5990139525067,
-2.43729863719447));
#16000=CARTESIAN_POINT('',(65.5320424367242,15.5990139525067,
-2.42499999999877));
#16010=B_SPLINE_CURVE_WITH_KNOTS('',3,(#15880,#15890,#15900,#15910,
#15920,#15930,#15940,#15950,#15960,#15970,#15980,#15990,#16000),
.UNSPECIFIED.,.F.,.F.,(4,3,3,3,4),(0.,0.0369429416375035,
0.0738551447426884,0.110780088201265,0.147696260729724),.UNSPECIFIED.);
#16020=SURFACE_CURVE('',#16010,(#15820,#15870),.CURVE_3D.);
#16030=CARTESIAN_POINT('',(65.5320424367242,15.5990139525067,
-2.42499999999877));
#16040=VERTEX_POINT('',#16030);
#16050=EDGE_CURVE('',#14650,#16040,#16020,.T.);
#16060=ORIENTED_EDGE('',*,*,#16050,.F.);
#16070=CARTESIAN_POINT('',(65.5320424367242,15.5990139525067,
-2.42499999999877));
#16080=CARTESIAN_POINT('',(65.5320424367242,15.5990139525067,
-2.41270136280308));
#16090=CARTESIAN_POINT('',(65.5323407119221,15.5990289799839,
-2.40039318033547));
#16100=CARTESIAN_POINT('',(65.53294006022,15.5990564686472,
-2.38809842468305));
#16110=CARTESIAN_POINT('',(65.5335394084691,15.5990839573082,
-2.37580367003259));
#16120=CARTESIAN_POINT('',(65.5344398079034,15.5991239285296,
-2.3635221287252));
#16130=CARTESIAN_POINT('',(65.5356471587471,15.5991683799989,
-2.35127681188392));
#16140=CARTESIAN_POINT('',(65.536854538342,15.5992128325268,
-2.33903120344017));
#16150=CARTESIAN_POINT('',(65.5383675879357,15.5992618013261,
-2.32682752655525));
#16160=CARTESIAN_POINT('',(65.5402028024158,15.5993014639769,
-2.31465113537359));
#16170=CARTESIAN_POINT('',(65.5420375871519,15.59934111734,
-2.30247759548287));
#16180=CARTESIAN_POINT('',(65.5441929942035,15.5993715012087,
-2.29034513149761));
#16190=CARTESIAN_POINT('',(65.5466848880209,15.5993715012087,
-2.27828599249356));
#16200=B_SPLINE_CURVE_WITH_KNOTS('',3,(#16070,#16080,#16090,#16100,
#16110,#16120,#16130,#16140,#16150,#16160,#16170,#16180,#16190),
.UNSPECIFIED.,.F.,.F.,(4,3,3,3,4),(0.,0.0369161725284564,
0.073841115987035,0.110753319092223,0.147696260729723),.UNSPECIFIED.);
#16210=SURFACE_CURVE('',#16200,(#15820,#15870),.CURVE_3D.);
#16220=EDGE_CURVE('',#16040,#14590,#16210,.T.);
#16230=ORIENTED_EDGE('',*,*,#16220,.F.);
#16240=ORIENTED_EDGE('',*,*,#15580,.F.);
#16250=ORIENTED_EDGE('',*,*,#11460,.T.);
#16260=CARTESIAN_POINT('',(65.2466848880226,15.2993715012086,
6.32383034826489E-13));
#16270=DIRECTION('',(5.42251293299495E-29,0.,-1.));
#16280=VECTOR('',#16270,1.);
#16290=LINE('',#16260,#16280);
#16300=EDGE_CURVE('',#11360,#15740,#16290,.T.);
#16310=ORIENTED_EDGE('',*,*,#16300,.F.);
#16320=EDGE_LOOP('',(#16310,#16250,#16240,#16230,#16060,#15770,#15760));
#16330=FACE_OUTER_BOUND('',#16320,.T.);
#16340=ADVANCED_FACE('',(#16330),#15670,.T.);
#16350=CARTESIAN_POINT('',(65.2466848880231,8.51436910121166,
-4.4219999999995));
#16360=DIRECTION('',(1.,0.,-0.));
#16370=DIRECTION('',(0.,0.,1.));
#16380=AXIS2_PLACEMENT_3D('',#16350,#16360,#16370);
#16390=PLANE('',#16380);
#16400=ORIENTED_EDGE('',*,*,#12980,.T.);
#16410=CARTESIAN_POINT('',(65.2466848880231,0.,-3.55000000000017));
#16420=DIRECTION('',(0.,-1.,0.));
#16430=VECTOR('',#16420,1.);
#16440=LINE('',#16410,#16430);
#16450=CARTESIAN_POINT('',(65.2466848880231,10.0993715012117,
-3.55000000000017));
#16460=VERTEX_POINT('',#16450);
#16470=EDGE_CURVE('',#16460,#12910,#16440,.T.);
#16480=ORIENTED_EDGE('',*,*,#16470,.T.);
#16490=CARTESIAN_POINT('',(65.2466848880231,10.0993715012117,0.));
#16500=DIRECTION('',(0.,0.,1.));
#16510=VECTOR('',#16500,1.);
#16520=LINE('',#16490,#16510);
#16530=CARTESIAN_POINT('',(65.2466848880231,10.0993715012117,
-3.04868329804709));
#16540=VERTEX_POINT('',#16530);
#16550=EDGE_CURVE('',#16460,#16540,#16520,.T.);
#16560=ORIENTED_EDGE('',*,*,#16550,.F.);
#16570=CARTESIAN_POINT('',(65.2466848880224,8.74937150120851,
-2.10000000000107));
#16580=DIRECTION('',(-1.,0.,0.));
#16590=DIRECTION('',(0.,-1.,0.));
#16600=AXIS2_PLACEMENT_3D('',#16570,#16580,#16590);
#16610=CIRCLE('',#16600,1.65);
#16620=CARTESIAN_POINT('',(65.2466848880231,10.0993715012085,
-1.15131670195057));
#16630=VERTEX_POINT('',#16620);
#16640=EDGE_CURVE('',#16630,#16540,#16610,.T.);
#16650=ORIENTED_EDGE('',*,*,#16640,.T.);
#16660=CARTESIAN_POINT('',(65.2466848880231,10.0993715012086,0.));
#16670=DIRECTION('',(0.,-6.9155452056695E-14,-1.));
#16680=VECTOR('',#16670,1.);
#16690=LINE('',#16660,#16680);
#16700=CARTESIAN_POINT('',(65.2466848880231,10.0993715012085,
-0.65000000000187));
#16710=VERTEX_POINT('',#16700);
#16720=EDGE_CURVE('',#16710,#16630,#16690,.T.);
#16730=ORIENTED_EDGE('',*,*,#16720,.T.);
#16740=CARTESIAN_POINT('',(65.2466848880224,-3.14592796257784E-12,
-0.650000000001879));
#16750=DIRECTION('',(0.,1.,0.));
#16760=VECTOR('',#16750,1.);
#16770=LINE('',#16740,#16760);
#16780=CARTESIAN_POINT('',(65.2466848880231,14.1993715012117,
-0.65000000000187));
#16790=VERTEX_POINT('',#16780);
#16800=EDGE_CURVE('',#16710,#16790,#16770,.T.);
#16810=ORIENTED_EDGE('',*,*,#16800,.F.);
#16820=CARTESIAN_POINT('',(65.2466848880231,14.1993715012117,0.));
#16830=DIRECTION('',(0.,0.,-1.));
#16840=VECTOR('',#16830,1.);
#16850=LINE('',#16820,#16840);
#16860=CARTESIAN_POINT('',(65.2466848880232,14.1993715012117,
-3.55000000000017));
#16870=VERTEX_POINT('',#16860);
#16880=EDGE_CURVE('',#16790,#16870,#16850,.T.);
#16890=ORIENTED_EDGE('',*,*,#16880,.F.);
#16900=CARTESIAN_POINT('',(65.2466848880231,0.,-3.55000000000017));
#16910=DIRECTION('',(0.,-1.,0.));
#16920=VECTOR('',#16910,1.);
#16930=LINE('',#16900,#16920);
#16940=EDGE_CURVE('',#15740,#16870,#16930,.T.);
#16950=ORIENTED_EDGE('',*,*,#16940,.T.);
#16960=ORIENTED_EDGE('',*,*,#16300,.T.);
#16970=ORIENTED_EDGE('',*,*,#11370,.F.);
#16980=CARTESIAN_POINT('',(65.2466848880226,13.7493715012133,
1.48281387168936E-12));
#16990=DIRECTION('',(9.15078650056374E-29,1.5366371098034E-14,-1.));
#17000=VECTOR('',#16990,1.);
#17010=LINE('',#16980,#17000);
#17020=CARTESIAN_POINT('',(65.2466848880226,13.7493715012133,
0.0528123485625979));
#17030=VERTEX_POINT('',#17020);
#17040=EDGE_CURVE('',#17030,#11320,#17010,.T.);
#17050=ORIENTED_EDGE('',*,*,#17040,.T.);
#17060=CARTESIAN_POINT('',(65.2466848880226,3.14770431941724E-12,
0.0528123485623866));
#17070=DIRECTION('',(2.39719729596847E-15,1.,1.5366371098034E-14));
#17080=VECTOR('',#17070,1.);
#17090=LINE('',#17060,#17080);
#17100=CARTESIAN_POINT('',(65.2466848880226,13.2493715012133,
0.0528123485625946));
#17110=VERTEX_POINT('',#17100);
#17120=EDGE_CURVE('',#17110,#17030,#17090,.T.);
#17130=ORIENTED_EDGE('',*,*,#17120,.T.);
#17140=CARTESIAN_POINT('',(65.2466848880226,13.2493715012133,
1.48281387168936E-12));
#17150=DIRECTION('',(9.15078650056374E-29,1.5366371098034E-14,-1.));
#17160=VECTOR('',#17150,1.);
#17170=LINE('',#17140,#17160);
#17180=CARTESIAN_POINT('',(65.2466848880231,13.2493715012133,
0.050000000001624));
#17190=VERTEX_POINT('',#17180);
#17200=EDGE_CURVE('',#17110,#17190,#17170,.T.);
#17210=ORIENTED_EDGE('',*,*,#17200,.F.);
#17220=CARTESIAN_POINT('',(65.2466848880231,0.,0.050000000002532));
#17230=DIRECTION('',(0.,1.,-6.85298961049134E-14));
#17240=VECTOR('',#17230,1.);
#17250=LINE('',#17220,#17240);
#17260=CARTESIAN_POINT('',(65.2466848880231,12.3493715012132,
0.0500000000016857));
#17270=VERTEX_POINT('',#17260);
#17280=EDGE_CURVE('',#17270,#17190,#17250,.T.);
#17290=ORIENTED_EDGE('',*,*,#17280,.T.);
#17300=CARTESIAN_POINT('',(65.2466848880226,12.3493715012132,
1.48281387168936E-12));
#17310=DIRECTION('',(9.15078650056374E-29,1.5366371098034E-14,-1.));
#17320=VECTOR('',#17310,1.);
#17330=LINE('',#17300,#17320);
#17340=CARTESIAN_POINT('',(65.2466848880226,12.3493715012132,
0.0528123485625764));
#17350=VERTEX_POINT('',#17340);
#17360=EDGE_CURVE('',#17350,#17270,#17330,.T.);
#17370=ORIENTED_EDGE('',*,*,#17360,.T.);
#17380=CARTESIAN_POINT('',(65.2466848880226,3.14770431941724E-12,
0.0528123485623866));
#17390=DIRECTION('',(2.39719729596847E-15,1.,1.5366371098034E-14));
#17400=VECTOR('',#17390,1.);
#17410=LINE('',#17380,#17400);
#17420=CARTESIAN_POINT('',(65.2466848880226,11.8493715012132,
0.0528123485625687));
#17430=VERTEX_POINT('',#17420);
#17440=EDGE_CURVE('',#17430,#17350,#17410,.T.);
#17450=ORIENTED_EDGE('',*,*,#17440,.T.);
#17460=CARTESIAN_POINT('',(65.2466848880226,11.8493715012132,
1.48281387168936E-12));
#17470=DIRECTION('',(9.15078650056374E-29,1.5366371098034E-14,-1.));
#17480=VECTOR('',#17470,1.);
#17490=LINE('',#17460,#17480);
#17500=EDGE_CURVE('',#17430,#11080,#17490,.T.);
#17510=ORIENTED_EDGE('',*,*,#17500,.F.);
#17520=ORIENTED_EDGE('',*,*,#11090,.F.);
#17530=EDGE_LOOP('',(#17520,#17510,#17450,#17370,#17290,#17210,#17130,
#17050,#16970,#16960,#16950,#16890,#16810,#16730,#16650,#16560,#16480,
#16400));
#17540=FACE_OUTER_BOUND('',#17530,.T.);
#17550=ADVANCED_FACE('',(#17540),#16390,.F.);
#17560=CARTESIAN_POINT('',(67.666684888019,13.4493715012133,
1.44999999999939));
#17570=DIRECTION('',(-0.499999999999996,-1.21090690868923E-14,
0.866025403784441));
#17580=DIRECTION('',(0.866025403784441,-9.75921930520901E-15,
0.499999999999996));
#17590=AXIS2_PLACEMENT_3D('',#17560,#17570,#17580);
#17600=PLANE('',#17590);
#17610=ORIENTED_EDGE('',*,*,#17120,.F.);
#17620=CARTESIAN_POINT('',(0.,13.749371501214,-37.6173787352675));
#17630=DIRECTION('',(-0.866025403784441,9.71445146547012E-15,
-0.499999999999996));
#17640=VECTOR('',#17630,1.);
#17650=LINE('',#17620,#17640);
#17660=CARTESIAN_POINT('',(67.3202747265052,13.7493715012133,
1.24999999999938));
#17670=VERTEX_POINT('',#17660);
#17680=EDGE_CURVE('',#17670,#17030,#17650,.T.);
#17690=ORIENTED_EDGE('',*,*,#17680,.T.);
#17700=CARTESIAN_POINT('',(67.3202747265052,13.5493715012133,
1.24999999999939));
#17710=DIRECTION('',(-0.499999999999996,-1.21090690868923E-14,
0.866025403784441));
#17720=DIRECTION('',(0.866025403784441,-9.75921930520901E-15,
0.499999999999996));
#17730=AXIS2_PLACEMENT_3D('',#17700,#17710,#17720);
#17740=ELLIPSE('',#17730,0.400000000000004,0.2);
#17750=CARTESIAN_POINT('',(67.666684888019,13.5493715012133,
1.44999999999939));
#17760=VERTEX_POINT('',#17750);
#17770=EDGE_CURVE('',#17760,#17670,#17740,.T.);
#17780=ORIENTED_EDGE('',*,*,#17770,.T.);
#17790=CARTESIAN_POINT('',(67.666684888019,18.1167989343062,
1.44999999999946));
#17800=DIRECTION('',(2.39719729596847E-15,1.,1.5366371098034E-14));
#17810=VECTOR('',#17800,1.);
#17820=LINE('',#17790,#17810);
#17830=CARTESIAN_POINT('',(67.666684888019,13.2493715012133,
1.44999999999939));
#17840=VERTEX_POINT('',#17830);
#17850=EDGE_CURVE('',#17840,#17760,#17820,.T.);
#17860=ORIENTED_EDGE('',*,*,#17850,.T.);
#17870=CARTESIAN_POINT('',(0.,13.249371501214,-37.6173787352675));
#17880=DIRECTION('',(0.866025403784441,-9.71445146547012E-15,
0.499999999999996));
#17890=VECTOR('',#17880,1.);
#17900=LINE('',#17870,#17890);
#17910=EDGE_CURVE('',#17110,#17840,#17900,.T.);
#17920=ORIENTED_EDGE('',*,*,#17910,.T.);
#17930=EDGE_LOOP('',(#17920,#17860,#17780,#17690,#17610));
#17940=FACE_OUTER_BOUND('',#17930,.T.);
#17950=ADVANCED_FACE('',(#17940),#17600,.T.);
#17960=COLOUR_RGB('',0.34901961684227,0.34901961684227,0.34901961684227)
;
#17970=FILL_AREA_STYLE_COLOUR('',#17960);
#17980=FILL_AREA_STYLE('',(#17970));
#17990=SURFACE_STYLE_FILL_AREA(#17980);
#18000=SURFACE_SIDE_STYLE('',(#17990));
#18010=SURFACE_STYLE_USAGE(.BOTH.,#18000);
#18020=PRESENTATION_STYLE_ASSIGNMENT((#18010));
#18030=CARTESIAN_POINT('',(72.5966848880224,13.6993715012085,
-0.712499999998774));
#18040=DIRECTION('',(0.,-1.,0.));
#18050=DIRECTION('',(0.,0.,1.));
#18060=AXIS2_PLACEMENT_3D('',#18030,#18040,#18050);
#18070=PLANE('',#18060);
#18080=CARTESIAN_POINT('',(66.2566848880224,13.6993715012085,
-2.42499999999877));
#18090=DIRECTION('',(0.,-1.,0.));
#18100=DIRECTION('',(-1.,0.,0.));
#18110=AXIS2_PLACEMENT_3D('',#18080,#18090,#18100);
#18120=CIRCLE('',#18110,0.525000000000001);
#18130=CARTESIAN_POINT('',(65.8443743254597,13.6993715012085,-2.1));
#18140=VERTEX_POINT('',#18130);
#18150=CARTESIAN_POINT('',(65.7316848880224,13.6993715012085,
-2.42499999999877));
#18160=VERTEX_POINT('',#18150);
#18170=EDGE_CURVE('',#18140,#18160,#18120,.T.);
#18180=ORIENTED_EDGE('',*,*,#18170,.F.);
#18190=CARTESIAN_POINT('',(66.7816848880224,13.6993715012085,
-2.42499999999877));
#18200=VERTEX_POINT('',#18190);
#18210=EDGE_CURVE('',#18160,#18200,#18120,.T.);
#18220=ORIENTED_EDGE('',*,*,#18210,.F.);
#18230=EDGE_CURVE('',#18200,#18140,#18120,.T.);
#18240=ORIENTED_EDGE('',*,*,#18230,.F.);
#18250=EDGE_LOOP('',(#18240,#18220,#18180));
#18260=FACE_OUTER_BOUND('',#18250,.T.);
#18270=ADVANCED_FACE('',(#18260),#18070,.F.);
#18280=CARTESIAN_POINT('',(66.2566848880224,13.8993715012085,
-2.42499999999877));
#18290=DIRECTION('',(0.,-1.,0.));
#18300=DIRECTION('',(-1.,0.,0.));
#18310=AXIS2_PLACEMENT_3D('',#18280,#18290,#18300);
#18320=CYLINDRICAL_SURFACE('',#18310,0.525000000000001);
#18330=CARTESIAN_POINT('',(65.7316848880224,13.8993715012085,
-2.42499999999877));
#18340=DIRECTION('',(0.,-1.,0.));
#18350=VECTOR('',#18340,1.);
#18360=LINE('',#18330,#18350);
#18370=CARTESIAN_POINT('',(65.7316848880224,15.3993715012086,
-2.42499999999877));
#18380=VERTEX_POINT('',#18370);
#18390=EDGE_CURVE('',#18380,#18160,#18360,.T.);
#18400=ORIENTED_EDGE('',*,*,#18390,.F.);
#18410=ORIENTED_EDGE('',*,*,#18170,.T.);
#18420=ORIENTED_EDGE('',*,*,#18230,.T.);
#18430=CARTESIAN_POINT('',(66.7816848880224,13.8993715012085,
-2.42499999999877));
#18440=DIRECTION('',(0.,-1.,0.));
#18450=VECTOR('',#18440,1.);
#18460=LINE('',#18430,#18450);
#18470=CARTESIAN_POINT('',(66.7816848880224,15.3993715012086,
-2.42499999999877));
#18480=VERTEX_POINT('',#18470);
#18490=EDGE_CURVE('',#18480,#18200,#18460,.T.);
#18500=ORIENTED_EDGE('',*,*,#18490,.T.);
#18510=CARTESIAN_POINT('',(66.2566848880224,15.3993715012086,
-2.42499999999877));
#18520=DIRECTION('',(0.,1.,0.));
#18530=DIRECTION('',(1.,0.,0.));
#18540=AXIS2_PLACEMENT_3D('',#18510,#18520,#18530);
#18550=CIRCLE('',#18540,0.525000000000004);
#18560=CARTESIAN_POINT('',(66.6689954505846,15.399371501208,
-2.10000000000003));
#18570=VERTEX_POINT('',#18560);
#18580=EDGE_CURVE('',#18570,#18480,#18550,.T.);
#18590=ORIENTED_EDGE('',*,*,#18580,.T.);
#18600=EDGE_CURVE('',#18380,#18570,#18550,.T.);
#18610=ORIENTED_EDGE('',*,*,#18600,.T.);
#18620=EDGE_LOOP('',(#18610,#18590,#18500,#18420,#18410,#18400));
#18630=FACE_OUTER_BOUND('',#18620,.T.);
#18640=ADVANCED_FACE('',(#18630),#18320,.F.);
#18650=CARTESIAN_POINT('',(66.2566848880224,15.5993715012086,
-2.42499999999877));
#18660=DIRECTION('',(0.,1.,0.));
#18670=DIRECTION('',(1.,0.,0.));
#18680=AXIS2_PLACEMENT_3D('',#18650,#18660,#18670);
#18690=CONICAL_SURFACE('',#18680,0.725000000000009,0.785398163397457);
#18700=ORIENTED_EDGE('',*,*,#18580,.F.);
#18710=CARTESIAN_POINT('',(66.9816848880224,15.5993715012086,
-2.42499999999877));
#18720=DIRECTION('',(0.707106781186554,0.707106781186541,0.));
#18730=VECTOR('',#18720,1.0253048327205);
#18740=LINE('',#18710,#18730);
#18750=EDGE_CURVE('',#18480,#14610,#18740,.T.);
#18760=ORIENTED_EDGE('',*,*,#18750,.F.);
#18770=ORIENTED_EDGE('',*,*,#14620,.T.);
#18780=ORIENTED_EDGE('',*,*,#16220,.T.);
#18790=CARTESIAN_POINT('',(65.5316848880224,15.5993715012086,
-2.42499999999877));
#18800=DIRECTION('',(-0.707106781186554,0.707106781186541,0.));
#18810=VECTOR('',#18800,1.0253048327205);
#18820=LINE('',#18790,#18810);
#18830=EDGE_CURVE('',#18380,#16040,#18820,.T.);
#18840=ORIENTED_EDGE('',*,*,#18830,.T.);
#18850=ORIENTED_EDGE('',*,*,#18600,.F.);
#18860=EDGE_LOOP('',(#18850,#18840,#18780,#18770,#18760,#18700));
#18870=FACE_OUTER_BOUND('',#18860,.T.);
#18880=ADVANCED_FACE('',(#18870),#18690,.F.);
#18890=CARTESIAN_POINT('',(58.131450137208,8.49479464605094,
-0.730854940350975));
#18900=DIRECTION('',(0.0113629027286773,0.,-0.999935440136801));
#18910=DIRECTION('',(0.999935440136801,0.,0.0113629027286773));
#18920=AXIS2_PLACEMENT_3D('',#18890,#18900,#18910);
#18930=PLANE('',#18920);
#18940=CARTESIAN_POINT('',(0.,14.1993715012117,-1.39143960099235));
#18950=DIRECTION('',(0.999935440136801,0.,0.0113629027286773));
#18960=VECTOR('',#18950,1.);
#18970=LINE('',#18940,#18960);
#18980=CARTESIAN_POINT('',(58.6466848880224,14.1993715012117,
-0.725000000000888));
#18990=VERTEX_POINT('',#18980);
#19000=EDGE_CURVE('',#18990,#16790,#18970,.T.);
#19010=ORIENTED_EDGE('',*,*,#19000,.F.);
#19020=ORIENTED_EDGE('',*,*,#16800,.T.);
#19030=CARTESIAN_POINT('',(0.,10.0993715012085,-1.39143960099235));
#19040=DIRECTION('',(0.999935440136801,0.,0.0113629027286773));
#19050=VECTOR('',#19040,1.);
#19060=LINE('',#19030,#19050);
#19070=CARTESIAN_POINT('',(58.6466848880224,10.0993715012085,
-0.725000000000888));
#19080=VERTEX_POINT('',#19070);
#19090=EDGE_CURVE('',#19080,#16710,#19060,.T.);
#19100=ORIENTED_EDGE('',*,*,#19090,.T.);
#19110=CARTESIAN_POINT('',(58.6466848880224,0.,-0.725000000000888));
#19120=DIRECTION('',(0.,1.,0.));
#19130=VECTOR('',#19120,1.);
#19140=LINE('',#19110,#19130);
#19150=EDGE_CURVE('',#19080,#18990,#19140,.T.);
#19160=ORIENTED_EDGE('',*,*,#19150,.F.);
#19170=EDGE_LOOP('',(#19160,#19100,#19020,#19010));
#19180=FACE_OUTER_BOUND('',#19170,.T.);
#19190=ADVANCED_FACE('',(#19180),#18930,.F.);
#19200=CARTESIAN_POINT('',(58.8466848880224,10.0993715012085,
0.200000000000632));
#19210=DIRECTION('',(-0.,-1.,-0.));
#19220=DIRECTION('',(-1.,0.,0.));
#19230=AXIS2_PLACEMENT_3D('',#19200,#19210,#19220);
#19240=PLANE('',#19230);
#19250=CARTESIAN_POINT('',(58.6466848880224,10.0993715012085,0.));
#19260=DIRECTION('',(0.,0.,-1.));
#19270=VECTOR('',#19260,1.);
#19280=LINE('',#19250,#19270);
#19290=CARTESIAN_POINT('',(58.6466848880224,10.0993715012085,
-1.15131670195057));
#19300=VERTEX_POINT('',#19290);
#19310=EDGE_CURVE('',#19080,#19300,#19280,.T.);
#19320=ORIENTED_EDGE('',*,*,#19310,.T.);
#19330=ORIENTED_EDGE('',*,*,#19090,.F.);
#19340=ORIENTED_EDGE('',*,*,#16720,.F.);
#19350=CARTESIAN_POINT('',(58.6466848880224,10.0993715012085,
-1.15131670195057));
#19360=DIRECTION('',(-1.,0.,0.));
#19370=VECTOR('',#19360,1.);
#19380=LINE('',#19350,#19370);
#19390=EDGE_CURVE('',#16630,#19300,#19380,.T.);
#19400=ORIENTED_EDGE('',*,*,#19390,.F.);
#19410=EDGE_LOOP('',(#19400,#19340,#19330,#19320));
#19420=FACE_OUTER_BOUND('',#19410,.T.);
#19430=ADVANCED_FACE('',(#19420),#19240,.T.);
#19440=CARTESIAN_POINT('',(58.6466848880224,8.51436910121166,
-4.4500000000011));
#19450=DIRECTION('',(1.,0.,-0.));
#19460=DIRECTION('',(0.,0.,1.));
#19470=AXIS2_PLACEMENT_3D('',#19440,#19450,#19460);
#19480=PLANE('',#19470);
#19490=CARTESIAN_POINT('',(58.6466848880224,10.0993715012117,0.));
#19500=DIRECTION('',(0.,0.,1.));
#19510=VECTOR('',#19500,1.);
#19520=LINE('',#19490,#19510);
#19530=CARTESIAN_POINT('',(58.6466848880224,10.0993715012117,
-3.47500000000115));
#19540=VERTEX_POINT('',#19530);
#19550=CARTESIAN_POINT('',(58.6466848880224,10.0993715012117,
-3.04868329804709));
#19560=VERTEX_POINT('',#19550);
#19570=EDGE_CURVE('',#19540,#19560,#19520,.T.);
#19580=ORIENTED_EDGE('',*,*,#19570,.T.);
#19590=CARTESIAN_POINT('',(58.6466848880224,0.,-3.47500000000115));
#19600=DIRECTION('',(0.,1.,0.));
#19610=VECTOR('',#19600,1.);
#19620=LINE('',#19590,#19610);
#19630=CARTESIAN_POINT('',(58.6466848880224,14.1993715012117,
-3.47500000000115));
#19640=VERTEX_POINT('',#19630);
#19650=EDGE_CURVE('',#19540,#19640,#19620,.T.);
#19660=ORIENTED_EDGE('',*,*,#19650,.F.);
#19670=CARTESIAN_POINT('',(58.6466848880224,14.1993715012117,0.));
#19680=DIRECTION('',(0.,0.,-1.));
#19690=VECTOR('',#19680,1.);
#19700=LINE('',#19670,#19690);
#19710=EDGE_CURVE('',#18990,#19640,#19700,.T.);
#19720=ORIENTED_EDGE('',*,*,#19710,.T.);
#19730=ORIENTED_EDGE('',*,*,#19150,.T.);
#19740=ORIENTED_EDGE('',*,*,#19310,.F.);
#19750=CARTESIAN_POINT('',(58.6466848880224,8.74937150120851,
-2.10000000000107));
#19760=DIRECTION('',(-1.,0.,0.));
#19770=DIRECTION('',(0.,-1.,0.));
#19780=AXIS2_PLACEMENT_3D('',#19750,#19760,#19770);
#19790=CIRCLE('',#19780,1.65);
#19800=EDGE_CURVE('',#19300,#19560,#19790,.T.);
#19810=ORIENTED_EDGE('',*,*,#19800,.F.);
#19820=EDGE_LOOP('',(#19810,#19740,#19730,#19720,#19660,#19580));
#19830=FACE_OUTER_BOUND('',#19820,.T.);
#19840=CARTESIAN_POINT('',(58.6466848880224,11.5493715012101,
-1.59999999999878));
#19850=DIRECTION('',(0.,1.,0.));
#19860=VECTOR('',#19850,1.);
#19870=LINE('',#19840,#19860);
#19880=CARTESIAN_POINT('',(58.6466848880224,11.6748717013687,
-1.59999999999879));
#19890=VERTEX_POINT('',#19880);
#19900=CARTESIAN_POINT('',(58.6466848880224,12.9238713010483,
-1.59999999999878));
#19910=VERTEX_POINT('',#19900);
#19920=EDGE_CURVE('',#19890,#19910,#19870,.T.);
#19930=ORIENTED_EDGE('',*,*,#19920,.F.);
#19940=CARTESIAN_POINT('',(58.6466848880224,12.2993715012085,
-2.09999999999878));
#19950=DIRECTION('',(-1.,0.,0.));
#19960=DIRECTION('',(0.,0.999014131367684,-0.0443933027344453));
#19970=AXIS2_PLACEMENT_3D('',#19940,#19950,#19960);
#19980=CIRCLE('',#19970,0.8);
#19990=EDGE_CURVE('',#19910,#19890,#19980,.T.);
#20000=ORIENTED_EDGE('',*,*,#19990,.F.);
#20010=EDGE_LOOP('',(#20000,#19930));
#20020=FACE_BOUND('',#20010,.T.);
#20030=ADVANCED_FACE('',(#19830,#20020),#19480,.F.);
#20040=CARTESIAN_POINT('',(59.6466848880224,12.2993715012085,
-2.09999999999878));
#20050=DIRECTION('',(-1.,0.,0.));
#20060=DIRECTION('',(0.,0.,1.));
#20070=AXIS2_PLACEMENT_3D('',#20040,#20050,#20060);
#20080=PLANE('',#20070);
#20090=CARTESIAN_POINT('',(59.6466848880224,0.,-1.59999999999878));
#20100=DIRECTION('',(0.,1.,0.));
#20110=VECTOR('',#20100,1.);
#20120=LINE('',#20090,#20110);
#20130=CARTESIAN_POINT('',(59.6466848880224,11.6748717013687,
-1.59999999999878));
#20140=VERTEX_POINT('',#20130);
#20150=CARTESIAN_POINT('',(59.6466848880224,12.9238713010483,
-1.59999999999878));
#20160=VERTEX_POINT('',#20150);
#20170=EDGE_CURVE('',#20140,#20160,#20120,.T.);
#20180=ORIENTED_EDGE('',*,*,#20170,.T.);
#20190=CARTESIAN_POINT('',(59.6466848880224,12.2993715012085,
-2.09999999999878));
#20200=DIRECTION('',(-1.,0.,0.));
#20210=DIRECTION('',(0.,0.999014131367684,-0.0443933027344453));
#20220=AXIS2_PLACEMENT_3D('',#20190,#20200,#20210);
#20230=CIRCLE('',#20220,0.8);
#20240=EDGE_CURVE('',#20160,#20140,#20230,.T.);
#20250=ORIENTED_EDGE('',*,*,#20240,.T.);
#20260=EDGE_LOOP('',(#20250,#20180));
#20270=FACE_OUTER_BOUND('',#20260,.T.);
#20280=ADVANCED_FACE('',(#20270),#20080,.T.);
#20290=CARTESIAN_POINT('',(58.6466848880224,11.5493715012101,
-1.59999999999878));
#20300=DIRECTION('',(-0.,0.,1.));
#20310=DIRECTION('',(0.,-1.,0.));
#20320=AXIS2_PLACEMENT_3D('',#20290,#20300,#20310);
#20330=PLANE('',#20320);
#20340=ORIENTED_EDGE('',*,*,#20170,.F.);
#20350=CARTESIAN_POINT('',(59.6466848880224,12.9238713010483,
-1.59999999999878));
#20360=DIRECTION('',(-1.,0.,0.));
#20370=VECTOR('',#20360,1.);
#20380=LINE('',#20350,#20370);
#20390=EDGE_CURVE('',#20160,#19910,#20380,.T.);
#20400=ORIENTED_EDGE('',*,*,#20390,.F.);
#20410=ORIENTED_EDGE('',*,*,#19920,.T.);
#20420=CARTESIAN_POINT('',(59.6466848880224,11.6748717013687,
-1.59999999999879));
#20430=DIRECTION('',(-1.,0.,0.));
#20440=VECTOR('',#20430,1.);
#20450=LINE('',#20420,#20440);
#20460=EDGE_CURVE('',#20140,#19890,#20450,.T.);
#20470=ORIENTED_EDGE('',*,*,#20460,.T.);
#20480=EDGE_LOOP('',(#20470,#20410,#20400,#20340));
#20490=FACE_OUTER_BOUND('',#20480,.T.);
#20500=ADVANCED_FACE('',(#20490),#20330,.F.);
#20510=CARTESIAN_POINT('',(58.6466848880224,8.51436910121166,
-4.4500000000011));
#20520=DIRECTION('',(1.,0.,-0.));
#20530=DIRECTION('',(0.,0.,1.));
#20540=AXIS2_PLACEMENT_3D('',#20510,#20520,#20530);
#20550=PLANE('',#20540);
#20560=CARTESIAN_POINT('',(58.6466848880224,10.0993715012117,-3.5));
#20570=DIRECTION('',(0.,0.,1.));
#20580=VECTOR('',#20570,1.);
#20590=LINE('',#20560,#20580);
#20600=CARTESIAN_POINT('',(58.6466848880224,10.0993715012117,
-6.97500000000115));
#20610=VERTEX_POINT('',#20600);
#20620=CARTESIAN_POINT('',(58.6466848880224,10.0993715012117,
-6.54868329804709));
#20630=VERTEX_POINT('',#20620);
#20640=EDGE_CURVE('',#20610,#20630,#20590,.T.);
#20650=ORIENTED_EDGE('',*,*,#20640,.T.);
#20660=CARTESIAN_POINT('',(58.6466848880224,0.,-6.97500000000115));
#20670=DIRECTION('',(0.,1.,0.));
#20680=VECTOR('',#20670,1.);
#20690=LINE('',#20660,#20680);
#20700=CARTESIAN_POINT('',(58.6466848880224,14.1993715012117,
-6.97500000000115));
#20710=VERTEX_POINT('',#20700);
#20720=EDGE_CURVE('',#20610,#20710,#20690,.T.);
#20730=ORIENTED_EDGE('',*,*,#20720,.F.);
#20740=CARTESIAN_POINT('',(58.6466848880224,14.1993715012117,0.));
#20750=DIRECTION('',(0.,0.,-1.));
#20760=VECTOR('',#20750,1.);
#20770=LINE('',#20740,#20760);
#20780=CARTESIAN_POINT('',(58.6466848880224,14.1993715012117,
-4.22500000000166));
#20790=VERTEX_POINT('',#20780);
#20800=EDGE_CURVE('',#20790,#20710,#20770,.T.);
#20810=ORIENTED_EDGE('',*,*,#20800,.T.);
#20820=CARTESIAN_POINT('',(58.6466848880224,0.,-4.22500000000166));
#20830=DIRECTION('',(0.,1.,0.));
#20840=VECTOR('',#20830,1.);
#20850=LINE('',#20820,#20840);
#20860=CARTESIAN_POINT('',(58.6466848880224,10.0993715012117,
-4.22500000000166));
#20870=VERTEX_POINT('',#20860);
#20880=EDGE_CURVE('',#20870,#20790,#20850,.T.);
#20890=ORIENTED_EDGE('',*,*,#20880,.T.);
#20900=CARTESIAN_POINT('',(58.6466848880224,10.0993715012117,0.));
#20910=DIRECTION('',(0.,0.,-1.));
#20920=VECTOR('',#20910,1.);
#20930=LINE('',#20900,#20920);
#20940=CARTESIAN_POINT('',(58.6466848880224,10.0993715012117,
-4.65131670195119));
#20950=VERTEX_POINT('',#20940);
#20960=EDGE_CURVE('',#20870,#20950,#20930,.T.);
#20970=ORIENTED_EDGE('',*,*,#20960,.F.);
#20980=CARTESIAN_POINT('',(58.6466848880224,8.74937150121166,
-5.60000000000169));
#20990=DIRECTION('',(-1.,0.,0.));
#21000=DIRECTION('',(0.,-1.,0.));
#21010=AXIS2_PLACEMENT_3D('',#20980,#20990,#21000);
#21020=CIRCLE('',#21010,1.65);
#21030=EDGE_CURVE('',#20950,#20630,#21020,.T.);
#21040=ORIENTED_EDGE('',*,*,#21030,.F.);
#21050=EDGE_LOOP('',(#21040,#20970,#20890,#20810,#20730,#20650));
#21060=FACE_OUTER_BOUND('',#21050,.T.);
#21070=CARTESIAN_POINT('',(58.6466848880224,12.2993715012116,
-5.60000000000169));
#21080=DIRECTION('',(-1.,0.,0.));
#21090=DIRECTION('',(0.,0.999709804046406,-0.0240895764490775));
#21100=AXIS2_PLACEMENT_3D('',#21070,#21080,#21090);
#21110=CIRCLE('',#21100,0.8);
#21120=CARTESIAN_POINT('',(58.6466848880224,13.0993715012117,-5.6));
#21130=VERTEX_POINT('',#21120);
#21140=CARTESIAN_POINT('',(58.6466848880224,13.0991393444488,
-5.61927166116095));
#21150=VERTEX_POINT('',#21140);
#21160=EDGE_CURVE('',#21130,#21150,#21110,.T.);
#21170=ORIENTED_EDGE('',*,*,#21160,.F.);
#21180=CARTESIAN_POINT('',(58.6466848880224,11.4996036579745,
-5.58072833884243));
#21190=VERTEX_POINT('',#21180);
#21200=EDGE_CURVE('',#21150,#21190,#21110,.T.);
#21210=ORIENTED_EDGE('',*,*,#21200,.F.);
#21220=EDGE_CURVE('',#21190,#21130,#21110,.T.);
#21230=ORIENTED_EDGE('',*,*,#21220,.F.);
#21240=EDGE_LOOP('',(#21230,#21210,#21170));
#21250=FACE_BOUND('',#21240,.T.);
#21260=ADVANCED_FACE('',(#21060,#21250),#20550,.F.);
#21270=CARTESIAN_POINT('',(59.6466848880224,12.2993715012085,
-2.09999999999878));
#21280=DIRECTION('',(-1.,0.,0.));
#21290=DIRECTION('',(0.,0.999014131367684,-0.0443933027344453));
#21300=AXIS2_PLACEMENT_3D('',#21270,#21280,#21290);
#21310=CYLINDRICAL_SURFACE('',#21300,0.8);
#21320=ORIENTED_EDGE('',*,*,#20460,.F.);
#21330=ORIENTED_EDGE('',*,*,#19990,.T.);
#21340=ORIENTED_EDGE('',*,*,#20390,.T.);
#21350=ORIENTED_EDGE('',*,*,#20240,.F.);
#21360=EDGE_LOOP('',(#21350,#21340,#21330,#21320));
#21370=FACE_OUTER_BOUND('',#21360,.T.);
#21380=ADVANCED_FACE('',(#21370),#21310,.F.);
#21390=CARTESIAN_POINT('',(58.6466848880224,8.74937150120851,
-2.10000000000107));
#21400=DIRECTION('',(-1.,0.,0.));
#21410=DIRECTION('',(0.,-1.,0.));
#21420=AXIS2_PLACEMENT_3D('',#21390,#21400,#21410);
#21430=CYLINDRICAL_SURFACE('',#21420,1.65);
#21440=CARTESIAN_POINT('',(58.6466848880224,10.0993715012117,
-3.04868329804709));
#21450=DIRECTION('',(-1.,0.,0.));
#21460=VECTOR('',#21450,1.);
#21470=LINE('',#21440,#21460);
#21480=EDGE_CURVE('',#16540,#19560,#21470,.T.);
#21490=ORIENTED_EDGE('',*,*,#21480,.F.);
#21500=ORIENTED_EDGE('',*,*,#19800,.T.);
#21510=ORIENTED_EDGE('',*,*,#19390,.T.);
#21520=ORIENTED_EDGE('',*,*,#16640,.F.);
#21530=EDGE_LOOP('',(#21520,#21510,#21500,#21490));
#21540=FACE_OUTER_BOUND('',#21530,.T.);
#21550=ADVANCED_FACE('',(#21540),#21430,.F.);
#21560=CARTESIAN_POINT('',(57.7466848880224,14.1993715012117,
9.73300240000012));
#21570=DIRECTION('',(0.,-1.,0.));
#21580=DIRECTION('',(1.,0.,0.));
#21590=AXIS2_PLACEMENT_3D('',#21560,#21570,#21580);
#21600=PLANE('',#21590);
#21610=ORIENTED_EDGE('',*,*,#19000,.T.);
#21620=ORIENTED_EDGE('',*,*,#19710,.F.);
#21630=CARTESIAN_POINT('',(0.,14.1993715012117,-2.80856039900969));
#21640=DIRECTION('',(-0.999935440136801,0.,0.0113629027286774));
#21650=VECTOR('',#21640,1.);
#21660=LINE('',#21630,#21650);
#21670=EDGE_CURVE('',#16870,#19640,#21660,.T.);
#21680=ORIENTED_EDGE('',*,*,#21670,.T.);
#21690=ORIENTED_EDGE('',*,*,#16880,.T.);
#21700=EDGE_LOOP('',(#21690,#21680,#21620,#21610));
#21710=FACE_OUTER_BOUND('',#21700,.T.);
#21720=CARTESIAN_POINT('',(0.,14.1993715012117,-2.50022595952289));
#21730=DIRECTION('',(1.,0.,0.));
#21740=VECTOR('',#21730,1.);
#21750=LINE('',#21720,#21740);
#21760=CARTESIAN_POINT('',(58.8966848880224,14.1993715012117,
-2.50022595952289));
#21770=VERTEX_POINT('',#21760);
#21780=CARTESIAN_POINT('',(61.1466848880224,14.1993715012117,
-2.50022595952289));
#21790=VERTEX_POINT('',#21780);
#21800=EDGE_CURVE('',#21770,#21790,#21750,.T.);
#21810=ORIENTED_EDGE('',*,*,#21800,.T.);
#21820=CARTESIAN_POINT('',(58.8966848880224,14.1993715012117,0.));
#21830=DIRECTION('',(0.,0.,1.));
#21840=VECTOR('',#21830,1.);
#21850=LINE('',#21820,#21840);
#21860=CARTESIAN_POINT('',(58.8966848880224,14.1993715012117,
-1.70022595952289));
#21870=VERTEX_POINT('',#21860);
#21880=EDGE_CURVE('',#21770,#21870,#21850,.T.);
#21890=ORIENTED_EDGE('',*,*,#21880,.F.);
#21900=CARTESIAN_POINT('',(0.,14.1993715012117,-1.70022595952289));
#21910=DIRECTION('',(-1.,0.,0.));
#21920=VECTOR('',#21910,1.);
#21930=LINE('',#21900,#21920);
#21940=CARTESIAN_POINT('',(61.1466848880224,14.1993715012117,
-1.70022595952289));
#21950=VERTEX_POINT('',#21940);
#21960=EDGE_CURVE('',#21950,#21870,#21930,.T.);
#21970=ORIENTED_EDGE('',*,*,#21960,.T.);
#21980=CARTESIAN_POINT('',(61.1466848880224,14.1993715012117,0.));
#21990=DIRECTION('',(0.,0.,-1.));
#22000=VECTOR('',#21990,1.);
#22010=LINE('',#21980,#22000);
#22020=EDGE_CURVE('',#21950,#21790,#22010,.T.);
#22030=ORIENTED_EDGE('',*,*,#22020,.F.);
#22040=EDGE_LOOP('',(#22030,#21970,#21890,#21810));
#22050=FACE_BOUND('',#22040,.T.);
#22060=ADVANCED_FACE('',(#21710,#22050),#21600,.F.);
#22070=CARTESIAN_POINT('',(61.1466848880224,12.8618569640874,
-16.8839435464641));
#22080=DIRECTION('',(-1.,0.,0.));
#22090=DIRECTION('',(0.,-1.,0.));
#22100=AXIS2_PLACEMENT_3D('',#22070,#22080,#22090);
#22110=PLANE('',#22100);
#22120=CARTESIAN_POINT('',(61.1466848880224,15.2993715012117,
-1.90022595952289));
#22130=DIRECTION('',(1.,0.,0.));
#22140=DIRECTION('',(0.,-1.,0.));
#22150=AXIS2_PLACEMENT_3D('',#22120,#22130,#22140);
#22160=CIRCLE('',#22150,0.2);
#22170=CARTESIAN_POINT('',(61.1466848880224,15.2993715012117,
-1.70022595952289));
#22180=VERTEX_POINT('',#22170);
#22190=EDGE_CURVE('',#12030,#22180,#22160,.T.);
#22200=ORIENTED_EDGE('',*,*,#22190,.T.);
#22210=ORIENTED_EDGE('',*,*,#12040,.T.);
#22220=CARTESIAN_POINT('',(61.1466848880224,15.2993715012117,
-2.30022595952289));
#22230=DIRECTION('',(1.,0.,0.));
#22240=DIRECTION('',(0.,-1.,0.));
#22250=AXIS2_PLACEMENT_3D('',#22220,#22230,#22240);
#22260=CIRCLE('',#22250,0.2);
#22270=CARTESIAN_POINT('',(61.1466848880224,15.2993715012117,
-2.50022595952289));
#22280=VERTEX_POINT('',#22270);
#22290=EDGE_CURVE('',#22280,#11950,#22260,.T.);
#22300=ORIENTED_EDGE('',*,*,#22290,.T.);
#22310=CARTESIAN_POINT('',(61.1466848880224,0.,-2.50022595952289));
#22320=DIRECTION('',(0.,1.,0.));
#22330=VECTOR('',#22320,1.);
#22340=LINE('',#22310,#22330);
#22350=EDGE_CURVE('',#21790,#22280,#22340,.T.);
#22360=ORIENTED_EDGE('',*,*,#22350,.T.);
#22370=ORIENTED_EDGE('',*,*,#22020,.T.);
#22380=CARTESIAN_POINT('',(61.1466848880224,0.,-1.70022595952289));
#22390=DIRECTION('',(0.,-1.,0.));
#22400=VECTOR('',#22390,1.);
#22410=LINE('',#22380,#22400);
#22420=EDGE_CURVE('',#22180,#21950,#22410,.T.);
#22430=ORIENTED_EDGE('',*,*,#22420,.T.);
#22440=EDGE_LOOP('',(#22430,#22370,#22360,#22300,#22210,#22200));
#22450=FACE_OUTER_BOUND('',#22440,.T.);
#22460=ADVANCED_FACE('',(#22450),#22110,.F.);
#22470=CARTESIAN_POINT('',(58.8966848880224,14.1993715012117,
9.73300240000012));
#22480=DIRECTION('',(1.,0.,0.));
#22490=DIRECTION('',(0.,1.,0.));
#22500=AXIS2_PLACEMENT_3D('',#22470,#22480,#22490);
#22510=PLANE('',#22500);
#22520=ORIENTED_EDGE('',*,*,#21880,.T.);
#22530=CARTESIAN_POINT('',(58.8966848880224,0.,-2.50022595952289));
#22540=DIRECTION('',(0.,-1.,0.));
#22550=VECTOR('',#22540,1.);
#22560=LINE('',#22530,#22550);
#22570=CARTESIAN_POINT('',(58.8966848880224,15.2993715012117,
-2.50022595952289));
#22580=VERTEX_POINT('',#22570);
#22590=EDGE_CURVE('',#22580,#21770,#22560,.T.);
#22600=ORIENTED_EDGE('',*,*,#22590,.T.);
#22610=CARTESIAN_POINT('',(58.8966848880224,15.2993715012117,
-2.30022595952289));
#22620=DIRECTION('',(1.,0.,0.));
#22630=DIRECTION('',(0.,-1.,0.));
#22640=AXIS2_PLACEMENT_3D('',#22610,#22620,#22630);
#22650=CIRCLE('',#22640,0.2);
#22660=EDGE_CURVE('',#22580,#11870,#22650,.T.);
#22670=ORIENTED_EDGE('',*,*,#22660,.F.);
#22680=ORIENTED_EDGE('',*,*,#11880,.T.);
#22690=CARTESIAN_POINT('',(58.8966848880224,15.2993715012117,
-1.90022595952289));
#22700=DIRECTION('',(1.,0.,0.));
#22710=DIRECTION('',(0.,-1.,0.));
#22720=AXIS2_PLACEMENT_3D('',#22690,#22700,#22710);
#22730=CIRCLE('',#22720,0.2);
#22740=CARTESIAN_POINT('',(58.8966848880224,15.2993715012117,
-1.70022595952289));
#22750=VERTEX_POINT('',#22740);
#22760=EDGE_CURVE('',#11850,#22750,#22730,.T.);
#22770=ORIENTED_EDGE('',*,*,#22760,.F.);
#22780=CARTESIAN_POINT('',(58.8966848880224,0.,-1.70022595952289));
#22790=DIRECTION('',(0.,1.,0.));
#22800=VECTOR('',#22790,1.);
#22810=LINE('',#22780,#22800);
#22820=EDGE_CURVE('',#21870,#22750,#22810,.T.);
#22830=ORIENTED_EDGE('',*,*,#22820,.T.);
#22840=EDGE_LOOP('',(#22830,#22770,#22680,#22670,#22600,#22520));
#22850=FACE_OUTER_BOUND('',#22840,.T.);
#22860=ADVANCED_FACE('',(#22850),#22510,.F.);
#22870=CARTESIAN_POINT('',(-0.0397701595510824,15.2993715012117,
-1.90022595952289));
#22880=DIRECTION('',(1.,0.,0.));
#22890=DIRECTION('',(0.,-1.,0.));
#22900=AXIS2_PLACEMENT_3D('',#22870,#22880,#22890);
#22910=CYLINDRICAL_SURFACE('',#22900,0.2);
#22920=ORIENTED_EDGE('',*,*,#12100,.F.);
#22930=ORIENTED_EDGE('',*,*,#22190,.F.);
#22940=CARTESIAN_POINT('',(-0.0397701595510824,15.2993715012117,
-1.70022595952289));
#22950=DIRECTION('',(1.,0.,0.));
#22960=VECTOR('',#22950,1.);
#22970=LINE('',#22940,#22960);
#22980=EDGE_CURVE('',#22750,#22180,#22970,.T.);
#22990=ORIENTED_EDGE('',*,*,#22980,.T.);
#23000=ORIENTED_EDGE('',*,*,#22760,.T.);
#23010=EDGE_LOOP('',(#23000,#22990,#22930,#22920));
#23020=FACE_OUTER_BOUND('',#23010,.T.);
#23030=ADVANCED_FACE('',(#23020),#22910,.T.);
#23040=CARTESIAN_POINT('',(58.606914728472,14.1993715012117,
-1.70022595952289));
#23050=DIRECTION('',(-0.,0.,1.));
#23060=DIRECTION('',(0.,-1.,0.));
#23070=AXIS2_PLACEMENT_3D('',#23040,#23050,#23060);
#23080=PLANE('',#23070);
#23090=ORIENTED_EDGE('',*,*,#22820,.F.);
#23100=ORIENTED_EDGE('',*,*,#22980,.F.);
#23110=ORIENTED_EDGE('',*,*,#22420,.F.);
#23120=ORIENTED_EDGE('',*,*,#21960,.F.);
#23130=EDGE_LOOP('',(#23120,#23110,#23100,#23090));
#23140=FACE_OUTER_BOUND('',#23130,.T.);
#23150=ADVANCED_FACE('',(#23140),#23080,.T.);
#23160=CARTESIAN_POINT('',(73.5516848880265,14.1943715012134,
-2.09999999999939));
#23170=DIRECTION('',(1.,-2.12058652180369E-33,-2.87017080875347E-16));
#23180=DIRECTION('',(-2.87017080875347E-16,3.79116733899747E-16,-1.));
#23190=AXIS2_PLACEMENT_3D('',#23160,#23170,#23180);
#23200=CYLINDRICAL_SURFACE('',#23190,0.6);
#23210=CARTESIAN_POINT('',(73.5516848880265,14.1943715012134,
-1.49999999999939));
#23220=DIRECTION('',(1.,-2.12058652180369E-33,-2.87017080875347E-16));
#23230=VECTOR('',#23220,1.);
#23240=LINE('',#23210,#23230);
#23250=CARTESIAN_POINT('',(73.5966848880265,14.1943715012134,
-1.49999999999939));
#23260=VERTEX_POINT('',#23250);
#23270=EDGE_CURVE('',#13460,#23260,#23240,.T.);
#23280=ORIENTED_EDGE('',*,*,#23270,.F.);
#23290=CARTESIAN_POINT('',(73.5966848880265,14.1943715012134,
-2.09999999999939));
#23300=DIRECTION('',(1.,-2.12058652180369E-33,-2.87017080875347E-16));
#23310=DIRECTION('',(-2.87017080875347E-16,3.79116733899747E-16,-1.));
#23320=AXIS2_PLACEMENT_3D('',#23290,#23300,#23310);
#23330=CIRCLE('',#23320,0.6);
#23340=CARTESIAN_POINT('',(73.5966848880265,13.5943715012134,-2.1));
#23350=VERTEX_POINT('',#23340);
#23360=EDGE_CURVE('',#23260,#23350,#23330,.T.);
#23370=ORIENTED_EDGE('',*,*,#23360,.F.);
#23380=CARTESIAN_POINT('',(73.5966848880265,14.1943715012134,
-2.69999999999939));
#23390=VERTEX_POINT('',#23380);
#23400=EDGE_CURVE('',#23350,#23390,#23330,.T.);
#23410=ORIENTED_EDGE('',*,*,#23400,.F.);
#23420=CARTESIAN_POINT('',(73.5516848880265,14.1943715012134,
-2.69999999999939));
#23430=DIRECTION('',(1.,-2.12058652180369E-33,-2.87017080875347E-16));
#23440=VECTOR('',#23430,1.);
#23450=LINE('',#23420,#23440);
#23460=EDGE_CURVE('',#13420,#23390,#23450,.T.);
#23470=ORIENTED_EDGE('',*,*,#23460,.T.);
#23480=ORIENTED_EDGE('',*,*,#13430,.T.);
#23490=ORIENTED_EDGE('',*,*,#13490,.T.);
#23500=EDGE_LOOP('',(#23490,#23480,#23470,#23410,#23370,#23280));
#23510=FACE_OUTER_BOUND('',#23500,.T.);
#23520=ADVANCED_FACE('',(#23510),#23200,.T.);
#23530=COLOUR_RGB('',0.94901967048645,0.94901967048645,1.);
#23540=FILL_AREA_STYLE_COLOUR('',#23530);
#23550=FILL_AREA_STYLE('',(#23540));
#23560=SURFACE_STYLE_FILL_AREA(#23550);
#23570=SURFACE_SIDE_STYLE('',(#23560));
#23580=SURFACE_STYLE_USAGE(.BOTH.,#23570);
#23590=PRESENTATION_STYLE_ASSIGNMENT((#23580));
#23600=CARTESIAN_POINT('',(75.2325465869277,14.204371501212,
-5.29999999999941));
#23610=DIRECTION('',(-0.573576436351046,0.819152044288992,
2.28761139332435E-16));
#23620=DIRECTION('',(-0.819152044288992,-0.573576436351046,
2.4641934268607E-16));
#23630=AXIS2_PLACEMENT_3D('',#23600,#23610,#23620);
#23640=PLANE('',#23630);
#23650=CARTESIAN_POINT('',(75.1500924233142,14.1466364742931,
-5.29999999999941));
#23660=DIRECTION('',(0.581124101764717,0.406907476691001,
0.704784423608463));
#23670=VECTOR('',#23660,1.);
#23680=LINE('',#23650,#23670);
#23690=CARTESIAN_POINT('',(74.806665595237,13.90616642045,
-5.71650635095451));
#23700=VERTEX_POINT('',#23690);
#23710=CARTESIAN_POINT('',(74.9400789971102,13.9995834901398,
-5.55470323995751));
#23720=VERTEX_POINT('',#23710);
#23730=EDGE_CURVE('',#23700,#23720,#23680,.T.);
#23740=ORIENTED_EDGE('',*,*,#23730,.T.);
#23750=CARTESIAN_POINT('',(71.7561040568916,11.7701402355279,
-4.48327105809368));
#23760=DIRECTION('',(-0.777622657646255,-0.544497246766576,
0.314365631993693));
#23770=VECTOR('',#23760,1.);
#23780=LINE('',#23750,#23770);
#23790=CARTESIAN_POINT('',(74.4356218589761,13.6463587993146,
-5.56650635095451));
#23800=VERTEX_POINT('',#23790);
#23810=EDGE_CURVE('',#23700,#23800,#23780,.T.);
#23820=ORIENTED_EDGE('',*,*,#23810,.F.);
#23830=CARTESIAN_POINT('',(74.6553674416331,13.8002263127793,
-5.29999999999941));
#23840=DIRECTION('',(0.581124101764717,0.406907476691001,
0.704784423608463));
#23850=VECTOR('',#23840,1.);
#23860=LINE('',#23830,#23850);
#23870=CARTESIAN_POINT('',(74.6141403598263,13.7713587993198,
-5.34999999999941));
#23880=VERTEX_POINT('',#23870);
#23890=EDGE_CURVE('',#23800,#23880,#23860,.T.);
#23900=ORIENTED_EDGE('',*,*,#23890,.F.);
#23910=CARTESIAN_POINT('',(75.2325465869277,14.204371501212,
-5.59999999999941));
#23920=DIRECTION('',(-0.573576436351046,0.819152044288992,
2.28761139332435E-16));
#23930=DIRECTION('',(-0.819152044288992,-0.573576436351046,
2.4641934268607E-16));
#23940=AXIS2_PLACEMENT_3D('',#23910,#23920,#23930);
#23950=ELLIPSE('',#23940,0.871723397810549,0.5);
#23960=CARTESIAN_POINT('',(74.9400789971106,13.9995834901392,
-5.14386200495731));
#23970=VERTEX_POINT('',#23960);
#23980=EDGE_CURVE('',#23880,#23970,#23950,.T.);
#23990=ORIENTED_EDGE('',*,*,#23980,.F.);
#24000=CARTESIAN_POINT('',(74.9400789971102,13.9995834901398,
-5.29999999999941));
#24010=DIRECTION('',(-3.33066907387547E-16,4.60498265121997E-17,-1.));
#24020=VECTOR('',#24010,1.);
#24030=LINE('',#24000,#24020);
#24040=EDGE_CURVE('',#23970,#23720,#24030,.T.);
#24050=ORIENTED_EDGE('',*,*,#24040,.F.);
#24060=EDGE_LOOP('',(#24050,#23990,#23900,#23820,#23740));
#24070=FACE_OUTER_BOUND('',#24060,.T.);
#24080=ADVANCED_FACE('',(#24070),#23640,.F.);
#24090=COLOUR_RGB('',0.94901967048645,0.94901967048645,1.);
#24100=FILL_AREA_STYLE_COLOUR('',#24090);
#24110=FILL_AREA_STYLE('',(#24100));
#24120=SURFACE_STYLE_FILL_AREA(#24110);
#24130=SURFACE_SIDE_STYLE('',(#24120));
#24140=SURFACE_STYLE_USAGE(.BOTH.,#24130);
#24150=PRESENTATION_STYLE_ASSIGNMENT((#24140));
#24160=CARTESIAN_POINT('',(73.5966848880265,14.1943715012134,
-2.39999999999939));
#24170=DIRECTION('',(1.,-2.1205865218037E-33,-2.87017080875347E-16));
#24180=DIRECTION('',(-2.87017080875347E-16,3.79116733899747E-16,-1.));
#24190=AXIS2_PLACEMENT_3D('',#24160,#24170,#24180);
#24200=PLANE('',#24190);
#24210=CARTESIAN_POINT('',(73.5966848880265,14.6085166896448,
-1.79999999999941));
#24220=DIRECTION('',(-2.71604719116245E-16,0.5,-0.866025403784439));
#24230=VECTOR('',#24220,1.);
#24240=LINE('',#24210,#24230);
#24250=CARTESIAN_POINT('',(73.5966848880265,14.6373842031043,
-1.84999999999941));
#24260=VERTEX_POINT('',#24250);
#24270=CARTESIAN_POINT('',(73.5966848880265,14.7623842031043,
-2.06650635094552));
#24280=VERTEX_POINT('',#24270);
#24290=EDGE_CURVE('',#24260,#24280,#24240,.T.);
#24300=ORIENTED_EDGE('',*,*,#24290,.T.);
#24310=CARTESIAN_POINT('',(73.5966848880265,14.204371501212,
-2.09999999999941));
#24320=DIRECTION('',(1.,-3.36793676825796E-17,-3.33066907387547E-16));
#24330=DIRECTION('',(3.05284086798824E-16,0.5,0.866025403784439));
#24340=AXIS2_PLACEMENT_3D('',#24310,#24320,#24330);
#24350=CIRCLE('',#24340,0.5);
#24360=CARTESIAN_POINT('',(73.5966848880265,13.7713587993198,
-1.84999999999941));
#24370=VERTEX_POINT('',#24360);
#24380=EDGE_CURVE('',#24260,#24370,#24350,.T.);
#24390=ORIENTED_EDGE('',*,*,#24380,.F.);
#24400=CARTESIAN_POINT('',(73.5966848880265,13.8002263127793,
-1.79999999999941));
#24410=DIRECTION('',(-3.05284086798824E-16,-0.5,-0.866025403784439));
#24420=VECTOR('',#24410,1.);
#24430=LINE('',#24400,#24420);
#24440=CARTESIAN_POINT('',(73.5966848880265,13.6463587993146,
-2.06650635095451));
#24450=VERTEX_POINT('',#24440);
#24460=EDGE_CURVE('',#24370,#24450,#24430,.T.);
#24470=ORIENTED_EDGE('',*,*,#24460,.F.);
#24480=CARTESIAN_POINT('',(73.5966848880265,16.0439456038905,
-3.45075373798191));
#24490=DIRECTION('',(-1.37366265697263E-16,0.866025403784439,-0.5));
#24500=VECTOR('',#24490,1.);
#24510=LINE('',#24480,#24500);
#24520=CARTESIAN_POINT('',(73.5966848880265,13.90616642045,
-2.21650635095451));
#24530=VERTEX_POINT('',#24520);
#24540=EDGE_CURVE('',#24450,#24530,#24510,.T.);
#24550=ORIENTED_EDGE('',*,*,#24540,.F.);
#24560=CARTESIAN_POINT('',(73.5966848880265,14.1466364742931,
-1.79999999999941));
#24570=DIRECTION('',(-3.05284086798824E-16,-0.5,-0.866025403784439));
#24580=VECTOR('',#24570,1.);
#24590=LINE('',#24560,#24580);
#24600=CARTESIAN_POINT('',(73.5966848880265,14.0311664204551,
-1.99999999999941));
#24610=VERTEX_POINT('',#24600);
#24620=EDGE_CURVE('',#24610,#24530,#24590,.T.);
#24630=ORIENTED_EDGE('',*,*,#24620,.T.);
#24640=CARTESIAN_POINT('',(73.5966848880265,14.204371501212,
-2.09999999999941));
#24650=DIRECTION('',(1.,-3.36793676825796E-17,-3.33066907387547E-16));
#24660=DIRECTION('',(3.05284086798824E-16,0.5,0.866025403784439));
#24670=AXIS2_PLACEMENT_3D('',#24640,#24650,#24660);
#24680=CIRCLE('',#24670,0.2);
#24690=CARTESIAN_POINT('',(73.5966848880265,14.3775765819689,
-1.99999999999941));
#24700=VERTEX_POINT('',#24690);
#24710=EDGE_CURVE('',#24700,#24610,#24680,.T.);
#24720=ORIENTED_EDGE('',*,*,#24710,.T.);
#24730=CARTESIAN_POINT('',(73.5966848880265,14.262106528131,
-1.79999999999941));
#24740=DIRECTION('',(-2.71604719116245E-16,0.5,-0.866025403784439));
#24750=VECTOR('',#24740,1.);
#24760=LINE('',#24730,#24750);
#24770=CARTESIAN_POINT('',(73.5966848880265,14.5025765819689,
-2.21650635094552));
#24780=VERTEX_POINT('',#24770);
#24790=EDGE_CURVE('',#24700,#24780,#24760,.T.);
#24800=ORIENTED_EDGE('',*,*,#24790,.F.);
#24810=CARTESIAN_POINT('',(73.5966848880265,16.0439456038905,
-1.32659653121852));
#24820=DIRECTION('',(1.95700641690284E-16,0.866025403784439,0.5));
#24830=VECTOR('',#24820,1.);
#24840=LINE('',#24810,#24830);
#24850=EDGE_CURVE('',#24780,#24280,#24840,.T.);
#24860=ORIENTED_EDGE('',*,*,#24850,.F.);
#24870=EDGE_LOOP('',(#24860,#24800,#24720,#24630,#24550,#24470,#24390,
#24300));
#24880=FACE_BOUND('',#24870,.T.);
#24890=EDGE_CURVE('',#23390,#23260,#23330,.T.);
#24900=ORIENTED_EDGE('',*,*,#24890,.T.);
#24910=ORIENTED_EDGE('',*,*,#23400,.T.);
#24920=ORIENTED_EDGE('',*,*,#23360,.T.);
#24930=EDGE_LOOP('',(#24920,#24910,#24900));
#24940=FACE_OUTER_BOUND('',#24930,.T.);
#24950=ADVANCED_FACE('',(#24880,#24940),#24200,.T.);
#24960=COLOUR_RGB('',0.94901967048645,0.94901967048645,1.);
#24970=FILL_AREA_STYLE_COLOUR('',#24960);
#24980=FILL_AREA_STYLE('',(#24970));
#24990=SURFACE_STYLE_FILL_AREA(#24980);
#25000=SURFACE_SIDE_STYLE('',(#24990));
#25010=SURFACE_STYLE_USAGE(.BOTH.,#25000);
#25020=PRESENTATION_STYLE_ASSIGNMENT((#25010));
#25030=CARTESIAN_POINT('',(73.311401362747,13.6463587993146,
-2.06650635095451));
#25040=DIRECTION('',(3.05284086798824E-16,0.5,0.866025403784439));
#25050=DIRECTION('',(1.37366265697263E-16,-0.866025403784439,0.5));
#25060=AXIS2_PLACEMENT_3D('',#25030,#25040,#25050);
#25070=PLANE('',#25060);
#25080=CARTESIAN_POINT('',(71.8202423579864,13.90616642045,
-2.21650635095451));
#25090=DIRECTION('',(-1.,3.36793676825796E-17,3.33066907387547E-16));
#25100=VECTOR('',#25090,1.);
#25110=LINE('',#25080,#25100);
#25120=CARTESIAN_POINT('',(74.806665595237,13.90616642045,
-2.21650635095451));
#25130=VERTEX_POINT('',#25120);
#25140=EDGE_CURVE('',#25130,#24530,#25110,.T.);
#25150=ORIENTED_EDGE('',*,*,#25140,.F.);
#25160=ORIENTED_EDGE('',*,*,#24540,.T.);
#25170=CARTESIAN_POINT('',(71.8202423579864,13.6463587993146,
-2.06650635095451));
#25180=DIRECTION('',(-1.,3.36793676825796E-17,3.33066907387547E-16));
#25190=VECTOR('',#25180,1.);
#25200=LINE('',#25170,#25190);
#25210=CARTESIAN_POINT('',(74.4356218589761,13.6463587993146,
-2.06650635095451));
#25220=VERTEX_POINT('',#25210);
#25230=EDGE_CURVE('',#25220,#24450,#25200,.T.);
#25240=ORIENTED_EDGE('',*,*,#25230,.T.);
#25250=CARTESIAN_POINT('',(71.7561040568916,11.7701402355279,
-0.983271058093684));
#25260=DIRECTION('',(-0.777622657646255,-0.544497246766576,
0.314365631993693));
#25270=VECTOR('',#25260,1.);
#25280=LINE('',#25250,#25270);
#25290=EDGE_CURVE('',#25130,#25220,#25280,.T.);
#25300=ORIENTED_EDGE('',*,*,#25290,.T.);
#25310=EDGE_LOOP('',(#25300,#25240,#25160,#25150));
#25320=FACE_OUTER_BOUND('',#25310,.T.);
#25330=ADVANCED_FACE('',(#25320),#25070,.F.);
#25340=COLOUR_RGB('',0.94901967048645,0.94901967048645,1.);
#25350=FILL_AREA_STYLE_COLOUR('',#25340);
#25360=FILL_AREA_STYLE('',(#25350));
#25370=SURFACE_STYLE_FILL_AREA(#25360);
#25380=SURFACE_SIDE_STYLE('',(#25370));
#25390=SURFACE_STYLE_USAGE(.BOTH.,#25380);
#25400=PRESENTATION_STYLE_ASSIGNMENT((#25390));
#25410=CARTESIAN_POINT('',(75.2325465869277,14.204371501212,
-1.79999999999941));
#25420=DIRECTION('',(-0.573576436351046,0.819152044288992,
2.28761139332435E-16));
#25430=DIRECTION('',(-0.819152044288992,-0.573576436351046,
2.4641934268607E-16));
#25440=AXIS2_PLACEMENT_3D('',#25410,#25420,#25430);
#25450=PLANE('',#25440);
#25460=CARTESIAN_POINT('',(75.1500924233142,14.1466364742931,
-1.79999999999941));
#25470=DIRECTION('',(0.581124101764717,0.406907476691001,
0.704784423608463));
#25480=VECTOR('',#25470,1.);
#25490=LINE('',#25460,#25480);
#25500=CARTESIAN_POINT('',(74.9400789971102,13.9995834901398,
-2.05470323995752));
#25510=VERTEX_POINT('',#25500);
#25520=EDGE_CURVE('',#25130,#25510,#25490,.T.);
#25530=ORIENTED_EDGE('',*,*,#25520,.T.);
#25540=ORIENTED_EDGE('',*,*,#25290,.F.);
#25550=CARTESIAN_POINT('',(74.6553674416331,13.8002263127793,
-1.79999999999941));
#25560=DIRECTION('',(0.581124101764717,0.406907476691001,
0.704784423608463));
#25570=VECTOR('',#25560,1.);
#25580=LINE('',#25550,#25570);
#25590=CARTESIAN_POINT('',(74.6141403598263,13.7713587993198,
-1.84999999999941));
#25600=VERTEX_POINT('',#25590);
#25610=EDGE_CURVE('',#25220,#25600,#25580,.T.);
#25620=ORIENTED_EDGE('',*,*,#25610,.F.);
#25630=CARTESIAN_POINT('',(75.2325465869277,14.204371501212,
-2.09999999999941));
#25640=DIRECTION('',(-0.573576436351046,0.819152044288992,
2.28761139332435E-16));
#25650=DIRECTION('',(-0.819152044288992,-0.573576436351046,
2.4641934268607E-16));
#25660=AXIS2_PLACEMENT_3D('',#25630,#25640,#25650);
#25670=ELLIPSE('',#25660,0.871723397810549,0.5);
#25680=CARTESIAN_POINT('',(74.9400789971106,13.9995834901392,
-1.64386200495731));
#25690=VERTEX_POINT('',#25680);
#25700=EDGE_CURVE('',#25600,#25690,#25670,.T.);
#25710=ORIENTED_EDGE('',*,*,#25700,.F.);
#25720=CARTESIAN_POINT('',(74.9400789971102,13.9995834901398,
-1.79999999999941));
#25730=DIRECTION('',(-3.33066907387547E-16,4.60498265121997E-17,-1.));
#25740=VECTOR('',#25730,1.);
#25750=LINE('',#25720,#25740);
#25760=EDGE_CURVE('',#25690,#25510,#25750,.T.);
#25770=ORIENTED_EDGE('',*,*,#25760,.F.);
#25780=EDGE_LOOP('',(#25770,#25710,#25620,#25540,#25530));
#25790=FACE_OUTER_BOUND('',#25780,.T.);
#25800=ADVANCED_FACE('',(#25790),#25450,.F.);
#25810=COLOUR_RGB('',0.94901967048645,0.94901967048645,1.);
#25820=FILL_AREA_STYLE_COLOUR('',#25810);
#25830=FILL_AREA_STYLE('',(#25820));
#25840=SURFACE_STYLE_FILL_AREA(#25830);
#25850=SURFACE_SIDE_STYLE('',(#25840));
#25860=SURFACE_STYLE_USAGE(.BOTH.,#25850);
#25870=PRESENTATION_STYLE_ASSIGNMENT((#25860));
#25880=CARTESIAN_POINT('',(68.8671107853445,14.4698330876293,
-1.24020704486684));
#25890=DIRECTION('',(-1.37366265697263E-16,0.866025403784439,-0.5));
#25900=DIRECTION('',(-3.05284086798824E-16,-0.5,-0.866025403784439));
#25910=AXIS2_PLACEMENT_3D('',#25880,#25890,#25900);
#25920=PLANE('',#25910);
#25930=CARTESIAN_POINT('',(74.7966848880225,14.204371501212,
-1.6999999999994));
#25940=DIRECTION('',(-1.37366265697263E-16,0.866025403784439,-0.5));
#25950=DIRECTION('',(-3.05284086798824E-16,-0.5,-0.866025403784439));
#25960=AXIS2_PLACEMENT_3D('',#25930,#25940,#25950);
#25970=ELLIPSE('',#25960,0.5,0.25);
#25980=CARTESIAN_POINT('',(74.9769624517956,14.0311664204551,
-1.99999999999941));
#25990=VERTEX_POINT('',#25980);
#26000=EDGE_CURVE('',#25990,#25510,#25970,.T.);
#26010=ORIENTED_EDGE('',*,*,#26000,.T.);
#26020=CARTESIAN_POINT('',(70.3671107853445,14.0311664204551,
-1.99999999999941));
#26030=DIRECTION('',(-1.,3.36793676825796E-17,3.33066907387547E-16));
#26040=VECTOR('',#26030,1.);
#26050=LINE('',#26020,#26040);
#26060=EDGE_CURVE('',#25990,#24610,#26050,.T.);
#26070=ORIENTED_EDGE('',*,*,#26060,.F.);
#26080=ORIENTED_EDGE('',*,*,#24620,.F.);
#26090=ORIENTED_EDGE('',*,*,#25140,.T.);
#26100=ORIENTED_EDGE('',*,*,#25520,.F.);
#26110=EDGE_LOOP('',(#26100,#26090,#26080,#26070,#26010));
#26120=FACE_OUTER_BOUND('',#26110,.T.);
#26130=ADVANCED_FACE('',(#26120),#25920,.T.);
#26140=COLOUR_RGB('',0.94901967048645,0.94901967048645,1.);
#26150=FILL_AREA_STYLE_COLOUR('',#26140);
#26160=FILL_AREA_STYLE('',(#26150));
#26170=SURFACE_STYLE_FILL_AREA(#26160);
#26180=SURFACE_SIDE_STYLE('',(#26170));
#26190=SURFACE_STYLE_USAGE(.BOTH.,#26180);
#26200=PRESENTATION_STYLE_ASSIGNMENT((#26190));
#26210=CARTESIAN_POINT('',(74.7966848880225,14.204371501212,
-1.79999999999941));
#26220=DIRECTION('',(-3.33066907387547E-16,4.60498265121997E-17,-1.));
#26230=DIRECTION('',(-1.,3.36793676825796E-17,3.33066907387547E-16));
#26240=AXIS2_PLACEMENT_3D('',#26210,#26220,#26230);
#26250=CYLINDRICAL_SURFACE('',#26240,0.25);
#26260=CARTESIAN_POINT('',(74.7966848880225,14.204371501212,
-1.69999999999941));
#26270=DIRECTION('',(-1.95700641690284E-16,-0.866025403784439,-0.5));
#26280=DIRECTION('',(2.71604719116245E-16,-0.5,0.866025403784439));
#26290=AXIS2_PLACEMENT_3D('',#26260,#26270,#26280);
#26300=ELLIPSE('',#26290,0.5,0.25);
#26310=CARTESIAN_POINT('',(74.9400789971102,14.4091595122843,
-2.05470323995752));
#26320=VERTEX_POINT('',#26310);
#26330=CARTESIAN_POINT('',(74.9769624517956,14.3775765819689,
-1.99999999999941));
#26340=VERTEX_POINT('',#26330);
#26350=EDGE_CURVE('',#26320,#26340,#26300,.T.);
#26360=ORIENTED_EDGE('',*,*,#26350,.F.);
#26370=CARTESIAN_POINT('',(76.7325470616523,14.204371501212,
-2.09999999999941));
#26380=DIRECTION('',(1.,-3.36793676825796E-17,-3.33066907387547E-16));
#26390=DIRECTION('',(3.05284086798824E-16,0.5,0.866025403784439));
#26400=AXIS2_PLACEMENT_3D('',#26370,#26380,#26390);
#26410=CYLINDRICAL_SURFACE('',#26400,0.2);
#26420=CARTESIAN_POINT('',(74.9769624517962,14.377576581973,
-1.99999999999737));
#26430=CARTESIAN_POINT('',(74.981144192831,14.3732240879079,
-1.99246125913667));
#26440=CARTESIAN_POINT('',(74.985473477174,14.3683999393824,
-1.98524100195412));
#26450=CARTESIAN_POINT('',(74.9898020926178,14.3631346748046,
-1.97836836465194));
#26460=CARTESIAN_POINT('',(74.9941308160343,14.3578692788903,
-1.97149555591911));
#26470=CARTESIAN_POINT('',(74.9984595704424,14.3521620359535,
-1.96497041254923));
#26480=CARTESIAN_POINT('',(75.0026648457973,14.3460480941803,
-1.95883434197677));
#26490=CARTESIAN_POINT('',(75.0068616259518,14.3399465033605,
-1.95271066706079));
#26500=CARTESIAN_POINT('',(75.0109645550072,14.3334022711501,
-1.94693274234704));
#26510=CARTESIAN_POINT('',(75.0148906087385,14.3263807772799,
-1.94152685857205));
#26520=CARTESIAN_POINT('',(75.0188131637503,14.3193655406442,
-1.93612579227357));
#26530=CARTESIAN_POINT('',(75.0225402000133,14.3119014506169,
-1.93112328737037));
#26540=CARTESIAN_POINT('',(75.0259540586403,14.3040492189031,
-1.9266092488149));
#26550=CARTESIAN_POINT('',(75.0291059840514,14.2967994609674,
-1.92244155636356));
#26560=CARTESIAN_POINT('',(75.0319895119539,14.2892227929374,
-1.91869217546579));
#26570=CARTESIAN_POINT('',(75.0345296735436,14.2813770724416,
-1.91541900964664));
#26580=CARTESIAN_POINT('',(75.0357986275321,14.2774576925267,
-1.91378387870148));
#26590=CARTESIAN_POINT('',(75.0369897667135,14.2734476004911,
-1.91225763083731));
#26600=CARTESIAN_POINT('',(75.0380908420979,14.2693573868868,
-1.91085234692627));
#26610=CARTESIAN_POINT('',(75.03919183138,14.2652674931305,
-1.90944717290615));
#26620=CARTESIAN_POINT('',(75.0402022602577,14.2610989845311,
-1.90816358736016));
#26630=CARTESIAN_POINT('',(75.0411107664251,14.2568690246499,
-1.90701292780829));
#26640=CARTESIAN_POINT('',(75.0420192686794,14.2526390829879,
-1.90586227321254));
#26650=CARTESIAN_POINT('',(75.0428257145663,14.2483481781523,
-1.90484470289932));
#26660=CARTESIAN_POINT('',(75.0435215505659,14.2440156940328,
-1.9039685280986));
#26670=CARTESIAN_POINT('',(75.0442173904666,14.2396831856239,
-1.90309234838576));
#26680=CARTESIAN_POINT('',(75.0448025255189,14.2353096667638,
-1.90235767631277));
#26690=CARTESIAN_POINT('',(75.0452717655518,14.2309151317137,
-1.90176923629259));
#26700=CARTESIAN_POINT('',(75.0457410241313,14.226520422971,
-1.90118077301449));
#26710=CARTESIAN_POINT('',(75.0460943235936,14.2221057232638,
-1.90073861907969));
#26720=CARTESIAN_POINT('',(75.0463299619972,14.2176882966377,
-1.90044383506884));
#26730=CARTESIAN_POINT('',(75.0465657421003,14.2132682136228,
-1.90014887379168));
#26740=CARTESIAN_POINT('',(75.046685245164,14.2088155673801,
-1.89999955357243));
#26750=CARTESIAN_POINT('',(75.0466848872188,14.204351455498,
-1.90000000100398));
#26760=CARTESIAN_POINT('',(75.04668452928,14.1998874242733,
-1.90000044842745));
#26770=CARTESIAN_POINT('',(75.0465642691304,14.1954126548597,
-1.90015071274738));
#26780=CARTESIAN_POINT('',(75.0463243956089,14.1909507615909,
-1.90045079867797));
#26790=CARTESIAN_POINT('',(75.0460845231374,14.1864888878513,
-1.90075088329513));
#26800=CARTESIAN_POINT('',(75.0457250751211,14.1820406441207,
-1.9012007450414));
#26810=CARTESIAN_POINT('',(75.0452505212303,14.1776296615595,
-1.90179587791311));
#26820=CARTESIAN_POINT('',(75.0443007569117,14.1688015939209,
-1.90298696701232));
#26830=CARTESIAN_POINT('',(75.0428917610188,14.1601503131038,
-1.90475711114993));
#26840=CARTESIAN_POINT('',(75.0410901781907,14.1517782113572,
-1.90703900429757));
#26850=CARTESIAN_POINT('',(75.0392843132865,14.1433862104548,
-1.90932632114271));
#26860=CARTESIAN_POINT('',(75.0370652031565,14.1351879255864,
-1.91215156576974));
#26870=CARTESIAN_POINT('',(75.0345026348791,14.1272824664533,
-1.91545385205797));
#26880=CARTESIAN_POINT('',(75.0319401431951,14.1193772436089,
-1.91875603964317));
#26890=CARTESIAN_POINT('',(75.0290370485631,14.1117727167237,
-1.92253186626479));
#26900=CARTESIAN_POINT('',(75.0258915125004,14.1045500441228,
-1.92669196006881));
#26910=CARTESIAN_POINT('',(75.0241868584495,14.1006358756433,
-1.92894643136208));
#26920=CARTESIAN_POINT('',(75.0224183050302,14.0968473492416,
-1.93130406525175));
#26930=CARTESIAN_POINT('',(75.0205830227559,14.0931526841761,
-1.93377613066312));
#26940=CARTESIAN_POINT('',(75.0187473948147,14.0894573232375,
-1.93624866167659));
#26950=CARTESIAN_POINT('',(75.0168455755945,14.0858585222682,
-1.93883500896685));
#26960=CARTESIAN_POINT('',(75.0148900884821,14.0823612947038,
-1.94152757492679));
#26970=CARTESIAN_POINT('',(75.0109790414961,14.0753667094473,
-1.9469128070338));
#26980=CARTESIAN_POINT('',(75.0068526249693,14.0687795610199,
-1.95272239716178));
#26990=CARTESIAN_POINT('',(75.0026231768917,14.0626343459673,
-1.95889514953021));
#27000=CARTESIAN_POINT('',(74.9983937618365,14.0564891788948,
-1.96506785370349));
#27010=CARTESIAN_POINT('',(74.9940617561872,14.0507866314632,
-1.97160272743352));
#27020=CARTESIAN_POINT('',(74.9897558918454,14.0455521463374,
-1.97844173200737));
#27030=CARTESIAN_POINT('',(74.9876028072952,14.0429347185324,
-1.98186147631838));
#27040=CARTESIAN_POINT('',(74.9854602496861,14.0404379659377,
-1.98535058324882));
#27050=CARTESIAN_POINT('',(74.9833206808488,14.0380372568842,
-1.98894632304989));
#27060=CARTESIAN_POINT('',(74.9811828049717,14.0356384474214,
-1.99253921767752));
#27070=CARTESIAN_POINT('',(74.9790561834449,14.0333456454457,
-1.99622547158581));
#27080=CARTESIAN_POINT('',(74.9769624517946,14.0311664204516,
-1.99999999999679));
#27090=B_SPLINE_CURVE_WITH_KNOTS('',3,(#26420,#26430,#26440,#26450,
#26460,#26470,#26480,#26490,#26500,#26510,#26520,#26530,#26540,#26550,
#26560,#26570,#26580,#26590,#26600,#26610,#26620,#26630,#26640,#26650,
#26660,#26670,#26680,#26690,#26700,#26710,#26720,#26730,#26740,#26750,
#26760,#26770,#26780,#26790,#26800,#26810,#26820,#26830,#26840,#26850,
#26860,#26870,#26880,#26890,#26900,#26910,#26920,#26930,#26940,#26950,
#26960,#26970,#26980,#26990,#27000,#27010,#27020,#27030,#27040,#27050,
#27060,#27070,#27080),.UNSPECIFIED.,.F.,.F.,(4,3,3,3,3,3,3,3,3,3,3,3,3,3
,3,3,3,3,3,3,3,3,4),(0.,0.0290228877322032,0.0580045749927525,
0.0869336545348728,0.116001617400329,0.142721171825678,0.15606625224842,
0.169479353591696,0.18291016707491,0.196312713308912,0.209651799332128,
0.223004795758255,0.236422026523094,0.249857903507034,0.276591483587326,
0.303342684973777,0.330145080502652,0.3445793904459,0.359037080818907,
0.388060278759645,0.417049876712204,0.43148214153093,0.445969428618461),
.UNSPECIFIED.);
#27100=SURFACE_CURVE('',#27090,(#26250,#26410),.CURVE_3D.);
#27110=EDGE_CURVE('',#26340,#25990,#27100,.T.);
#27120=ORIENTED_EDGE('',*,*,#27110,.F.);
#27130=ORIENTED_EDGE('',*,*,#26000,.F.);
#27140=ORIENTED_EDGE('',*,*,#25760,.T.);
#27150=CARTESIAN_POINT('',(76.7325470616523,14.204371501212,
-2.09999999999941));
#27160=DIRECTION('',(1.,-3.36793676825796E-17,-3.33066907387547E-16));
#27170=DIRECTION('',(3.05284086798824E-16,0.5,0.866025403784439));
#27180=AXIS2_PLACEMENT_3D('',#27150,#27160,#27170);
#27190=CYLINDRICAL_SURFACE('',#27180,0.5);
#27200=CARTESIAN_POINT('',(74.9400789971103,14.4091595122844,
-1.64386200495727));
#27210=CARTESIAN_POINT('',(74.9481673469947,14.4034959887236,
-1.64131930573406));
#27220=CARTESIAN_POINT('',(74.9558939209215,14.3973700408814,
-1.63869640223854));
#27230=CARTESIAN_POINT('',(74.9632003741942,14.3908456089723,
-1.63607392061281));
#27240=CARTESIAN_POINT('',(74.9705031320252,14.3843244769758,
-1.63345276537999));
#27250=CARTESIAN_POINT('',(74.9774633884156,14.3773364142275,
-1.63080412996852));
#27260=CARTESIAN_POINT('',(74.9840100064081,14.3699290441449,
-1.62820481140802));
#27270=CARTESIAN_POINT('',(74.9905564812004,14.3625218360905,
-1.62560554970474));
#27280=CARTESIAN_POINT('',(74.996687068096,14.3546975569573,
-1.62305680643474));
#27290=CARTESIAN_POINT('',(75.0023386927471,14.3465211146568,
-1.62063220029082));
#27300=CARTESIAN_POINT('',(75.0079903889713,14.3383445688085,
-1.61820756344128));
#27310=CARTESIAN_POINT('',(75.0131612523413,14.3298186083909,
-1.61590814657312));
#27320=CARTESIAN_POINT('',(75.0178035805891,14.321018506307,
-1.61379687762936));
#27330=CARTESIAN_POINT('',(75.020126097821,14.316615890283,
-1.61274062778201));
#27340=CARTESIAN_POINT('',(75.0223109051057,14.3121571902312,
-1.61173390579926));
#27350=CARTESIAN_POINT('',(75.0243697864467,14.307616777276,
-1.61077570279978));
#27360=CARTESIAN_POINT('',(75.0264295400718,14.303074440689,
-1.60981709383945));
#27370=CARTESIAN_POINT('',(75.0283636026307,14.2984475081571,
-1.6089068119163));
#27380=CARTESIAN_POINT('',(75.0301626031662,14.2937479887871,
-1.60805300745982));
#27390=CARTESIAN_POINT('',(75.0337608517413,14.2843483034938,
-1.60634528108165));
#27400=CARTESIAN_POINT('',(75.0368158556553,14.2746599240344,
-1.60486538524197));
#27410=CARTESIAN_POINT('',(75.0392728946599,14.2647954950857,
-1.60366448750372));
#27420=CARTESIAN_POINT('',(75.0417299738076,14.2549309049723,
-1.60246357014525));
#27430=CARTESIAN_POINT('',(75.0435871919904,14.2448979760529,
-1.60154278406851));
#27440=CARTESIAN_POINT('',(75.0448240272674,14.2348176434105,
-1.60092782843979));
#27450=CARTESIAN_POINT('',(75.0460602834308,14.2247420306033,
-1.60031316074693));
#27460=CARTESIAN_POINT('',(75.0466807535915,14.214619579424,
-1.60000206721477));
#27470=CARTESIAN_POINT('',(75.0466848674748,14.2044728611509,
-1.60000001027324));
#27480=CARTESIAN_POINT('',(75.0466889778563,14.1943347798574,
-1.5999979550826));
#27490=CARTESIAN_POINT('',(75.0460737250952,14.1841376420214,
-1.60030645914035));
#27500=CARTESIAN_POINT('',(75.0448338263453,14.1740053290912,
-1.60092295625693));
#27510=CARTESIAN_POINT('',(75.0442139627992,14.1689398740105,
-1.60123116213973));
#27520=CARTESIAN_POINT('',(75.0434386202742,14.1638919996648,
-1.6016158575805));
#27530=CARTESIAN_POINT('',(75.0425108440391,14.1588786517904,
-1.60207390041082));
#27540=CARTESIAN_POINT('',(75.0415830676261,14.1538653029543,
-1.60253194332901));
#27550=CARTESIAN_POINT('',(75.0405029141414,14.1488867681063,
-1.60306329996531));
#27560=CARTESIAN_POINT('',(75.0392758365572,14.1439593195842,
-1.60366304962097));
#27570=CARTESIAN_POINT('',(75.0368212785186,14.134102804776,
-1.60486274584015));
#27580=CARTESIAN_POINT('',(75.0337790829937,14.1244581233084,
-1.60633634495862));
#27590=CARTESIAN_POINT('',(75.0302127449835,14.1151261090444,
-1.60802920820701));
#27600=CARTESIAN_POINT('',(75.0266425407943,14.1057839781738,
-1.6097239066467));
#27610=CARTESIAN_POINT('',(75.0225074765325,14.0966493686633,
-1.61165727493303));
#27620=CARTESIAN_POINT('',(75.0178472572905,14.0878073282436,
-1.61377701249245));
#27630=CARTESIAN_POINT('',(75.0131871434485,14.0789654878042,
-1.61589670210981));
#27640=CARTESIAN_POINT('',(75.0080037808573,14.0704200790736,
-1.61820164059611));
#27650=CARTESIAN_POINT('',(75.0023571397199,14.0622485794795,
-1.62062428605658));
#27660=CARTESIAN_POINT('',(74.9967104453398,14.0540770028355,
-1.62304695436044));
#27670=CARTESIAN_POINT('',(74.9906026899221,14.0462822261685,
-1.62558606633358));
#27680=CARTESIAN_POINT('',(74.9841072729154,14.0389240786239,
-1.62816618353544));
#27690=CARTESIAN_POINT('',(74.9776217263443,14.0315771125203,
-1.63074237999123));
#27700=CARTESIAN_POINT('',(74.9706797930953,14.0245849671886,
-1.63338766592775));
#27710=CARTESIAN_POINT('',(74.9633217795975,14.0180058757163,
-1.63603033112701));
#27720=CARTESIAN_POINT('',(74.9559646339591,14.0114275602314,
-1.63867268463046));
#27730=CARTESIAN_POINT('',(74.9481962259888,14.005267234989,
-1.641310227171));
#27740=CARTESIAN_POINT('',(74.9400789971106,13.9995834901392,
-1.64386200495732));
#27750=B_SPLINE_CURVE_WITH_KNOTS('',3,(#27200,#27210,#27220,#27230,
#27240,#27250,#27260,#27270,#27280,#27290,#27300,#27310,#27320,#27330,
#27340,#27350,#27360,#27370,#27380,#27390,#27400,#27410,#27420,#27430,
#27440,#27450,#27460,#27470,#27480,#27490,#27500,#27510,#27520,#27530,
#27540,#27550,#27560,#27570,#27580,#27590,#27600,#27610,#27620,#27630,
#27640,#27650,#27660,#27670,#27680,#27690,#27700,#27710,#27720,#27730,
#27740),.UNSPECIFIED.,.F.,.F.,(4,3,3,3,3,3,3,3,3,3,3,3,3,3,3,3,3,3,4),(
0.,0.0305232718660768,0.0610761902264349,0.0917728592053998,
0.122389781451403,0.137618773703228,0.152895894528111,0.18358526161425,
0.214218332235582,0.244657630516557,0.275218933017216,0.290569089053313,
0.305920471790254,0.336479735863982,0.367032481758147,0.397711732658331,
0.428289879783327,0.458826171214198,0.489517989124684),.UNSPECIFIED.);
#27760=SURFACE_CURVE('',#27750,(#26250,#27190),.CURVE_3D.);
#27770=CARTESIAN_POINT('',(74.9400789971106,14.4091595122848,
-1.64386200495732));
#27780=VERTEX_POINT('',#27770);
#27790=EDGE_CURVE('',#27780,#25690,#27760,.T.);
#27800=ORIENTED_EDGE('',*,*,#27790,.T.);
#27810=CARTESIAN_POINT('',(74.9400789971102,14.4091595122843,
-1.79999999999941));
#27820=DIRECTION('',(-3.33066907387547E-16,4.60498265121997E-17,-1.));
#27830=VECTOR('',#27820,1.);
#27840=LINE('',#27810,#27830);
#27850=EDGE_CURVE('',#27780,#26320,#27840,.T.);
#27860=ORIENTED_EDGE('',*,*,#27850,.F.);
#27870=EDGE_LOOP('',(#27860,#27800,#27140,#27130,#27120,#26360));
#27880=FACE_OUTER_BOUND('',#27870,.T.);
#27890=ADVANCED_FACE('',(#27880),#26250,.T.);
#27900=COLOUR_RGB('',0.94901967048645,0.94901967048645,1.);
#27910=FILL_AREA_STYLE_COLOUR('',#27900);
#27920=FILL_AREA_STYLE('',(#27910));
#27930=SURFACE_STYLE_FILL_AREA(#27920);
#27940=SURFACE_SIDE_STYLE('',(#27930));
#27950=SURFACE_STYLE_USAGE(.BOTH.,#27940);
#27960=PRESENTATION_STYLE_ASSIGNMENT((#27950));
#27970=CARTESIAN_POINT('',(71.811401362747,14.7623842031043,
-2.06650635094552));
#27980=DIRECTION('',(2.71604719116245E-16,-0.5,0.866025403784439));
#27990=DIRECTION('',(-1.,3.36793676825796E-17,3.33066907387547E-16));
#28000=AXIS2_PLACEMENT_3D('',#27970,#27980,#27990);
#28010=PLANE('',#28000);
#28020=CARTESIAN_POINT('',(71.8202423579864,14.5025765819689,
-2.21650635094552));
#28030=DIRECTION('',(1.,-3.36793676825796E-17,-3.33066907387547E-16));
#28040=VECTOR('',#28030,1.);
#28050=LINE('',#28020,#28040);
#28060=CARTESIAN_POINT('',(74.8066655952444,14.5025765819689,
-2.21650635094552));
#28070=VERTEX_POINT('',#28060);
#28080=EDGE_CURVE('',#24780,#28070,#28050,.T.);
#28090=ORIENTED_EDGE('',*,*,#28080,.F.);
#28100=CARTESIAN_POINT('',(71.7561040568916,16.6386027668961,
-0.983271058081693));
#28110=DIRECTION('',(0.777622657646255,-0.544497246766576,
-0.314365631993693));
#28120=VECTOR('',#28110,1.);
#28130=LINE('',#28100,#28120);
#28140=CARTESIAN_POINT('',(74.4356218589836,14.7623842031043,
-2.06650635094552));
#28150=VERTEX_POINT('',#28140);
#28160=EDGE_CURVE('',#28150,#28070,#28130,.T.);
#28170=ORIENTED_EDGE('',*,*,#28160,.T.);
#28180=CARTESIAN_POINT('',(71.8202423579864,14.7623842031043,
-2.06650635094552));
#28190=DIRECTION('',(1.,-3.36793676825796E-17,-3.33066907387547E-16));
#28200=VECTOR('',#28190,1.);
#28210=LINE('',#28180,#28200);
#28220=EDGE_CURVE('',#24280,#28150,#28210,.T.);
#28230=ORIENTED_EDGE('',*,*,#28220,.T.);
#28240=ORIENTED_EDGE('',*,*,#24850,.T.);
#28250=EDGE_LOOP('',(#28240,#28230,#28170,#28090));
#28260=FACE_OUTER_BOUND('',#28250,.T.);
#28270=ADVANCED_FACE('',(#28260),#28010,.F.);
#28280=COLOUR_RGB('',0.94901967048645,0.94901967048645,1.);
#28290=FILL_AREA_STYLE_COLOUR('',#28280);
#28300=FILL_AREA_STYLE('',(#28290));
#28310=SURFACE_STYLE_FILL_AREA(#28300);
#28320=SURFACE_SIDE_STYLE('',(#28310));
#28330=SURFACE_STYLE_USAGE(.BOTH.,#28320);
#28340=PRESENTATION_STYLE_ASSIGNMENT((#28330));
#28350=CARTESIAN_POINT('',(70.3671107853445,14.7629388024706,
-2.06746694522594));
#28360=DIRECTION('',(-1.95700641690284E-16,-0.866025403784439,-0.5));
#28370=DIRECTION('',(2.71604719116245E-16,-0.5,0.866025403784439));
#28380=AXIS2_PLACEMENT_3D('',#28350,#28360,#28370);
#28390=PLANE('',#28380);
#28400=ORIENTED_EDGE('',*,*,#28220,.F.);
#28410=CARTESIAN_POINT('',(74.6553674416331,14.6085166896448,
-1.79999999999941));
#28420=DIRECTION('',(-0.581124101764717,0.406907476691001,
-0.704784423608463));
#28430=VECTOR('',#28420,1.);
#28440=LINE('',#28410,#28430);
#28450=CARTESIAN_POINT('',(74.6141403598263,14.6373842031043,
-1.84999999999941));
#28460=VERTEX_POINT('',#28450);
#28470=EDGE_CURVE('',#28460,#28150,#28440,.T.);
#28480=ORIENTED_EDGE('',*,*,#28470,.T.);
#28490=CARTESIAN_POINT('',(70.3671107853445,14.6373842031043,
-1.84999999999941));
#28500=DIRECTION('',(-1.,3.36793676825796E-17,3.33066907387547E-16));
#28510=VECTOR('',#28500,1.);
#28520=LINE('',#28490,#28510);
#28530=EDGE_CURVE('',#28460,#24260,#28520,.T.);
#28540=ORIENTED_EDGE('',*,*,#28530,.F.);
#28550=ORIENTED_EDGE('',*,*,#24290,.F.);
#28560=EDGE_LOOP('',(#28550,#28540,#28480,#28400));
#28570=FACE_OUTER_BOUND('',#28560,.T.);
#28580=ADVANCED_FACE('',(#28570),#28390,.F.);
#28590=COLOUR_RGB('',0.94901967048645,0.94901967048645,1.);
#28600=FILL_AREA_STYLE_COLOUR('',#28590);
#28610=FILL_AREA_STYLE('',(#28600));
#28620=SURFACE_STYLE_FILL_AREA(#28610);
#28630=SURFACE_SIDE_STYLE('',(#28620));
#28640=SURFACE_STYLE_USAGE(.BOTH.,#28630);
#28650=PRESENTATION_STYLE_ASSIGNMENT((#28640));
#28660=CARTESIAN_POINT('',(76.796685362747,14.204371501212,
-2.09999999999941));
#28670=DIRECTION('',(1.,-3.36793676825796E-17,-3.33066907387547E-16));
#28680=DIRECTION('',(3.05284086798824E-16,0.5,0.866025403784439));
#28690=AXIS2_PLACEMENT_3D('',#28660,#28670,#28680);
#28700=CYLINDRICAL_SURFACE('',#28690,0.5);
#28710=ORIENTED_EDGE('',*,*,#28530,.T.);
#28720=CARTESIAN_POINT('',(75.2325465869277,14.204371501212,
-2.09999999999941));
#28730=DIRECTION('',(-0.573576436351046,-0.819152044288992,
1.53317520279191E-16));
#28740=DIRECTION('',(0.819152044288992,-0.573576436351046,
-3.40609406799213E-16));
#28750=AXIS2_PLACEMENT_3D('',#28720,#28730,#28740);
#28760=ELLIPSE('',#28750,0.871723397810549,0.5);
#28770=EDGE_CURVE('',#27780,#28460,#28760,.T.);
#28780=ORIENTED_EDGE('',*,*,#28770,.T.);
#28790=ORIENTED_EDGE('',*,*,#27790,.F.);
#28800=ORIENTED_EDGE('',*,*,#25700,.T.);
#28810=CARTESIAN_POINT('',(70.3671107853445,13.7713587993198,
-1.84999999999941));
#28820=DIRECTION('',(-1.,3.36793676825796E-17,3.33066907387547E-16));
#28830=VECTOR('',#28820,1.);
#28840=LINE('',#28810,#28830);
#28850=EDGE_CURVE('',#25600,#24370,#28840,.T.);
#28860=ORIENTED_EDGE('',*,*,#28850,.F.);
#28870=ORIENTED_EDGE('',*,*,#24380,.T.);
#28880=EDGE_LOOP('',(#28870,#28860,#28800,#28790,#28780,#28710));
#28890=FACE_OUTER_BOUND('',#28880,.T.);
#28900=ADVANCED_FACE('',(#28890),#28700,.T.);
#28910=COLOUR_RGB('',0.94901967048645,0.94901967048645,1.);
#28920=FILL_AREA_STYLE_COLOUR('',#28910);
#28930=FILL_AREA_STYLE('',(#28920));
#28940=SURFACE_STYLE_FILL_AREA(#28930);
#28950=SURFACE_SIDE_STYLE('',(#28940));
#28960=SURFACE_STYLE_USAGE(.BOTH.,#28950);
#28970=PRESENTATION_STYLE_ASSIGNMENT((#28960));
#28980=CARTESIAN_POINT('',(70.3671107853445,14.210025466494,
-1.09020704486684));
#28990=DIRECTION('',(-1.37366265697263E-16,0.866025403784439,-0.5));
#29000=DIRECTION('',(-3.05284086798824E-16,-0.5,-0.866025403784439));
#29010=AXIS2_PLACEMENT_3D('',#28980,#28990,#29000);
#29020=PLANE('',#29010);
#29030=ORIENTED_EDGE('',*,*,#28850,.T.);
#29040=ORIENTED_EDGE('',*,*,#25610,.T.);
#29050=ORIENTED_EDGE('',*,*,#25230,.F.);
#29060=ORIENTED_EDGE('',*,*,#24460,.T.);
#29070=EDGE_LOOP('',(#29060,#29050,#29040,#29030));
#29080=FACE_OUTER_BOUND('',#29070,.T.);
#29090=ADVANCED_FACE('',(#29080),#29020,.F.);
#29100=COLOUR_RGB('',0.94901967048645,0.94901967048645,1.);
#29110=FILL_AREA_STYLE_COLOUR('',#29100);
#29120=FILL_AREA_STYLE('',(#29110));
#29130=SURFACE_STYLE_FILL_AREA(#29120);
#29140=SURFACE_SIDE_STYLE('',(#29130));
#29150=SURFACE_STYLE_USAGE(.BOTH.,#29140);
#29160=PRESENTATION_STYLE_ASSIGNMENT((#29150));
#29170=CARTESIAN_POINT('',(75.2325465869277,14.204371501212,
-1.79999999999941));
#29180=DIRECTION('',(-0.573576436351046,-0.819152044288992,
1.53317520279191E-16));
#29190=DIRECTION('',(0.819152044288992,-0.573576436351046,
-2.99245533456973E-16));
#29200=AXIS2_PLACEMENT_3D('',#29170,#29180,#29190);
#29210=PLANE('',#29200);
#29220=ORIENTED_EDGE('',*,*,#28770,.F.);
#29230=ORIENTED_EDGE('',*,*,#28470,.F.);
#29240=ORIENTED_EDGE('',*,*,#28160,.F.);
#29250=CARTESIAN_POINT('',(75.1500924233142,14.262106528131,
-1.79999999999941));
#29260=DIRECTION('',(-0.581124101764717,0.406907476691001,
-0.704784423608463));
#29270=VECTOR('',#29260,1.);
#29280=LINE('',#29250,#29270);
#29290=EDGE_CURVE('',#26320,#28070,#29280,.T.);
#29300=ORIENTED_EDGE('',*,*,#29290,.T.);
#29310=ORIENTED_EDGE('',*,*,#27850,.T.);
#29320=EDGE_LOOP('',(#29310,#29300,#29240,#29230,#29220));
#29330=FACE_OUTER_BOUND('',#29320,.T.);
#29340=ADVANCED_FACE('',(#29330),#29210,.F.);
#29350=COLOUR_RGB('',0.94901967048645,0.94901967048645,1.);
#29360=FILL_AREA_STYLE_COLOUR('',#29350);
#29370=FILL_AREA_STYLE('',(#29360));
#29380=SURFACE_STYLE_FILL_AREA(#29370);
#29390=SURFACE_SIDE_STYLE('',(#29380));
#29400=SURFACE_STYLE_USAGE(.BOTH.,#29390);
#29410=PRESENTATION_STYLE_ASSIGNMENT((#29400));
#29420=CARTESIAN_POINT('',(76.796685362747,14.204371501212,
-2.09999999999941));
#29430=DIRECTION('',(1.,-3.36793676825796E-17,-3.33066907387547E-16));
#29440=DIRECTION('',(3.05284086798824E-16,0.5,0.866025403784439));
#29450=AXIS2_PLACEMENT_3D('',#29420,#29430,#29440);
#29460=CYLINDRICAL_SURFACE('',#29450,0.2);
#29470=ORIENTED_EDGE('',*,*,#26060,.T.);
#29480=ORIENTED_EDGE('',*,*,#27110,.T.);
#29490=CARTESIAN_POINT('',(70.3671107853445,14.3775765819689,
-1.99999999999941));
#29500=DIRECTION('',(-1.,3.36793676825796E-17,3.33066907387547E-16));
#29510=VECTOR('',#29500,1.);
#29520=LINE('',#29490,#29510);
#29530=EDGE_CURVE('',#26340,#24700,#29520,.T.);
#29540=ORIENTED_EDGE('',*,*,#29530,.F.);
#29550=ORIENTED_EDGE('',*,*,#24710,.F.);
#29560=EDGE_LOOP('',(#29550,#29540,#29480,#29470));
#29570=FACE_OUTER_BOUND('',#29560,.T.);
#29580=ADVANCED_FACE('',(#29570),#29460,.F.);
#29590=COLOUR_RGB('',0.94901967048645,0.94901967048645,1.);
#29600=FILL_AREA_STYLE_COLOUR('',#29590);
#29610=FILL_AREA_STYLE('',(#29600));
#29620=SURFACE_STYLE_FILL_AREA(#29610);
#29630=SURFACE_SIDE_STYLE('',(#29620));
#29640=SURFACE_STYLE_USAGE(.BOTH.,#29630);
#29650=PRESENTATION_STYLE_ASSIGNMENT((#29640));
#29660=CARTESIAN_POINT('',(70.3671107853445,14.5031311813353,
-2.21746694522594));
#29670=DIRECTION('',(-1.95700641690284E-16,-0.866025403784439,-0.5));
#29680=DIRECTION('',(2.71604719116245E-16,-0.5,0.866025403784439));
#29690=AXIS2_PLACEMENT_3D('',#29660,#29670,#29680);
#29700=PLANE('',#29690);
#29710=ORIENTED_EDGE('',*,*,#28080,.T.);
#29720=ORIENTED_EDGE('',*,*,#24790,.T.);
#29730=ORIENTED_EDGE('',*,*,#29530,.T.);
#29740=ORIENTED_EDGE('',*,*,#26350,.T.);
#29750=ORIENTED_EDGE('',*,*,#29290,.F.);
#29760=EDGE_LOOP('',(#29750,#29740,#29730,#29720,#29710));
#29770=FACE_OUTER_BOUND('',#29760,.T.);
#29780=ADVANCED_FACE('',(#29770),#29700,.T.);
#29790=COLOUR_RGB('',0.94901967048645,0.94901967048645,1.);
#29800=FILL_AREA_STYLE_COLOUR('',#29790);
#29810=FILL_AREA_STYLE('',(#29800));
#29820=SURFACE_STYLE_FILL_AREA(#29810);
#29830=SURFACE_SIDE_STYLE('',(#29820));
#29840=SURFACE_STYLE_USAGE(.BOTH.,#29830);
#29850=PRESENTATION_STYLE_ASSIGNMENT((#29840));
#29860=CARTESIAN_POINT('',(73.5516848880265,10.3843715012134,
-2.09999999999939));
#29870=DIRECTION('',(1.,4.04238930023546E-33,-2.87017080875347E-16));
#29880=DIRECTION('',(-2.87017080875347E-16,3.79116733899747E-16,-1.));
#29890=AXIS2_PLACEMENT_3D('',#29860,#29870,#29880);
#29900=CYLINDRICAL_SURFACE('',#29890,0.6);
#29910=CARTESIAN_POINT('',(73.5516848880265,10.3843715012134,
-1.49999999999939));
#29920=DIRECTION('',(1.,4.04238930023546E-33,-2.87017080875347E-16));
#29930=VECTOR('',#29920,1.);
#29940=LINE('',#29910,#29930);
#29950=CARTESIAN_POINT('',(73.5966848880265,10.3843715012134,
-1.49999999999939));
#29960=VERTEX_POINT('',#29950);
#29970=EDGE_CURVE('',#13650,#29960,#29940,.T.);
#29980=ORIENTED_EDGE('',*,*,#29970,.F.);
#29990=CARTESIAN_POINT('',(73.5966848880265,10.3843715012134,
-2.09999999999939));
#30000=DIRECTION('',(1.,4.04238930023546E-33,-2.87017080875347E-16));
#30010=DIRECTION('',(-2.87017080875347E-16,3.79116733899747E-16,-1.));
#30020=AXIS2_PLACEMENT_3D('',#29990,#30000,#30010);
#30030=CIRCLE('',#30020,0.6);
#30040=CARTESIAN_POINT('',(73.5966848880265,9.78437150121339,-2.1));
#30050=VERTEX_POINT('',#30040);
#30060=EDGE_CURVE('',#29960,#30050,#30030,.T.);
#30070=ORIENTED_EDGE('',*,*,#30060,.F.);
#30080=CARTESIAN_POINT('',(73.5966848880265,10.3843715012134,
-2.69999999999939));
#30090=VERTEX_POINT('',#30080);
#30100=EDGE_CURVE('',#30050,#30090,#30030,.T.);
#30110=ORIENTED_EDGE('',*,*,#30100,.F.);
#30120=CARTESIAN_POINT('',(73.5516848880265,10.3843715012134,
-2.69999999999939));
#30130=DIRECTION('',(1.,4.04238930023546E-33,-2.87017080875347E-16));
#30140=VECTOR('',#30130,1.);
#30150=LINE('',#30120,#30140);
#30160=EDGE_CURVE('',#13610,#30090,#30150,.T.);
#30170=ORIENTED_EDGE('',*,*,#30160,.T.);
#30180=ORIENTED_EDGE('',*,*,#13620,.T.);
#30190=ORIENTED_EDGE('',*,*,#13680,.T.);
#30200=EDGE_LOOP('',(#30190,#30180,#30170,#30110,#30070,#29980));
#30210=FACE_OUTER_BOUND('',#30200,.T.);
#30220=ADVANCED_FACE('',(#30210),#29900,.T.);
#30230=COLOUR_RGB('',0.94901967048645,0.94901967048645,1.);
#30240=FILL_AREA_STYLE_COLOUR('',#30230);
#30250=FILL_AREA_STYLE('',(#30240));
#30260=SURFACE_STYLE_FILL_AREA(#30250);
#30270=SURFACE_SIDE_STYLE('',(#30260));
#30280=SURFACE_STYLE_USAGE(.BOTH.,#30270);
#30290=PRESENTATION_STYLE_ASSIGNMENT((#30280));
#30300=CARTESIAN_POINT('',(73.5966848880265,10.3843715012134,
-2.39999999999939));
#30310=DIRECTION('',(1.,-2.1205865218037E-33,-2.87017080875347E-16));
#30320=DIRECTION('',(-2.87017080875347E-16,3.79116733899747E-16,-1.));
#30330=AXIS2_PLACEMENT_3D('',#30300,#30310,#30320);
#30340=PLANE('',#30330);
#30350=EDGE_CURVE('',#30090,#29960,#30030,.T.);
#30360=ORIENTED_EDGE('',*,*,#30350,.T.);
#30370=ORIENTED_EDGE('',*,*,#30100,.T.);
#30380=ORIENTED_EDGE('',*,*,#30060,.T.);
#30390=EDGE_LOOP('',(#30380,#30370,#30360));
#30400=FACE_OUTER_BOUND('',#30390,.T.);
#30410=CARTESIAN_POINT('',(73.5966848880265,10.3366364742931,
-1.79999999999941));
#30420=DIRECTION('',(-3.05284086798824E-16,-0.5,-0.866025403784439));
#30430=VECTOR('',#30420,1.);
#30440=LINE('',#30410,#30430);
#30450=CARTESIAN_POINT('',(73.5966848880265,10.2211664204551,
-1.99999999999941));
#30460=VERTEX_POINT('',#30450);
#30470=CARTESIAN_POINT('',(73.5966848880265,10.09616642045,
-2.21650635095451));
#30480=VERTEX_POINT('',#30470);
#30490=EDGE_CURVE('',#30460,#30480,#30440,.T.);
#30500=ORIENTED_EDGE('',*,*,#30490,.T.);
#30510=CARTESIAN_POINT('',(73.5966848880265,10.394371501212,
-2.09999999999941));
#30520=DIRECTION('',(1.,-3.36793676825796E-17,-3.33066907387547E-16));
#30530=DIRECTION('',(3.05284086798824E-16,0.5,0.866025403784439));
#30540=AXIS2_PLACEMENT_3D('',#30510,#30520,#30530);
#30550=CIRCLE('',#30540,0.2);
#30560=CARTESIAN_POINT('',(73.5966848880265,10.5675765819689,
-1.99999999999941));
#30570=VERTEX_POINT('',#30560);
#30580=EDGE_CURVE('',#30570,#30460,#30550,.T.);
#30590=ORIENTED_EDGE('',*,*,#30580,.T.);
#30600=CARTESIAN_POINT('',(73.5966848880265,10.452106528131,
-1.79999999999941));
#30610=DIRECTION('',(-2.71604719116245E-16,0.5,-0.866025403784439));
#30620=VECTOR('',#30610,1.);
#30630=LINE('',#30600,#30620);
#30640=CARTESIAN_POINT('',(73.5966848880265,10.6925765819689,
-2.21650635094552));
#30650=VERTEX_POINT('',#30640);
#30660=EDGE_CURVE('',#30570,#30650,#30630,.T.);
#30670=ORIENTED_EDGE('',*,*,#30660,.F.);
#30680=CARTESIAN_POINT('',(73.5966848880265,12.2339456038905,
-1.32659653121851));
#30690=DIRECTION('',(1.95700641690284E-16,0.866025403784439,0.5));
#30700=VECTOR('',#30690,1.);
#30710=LINE('',#30680,#30700);
#30720=CARTESIAN_POINT('',(73.5966848880265,10.9523842031043,
-2.06650635094551));
#30730=VERTEX_POINT('',#30720);
#30740=EDGE_CURVE('',#30650,#30730,#30710,.T.);
#30750=ORIENTED_EDGE('',*,*,#30740,.F.);
#30760=CARTESIAN_POINT('',(73.5966848880265,10.7985166896448,
-1.79999999999941));
#30770=DIRECTION('',(-2.71604719116245E-16,0.5,-0.866025403784439));
#30780=VECTOR('',#30770,1.);
#30790=LINE('',#30760,#30780);
#30800=CARTESIAN_POINT('',(73.5966848880265,10.8273842031043,
-1.84999999999941));
#30810=VERTEX_POINT('',#30800);
#30820=EDGE_CURVE('',#30810,#30730,#30790,.T.);
#30830=ORIENTED_EDGE('',*,*,#30820,.T.);
#30840=CARTESIAN_POINT('',(73.5966848880265,10.394371501212,
-2.09999999999941));
#30850=DIRECTION('',(1.,-3.36793676825796E-17,-3.33066907387547E-16));
#30860=DIRECTION('',(3.05284086798824E-16,0.5,0.866025403784439));
#30870=AXIS2_PLACEMENT_3D('',#30840,#30850,#30860);
#30880=CIRCLE('',#30870,0.5);
#30890=CARTESIAN_POINT('',(73.5966848880265,9.96135879931981,
-1.84999999999941));
#30900=VERTEX_POINT('',#30890);
#30910=EDGE_CURVE('',#30810,#30900,#30880,.T.);
#30920=ORIENTED_EDGE('',*,*,#30910,.F.);
#30930=CARTESIAN_POINT('',(73.5966848880265,9.9902263127793,
-1.79999999999941));
#30940=DIRECTION('',(-3.05284086798824E-16,-0.5,-0.866025403784439));
#30950=VECTOR('',#30940,1.);
#30960=LINE('',#30930,#30950);
#30970=CARTESIAN_POINT('',(73.5966848880265,9.83635879931462,
-2.06650635095451));
#30980=VERTEX_POINT('',#30970);
#30990=EDGE_CURVE('',#30900,#30980,#30960,.T.);
#31000=ORIENTED_EDGE('',*,*,#30990,.F.);
#31010=CARTESIAN_POINT('',(73.5966848880265,12.2339456038905,
-3.45075373798191));
#31020=DIRECTION('',(-1.37366265697263E-16,0.866025403784439,-0.5));
#31030=VECTOR('',#31020,1.);
#31040=LINE('',#31010,#31030);
#31050=EDGE_CURVE('',#30980,#30480,#31040,.T.);
#31060=ORIENTED_EDGE('',*,*,#31050,.F.);
#31070=EDGE_LOOP('',(#31060,#31000,#30920,#30830,#30750,#30670,#30590,
#30500));
#31080=FACE_BOUND('',#31070,.T.);
#31090=ADVANCED_FACE('',(#30400,#31080),#30340,.T.);
#31100=COLOUR_RGB('',0.94901967048645,0.94901967048645,1.);
#31110=FILL_AREA_STYLE_COLOUR('',#31100);
#31120=FILL_AREA_STYLE('',(#31110));
#31130=SURFACE_STYLE_FILL_AREA(#31120);
#31140=SURFACE_SIDE_STYLE('',(#31130));
#31150=SURFACE_STYLE_USAGE(.BOTH.,#31140);
#31160=PRESENTATION_STYLE_ASSIGNMENT((#31150));
#31170=CARTESIAN_POINT('',(57.7466848880224,14.1993715012117,
9.73300240000012));
#31180=DIRECTION('',(0.,-1.,0.));
#31190=DIRECTION('',(1.,0.,0.));
#31200=AXIS2_PLACEMENT_3D('',#31170,#31180,#31190);
#31210=PLANE('',#31200);
#31220=CARTESIAN_POINT('',(0.,14.1993715012117,-6.30856039900969));
#31230=DIRECTION('',(-0.999935440136801,0.,0.0113629027286774));
#31240=VECTOR('',#31230,1.);
#31250=LINE('',#31220,#31240);
#31260=CARTESIAN_POINT('',(65.2466848880232,14.1993715012117,
-7.05000000000017));
#31270=VERTEX_POINT('',#31260);
#31280=EDGE_CURVE('',#31270,#20710,#31250,.T.);
#31290=ORIENTED_EDGE('',*,*,#31280,.T.);
#31300=CARTESIAN_POINT('',(65.2466848880231,14.1993715012117,0.));
#31310=DIRECTION('',(0.,0.,-1.));
#31320=VECTOR('',#31310,1.);
#31330=LINE('',#31300,#31320);
#31340=CARTESIAN_POINT('',(65.2466848880231,14.1993715012117,
-4.15000000000264));
#31350=VERTEX_POINT('',#31340);
#31360=EDGE_CURVE('',#31350,#31270,#31330,.T.);
#31370=ORIENTED_EDGE('',*,*,#31360,.T.);
#31380=CARTESIAN_POINT('',(0.,14.1993715012117,-4.89143960099312));
#31390=DIRECTION('',(0.999935440136801,0.,0.0113629027286774));
#31400=VECTOR('',#31390,1.);
#31410=LINE('',#31380,#31400);
#31420=EDGE_CURVE('',#20790,#31350,#31410,.T.);
#31430=ORIENTED_EDGE('',*,*,#31420,.T.);
#31440=ORIENTED_EDGE('',*,*,#20800,.F.);
#31450=EDGE_LOOP('',(#31440,#31430,#31370,#31290));
#31460=FACE_OUTER_BOUND('',#31450,.T.);
#31470=CARTESIAN_POINT('',(0.,14.1993715012117,-5.20000000000169));
#31480=DIRECTION('',(-1.,0.,0.));
#31490=VECTOR('',#31480,1.);
#31500=LINE('',#31470,#31490);
#31510=CARTESIAN_POINT('',(61.1466848880224,14.1993715012117,
-5.20000000000169));
#31520=VERTEX_POINT('',#31510);
#31530=CARTESIAN_POINT('',(58.8966848880224,14.1993715012117,
-5.20000000000169));
#31540=VERTEX_POINT('',#31530);
#31550=EDGE_CURVE('',#31520,#31540,#31500,.T.);
#31560=ORIENTED_EDGE('',*,*,#31550,.T.);
#31570=CARTESIAN_POINT('',(61.1466848880224,14.1993715012117,0.));
#31580=DIRECTION('',(0.,0.,-1.));
#31590=VECTOR('',#31580,1.);
#31600=LINE('',#31570,#31590);
#31610=CARTESIAN_POINT('',(61.1466848880224,14.1993715012117,
-6.00022595952289));
#31620=VERTEX_POINT('',#31610);
#31630=EDGE_CURVE('',#31520,#31620,#31600,.T.);
#31640=ORIENTED_EDGE('',*,*,#31630,.F.);
#31650=CARTESIAN_POINT('',(0.,14.1993715012117,-6.00022595952289));
#31660=DIRECTION('',(1.,0.,0.));
#31670=VECTOR('',#31660,1.);
#31680=LINE('',#31650,#31670);
#31690=CARTESIAN_POINT('',(58.8966848880224,14.1993715012117,
-6.00022595952289));
#31700=VERTEX_POINT('',#31690);
#31710=EDGE_CURVE('',#31700,#31620,#31680,.T.);
#31720=ORIENTED_EDGE('',*,*,#31710,.T.);
#31730=CARTESIAN_POINT('',(58.8966848880224,14.1993715012117,0.));
#31740=DIRECTION('',(0.,0.,1.));
#31750=VECTOR('',#31740,1.);
#31760=LINE('',#31730,#31750);
#31770=EDGE_CURVE('',#31700,#31540,#31760,.T.);
#31780=ORIENTED_EDGE('',*,*,#31770,.F.);
#31790=EDGE_LOOP('',(#31780,#31720,#31640,#31560));
#31800=FACE_BOUND('',#31790,.T.);
#31810=ADVANCED_FACE('',(#31460,#31800),#31210,.F.);
#31820=CARTESIAN_POINT('',(73.311401362747,9.83635879931462,
-2.06650635095451));
#31830=DIRECTION('',(3.05284086798824E-16,0.5,0.866025403784439));
#31840=DIRECTION('',(1.37366265697263E-16,-0.866025403784439,0.5));
#31850=AXIS2_PLACEMENT_3D('',#31820,#31830,#31840);
#31860=PLANE('',#31850);
#31870=CARTESIAN_POINT('',(71.8202423579864,10.09616642045,
-2.2165063509545));
#31880=DIRECTION('',(-1.,3.36793676825796E-17,3.33066907387547E-16));
#31890=VECTOR('',#31880,1.);
#31900=LINE('',#31870,#31890);
#31910=CARTESIAN_POINT('',(74.806665595237,10.09616642045,
-2.21650635095451));
#31920=VERTEX_POINT('',#31910);
#31930=EDGE_CURVE('',#31920,#30480,#31900,.T.);
#31940=ORIENTED_EDGE('',*,*,#31930,.F.);
#31950=ORIENTED_EDGE('',*,*,#31050,.T.);
#31960=CARTESIAN_POINT('',(71.8202423579864,9.83635879931462,
-2.06650635095451));
#31970=DIRECTION('',(-1.,3.36793676825796E-17,3.33066907387547E-16));
#31980=VECTOR('',#31970,1.);
#31990=LINE('',#31960,#31980);
#32000=CARTESIAN_POINT('',(74.4356218589761,9.83635879931462,
-2.06650635095451));
#32010=VERTEX_POINT('',#32000);
#32020=EDGE_CURVE('',#32010,#30980,#31990,.T.);
#32030=ORIENTED_EDGE('',*,*,#32020,.T.);
#32040=CARTESIAN_POINT('',(71.7561040568916,7.96014023552793,
-0.983271058093683));
#32050=DIRECTION('',(-0.777622657646255,-0.544497246766576,
0.314365631993693));
#32060=VECTOR('',#32050,1.);
#32070=LINE('',#32040,#32060);
#32080=EDGE_CURVE('',#31920,#32010,#32070,.T.);
#32090=ORIENTED_EDGE('',*,*,#32080,.T.);
#32100=EDGE_LOOP('',(#32090,#32030,#31950,#31940));
#32110=FACE_OUTER_BOUND('',#32100,.T.);
#32120=ADVANCED_FACE('',(#32110),#31860,.F.);
#32130=COLOUR_RGB('',0.94901967048645,0.94901967048645,1.);
#32140=FILL_AREA_STYLE_COLOUR('',#32130);
#32150=FILL_AREA_STYLE('',(#32140));
#32160=SURFACE_STYLE_FILL_AREA(#32150);
#32170=SURFACE_SIDE_STYLE('',(#32160));
#32180=SURFACE_STYLE_USAGE(.BOTH.,#32170);
#32190=PRESENTATION_STYLE_ASSIGNMENT((#32180));
#32200=CARTESIAN_POINT('',(75.2325465869277,10.394371501212,
-1.79999999999941));
#32210=DIRECTION('',(-0.573576436351046,0.819152044288992,
2.28761139332435E-16));
#32220=DIRECTION('',(-0.819152044288992,-0.573576436351046,
2.4641934268607E-16));
#32230=AXIS2_PLACEMENT_3D('',#32200,#32210,#32220);
#32240=PLANE('',#32230);
#32250=CARTESIAN_POINT('',(75.1500924233142,10.3366364742931,
-1.79999999999941));
#32260=DIRECTION('',(0.581124101764717,0.406907476691001,
0.704784423608463));
#32270=VECTOR('',#32260,1.);
#32280=LINE('',#32250,#32270);
#32290=CARTESIAN_POINT('',(74.9400789971102,10.1895834901398,
-2.05470323995751));
#32300=VERTEX_POINT('',#32290);
#32310=EDGE_CURVE('',#31920,#32300,#32280,.T.);
#32320=ORIENTED_EDGE('',*,*,#32310,.T.);
#32330=ORIENTED_EDGE('',*,*,#32080,.F.);
#32340=CARTESIAN_POINT('',(74.6553674416331,9.9902263127793,
-1.79999999999941));
#32350=DIRECTION('',(0.581124101764717,0.406907476691001,
0.704784423608463));
#32360=VECTOR('',#32350,1.);
#32370=LINE('',#32340,#32360);
#32380=CARTESIAN_POINT('',(74.6141403598263,9.96135879931981,
-1.84999999999941));
#32390=VERTEX_POINT('',#32380);
#32400=EDGE_CURVE('',#32010,#32390,#32370,.T.);
#32410=ORIENTED_EDGE('',*,*,#32400,.F.);
#32420=CARTESIAN_POINT('',(75.2325465869277,10.394371501212,
-2.09999999999941));
#32430=DIRECTION('',(-0.573576436351046,0.819152044288992,
2.28761139332435E-16));
#32440=DIRECTION('',(-0.819152044288992,-0.573576436351046,
2.4641934268607E-16));
#32450=AXIS2_PLACEMENT_3D('',#32420,#32430,#32440);
#32460=ELLIPSE('',#32450,0.871723397810549,0.5);
#32470=CARTESIAN_POINT('',(74.9400789971106,10.1895834901392,
-1.64386200495731));
#32480=VERTEX_POINT('',#32470);
#32490=EDGE_CURVE('',#32390,#32480,#32460,.T.);
#32500=ORIENTED_EDGE('',*,*,#32490,.F.);
#32510=CARTESIAN_POINT('',(74.9400789971102,10.1895834901398,
-1.79999999999941));
#32520=DIRECTION('',(-3.33066907387547E-16,4.60498265121997E-17,-1.));
#32530=VECTOR('',#32520,1.);
#32540=LINE('',#32510,#32530);
#32550=EDGE_CURVE('',#32480,#32300,#32540,.T.);
#32560=ORIENTED_EDGE('',*,*,#32550,.F.);
#32570=EDGE_LOOP('',(#32560,#32500,#32410,#32330,#32320));
#32580=FACE_OUTER_BOUND('',#32570,.T.);
#32590=ADVANCED_FACE('',(#32580),#32240,.F.);
#32600=COLOUR_RGB('',0.94901967048645,0.94901967048645,1.);
#32610=FILL_AREA_STYLE_COLOUR('',#32600);
#32620=FILL_AREA_STYLE('',(#32610));
#32630=SURFACE_STYLE_FILL_AREA(#32620);
#32640=SURFACE_SIDE_STYLE('',(#32630));
#32650=SURFACE_STYLE_USAGE(.BOTH.,#32640);
#32660=PRESENTATION_STYLE_ASSIGNMENT((#32650));
#32670=CARTESIAN_POINT('',(68.8671107853445,10.6598330876293,
-1.24020704486684));
#32680=DIRECTION('',(-1.37366265697263E-16,0.866025403784439,-0.5));
#32690=DIRECTION('',(-3.05284086798824E-16,-0.5,-0.866025403784439));
#32700=AXIS2_PLACEMENT_3D('',#32670,#32680,#32690);
#32710=PLANE('',#32700);
#32720=CARTESIAN_POINT('',(74.7966848880225,10.394371501212,
-1.6999999999994));
#32730=DIRECTION('',(-1.37366265697263E-16,0.866025403784439,-0.5));
#32740=DIRECTION('',(-3.05284086798824E-16,-0.5,-0.866025403784439));
#32750=AXIS2_PLACEMENT_3D('',#32720,#32730,#32740);
#32760=ELLIPSE('',#32750,0.5,0.25);
#32770=CARTESIAN_POINT('',(74.9769624517956,10.2211664204551,
-1.99999999999941));
#32780=VERTEX_POINT('',#32770);
#32790=EDGE_CURVE('',#32780,#32300,#32760,.T.);
#32800=ORIENTED_EDGE('',*,*,#32790,.T.);
#32810=CARTESIAN_POINT('',(70.3671107853445,10.2211664204551,
-1.9999999999994));
#32820=DIRECTION('',(-1.,3.36793676825796E-17,3.33066907387547E-16));
#32830=VECTOR('',#32820,1.);
#32840=LINE('',#32810,#32830);
#32850=EDGE_CURVE('',#32780,#30460,#32840,.T.);
#32860=ORIENTED_EDGE('',*,*,#32850,.F.);
#32870=ORIENTED_EDGE('',*,*,#30490,.F.);
#32880=ORIENTED_EDGE('',*,*,#31930,.T.);
#32890=ORIENTED_EDGE('',*,*,#32310,.F.);
#32900=EDGE_LOOP('',(#32890,#32880,#32870,#32860,#32800));
#32910=FACE_OUTER_BOUND('',#32900,.T.);
#32920=ADVANCED_FACE('',(#32910),#32710,.T.);
#32930=COLOUR_RGB('',0.94901967048645,0.94901967048645,1.);
#32940=FILL_AREA_STYLE_COLOUR('',#32930);
#32950=FILL_AREA_STYLE('',(#32940));
#32960=SURFACE_STYLE_FILL_AREA(#32950);
#32970=SURFACE_SIDE_STYLE('',(#32960));
#32980=SURFACE_STYLE_USAGE(.BOTH.,#32970);
#32990=PRESENTATION_STYLE_ASSIGNMENT((#32980));
#33000=CARTESIAN_POINT('',(74.7966848880225,10.394371501212,
-1.79999999999941));
#33010=DIRECTION('',(-3.33066907387547E-16,4.60498265121997E-17,-1.));
#33020=DIRECTION('',(-1.,3.36793676825796E-17,3.33066907387547E-16));
#33030=AXIS2_PLACEMENT_3D('',#33000,#33010,#33020);
#33040=CYLINDRICAL_SURFACE('',#33030,0.25);
#33050=CARTESIAN_POINT('',(74.7966848880225,10.394371501212,
-1.69999999999941));
#33060=DIRECTION('',(-1.95700641690284E-16,-0.866025403784439,-0.5));
#33070=DIRECTION('',(2.71604719116245E-16,-0.5,0.866025403784439));
#33080=AXIS2_PLACEMENT_3D('',#33050,#33060,#33070);
#33090=ELLIPSE('',#33080,0.5,0.25);
#33100=CARTESIAN_POINT('',(74.9400789971102,10.5991595122843,
-2.05470323995752));
#33110=VERTEX_POINT('',#33100);
#33120=CARTESIAN_POINT('',(74.9769624517956,10.5675765819689,
-1.99999999999941));
#33130=VERTEX_POINT('',#33120);
#33140=EDGE_CURVE('',#33110,#33130,#33090,.T.);
#33150=ORIENTED_EDGE('',*,*,#33140,.F.);
#33160=CARTESIAN_POINT('',(76.7325470616523,10.394371501212,
-2.09999999999941));
#33170=DIRECTION('',(1.,-3.36793676825796E-17,-3.33066907387547E-16));
#33180=DIRECTION('',(3.05284086798824E-16,0.5,0.866025403784439));
#33190=AXIS2_PLACEMENT_3D('',#33160,#33170,#33180);
#33200=CYLINDRICAL_SURFACE('',#33190,0.2);
#33210=CARTESIAN_POINT('',(74.9769624517962,10.567576581973,
-1.99999999999737));
#33220=CARTESIAN_POINT('',(74.981144192831,10.5632240879079,
-1.9924612591367));
#33230=CARTESIAN_POINT('',(74.985473477174,10.5583999393824,
-1.98524100195411));
#33240=CARTESIAN_POINT('',(74.9898020926178,10.5531346748046,
-1.97836836465194));
#33250=CARTESIAN_POINT('',(74.9941308160343,10.5478692788903,
-1.97149555591911));
#33260=CARTESIAN_POINT('',(74.9984595704424,10.5421620359534,
-1.96497041254922));
#33270=CARTESIAN_POINT('',(75.0026648457973,10.5360480941802,
-1.95883434197677));
#33280=CARTESIAN_POINT('',(75.0068616259518,10.5299465033605,
-1.95271066706079));
#33290=CARTESIAN_POINT('',(75.0109645550072,10.5234022711501,
-1.94693274234701));
#33300=CARTESIAN_POINT('',(75.0148906087385,10.5163807772799,
-1.94152685857205));
#33310=CARTESIAN_POINT('',(75.0188131637502,10.5093655406442,
-1.93612579227358));
#33320=CARTESIAN_POINT('',(75.0225402000133,10.5019014506168,
-1.93112328737036));
#33330=CARTESIAN_POINT('',(75.0259540586403,10.4940492189031,
-1.9266092488149));
#33340=CARTESIAN_POINT('',(75.0291059840514,10.4867994609674,
-1.92244155636356));
#33350=CARTESIAN_POINT('',(75.0319895119539,10.4792227929374,
-1.91869217546579));
#33360=CARTESIAN_POINT('',(75.0345296735436,10.4713770724416,
-1.91541900964663));
#33370=CARTESIAN_POINT('',(75.0357986275321,10.4674576925267,
-1.91378387870147));
#33380=CARTESIAN_POINT('',(75.0369897667135,10.4634476004911,
-1.91225763083732));
#33390=CARTESIAN_POINT('',(75.0380908420979,10.4593573868868,
-1.91085234692627));
#33400=CARTESIAN_POINT('',(75.03919183138,10.4552674931305,
-1.90944717290615));
#33410=CARTESIAN_POINT('',(75.0402022602577,10.4510989845311,
-1.90816358736016));
#33420=CARTESIAN_POINT('',(75.0411107664251,10.4468690246498,
-1.90701292780828));
#33430=CARTESIAN_POINT('',(75.0420192686794,10.4426390829879,
-1.90586227321253));
#33440=CARTESIAN_POINT('',(75.0428257145663,10.4383481781523,
-1.90484470289932));
#33450=CARTESIAN_POINT('',(75.0435215505659,10.4340156940328,
-1.9039685280986));
#33460=CARTESIAN_POINT('',(75.0442173904666,10.4296831856239,
-1.90309234838576));
#33470=CARTESIAN_POINT('',(75.0448025255189,10.4253096667638,
-1.90235767631277));
#33480=CARTESIAN_POINT('',(75.0452717655518,10.4209151317137,
-1.90176923629258));
#33490=CARTESIAN_POINT('',(75.045741024131,10.416520422974,
-1.90118077301489));
#33500=CARTESIAN_POINT('',(75.0460943235935,10.4121057232668,
-1.90073861907989));
#33510=CARTESIAN_POINT('',(75.0463299619972,10.4076882966377,
-1.90044383506884));
#33520=CARTESIAN_POINT('',(75.0465657421,10.4032682136275,
-1.90014887379199));
#33530=CARTESIAN_POINT('',(75.046685245164,10.3988155673848,
-1.89999955357243));
#33540=CARTESIAN_POINT('',(75.0466848872188,10.394351455498,
-1.90000000100398));
#33550=CARTESIAN_POINT('',(75.04668452928,10.3898874242723,
-1.90000044842745));
#33560=CARTESIAN_POINT('',(75.0465642691303,10.3854126548586,
-1.90015071274745));
#33570=CARTESIAN_POINT('',(75.0463243956089,10.3809507615909,
-1.90045079867797));
#33580=CARTESIAN_POINT('',(75.0460845231374,10.3764888878512,
-1.90075088329513));
#33590=CARTESIAN_POINT('',(75.0457250751211,10.3720406441207,
-1.9012007450414));
#33600=CARTESIAN_POINT('',(75.0452505212303,10.3676296615595,
-1.90179587791311));
#33610=CARTESIAN_POINT('',(75.0443007569117,10.3588015939208,
-1.90298696701232));
#33620=CARTESIAN_POINT('',(75.0428917610188,10.3501503131038,
-1.90475711114992));
#33630=CARTESIAN_POINT('',(75.0410901781907,10.3417782113572,
-1.90703900429757));
#33640=CARTESIAN_POINT('',(75.0392843132865,10.3333862104548,
-1.90932632114271));
#33650=CARTESIAN_POINT('',(75.0370652031565,10.3251879255864,
-1.91215156576973));
#33660=CARTESIAN_POINT('',(75.0345026348791,10.3172824664533,
-1.91545385205797));
#33670=CARTESIAN_POINT('',(75.0319401431951,10.3093772436089,
-1.91875603964316));
#33680=CARTESIAN_POINT('',(75.0290370485631,10.3017727167237,
-1.92253186626479));
#33690=CARTESIAN_POINT('',(75.0258915125004,10.2945500441228,
-1.9266919600688));
#33700=CARTESIAN_POINT('',(75.0241868584495,10.2906358756433,
-1.92894643136207));
#33710=CARTESIAN_POINT('',(75.0224183050302,10.2868473492416,
-1.93130406525175));
#33720=CARTESIAN_POINT('',(75.0205830227559,10.2831526841761,
-1.93377613066311));
#33730=CARTESIAN_POINT('',(75.0187473948147,10.2794573232375,
-1.93624866167658));
#33740=CARTESIAN_POINT('',(75.0168455755945,10.2758585222681,
-1.93883500896686));
#33750=CARTESIAN_POINT('',(75.0148900884821,10.2723612947038,
-1.94152757492679));
#33760=CARTESIAN_POINT('',(75.0109790414962,10.2653667094473,
-1.94691280703378));
#33770=CARTESIAN_POINT('',(75.0068526249693,10.2587795610198,
-1.95272239716181));
#33780=CARTESIAN_POINT('',(75.0026231768917,10.2526343459673,
-1.9588951495302));
#33790=CARTESIAN_POINT('',(74.9983937618365,10.2464891788948,
-1.96506785370349));
#33800=CARTESIAN_POINT('',(74.9940617561872,10.2407866314632,
-1.9716027274335));
#33810=CARTESIAN_POINT('',(74.9897558918454,10.2355521463374,
-1.97844173200737));
#33820=CARTESIAN_POINT('',(74.9876028072863,10.2329347185216,
-1.9818614763325));
#33830=CARTESIAN_POINT('',(74.9854602496773,10.2304379659278,
-1.98535058326366));
#33840=CARTESIAN_POINT('',(74.9833206808488,10.2280372568842,
-1.98894632304989));
#33850=CARTESIAN_POINT('',(74.9811828049717,10.2256384474214,
-1.99253921767752));
#33860=CARTESIAN_POINT('',(74.9790561834449,10.2233456454457,
-1.99622547158581));
#33870=CARTESIAN_POINT('',(74.9769624517946,10.2211664204516,
-1.99999999999679));
#33880=B_SPLINE_CURVE_WITH_KNOTS('',3,(#33210,#33220,#33230,#33240,
#33250,#33260,#33270,#33280,#33290,#33300,#33310,#33320,#33330,#33340,
#33350,#33360,#33370,#33380,#33390,#33400,#33410,#33420,#33430,#33440,
#33450,#33460,#33470,#33480,#33490,#33500,#33510,#33520,#33530,#33540,
#33550,#33560,#33570,#33580,#33590,#33600,#33610,#33620,#33630,#33640,
#33650,#33660,#33670,#33680,#33690,#33700,#33710,#33720,#33730,#33740,
#33750,#33760,#33770,#33780,#33790,#33800,#33810,#33820,#33830,#33840,
#33850,#33860,#33870),.UNSPECIFIED.,.F.,.F.,(4,3,3,3,3,3,3,3,3,3,3,3,3,3
,3,3,3,3,3,3,3,3,4),(0.,0.0290228877322077,0.0580045749927549,
0.0869336545348745,0.116001617400332,0.142721171825682,0.156066252248423
,0.169479353591701,0.18291016707491,0.196312713308914,0.209651799332127,
0.223004795758257,0.236422026523094,0.249857903507026,0.276591483587329,
0.303342684973776,0.330145080502643,0.344579390445886,0.359037080818908,
0.388060278759627,0.417049876712201,0.43148214153094,0.445969428618461),
.UNSPECIFIED.);
#33890=SURFACE_CURVE('',#33880,(#33040,#33200),.CURVE_3D.);
#33900=EDGE_CURVE('',#33130,#32780,#33890,.T.);
#33910=ORIENTED_EDGE('',*,*,#33900,.F.);
#33920=ORIENTED_EDGE('',*,*,#32790,.F.);
#33930=ORIENTED_EDGE('',*,*,#32550,.T.);
#33940=CARTESIAN_POINT('',(76.7325470616523,10.394371501212,
-2.09999999999941));
#33950=DIRECTION('',(1.,-3.36793676825796E-17,-3.33066907387547E-16));
#33960=DIRECTION('',(3.05284086798824E-16,0.5,0.866025403784439));
#33970=AXIS2_PLACEMENT_3D('',#33940,#33950,#33960);
#33980=CYLINDRICAL_SURFACE('',#33970,0.5);
#33990=CARTESIAN_POINT('',(74.9400789971103,10.5991595122844,
-1.64386200495727));
#34000=CARTESIAN_POINT('',(74.9481673470003,10.5934959887197,
-1.64131930573231));
#34010=CARTESIAN_POINT('',(74.9558939209267,10.5873700408767,
-1.63869640223668));
#34020=CARTESIAN_POINT('',(74.9632003741942,10.5808456089723,
-1.63607392061281));
#34030=CARTESIAN_POINT('',(74.9705031320253,10.5743244769758,
-1.63345276537996));
#34040=CARTESIAN_POINT('',(74.9774633884156,10.5673364142275,
-1.63080412996853));
#34050=CARTESIAN_POINT('',(74.9840100064081,10.5599290441449,
-1.62820481140801));
#34060=CARTESIAN_POINT('',(74.9905564812004,10.5525218360905,
-1.62560554970474));
#34070=CARTESIAN_POINT('',(74.996687068096,10.5446975569573,
-1.62305680643474));
#34080=CARTESIAN_POINT('',(75.0023386927471,10.5365211146568,
-1.62063220029082));
#34090=CARTESIAN_POINT('',(75.0079903889713,10.5283445688085,
-1.61820756344128));
#34100=CARTESIAN_POINT('',(75.0131612523413,10.5198186083909,
-1.61590814657312));
#34110=CARTESIAN_POINT('',(75.0178035805891,10.511018506307,
-1.61379687762936));
#34120=CARTESIAN_POINT('',(75.020126097821,10.506615890283,
-1.61274062778201));
#34130=CARTESIAN_POINT('',(75.0223109051057,10.5021571902312,
-1.61173390579926));
#34140=CARTESIAN_POINT('',(75.0243697864467,10.497616777276,
-1.61077570279977));
#34150=CARTESIAN_POINT('',(75.0264295400733,10.4930744406857,
-1.60981709383877));
#34160=CARTESIAN_POINT('',(75.028363602632,10.4884475081537,
-1.60890681191569));
#34170=CARTESIAN_POINT('',(75.0301626031662,10.4837479887871,
-1.60805300745982));
#34180=CARTESIAN_POINT('',(75.0337608517412,10.4743483034939,
-1.60634528108165));
#34190=CARTESIAN_POINT('',(75.0368158556553,10.4646599240344,
-1.60486538524196));
#34200=CARTESIAN_POINT('',(75.0392728946599,10.4547954950857,
-1.60366448750372));
#34210=CARTESIAN_POINT('',(75.0417299738076,10.4449309049723,
-1.60246357014525));
#34220=CARTESIAN_POINT('',(75.0435871919904,10.4348979760529,
-1.60154278406851));
#34230=CARTESIAN_POINT('',(75.0448240272674,10.4248176434105,
-1.60092782843979));
#34240=CARTESIAN_POINT('',(75.0460602834308,10.4147420306034,
-1.60031316074693));
#34250=CARTESIAN_POINT('',(75.0466807535915,10.4046195794239,
-1.60000206721477));
#34260=CARTESIAN_POINT('',(75.0466848674748,10.3944728611509,
-1.60000001027324));
#34270=CARTESIAN_POINT('',(75.0466889778563,10.3843347798574,
-1.5999979550826));
#34280=CARTESIAN_POINT('',(75.0460737250952,10.3741376420213,
-1.60030645914035));
#34290=CARTESIAN_POINT('',(75.0448338263453,10.3640053290912,
-1.60092295625693));
#34300=CARTESIAN_POINT('',(75.044213962799,10.3589398740084,
-1.60123116213986));
#34310=CARTESIAN_POINT('',(75.0434386202738,10.3538919996627,
-1.60161585758068));
#34320=CARTESIAN_POINT('',(75.0425108440391,10.3488786517904,
-1.60207390041082));
#34330=CARTESIAN_POINT('',(75.0415830676261,10.3438653029543,
-1.60253194332902));
#34340=CARTESIAN_POINT('',(75.0405029141414,10.3388867681063,
-1.60306329996531));
#34350=CARTESIAN_POINT('',(75.0392758365572,10.3339593195842,
-1.60366304962097));
#34360=CARTESIAN_POINT('',(75.0368212785186,10.324102804776,
-1.60486274584015));
#34370=CARTESIAN_POINT('',(75.0337790829937,10.3144581233084,
-1.60633634495862));
#34380=CARTESIAN_POINT('',(75.0302127449835,10.3051261090444,
-1.60802920820701));
#34390=CARTESIAN_POINT('',(75.0266425407943,10.2957839781738,
-1.60972390664671));
#34400=CARTESIAN_POINT('',(75.0225074765325,10.2866493686633,
-1.61165727493303));
#34410=CARTESIAN_POINT('',(75.0178472572905,10.2778073282436,
-1.61377701249245));
#34420=CARTESIAN_POINT('',(75.0131871434485,10.2689654878042,
-1.61589670210982));
#34430=CARTESIAN_POINT('',(75.0080037808573,10.2604200790736,
-1.61820164059611));
#34440=CARTESIAN_POINT('',(75.0023571397199,10.2522485794795,
-1.62062428605658));
#34450=CARTESIAN_POINT('',(74.9967104453398,10.2440770028355,
-1.62304695436044));
#34460=CARTESIAN_POINT('',(74.9906026899222,10.2362822261686,
-1.62558606633357));
#34470=CARTESIAN_POINT('',(74.9841072729154,10.2289240786239,
-1.62816618353544));
#34480=CARTESIAN_POINT('',(74.9776217263442,10.2215771125202,
-1.63074237999124));
#34490=CARTESIAN_POINT('',(74.9706797930953,10.2145849671886,
-1.63338766592775));
#34500=CARTESIAN_POINT('',(74.9633217795975,10.2080058757162,
-1.63603033112701));
#34510=CARTESIAN_POINT('',(74.9559646339578,10.2014275602302,
-1.63867268463094));
#34520=CARTESIAN_POINT('',(74.9481962259873,10.195267234988,
-1.64131022717145));
#34530=CARTESIAN_POINT('',(74.9400789971106,10.1895834901392,
-1.64386200495732));
#34540=B_SPLINE_CURVE_WITH_KNOTS('',3,(#33990,#34000,#34010,#34020,
#34030,#34040,#34050,#34060,#34070,#34080,#34090,#34100,#34110,#34120,
#34130,#34140,#34150,#34160,#34170,#34180,#34190,#34200,#34210,#34220,
#34230,#34240,#34250,#34260,#34270,#34280,#34290,#34300,#34310,#34320,
#34330,#34340,#34350,#34360,#34370,#34380,#34390,#34400,#34410,#34420,
#34430,#34440,#34450,#34460,#34470,#34480,#34490,#34500,#34510,#34520,
#34530),.UNSPECIFIED.,.F.,.F.,(4,3,3,3,3,3,3,3,3,3,3,3,3,3,3,3,3,3,4),(
0.,0.0305232718660755,0.0610761902264365,0.0917728592053996,
0.122389781451403,0.137618773703228,0.152895894528108,0.183585261614248,
0.214218332235581,0.244657630516552,0.275218933017213,0.290569089053313,
0.30592047179025,0.336479735863981,0.367032481758145,0.39771173265833,
0.428289879783324,0.458826171214195,0.489517989124681),.UNSPECIFIED.);
#34550=SURFACE_CURVE('',#34540,(#33040,#33980),.CURVE_3D.);
#34560=CARTESIAN_POINT('',(74.9400789971106,10.5991595122848,
-1.64386200495732));
#34570=VERTEX_POINT('',#34560);
#34580=EDGE_CURVE('',#34570,#32480,#34550,.T.);
#34590=ORIENTED_EDGE('',*,*,#34580,.T.);
#34600=CARTESIAN_POINT('',(74.9400789971102,10.5991595122843,
-1.79999999999941));
#34610=DIRECTION('',(-3.33066907387547E-16,4.60498265121997E-17,-1.));
#34620=VECTOR('',#34610,1.);
#34630=LINE('',#34600,#34620);
#34640=EDGE_CURVE('',#34570,#33110,#34630,.T.);
#34650=ORIENTED_EDGE('',*,*,#34640,.F.);
#34660=EDGE_LOOP('',(#34650,#34590,#33930,#33920,#33910,#33150));
#34670=FACE_OUTER_BOUND('',#34660,.T.);
#34680=ADVANCED_FACE('',(#34670),#33040,.T.);
#34690=COLOUR_RGB('',0.94901967048645,0.94901967048645,1.);
#34700=FILL_AREA_STYLE_COLOUR('',#34690);
#34710=FILL_AREA_STYLE('',(#34700));
#34720=SURFACE_STYLE_FILL_AREA(#34710);
#34730=SURFACE_SIDE_STYLE('',(#34720));
#34740=SURFACE_STYLE_USAGE(.BOTH.,#34730);
#34750=PRESENTATION_STYLE_ASSIGNMENT((#34740));
#34760=CARTESIAN_POINT('',(71.811401362747,10.9523842031043,
-2.06650635094551));
#34770=DIRECTION('',(2.71604719116245E-16,-0.5,0.866025403784439));
#34780=DIRECTION('',(-1.,3.36793676825796E-17,3.33066907387547E-16));
#34790=AXIS2_PLACEMENT_3D('',#34760,#34770,#34780);
#34800=PLANE('',#34790);
#34810=CARTESIAN_POINT('',(71.8202423579864,10.6925765819689,
-2.21650635094551));
#34820=DIRECTION('',(1.,-3.36793676825796E-17,-3.33066907387547E-16));
#34830=VECTOR('',#34820,1.);
#34840=LINE('',#34810,#34830);
#34850=CARTESIAN_POINT('',(74.8066655952444,10.6925765819689,
-2.21650635094552));
#34860=VERTEX_POINT('',#34850);
#34870=EDGE_CURVE('',#30650,#34860,#34840,.T.);
#34880=ORIENTED_EDGE('',*,*,#34870,.F.);
#34890=CARTESIAN_POINT('',(71.7561040568916,12.8286027668961,
-0.983271058081693));
#34900=DIRECTION('',(0.777622657646255,-0.544497246766576,
-0.314365631993693));
#34910=VECTOR('',#34900,1.);
#34920=LINE('',#34890,#34910);
#34930=CARTESIAN_POINT('',(74.4356218589836,10.9523842031043,
-2.06650635094552));
#34940=VERTEX_POINT('',#34930);
#34950=EDGE_CURVE('',#34940,#34860,#34920,.T.);
#34960=ORIENTED_EDGE('',*,*,#34950,.T.);
#34970=CARTESIAN_POINT('',(71.8202423579864,10.9523842031043,
-2.06650635094551));
#34980=DIRECTION('',(1.,-3.36793676825796E-17,-3.33066907387547E-16));
#34990=VECTOR('',#34980,1.);
#35000=LINE('',#34970,#34990);
#35010=EDGE_CURVE('',#30730,#34940,#35000,.T.);
#35020=ORIENTED_EDGE('',*,*,#35010,.T.);
#35030=ORIENTED_EDGE('',*,*,#30740,.T.);
#35040=EDGE_LOOP('',(#35030,#35020,#34960,#34880));
#35050=FACE_OUTER_BOUND('',#35040,.T.);
#35060=ADVANCED_FACE('',(#35050),#34800,.F.);
#35070=COLOUR_RGB('',0.94901967048645,0.94901967048645,1.);
#35080=FILL_AREA_STYLE_COLOUR('',#35070);
#35090=FILL_AREA_STYLE('',(#35080));
#35100=SURFACE_STYLE_FILL_AREA(#35090);
#35110=SURFACE_SIDE_STYLE('',(#35100));
#35120=SURFACE_STYLE_USAGE(.BOTH.,#35110);
#35130=PRESENTATION_STYLE_ASSIGNMENT((#35120));
#35140=CARTESIAN_POINT('',(70.3671107853445,10.9529388024706,
-2.06746694522594));
#35150=DIRECTION('',(-1.95700641690284E-16,-0.866025403784439,-0.5));
#35160=DIRECTION('',(2.71604719116245E-16,-0.5,0.866025403784439));
#35170=AXIS2_PLACEMENT_3D('',#35140,#35150,#35160);
#35180=PLANE('',#35170);
#35190=ORIENTED_EDGE('',*,*,#35010,.F.);
#35200=CARTESIAN_POINT('',(74.6553674416331,10.7985166896448,
-1.79999999999941));
#35210=DIRECTION('',(-0.581124101764717,0.406907476691001,
-0.704784423608463));
#35220=VECTOR('',#35210,1.);
#35230=LINE('',#35200,#35220);
#35240=CARTESIAN_POINT('',(74.6141403598263,10.8273842031043,
-1.84999999999941));
#35250=VERTEX_POINT('',#35240);
#35260=EDGE_CURVE('',#35250,#34940,#35230,.T.);
#35270=ORIENTED_EDGE('',*,*,#35260,.T.);
#35280=CARTESIAN_POINT('',(70.3671107853445,10.8273842031043,
-1.8499999999994));
#35290=DIRECTION('',(-1.,3.36793676825796E-17,3.33066907387547E-16));
#35300=VECTOR('',#35290,1.);
#35310=LINE('',#35280,#35300);
#35320=EDGE_CURVE('',#35250,#30810,#35310,.T.);
#35330=ORIENTED_EDGE('',*,*,#35320,.F.);
#35340=ORIENTED_EDGE('',*,*,#30820,.F.);
#35350=EDGE_LOOP('',(#35340,#35330,#35270,#35190));
#35360=FACE_OUTER_BOUND('',#35350,.T.);
#35370=ADVANCED_FACE('',(#35360),#35180,.F.);
#35380=COLOUR_RGB('',0.94901967048645,0.94901967048645,1.);
#35390=FILL_AREA_STYLE_COLOUR('',#35380);
#35400=FILL_AREA_STYLE('',(#35390));
#35410=SURFACE_STYLE_FILL_AREA(#35400);
#35420=SURFACE_SIDE_STYLE('',(#35410));
#35430=SURFACE_STYLE_USAGE(.BOTH.,#35420);
#35440=PRESENTATION_STYLE_ASSIGNMENT((#35430));
#35450=CARTESIAN_POINT('',(76.796685362747,10.394371501212,
-2.09999999999941));
#35460=DIRECTION('',(1.,-3.36793676825796E-17,-3.33066907387547E-16));
#35470=DIRECTION('',(3.05284086798824E-16,0.5,0.866025403784439));
#35480=AXIS2_PLACEMENT_3D('',#35450,#35460,#35470);
#35490=CYLINDRICAL_SURFACE('',#35480,0.5);
#35500=ORIENTED_EDGE('',*,*,#35320,.T.);
#35510=CARTESIAN_POINT('',(75.2325465869277,10.394371501212,
-2.09999999999941));
#35520=DIRECTION('',(-0.573576436351046,-0.819152044288992,
1.53317520279191E-16));
#35530=DIRECTION('',(0.819152044288992,-0.573576436351046,
-3.40609406799213E-16));
#35540=AXIS2_PLACEMENT_3D('',#35510,#35520,#35530);
#35550=ELLIPSE('',#35540,0.871723397810549,0.5);
#35560=EDGE_CURVE('',#34570,#35250,#35550,.T.);
#35570=ORIENTED_EDGE('',*,*,#35560,.T.);
#35580=ORIENTED_EDGE('',*,*,#34580,.F.);
#35590=ORIENTED_EDGE('',*,*,#32490,.T.);
#35600=CARTESIAN_POINT('',(70.3671107853445,9.96135879931981,
-1.8499999999994));
#35610=DIRECTION('',(-1.,3.36793676825796E-17,3.33066907387547E-16));
#35620=VECTOR('',#35610,1.);
#35630=LINE('',#35600,#35620);
#35640=EDGE_CURVE('',#32390,#30900,#35630,.T.);
#35650=ORIENTED_EDGE('',*,*,#35640,.F.);
#35660=ORIENTED_EDGE('',*,*,#30910,.T.);
#35670=EDGE_LOOP('',(#35660,#35650,#35590,#35580,#35570,#35500));
#35680=FACE_OUTER_BOUND('',#35670,.T.);
#35690=ADVANCED_FACE('',(#35680),#35490,.T.);
#35700=COLOUR_RGB('',0.94901967048645,0.94901967048645,1.);
#35710=FILL_AREA_STYLE_COLOUR('',#35700);
#35720=FILL_AREA_STYLE('',(#35710));
#35730=SURFACE_STYLE_FILL_AREA(#35720);
#35740=SURFACE_SIDE_STYLE('',(#35730));
#35750=SURFACE_STYLE_USAGE(.BOTH.,#35740);
#35760=PRESENTATION_STYLE_ASSIGNMENT((#35750));
#35770=CARTESIAN_POINT('',(70.3671107853445,10.400025466494,
-1.09020704486684));
#35780=DIRECTION('',(-1.37366265697263E-16,0.866025403784439,-0.5));
#35790=DIRECTION('',(-3.05284086798824E-16,-0.5,-0.866025403784439));
#35800=AXIS2_PLACEMENT_3D('',#35770,#35780,#35790);
#35810=PLANE('',#35800);
#35820=ORIENTED_EDGE('',*,*,#35640,.T.);
#35830=ORIENTED_EDGE('',*,*,#32400,.T.);
#35840=ORIENTED_EDGE('',*,*,#32020,.F.);
#35850=ORIENTED_EDGE('',*,*,#30990,.T.);
#35860=EDGE_LOOP('',(#35850,#35840,#35830,#35820));
#35870=FACE_OUTER_BOUND('',#35860,.T.);
#35880=ADVANCED_FACE('',(#35870),#35810,.F.);
#35890=COLOUR_RGB('',0.94901967048645,0.94901967048645,1.);
#35900=FILL_AREA_STYLE_COLOUR('',#35890);
#35910=FILL_AREA_STYLE('',(#35900));
#35920=SURFACE_STYLE_FILL_AREA(#35910);
#35930=SURFACE_SIDE_STYLE('',(#35920));
#35940=SURFACE_STYLE_USAGE(.BOTH.,#35930);
#35950=PRESENTATION_STYLE_ASSIGNMENT((#35940));
#35960=CARTESIAN_POINT('',(75.2325465869277,10.394371501212,
-1.79999999999941));
#35970=DIRECTION('',(-0.573576436351046,-0.819152044288992,
1.53317520279191E-16));
#35980=DIRECTION('',(0.819152044288992,-0.573576436351046,
-2.99245533456973E-16));
#35990=AXIS2_PLACEMENT_3D('',#35960,#35970,#35980);
#36000=PLANE('',#35990);
#36010=ORIENTED_EDGE('',*,*,#35560,.F.);
#36020=ORIENTED_EDGE('',*,*,#35260,.F.);
#36030=ORIENTED_EDGE('',*,*,#34950,.F.);
#36040=CARTESIAN_POINT('',(75.1500924233142,10.452106528131,
-1.79999999999941));
#36050=DIRECTION('',(-0.581124101764717,0.406907476691001,
-0.704784423608463));
#36060=VECTOR('',#36050,1.);
#36070=LINE('',#36040,#36060);
#36080=EDGE_CURVE('',#33110,#34860,#36070,.T.);
#36090=ORIENTED_EDGE('',*,*,#36080,.T.);
#36100=ORIENTED_EDGE('',*,*,#34640,.T.);
#36110=EDGE_LOOP('',(#36100,#36090,#36030,#36020,#36010));
#36120=FACE_OUTER_BOUND('',#36110,.T.);
#36130=ADVANCED_FACE('',(#36120),#36000,.F.);
#36140=COLOUR_RGB('',0.94901967048645,0.94901967048645,1.);
#36150=FILL_AREA_STYLE_COLOUR('',#36140);
#36160=FILL_AREA_STYLE('',(#36150));
#36170=SURFACE_STYLE_FILL_AREA(#36160);
#36180=SURFACE_SIDE_STYLE('',(#36170));
#36190=SURFACE_STYLE_USAGE(.BOTH.,#36180);
#36200=PRESENTATION_STYLE_ASSIGNMENT((#36190));
#36210=CARTESIAN_POINT('',(76.796685362747,10.394371501212,
-2.09999999999941));
#36220=DIRECTION('',(1.,-3.36793676825796E-17,-3.33066907387547E-16));
#36230=DIRECTION('',(3.05284086798824E-16,0.5,0.866025403784439));
#36240=AXIS2_PLACEMENT_3D('',#36210,#36220,#36230);
#36250=CYLINDRICAL_SURFACE('',#36240,0.2);
#36260=ORIENTED_EDGE('',*,*,#32850,.T.);
#36270=ORIENTED_EDGE('',*,*,#33900,.T.);
#36280=CARTESIAN_POINT('',(70.3671107853445,10.5675765819689,
-1.9999999999994));
#36290=DIRECTION('',(-1.,3.36793676825796E-17,3.33066907387547E-16));
#36300=VECTOR('',#36290,1.);
#36310=LINE('',#36280,#36300);
#36320=EDGE_CURVE('',#33130,#30570,#36310,.T.);
#36330=ORIENTED_EDGE('',*,*,#36320,.F.);
#36340=ORIENTED_EDGE('',*,*,#30580,.F.);
#36350=EDGE_LOOP('',(#36340,#36330,#36270,#36260));
#36360=FACE_OUTER_BOUND('',#36350,.T.);
#36370=ADVANCED_FACE('',(#36360),#36250,.F.);
#36380=COLOUR_RGB('',0.94901967048645,0.94901967048645,1.);
#36390=FILL_AREA_STYLE_COLOUR('',#36380);
#36400=FILL_AREA_STYLE('',(#36390));
#36410=SURFACE_STYLE_FILL_AREA(#36400);
#36420=SURFACE_SIDE_STYLE('',(#36410));
#36430=SURFACE_STYLE_USAGE(.BOTH.,#36420);
#36440=PRESENTATION_STYLE_ASSIGNMENT((#36430));
#36450=CARTESIAN_POINT('',(70.3671107853445,10.6931311813353,
-2.21746694522594));
#36460=DIRECTION('',(-1.95700641690284E-16,-0.866025403784439,-0.5));
#36470=DIRECTION('',(2.71604719116245E-16,-0.5,0.866025403784439));
#36480=AXIS2_PLACEMENT_3D('',#36450,#36460,#36470);
#36490=PLANE('',#36480);
#36500=ORIENTED_EDGE('',*,*,#34870,.T.);
#36510=ORIENTED_EDGE('',*,*,#30660,.T.);
#36520=ORIENTED_EDGE('',*,*,#36320,.T.);
#36530=ORIENTED_EDGE('',*,*,#33140,.T.);
#36540=ORIENTED_EDGE('',*,*,#36080,.F.);
#36550=EDGE_LOOP('',(#36540,#36530,#36520,#36510,#36500));
#36560=FACE_OUTER_BOUND('',#36550,.T.);
#36570=ADVANCED_FACE('',(#36560),#36490,.T.);
#36580=COLOUR_RGB('',0.94901967048645,0.94901967048645,1.);
#36590=FILL_AREA_STYLE_COLOUR('',#36580);
#36600=FILL_AREA_STYLE('',(#36590));
#36610=SURFACE_STYLE_FILL_AREA(#36600);
#36620=SURFACE_SIDE_STYLE('',(#36610));
#36630=SURFACE_STYLE_USAGE(.BOTH.,#36620);
#36640=PRESENTATION_STYLE_ASSIGNMENT((#36630));
#36650=CARTESIAN_POINT('',(67.8971844244268,11.8493715012136,
-23.0360064322145));
#36660=DIRECTION('',(-2.39719729596847E-15,-1.,-1.5366371098034E-14));
#36670=DIRECTION('',(-1.,2.39719729596847E-15,0.));
#36680=AXIS2_PLACEMENT_3D('',#36650,#36660,#36670);
#36690=PLANE('',#36680);
#36700=ORIENTED_EDGE('',*,*,#11170,.T.);
#36710=ORIENTED_EDGE('',*,*,#17500,.T.);
#36720=CARTESIAN_POINT('',(0.,11.849371501214,-37.6173787352675));
#36730=DIRECTION('',(-0.866025403784441,9.71445146547012E-15,
-0.499999999999996));
#36740=VECTOR('',#36730,1.);
#36750=LINE('',#36720,#36740);
#36760=CARTESIAN_POINT('',(67.3202747265052,11.8493715012132,
1.24999999999936));
#36770=VERTEX_POINT('',#36760);
#36780=EDGE_CURVE('',#36770,#17430,#36750,.T.);
#36790=ORIENTED_EDGE('',*,*,#36780,.T.);
#36800=CARTESIAN_POINT('',(-4.79439459193693E-16,11.8493715012134,
1.24999999999937));
#36810=DIRECTION('',(-1.,2.39719729596847E-15,0.));
#36820=VECTOR('',#36810,1.);
#36830=LINE('',#36800,#36820);
#36840=CARTESIAN_POINT('',(68.1114194918809,11.8493715012132,
1.24999999999937));
#36850=VERTEX_POINT('',#36840);
#36860=EDGE_CURVE('',#36850,#36770,#36830,.T.);
#36870=ORIENTED_EDGE('',*,*,#36860,.T.);
#36880=CARTESIAN_POINT('',(67.8910107659957,11.8493715012132,
1.48281387168936E-12));
#36890=DIRECTION('',(0.173648177666931,-1.55708779203678E-14,
0.984807753012208));
#36900=VECTOR('',#36890,1.);
#36910=LINE('',#36880,#36900);
#36920=EDGE_CURVE('',#11160,#36850,#36910,.T.);
#36930=ORIENTED_EDGE('',*,*,#36920,.T.);
#36940=EDGE_LOOP('',(#36930,#36870,#36790,#36710,#36700));
#36950=FACE_OUTER_BOUND('',#36940,.T.);
#36960=ADVANCED_FACE('',(#36950),#36690,.T.);
#36970=COLOUR_RGB('',0.34901961684227,0.34901961684227,0.34901961684227)
;
#36980=FILL_AREA_STYLE_COLOUR('',#36970);
#36990=FILL_AREA_STYLE('',(#36980));
#37000=SURFACE_STYLE_FILL_AREA(#36990);
#37010=SURFACE_SIDE_STYLE('',(#37000));
#37020=SURFACE_STYLE_USAGE(.BOTH.,#37010);
#37030=PRESENTATION_STYLE_ASSIGNMENT((#37020));
#37040=CARTESIAN_POINT('',(0.,12.349371501214,-37.6173787352675));
#37050=DIRECTION('',(0.866025403784441,-9.71445146547012E-15,
0.499999999999996));
#37060=VECTOR('',#37050,1.);
#37070=LINE('',#37040,#37060);
#37080=CARTESIAN_POINT('',(67.666684888019,12.3493715012132,
1.44999999999937));
#37090=VERTEX_POINT('',#37080);
#37100=EDGE_CURVE('',#17350,#37090,#37070,.T.);
#37110=ORIENTED_EDGE('',*,*,#37100,.F.);
#37120=CARTESIAN_POINT('',(67.666684888019,12.0493715012132,
1.44999999999937));
#37130=VERTEX_POINT('',#37120);
#37140=EDGE_CURVE('',#37130,#37090,#17820,.T.);
#37150=ORIENTED_EDGE('',*,*,#37140,.T.);
#37160=CARTESIAN_POINT('',(67.3202747265052,12.0493715012132,
1.24999999999937));
#37170=DIRECTION('',(-0.499999999999996,-1.21090690868923E-14,
0.866025403784441));
#37180=DIRECTION('',(0.866025403784441,-9.75921930520901E-15,
0.499999999999996));
#37190=AXIS2_PLACEMENT_3D('',#37160,#37170,#37180);
#37200=ELLIPSE('',#37190,0.400000000000004,0.2);
#37210=EDGE_CURVE('',#36770,#37130,#37200,.T.);
#37220=ORIENTED_EDGE('',*,*,#37210,.T.);
#37230=ORIENTED_EDGE('',*,*,#36780,.F.);
#37240=ORIENTED_EDGE('',*,*,#17440,.F.);
#37250=EDGE_LOOP('',(#37240,#37230,#37220,#37150,#37110));
#37260=FACE_OUTER_BOUND('',#37250,.T.);
#37270=ADVANCED_FACE('',(#37260),#17600,.T.);
#37280=COLOUR_RGB('',0.34901961684227,0.34901961684227,0.34901961684227)
;
#37290=FILL_AREA_STYLE_COLOUR('',#37280);
#37300=FILL_AREA_STYLE('',(#37290));
#37310=SURFACE_STYLE_FILL_AREA(#37300);
#37320=SURFACE_SIDE_STYLE('',(#37310));
#37330=SURFACE_STYLE_USAGE(.BOTH.,#37320);
#37340=PRESENTATION_STYLE_ASSIGNMENT((#37330));
#37350=CARTESIAN_POINT('',(67.8971844244268,12.3493715012136,
-23.0360064322145));
#37360=DIRECTION('',(-2.39719729596847E-15,-1.,-1.5366371098034E-14));
#37370=DIRECTION('',(-1.,2.39719729596847E-15,0.));
#37380=AXIS2_PLACEMENT_3D('',#37350,#37360,#37370);
#37390=PLANE('',#37380);
#37400=CARTESIAN_POINT('',(0.,12.3493715012135,-11.4547509475419));
#37410=DIRECTION('',(-0.984807753012208,5.00988139862102E-15,
-0.17364817766693));
#37420=VECTOR('',#37410,1.);
#37430=LINE('',#37400,#37420);
#37440=CARTESIAN_POINT('',(67.4895608287284,12.3493715012132,
0.445479542728041));
#37450=VERTEX_POINT('',#37440);
#37460=EDGE_CURVE('',#37450,#17270,#37430,.T.);
#37470=ORIENTED_EDGE('',*,*,#37460,.T.);
#37480=CARTESIAN_POINT('',(67.4110107659921,12.3493715012132,
1.48281387168936E-12));
#37490=DIRECTION('',(0.173648177666931,-1.55708779203678E-14,
0.984807753012208));
#37500=VECTOR('',#37490,1.);
#37510=LINE('',#37480,#37500);
#37520=EDGE_CURVE('',#37450,#37090,#37510,.T.);
#37530=ORIENTED_EDGE('',*,*,#37520,.F.);
#37540=ORIENTED_EDGE('',*,*,#37100,.T.);
#37550=ORIENTED_EDGE('',*,*,#17360,.F.);
#37560=EDGE_LOOP('',(#37550,#37540,#37530,#37470));
#37570=FACE_OUTER_BOUND('',#37560,.T.);
#37580=ADVANCED_FACE('',(#37570),#37390,.F.);
#37590=COLOUR_RGB('',0.34901961684227,0.34901961684227,0.34901961684227)
;
#37600=FILL_AREA_STYLE_COLOUR('',#37590);
#37610=FILL_AREA_STYLE('',(#37600));
#37620=SURFACE_STYLE_FILL_AREA(#37610);
#37630=SURFACE_SIDE_STYLE('',(#37620));
#37640=SURFACE_STYLE_USAGE(.BOTH.,#37630);
#37650=PRESENTATION_STYLE_ASSIGNMENT((#37640));
#37660=CARTESIAN_POINT('',(0.,12.0493715012134,1.24999999999937));
#37670=DIRECTION('',(-1.,2.39719729596847E-15,0.));
#37680=DIRECTION('',(2.39719729596847E-15,1.,0.));
#37690=AXIS2_PLACEMENT_3D('',#37660,#37670,#37680);
#37700=CYLINDRICAL_SURFACE('',#37690,0.2);
#37710=ORIENTED_EDGE('',*,*,#37210,.F.);
#37720=CARTESIAN_POINT('',(-7.36724464901104E-30,12.0493715012133,
1.44999999999937));
#37730=DIRECTION('',(-1.,2.39719729596847E-15,0.));
#37740=VECTOR('',#37730,1.);
#37750=LINE('',#37720,#37740);
#37760=CARTESIAN_POINT('',(68.1466848880226,12.0493715012132,
1.44999999999937));
#37770=VERTEX_POINT('',#37760);
#37780=EDGE_CURVE('',#37770,#37130,#37750,.T.);
#37790=ORIENTED_EDGE('',*,*,#37780,.T.);
#37800=CARTESIAN_POINT('',(68.1114194918809,12.0493715012132,
1.24999999999937));
#37810=DIRECTION('',(0.984807753012208,3.0756385595776E-16,
-0.173648177666931));
#37820=DIRECTION('',(-0.173648177666931,1.55491903349597E-14,
-0.984807753012208));
#37830=AXIS2_PLACEMENT_3D('',#37800,#37810,#37820);
#37840=ELLIPSE('',#37830,0.203085322377149,0.2);
#37850=EDGE_CURVE('',#37770,#36850,#37840,.T.);
#37860=ORIENTED_EDGE('',*,*,#37850,.F.);
#37870=ORIENTED_EDGE('',*,*,#36860,.F.);
#37880=EDGE_LOOP('',(#37870,#37860,#37790,#37710));
#37890=FACE_OUTER_BOUND('',#37880,.T.);
#37900=ADVANCED_FACE('',(#37890),#37700,.T.);
#37910=CARTESIAN_POINT('',(67.8971844244268,13.2493715012137,
-23.0360064322145));
#37920=DIRECTION('',(-2.39719729596847E-15,-1.,-1.5366371098034E-14));
#37930=DIRECTION('',(-1.,2.39719729596847E-15,0.));
#37940=AXIS2_PLACEMENT_3D('',#37910,#37920,#37930);
#37950=PLANE('',#37940);
#37960=ORIENTED_EDGE('',*,*,#17200,.T.);
#37970=ORIENTED_EDGE('',*,*,#17910,.F.);
#37980=CARTESIAN_POINT('',(67.4110107659921,13.2493715012133,
1.48281387168936E-12));
#37990=DIRECTION('',(0.173648177666931,-1.55708779203678E-14,
0.984807753012208));
#38000=VECTOR('',#37990,1.);
#38010=LINE('',#37980,#38000);
#38020=CARTESIAN_POINT('',(67.4895608287284,13.2493715012133,
0.445479542727955));
#38030=VERTEX_POINT('',#38020);
#38040=EDGE_CURVE('',#38030,#17840,#38010,.T.);
#38050=ORIENTED_EDGE('',*,*,#38040,.T.);
#38060=CARTESIAN_POINT('',(0.,13.2493715012136,-11.454750947542));
#38070=DIRECTION('',(0.984807753012208,-5.00988139862102E-15,
0.17364817766693));
#38080=VECTOR('',#38070,1.);
#38090=LINE('',#38060,#38080);
#38100=EDGE_CURVE('',#17190,#38030,#38090,.T.);
#38110=ORIENTED_EDGE('',*,*,#38100,.T.);
#38120=EDGE_LOOP('',(#38110,#38050,#37970,#37960));
#38130=FACE_OUTER_BOUND('',#38120,.T.);
#38140=ADVANCED_FACE('',(#38130),#37950,.T.);
#38150=COLOUR_RGB('',0.34901961684227,0.34901961684227,0.34901961684227)
;
#38160=FILL_AREA_STYLE_COLOUR('',#38150);
#38170=FILL_AREA_STYLE('',(#38160));
#38180=SURFACE_STYLE_FILL_AREA(#38170);
#38190=SURFACE_SIDE_STYLE('',(#38180));
#38200=SURFACE_STYLE_USAGE(.BOTH.,#38190);
#38210=PRESENTATION_STYLE_ASSIGNMENT((#38200));
#38220=CARTESIAN_POINT('',(67.8130592423369,17.8409264189645,
2.28013021450122));
#38230=DIRECTION('',(0.984807753012208,2.15833062424601E-15,
-0.173648177666931));
#38240=DIRECTION('',(-0.173648177666931,2.60454102603054E-14,
-0.984807753012208));
#38250=AXIS2_PLACEMENT_3D('',#38220,#38230,#38240);
#38260=PLANE('',#38250);
#38270=ORIENTED_EDGE('',*,*,#38040,.F.);
#38280=CARTESIAN_POINT('',(67.666684888019,18.1167989343062,
1.44999999999943));
#38290=DIRECTION('',(3.04876083779065E-16,1.,1.41583688829453E-14));
#38300=VECTOR('',#38290,1.);
#38310=LINE('',#38280,#38300);
#38320=EDGE_CURVE('',#37090,#17840,#38310,.T.);
#38330=ORIENTED_EDGE('',*,*,#38320,.T.);
#38340=ORIENTED_EDGE('',*,*,#37520,.T.);
#38350=CARTESIAN_POINT('',(67.4895608287287,3.14770431941724E-12,
0.445479542729218));
#38360=DIRECTION('',(1.90055628407897E-14,-1.,9.53565723187995E-14));
#38370=VECTOR('',#38360,1.);
#38380=LINE('',#38350,#38370);
#38390=EDGE_CURVE('',#38030,#37450,#38380,.T.);
#38400=ORIENTED_EDGE('',*,*,#38390,.T.);
#38410=EDGE_LOOP('',(#38400,#38340,#38330,#38270));
#38420=FACE_OUTER_BOUND('',#38410,.T.);
#38430=ADVANCED_FACE('',(#38420),#38260,.F.);
#38440=COLOUR_RGB('',0.34901961684227,0.34901961684227,0.34901961684227)
;
#38450=FILL_AREA_STYLE_COLOUR('',#38440);
#38460=FILL_AREA_STYLE('',(#38450));
#38470=SURFACE_STYLE_FILL_AREA(#38460);
#38480=SURFACE_SIDE_STYLE('',(#38470));
#38490=SURFACE_STYLE_USAGE(.BOTH.,#38480);
#38500=PRESENTATION_STYLE_ASSIGNMENT((#38490));
#38510=CARTESIAN_POINT('',(65.2466848880226,3.14770431941724E-12,
0.0500000000008511));
#38520=DIRECTION('',(-0.17364817766693,9.06076103673856E-14,
0.984807753012208));
#38530=DIRECTION('',(3.64188133988215E-17,1.,-9.19989571870105E-14));
#38540=AXIS2_PLACEMENT_3D('',#38510,#38520,#38530);
#38550=PLANE('',#38540);
#38560=ORIENTED_EDGE('',*,*,#38100,.F.);
#38570=ORIENTED_EDGE('',*,*,#38390,.F.);
#38580=ORIENTED_EDGE('',*,*,#37460,.F.);
#38590=ORIENTED_EDGE('',*,*,#17280,.F.);
#38600=EDGE_LOOP('',(#38590,#38580,#38570,#38560));
#38610=FACE_OUTER_BOUND('',#38600,.T.);
#38620=ADVANCED_FACE('',(#38610),#38550,.T.);
#38630=CARTESIAN_POINT('',(67.8971844244268,13.7493715012137,
-23.0360064322145));
#38640=DIRECTION('',(-2.39719729596847E-15,-1.,-1.5366371098034E-14));
#38650=DIRECTION('',(-1.,2.39719729596847E-15,0.));
#38660=AXIS2_PLACEMENT_3D('',#38630,#38640,#38650);
#38670=PLANE('',#38660);
#38680=CARTESIAN_POINT('',(67.8910107659957,13.7493715012133,
1.48281387168936E-12));
#38690=DIRECTION('',(0.173648177666931,-1.55708779203678E-14,
0.984807753012208));
#38700=VECTOR('',#38690,1.);
#38710=LINE('',#38680,#38700);
#38720=CARTESIAN_POINT('',(68.1114194918809,13.7493715012133,
1.24999999999939));
#38730=VERTEX_POINT('',#38720);
#38740=EDGE_CURVE('',#11240,#38730,#38710,.T.);
#38750=ORIENTED_EDGE('',*,*,#38740,.F.);
#38760=CARTESIAN_POINT('',(4.79439459193693E-16,13.7493715012134,
1.2499999999994));
#38770=DIRECTION('',(-1.,2.39719729596847E-15,0.));
#38780=VECTOR('',#38770,1.);
#38790=LINE('',#38760,#38780);
#38800=EDGE_CURVE('',#38730,#17670,#38790,.T.);
#38810=ORIENTED_EDGE('',*,*,#38800,.F.);
#38820=ORIENTED_EDGE('',*,*,#17680,.F.);
#38830=ORIENTED_EDGE('',*,*,#17040,.F.);
#38840=ORIENTED_EDGE('',*,*,#11330,.F.);
#38850=EDGE_LOOP('',(#38840,#38830,#38820,#38810,#38750));
#38860=FACE_OUTER_BOUND('',#38850,.T.);
#38870=ADVANCED_FACE('',(#38860),#38670,.F.);
#38880=COLOUR_RGB('',0.34901961684227,0.34901961684227,0.34901961684227)
;
#38890=FILL_AREA_STYLE_COLOUR('',#38880);
#38900=FILL_AREA_STYLE('',(#38890));
#38910=SURFACE_STYLE_FILL_AREA(#38900);
#38920=SURFACE_SIDE_STYLE('',(#38910));
#38930=SURFACE_STYLE_USAGE(.BOTH.,#38920);
#38940=PRESENTATION_STYLE_ASSIGNMENT((#38930));
#38950=CARTESIAN_POINT('',(68.1466848880226,12.7993715012133,
1.44999999999938));
#38960=DIRECTION('',(0.984807753012208,3.0756385595776E-16,
-0.173648177666931));
#38970=DIRECTION('',(-0.173648177666931,1.55491903349597E-14,
-0.984807753012208));
#38980=AXIS2_PLACEMENT_3D('',#38950,#38960,#38970);
#38990=PLANE('',#38980);
#39000=ORIENTED_EDGE('',*,*,#36920,.F.);
#39010=ORIENTED_EDGE('',*,*,#37850,.T.);
#39020=CARTESIAN_POINT('',(68.1466848880226,18.1167989343062,
1.44999999999947));
#39030=DIRECTION('',(-2.39719729596847E-15,-1.,-1.5366371098034E-14));
#39040=VECTOR('',#39030,1.);
#39050=LINE('',#39020,#39040);
#39060=CARTESIAN_POINT('',(68.1466848880226,13.5493715012133,
1.44999999999939));
#39070=VERTEX_POINT('',#39060);
#39080=EDGE_CURVE('',#39070,#37770,#39050,.T.);
#39090=ORIENTED_EDGE('',*,*,#39080,.T.);
#39100=CARTESIAN_POINT('',(68.1114194918809,13.5493715012133,
1.24999999999939));
#39110=DIRECTION('',(0.984807753012208,3.0756385595776E-16,
-0.173648177666931));
#39120=DIRECTION('',(-0.173648177666931,1.55491903349597E-14,
-0.984807753012208));
#39130=AXIS2_PLACEMENT_3D('',#39100,#39110,#39120);
#39140=ELLIPSE('',#39130,0.203085322377149,0.2);
#39150=EDGE_CURVE('',#38730,#39070,#39140,.T.);
#39160=ORIENTED_EDGE('',*,*,#39150,.T.);
#39170=ORIENTED_EDGE('',*,*,#38740,.T.);
#39180=ORIENTED_EDGE('',*,*,#11250,.T.);
#39190=EDGE_LOOP('',(#39180,#39170,#39160,#39090,#39010,#39000));
#39200=FACE_OUTER_BOUND('',#39190,.T.);
#39210=ADVANCED_FACE('',(#39200),#38990,.T.);
#39220=COLOUR_RGB('',0.34901961684227,0.34901961684227,0.34901961684227)
;
#39230=FILL_AREA_STYLE_COLOUR('',#39220);
#39240=FILL_AREA_STYLE('',(#39230));
#39250=SURFACE_STYLE_FILL_AREA(#39240);
#39260=SURFACE_SIDE_STYLE('',(#39250));
#39270=SURFACE_STYLE_USAGE(.BOTH.,#39260);
#39280=PRESENTATION_STYLE_ASSIGNMENT((#39270));
#39290=CARTESIAN_POINT('',(67.671556018619,12.7993715012133,
1.44999999999938));
#39300=DIRECTION('',(-3.68362232450552E-29,-1.5366371098034E-14,1.));
#39310=DIRECTION('',(1.,-2.39719729596847E-15,0.));
#39320=AXIS2_PLACEMENT_3D('',#39290,#39300,#39310);
#39330=PLANE('',#39320);
#39340=CARTESIAN_POINT('',(-7.36724464901104E-30,13.5493715012134,
1.44999999999939));
#39350=DIRECTION('',(-1.,2.39719729596847E-15,0.));
#39360=VECTOR('',#39350,1.);
#39370=LINE('',#39340,#39360);
#39380=EDGE_CURVE('',#39070,#17760,#39370,.T.);
#39390=ORIENTED_EDGE('',*,*,#39380,.T.);
#39400=ORIENTED_EDGE('',*,*,#39080,.F.);
#39410=ORIENTED_EDGE('',*,*,#37780,.F.);
#39420=ORIENTED_EDGE('',*,*,#37140,.F.);
#39430=ORIENTED_EDGE('',*,*,#38320,.F.);
#39440=ORIENTED_EDGE('',*,*,#17850,.F.);
#39450=EDGE_LOOP('',(#39440,#39430,#39420,#39410,#39400,#39390));
#39460=FACE_OUTER_BOUND('',#39450,.T.);
#39470=ADVANCED_FACE('',(#39460),#39330,.T.);
#39480=COLOUR_RGB('',0.34901961684227,0.34901961684227,0.34901961684227)
;
#39490=FILL_AREA_STYLE_COLOUR('',#39480);
#39500=FILL_AREA_STYLE('',(#39490));
#39510=SURFACE_STYLE_FILL_AREA(#39500);
#39520=SURFACE_SIDE_STYLE('',(#39510));
#39530=SURFACE_STYLE_USAGE(.BOTH.,#39520);
#39540=PRESENTATION_STYLE_ASSIGNMENT((#39530));
#39550=CARTESIAN_POINT('',(0.,13.5493715012134,1.24999999999939));
#39560=DIRECTION('',(-1.,2.39719729596847E-15,0.));
#39570=DIRECTION('',(2.39719729596847E-15,1.,0.));
#39580=AXIS2_PLACEMENT_3D('',#39550,#39560,#39570);
#39590=CYLINDRICAL_SURFACE('',#39580,0.2);
#39600=ORIENTED_EDGE('',*,*,#39150,.F.);
#39610=ORIENTED_EDGE('',*,*,#39380,.F.);
#39620=ORIENTED_EDGE('',*,*,#17770,.F.);
#39630=ORIENTED_EDGE('',*,*,#38800,.T.);
#39640=EDGE_LOOP('',(#39630,#39620,#39610,#39600));
#39650=FACE_OUTER_BOUND('',#39640,.T.);
#39660=ADVANCED_FACE('',(#39650),#39590,.T.);
#39670=CARTESIAN_POINT('',(-7.105427357601E-13,15.2993715012117,
-5.40000000000169));
#39680=DIRECTION('',(1.,0.,0.));
#39690=DIRECTION('',(0.,-1.,0.));
#39700=AXIS2_PLACEMENT_3D('',#39670,#39680,#39690);
#39710=CYLINDRICAL_SURFACE('',#39700,0.2);
#39720=CARTESIAN_POINT('',(-7.105427357601E-13,15.4993715012117,
-5.40000000000169));
#39730=DIRECTION('',(1.,0.,0.));
#39740=VECTOR('',#39730,1.);
#39750=LINE('',#39720,#39740);
#39760=CARTESIAN_POINT('',(58.8966848880224,15.4993715012117,
-5.40000000000169));
#39770=VERTEX_POINT('',#39760);
#39780=CARTESIAN_POINT('',(61.1466848880224,15.4993715012117,
-5.40000000000169));
#39790=VERTEX_POINT('',#39780);
#39800=EDGE_CURVE('',#39770,#39790,#39750,.T.);
#39810=ORIENTED_EDGE('',*,*,#39800,.F.);
#39820=CARTESIAN_POINT('',(61.1466848880224,15.2993715012117,
-5.40000000000169));
#39830=DIRECTION('',(1.,0.,0.));
#39840=DIRECTION('',(0.,-1.,0.));
#39850=AXIS2_PLACEMENT_3D('',#39820,#39830,#39840);
#39860=CIRCLE('',#39850,0.2);
#39870=CARTESIAN_POINT('',(61.1466848880224,15.2993715012117,
-5.20000000000169));
#39880=VERTEX_POINT('',#39870);
#39890=EDGE_CURVE('',#39790,#39880,#39860,.T.);
#39900=ORIENTED_EDGE('',*,*,#39890,.F.);
#39910=CARTESIAN_POINT('',(-7.105427357601E-13,15.2993715012117,
-5.20000000000169));
#39920=DIRECTION('',(1.,0.,0.));
#39930=VECTOR('',#39920,1.);
#39940=LINE('',#39910,#39930);
#39950=CARTESIAN_POINT('',(58.8966848880224,15.2993715012117,
-5.20000000000169));
#39960=VERTEX_POINT('',#39950);
#39970=EDGE_CURVE('',#39960,#39880,#39940,.T.);
#39980=ORIENTED_EDGE('',*,*,#39970,.T.);
#39990=CARTESIAN_POINT('',(58.8966848880224,15.2993715012117,
-5.40000000000169));
#40000=DIRECTION('',(1.,0.,0.));
#40010=DIRECTION('',(0.,-1.,0.));
#40020=AXIS2_PLACEMENT_3D('',#39990,#40000,#40010);
#40030=CIRCLE('',#40020,0.2);
#40040=EDGE_CURVE('',#39770,#39960,#40030,.T.);
#40050=ORIENTED_EDGE('',*,*,#40040,.T.);
#40060=EDGE_LOOP('',(#40050,#39980,#39900,#39810));
#40070=FACE_OUTER_BOUND('',#40060,.T.);
#40080=ADVANCED_FACE('',(#40070),#39710,.T.);
#40090=CARTESIAN_POINT('',(58.6466848880224,8.74937150121166,
-5.60000000000169));
#40100=DIRECTION('',(-1.,0.,0.));
#40110=DIRECTION('',(0.,-1.,0.));
#40120=AXIS2_PLACEMENT_3D('',#40090,#40100,#40110);
#40130=CYLINDRICAL_SURFACE('',#40120,1.65);
#40140=CARTESIAN_POINT('',(58.6466848880224,10.0993715012117,
-6.54868329804709));
#40150=DIRECTION('',(-1.,0.,0.));
#40160=VECTOR('',#40150,1.);
#40170=LINE('',#40140,#40160);
#40180=CARTESIAN_POINT('',(65.2466848880231,10.0993715012117,
-6.54868329804709));
#40190=VERTEX_POINT('',#40180);
#40200=EDGE_CURVE('',#40190,#20630,#40170,.T.);
#40210=ORIENTED_EDGE('',*,*,#40200,.F.);
#40220=ORIENTED_EDGE('',*,*,#21030,.T.);
#40230=CARTESIAN_POINT('',(58.6466848880224,10.0993715012117,
-4.65131670195119));
#40240=DIRECTION('',(-1.,0.,0.));
#40250=VECTOR('',#40240,1.);
#40260=LINE('',#40230,#40250);
#40270=CARTESIAN_POINT('',(65.2466848880231,10.0993715012117,
-4.65131670195119));
#40280=VERTEX_POINT('',#40270);
#40290=EDGE_CURVE('',#40280,#20950,#40260,.T.);
#40300=ORIENTED_EDGE('',*,*,#40290,.T.);
#40310=CARTESIAN_POINT('',(65.2466848880225,8.74937150121166,
-5.60000000000169));
#40320=DIRECTION('',(-1.,0.,0.));
#40330=DIRECTION('',(0.,-1.,0.));
#40340=AXIS2_PLACEMENT_3D('',#40310,#40320,#40330);
#40350=CIRCLE('',#40340,1.65);
#40360=EDGE_CURVE('',#40280,#40190,#40350,.T.);
#40370=ORIENTED_EDGE('',*,*,#40360,.F.);
#40380=EDGE_LOOP('',(#40370,#40300,#40220,#40210));
#40390=FACE_OUTER_BOUND('',#40380,.T.);
#40400=ADVANCED_FACE('',(#40390),#40130,.F.);
#40410=CARTESIAN_POINT('',(76.796685362747,14.204371501212,
-5.59999999999941));
#40420=DIRECTION('',(1.,-3.36793676825796E-17,-3.33066907387547E-16));
#40430=DIRECTION('',(3.05284086798824E-16,0.5,0.866025403784439));
#40440=AXIS2_PLACEMENT_3D('',#40410,#40420,#40430);
#40450=CYLINDRICAL_SURFACE('',#40440,0.5);
#40460=CARTESIAN_POINT('',(70.3671107853445,14.6373842031043,
-5.3499999999994));
#40470=DIRECTION('',(-1.,3.36793676825796E-17,3.33066907387547E-16));
#40480=VECTOR('',#40470,1.);
#40490=LINE('',#40460,#40480);
#40500=CARTESIAN_POINT('',(74.6141403598263,14.6373842031043,
-5.34999999999941));
#40510=VERTEX_POINT('',#40500);
#40520=CARTESIAN_POINT('',(73.5966848880265,14.6373842031043,
-5.34999999999941));
#40530=VERTEX_POINT('',#40520);
#40540=EDGE_CURVE('',#40510,#40530,#40490,.T.);
#40550=ORIENTED_EDGE('',*,*,#40540,.T.);
#40560=CARTESIAN_POINT('',(75.2325465869277,14.204371501212,
-5.59999999999941));
#40570=DIRECTION('',(-0.573576436351046,-0.819152044288992,
1.53317520279191E-16));
#40580=DIRECTION('',(0.819152044288992,-0.573576436351046,
-3.40609406799213E-16));
#40590=AXIS2_PLACEMENT_3D('',#40560,#40570,#40580);
#40600=ELLIPSE('',#40590,0.871723397810549,0.5);
#40610=CARTESIAN_POINT('',(74.9400789971106,14.4091595122848,
-5.14386200495732));
#40620=VERTEX_POINT('',#40610);
#40630=EDGE_CURVE('',#40620,#40510,#40600,.T.);
#40640=ORIENTED_EDGE('',*,*,#40630,.T.);
#40650=CARTESIAN_POINT('',(74.7966848880225,14.204371501212,
-5.29999999999941));
#40660=DIRECTION('',(-3.33066907387547E-16,4.60498265121997E-17,-1.));
#40670=DIRECTION('',(-1.,3.36793676825796E-17,3.33066907387547E-16));
#40680=AXIS2_PLACEMENT_3D('',#40650,#40660,#40670);
#40690=CYLINDRICAL_SURFACE('',#40680,0.25);
#40700=CARTESIAN_POINT('',(76.7325470616523,14.204371501212,
-5.59999999999941));
#40710=DIRECTION('',(1.,-3.36793676825796E-17,-3.33066907387547E-16));
#40720=DIRECTION('',(3.05284086798824E-16,0.5,0.866025403784439));
#40730=AXIS2_PLACEMENT_3D('',#40700,#40710,#40720);
#40740=CYLINDRICAL_SURFACE('',#40730,0.5);
#40750=CARTESIAN_POINT('',(74.9400789971103,14.4091595122844,
-5.14386200495727));
#40760=CARTESIAN_POINT('',(74.9481673469947,14.4034959887236,
-5.14131930573407));
#40770=CARTESIAN_POINT('',(74.9558939209216,14.3973700408814,
-5.13869640223854));
#40780=CARTESIAN_POINT('',(74.9632003741942,14.3908456089723,
-5.13607392061281));
#40790=CARTESIAN_POINT('',(74.9705031320253,14.3843244769758,
-5.13345276537998));
#40800=CARTESIAN_POINT('',(74.9774633884156,14.3773364142275,
-5.13080412996853));
#40810=CARTESIAN_POINT('',(74.9840100064081,14.3699290441449,
-5.12820481140801));
#40820=CARTESIAN_POINT('',(74.9905564812004,14.3625218360905,
-5.12560554970475));
#40830=CARTESIAN_POINT('',(74.996687068096,14.3546975569573,
-5.12305680643473));
#40840=CARTESIAN_POINT('',(75.0023386927471,14.3465211146568,
-5.12063220029082));
#40850=CARTESIAN_POINT('',(75.0079903889713,14.3383445688085,
-5.11820756344129));
#40860=CARTESIAN_POINT('',(75.0131612523413,14.3298186083909,
-5.11590814657312));
#40870=CARTESIAN_POINT('',(75.0178035805891,14.321018506307,
-5.11379687762936));
#40880=CARTESIAN_POINT('',(75.020126097821,14.3166158902829,
-5.112740627782));
#40890=CARTESIAN_POINT('',(75.0223109051057,14.3121571902312,
-5.11173390579926));
#40900=CARTESIAN_POINT('',(75.0243697864467,14.307616777276,
-5.11077570279977));
#40910=CARTESIAN_POINT('',(75.0264295400733,14.3030744406857,
-5.10981709383876));
#40920=CARTESIAN_POINT('',(75.0283636026319,14.2984475081538,
-5.10890681191569));
#40930=CARTESIAN_POINT('',(75.0301626031662,14.2937479887871,
-5.10805300745982));
#40940=CARTESIAN_POINT('',(75.0337608517413,14.2843483034939,
-5.10634528108165));
#40950=CARTESIAN_POINT('',(75.0368158556553,14.2746599240344,
-5.10486538524196));
#40960=CARTESIAN_POINT('',(75.0392728946599,14.2647954950857,
-5.10366448750372));
#40970=CARTESIAN_POINT('',(75.0417299738076,14.2549309049723,
-5.10246357014525));
#40980=CARTESIAN_POINT('',(75.0435871919904,14.2448979760529,
-5.10154278406851));
#40990=CARTESIAN_POINT('',(75.0448240272674,14.2348176434105,
-5.10092782843979));
#41000=CARTESIAN_POINT('',(75.0460602834308,14.2247420306033,
-5.10031316074693));
#41010=CARTESIAN_POINT('',(75.0466807535915,14.214619579424,
-5.10000206721477));
#41020=CARTESIAN_POINT('',(75.0466848674748,14.2044728611509,
-5.10000001027324));
#41030=CARTESIAN_POINT('',(75.0466889778563,14.1943347798574,
-5.0999979550826));
#41040=CARTESIAN_POINT('',(75.0460737250952,14.1841376420213,
-5.10030645914035));
#41050=CARTESIAN_POINT('',(75.0448338263453,14.1740053290912,
-5.10092295625693));
#41060=CARTESIAN_POINT('',(75.0442139627992,14.1689398740105,
-5.10123116213973));
#41070=CARTESIAN_POINT('',(75.0434386202742,14.1638919996648,
-5.1016158575805));
#41080=CARTESIAN_POINT('',(75.0425108440391,14.1588786517904,
-5.10207390041082));
#41090=CARTESIAN_POINT('',(75.0415830676261,14.1538653029543,
-5.10253194332901));
#41100=CARTESIAN_POINT('',(75.0405029141414,14.1488867681063,
-5.10306329996531));
#41110=CARTESIAN_POINT('',(75.0392758365572,14.1439593195842,
-5.10366304962097));
#41120=CARTESIAN_POINT('',(75.0368212785186,14.134102804776,
-5.10486274584015));
#41130=CARTESIAN_POINT('',(75.0337790829937,14.1244581233084,
-5.10633634495861));
#41140=CARTESIAN_POINT('',(75.0302127449835,14.1151261090444,
-5.10802920820701));
#41150=CARTESIAN_POINT('',(75.0266425407943,14.1057839781738,
-5.10972390664671));
#41160=CARTESIAN_POINT('',(75.0225074765325,14.0966493686633,
-5.11165727493303));
#41170=CARTESIAN_POINT('',(75.0178472572905,14.0878073282436,
-5.11377701249245));
#41180=CARTESIAN_POINT('',(75.0131871434485,14.0789654878042,
-5.11589670210981));
#41190=CARTESIAN_POINT('',(75.0080037808573,14.0704200790736,
-5.11820164059611));
#41200=CARTESIAN_POINT('',(75.0023571397199,14.0622485794795,
-5.12062428605658));
#41210=CARTESIAN_POINT('',(74.9967104453398,14.0540770028356,
-5.12304695436043));
#41220=CARTESIAN_POINT('',(74.9906026899221,14.0462822261685,
-5.12558606633358));
#41230=CARTESIAN_POINT('',(74.9841072729154,14.0389240786239,
-5.12816618353544));
#41240=CARTESIAN_POINT('',(74.9776217263442,14.0315771125202,
-5.13074237999123));
#41250=CARTESIAN_POINT('',(74.9706797930952,14.0245849671886,
-5.13338766592776));
#41260=CARTESIAN_POINT('',(74.9633217795975,14.0180058757163,
-5.13603033112701));
#41270=CARTESIAN_POINT('',(74.9559646339578,14.0114275602302,
-5.13867268463094));
#41280=CARTESIAN_POINT('',(74.9481962259873,14.005267234988,
-5.14131022717147));
#41290=CARTESIAN_POINT('',(74.9400789971106,13.9995834901392,
-5.14386200495732));
#41300=B_SPLINE_CURVE_WITH_KNOTS('',3,(#40750,#40760,#40770,#40780,
#40790,#40800,#40810,#40820,#40830,#40840,#40850,#40860,#40870,#40880,
#40890,#40900,#40910,#40920,#40930,#40940,#40950,#40960,#40970,#40980,
#40990,#41000,#41010,#41020,#41030,#41040,#41050,#41060,#41070,#41080,
#41090,#41100,#41110,#41120,#41130,#41140,#41150,#41160,#41170,#41180,
#41190,#41200,#41210,#41220,#41230,#41240,#41250,#41260,#41270,#41280,
#41290),.UNSPECIFIED.,.F.,.F.,(4,3,3,3,3,3,3,3,3,3,3,3,3,3,3,3,3,3,4),(
0.,0.0305232718660766,0.0610761902264348,0.0917728592053997,
0.122389781451403,0.137618773703228,0.152895894528111,0.18358526161425,
0.214218332235582,0.244657630516556,0.275218933017216,0.290569089053312,
0.305920471790254,0.336479735863982,0.367032481758147,0.397711732658331,
0.428289879783326,0.458826171214197,0.489517989124683),.UNSPECIFIED.);
#41310=SURFACE_CURVE('',#41300,(#40690,#40740),.CURVE_3D.);
#41320=EDGE_CURVE('',#40620,#23970,#41310,.T.);
#41330=ORIENTED_EDGE('',*,*,#41320,.F.);
#41340=ORIENTED_EDGE('',*,*,#23980,.T.);
#41350=CARTESIAN_POINT('',(70.3671107853445,13.7713587993198,
-5.3499999999994));
#41360=DIRECTION('',(-1.,3.36793676825796E-17,3.33066907387547E-16));
#41370=VECTOR('',#41360,1.);
#41380=LINE('',#41350,#41370);
#41390=CARTESIAN_POINT('',(73.5966848880265,13.7713587993198,
-5.34999999999941));
#41400=VERTEX_POINT('',#41390);
#41410=EDGE_CURVE('',#23880,#41400,#41380,.T.);
#41420=ORIENTED_EDGE('',*,*,#41410,.F.);
#41430=CARTESIAN_POINT('',(73.5966848880265,14.204371501212,
-5.59999999999941));
#41440=DIRECTION('',(1.,-3.36793676825796E-17,-3.33066907387547E-16));
#41450=DIRECTION('',(3.05284086798824E-16,0.5,0.866025403784439));
#41460=AXIS2_PLACEMENT_3D('',#41430,#41440,#41450);
#41470=CIRCLE('',#41460,0.5);
#41480=EDGE_CURVE('',#40530,#41400,#41470,.T.);
#41490=ORIENTED_EDGE('',*,*,#41480,.T.);
#41500=EDGE_LOOP('',(#41490,#41420,#41340,#41330,#40640,#40550));
#41510=FACE_OUTER_BOUND('',#41500,.T.);
#41520=ADVANCED_FACE('',(#41510),#40450,.T.);
#41530=COLOUR_RGB('',0.94901967048645,0.94901967048645,1.);
#41540=FILL_AREA_STYLE_COLOUR('',#41530);
#41550=FILL_AREA_STYLE('',(#41540));
#41560=SURFACE_STYLE_FILL_AREA(#41550);
#41570=SURFACE_SIDE_STYLE('',(#41560));
#41580=SURFACE_STYLE_USAGE(.BOTH.,#41570);
#41590=PRESENTATION_STYLE_ASSIGNMENT((#41580));
#41600=CARTESIAN_POINT('',(58.8466848880224,10.0993715012117,-3.3));
#41610=DIRECTION('',(-0.,-1.,-0.));
#41620=DIRECTION('',(-1.,0.,0.));
#41630=AXIS2_PLACEMENT_3D('',#41600,#41610,#41620);
#41640=PLANE('',#41630);
#41650=ORIENTED_EDGE('',*,*,#21480,.T.);
#41660=ORIENTED_EDGE('',*,*,#16550,.T.);
#41670=CARTESIAN_POINT('',(0.,10.0993715012117,-2.80856039900969));
#41680=DIRECTION('',(-0.999935440136801,0.,0.0113629027286774));
#41690=VECTOR('',#41680,1.);
#41700=LINE('',#41670,#41690);
#41710=EDGE_CURVE('',#16460,#19540,#41700,.T.);
#41720=ORIENTED_EDGE('',*,*,#41710,.F.);
#41730=ORIENTED_EDGE('',*,*,#19570,.F.);
#41740=EDGE_LOOP('',(#41730,#41720,#41660,#41650));
#41750=FACE_OUTER_BOUND('',#41740,.T.);
#41760=ADVANCED_FACE('',(#41750),#41640,.T.);
#41770=CARTESIAN_POINT('',(71.811401362747,14.7623842031043,
-5.56650635094551));
#41780=DIRECTION('',(2.71604719116245E-16,-0.5,0.866025403784439));
#41790=DIRECTION('',(-1.,3.36793676825796E-17,3.33066907387547E-16));
#41800=AXIS2_PLACEMENT_3D('',#41770,#41780,#41790);
#41810=PLANE('',#41800);
#41820=CARTESIAN_POINT('',(71.8202423579864,14.5025765819689,
-5.71650635094552));
#41830=DIRECTION('',(1.,-3.36793676825796E-17,-3.33066907387547E-16));
#41840=VECTOR('',#41830,1.);
#41850=LINE('',#41820,#41840);
#41860=CARTESIAN_POINT('',(73.5966848880265,14.5025765819689,
-5.71650635094552));
#41870=VERTEX_POINT('',#41860);
#41880=CARTESIAN_POINT('',(74.8066655952444,14.5025765819689,
-5.71650635094552));
#41890=VERTEX_POINT('',#41880);
#41900=EDGE_CURVE('',#41870,#41890,#41850,.T.);
#41910=ORIENTED_EDGE('',*,*,#41900,.F.);
#41920=CARTESIAN_POINT('',(71.7561040568916,16.6386027668961,
-4.48327105808169));
#41930=DIRECTION('',(0.777622657646255,-0.544497246766576,
-0.314365631993693));
#41940=VECTOR('',#41930,1.);
#41950=LINE('',#41920,#41940);
#41960=CARTESIAN_POINT('',(74.4356218589836,14.7623842031043,
-5.56650635094551));
#41970=VERTEX_POINT('',#41960);
#41980=EDGE_CURVE('',#41970,#41890,#41950,.T.);
#41990=ORIENTED_EDGE('',*,*,#41980,.T.);
#42000=CARTESIAN_POINT('',(71.8202423579864,14.7623842031043,
-5.56650635094551));
#42010=DIRECTION('',(1.,-3.36793676825796E-17,-3.33066907387547E-16));
#42020=VECTOR('',#42010,1.);
#42030=LINE('',#42000,#42020);
#42040=CARTESIAN_POINT('',(73.5966848880265,14.7623842031043,
-5.56650635094551));
#42050=VERTEX_POINT('',#42040);
#42060=EDGE_CURVE('',#42050,#41970,#42030,.T.);
#42070=ORIENTED_EDGE('',*,*,#42060,.T.);
#42080=CARTESIAN_POINT('',(73.5966848880265,16.0439456038905,
-4.82659653121851));
#42090=DIRECTION('',(1.95700641690284E-16,0.866025403784439,0.5));
#42100=VECTOR('',#42090,1.);
#42110=LINE('',#42080,#42100);
#42120=EDGE_CURVE('',#41870,#42050,#42110,.T.);
#42130=ORIENTED_EDGE('',*,*,#42120,.T.);
#42140=EDGE_LOOP('',(#42130,#42070,#41990,#41910));
#42150=FACE_OUTER_BOUND('',#42140,.T.);
#42160=ADVANCED_FACE('',(#42150),#41810,.F.);
#42170=COLOUR_RGB('',0.94901967048645,0.94901967048645,1.);
#42180=FILL_AREA_STYLE_COLOUR('',#42170);
#42190=FILL_AREA_STYLE('',(#42180));
#42200=SURFACE_STYLE_FILL_AREA(#42190);
#42210=SURFACE_SIDE_STYLE('',(#42200));
#42220=SURFACE_STYLE_USAGE(.BOTH.,#42210);
#42230=PRESENTATION_STYLE_ASSIGNMENT((#42220));
#42240=CARTESIAN_POINT('',(59.6466848880224,12.2993715012116,
-5.60000000000169));
#42250=DIRECTION('',(-1.,0.,0.));
#42260=DIRECTION('',(0.,0.,1.));
#42270=AXIS2_PLACEMENT_3D('',#42240,#42250,#42260);
#42280=PLANE('',#42270);
#42290=CARTESIAN_POINT('',(59.6466848880224,12.2993715012116,
-5.60000000000169));
#42300=DIRECTION('',(-1.,0.,0.));
#42310=DIRECTION('',(0.,0.999709804046406,-0.0240895764490775));
#42320=AXIS2_PLACEMENT_3D('',#42290,#42300,#42310);
#42330=CIRCLE('',#42320,0.8);
#42340=CARTESIAN_POINT('',(59.6466848880224,11.4996036579745,
-5.58072833884243));
#42350=VERTEX_POINT('',#42340);
#42360=CARTESIAN_POINT('',(59.6466848880224,13.0991393444488,
-5.61927166116095));
#42370=VERTEX_POINT('',#42360);
#42380=EDGE_CURVE('',#42350,#42370,#42330,.T.);
#42390=ORIENTED_EDGE('',*,*,#42380,.T.);
#42400=CARTESIAN_POINT('',(59.6466848880224,11.4993715012085,-5.6));
#42410=VERTEX_POINT('',#42400);
#42420=EDGE_CURVE('',#42410,#42350,#42330,.T.);
#42430=ORIENTED_EDGE('',*,*,#42420,.T.);
#42440=EDGE_CURVE('',#42370,#42410,#42330,.T.);
#42450=ORIENTED_EDGE('',*,*,#42440,.T.);
#42460=EDGE_LOOP('',(#42450,#42430,#42390));
#42470=FACE_OUTER_BOUND('',#42460,.T.);
#42480=ADVANCED_FACE('',(#42470),#42280,.T.);
#42490=CARTESIAN_POINT('',(58.8966848880224,14.1993715012117,
9.73300240000012));
#42500=DIRECTION('',(1.,0.,0.));
#42510=DIRECTION('',(0.,1.,0.));
#42520=AXIS2_PLACEMENT_3D('',#42490,#42500,#42510);
#42530=PLANE('',#42520);
#42540=ORIENTED_EDGE('',*,*,#31770,.T.);
#42550=CARTESIAN_POINT('',(58.8966848880224,0.,-6.00022595952289));
#42560=DIRECTION('',(0.,-1.,0.));
#42570=VECTOR('',#42560,1.);
#42580=LINE('',#42550,#42570);
#42590=CARTESIAN_POINT('',(58.8966848880224,15.2993715012117,
-6.00022595952289));
#42600=VERTEX_POINT('',#42590);
#42610=EDGE_CURVE('',#42600,#31700,#42580,.T.);
#42620=ORIENTED_EDGE('',*,*,#42610,.T.);
#42630=CARTESIAN_POINT('',(58.8966848880224,15.2993715012117,
-5.80022595952289));
#42640=DIRECTION('',(1.,0.,0.));
#42650=DIRECTION('',(0.,-1.,0.));
#42660=AXIS2_PLACEMENT_3D('',#42630,#42640,#42650);
#42670=CIRCLE('',#42660,0.2);
#42680=CARTESIAN_POINT('',(58.8966848880224,15.4993715012117,
-5.80022595952289));
#42690=VERTEX_POINT('',#42680);
#42700=EDGE_CURVE('',#42600,#42690,#42670,.T.);
#42710=ORIENTED_EDGE('',*,*,#42700,.F.);
#42720=CARTESIAN_POINT('',(58.8966848880224,15.4993715012117,8.13));
#42730=DIRECTION('',(0.,0.,-1.));
#42740=VECTOR('',#42730,1.);
#42750=LINE('',#42720,#42740);
#42760=EDGE_CURVE('',#39770,#42690,#42750,.T.);
#42770=ORIENTED_EDGE('',*,*,#42760,.T.);
#42780=ORIENTED_EDGE('',*,*,#40040,.F.);
#42790=CARTESIAN_POINT('',(58.8966848880224,8.88178419700125E-16,
-5.20000000000169));
#42800=DIRECTION('',(0.,1.,0.));
#42810=VECTOR('',#42800,1.);
#42820=LINE('',#42790,#42810);
#42830=EDGE_CURVE('',#31540,#39960,#42820,.T.);
#42840=ORIENTED_EDGE('',*,*,#42830,.T.);
#42850=EDGE_LOOP('',(#42840,#42780,#42770,#42710,#42620,#42540));
#42860=FACE_OUTER_BOUND('',#42850,.T.);
#42870=ADVANCED_FACE('',(#42860),#42530,.F.);
#42880=CARTESIAN_POINT('',(73.311401362747,13.6463587993146,
-5.56650635095451));
#42890=DIRECTION('',(3.05284086798824E-16,0.5,0.866025403784439));
#42900=DIRECTION('',(1.37366265697263E-16,-0.866025403784439,0.5));
#42910=AXIS2_PLACEMENT_3D('',#42880,#42890,#42900);
#42920=PLANE('',#42910);
#42930=CARTESIAN_POINT('',(71.8202423579864,13.90616642045,
-5.71650635095451));
#42940=DIRECTION('',(-1.,3.36793676825796E-17,3.33066907387547E-16));
#42950=VECTOR('',#42940,1.);
#42960=LINE('',#42930,#42950);
#42970=CARTESIAN_POINT('',(73.5966848880265,13.90616642045,
-5.71650635095451));
#42980=VERTEX_POINT('',#42970);
#42990=EDGE_CURVE('',#23700,#42980,#42960,.T.);
#43000=ORIENTED_EDGE('',*,*,#42990,.F.);
#43010=CARTESIAN_POINT('',(73.5966848880265,16.0439456038905,
-6.95075373798191));
#43020=DIRECTION('',(-1.37366265697263E-16,0.866025403784439,-0.5));
#43030=VECTOR('',#43020,1.);
#43040=LINE('',#43010,#43030);
#43050=CARTESIAN_POINT('',(73.5966848880265,13.6463587993146,
-5.56650635095451));
#43060=VERTEX_POINT('',#43050);
#43070=EDGE_CURVE('',#43060,#42980,#43040,.T.);
#43080=ORIENTED_EDGE('',*,*,#43070,.T.);
#43090=CARTESIAN_POINT('',(71.8202423579864,13.6463587993146,
-5.56650635095451));
#43100=DIRECTION('',(-1.,3.36793676825796E-17,3.33066907387547E-16));
#43110=VECTOR('',#43100,1.);
#43120=LINE('',#43090,#43110);
#43130=EDGE_CURVE('',#23800,#43060,#43120,.T.);
#43140=ORIENTED_EDGE('',*,*,#43130,.T.);
#43150=ORIENTED_EDGE('',*,*,#23810,.T.);
#43160=EDGE_LOOP('',(#43150,#43140,#43080,#43000));
#43170=FACE_OUTER_BOUND('',#43160,.T.);
#43180=ADVANCED_FACE('',(#43170),#42920,.F.);
#43190=COLOUR_RGB('',0.94901967048645,0.94901967048645,1.);
#43200=FILL_AREA_STYLE_COLOUR('',#43190);
#43210=FILL_AREA_STYLE('',(#43200));
#43220=SURFACE_STYLE_FILL_AREA(#43210);
#43230=SURFACE_SIDE_STYLE('',(#43220));
#43240=SURFACE_STYLE_USAGE(.BOTH.,#43230);
#43250=PRESENTATION_STYLE_ASSIGNMENT((#43240));
#43260=CARTESIAN_POINT('',(70.3671107853445,14.210025466494,
-4.59020704486684));
#43270=DIRECTION('',(-1.37366265697263E-16,0.866025403784439,-0.5));
#43280=DIRECTION('',(-3.05284086798824E-16,-0.5,-0.866025403784439));
#43290=AXIS2_PLACEMENT_3D('',#43260,#43270,#43280);
#43300=PLANE('',#43290);
#43310=ORIENTED_EDGE('',*,*,#41410,.T.);
#43320=ORIENTED_EDGE('',*,*,#23890,.T.);
#43330=ORIENTED_EDGE('',*,*,#43130,.F.);
#43340=CARTESIAN_POINT('',(73.5966848880265,13.8002263127793,
-5.29999999999941));
#43350=DIRECTION('',(-3.05284086798824E-16,-0.5,-0.866025403784439));
#43360=VECTOR('',#43350,1.);
#43370=LINE('',#43340,#43360);
#43380=EDGE_CURVE('',#41400,#43060,#43370,.T.);
#43390=ORIENTED_EDGE('',*,*,#43380,.T.);
#43400=EDGE_LOOP('',(#43390,#43330,#43320,#43310));
#43410=FACE_OUTER_BOUND('',#43400,.T.);
#43420=ADVANCED_FACE('',(#43410),#43300,.F.);
#43430=COLOUR_RGB('',0.94901967048645,0.94901967048645,1.);
#43440=FILL_AREA_STYLE_COLOUR('',#43430);
#43450=FILL_AREA_STYLE('',(#43440));
#43460=SURFACE_STYLE_FILL_AREA(#43450);
#43470=SURFACE_SIDE_STYLE('',(#43460));
#43480=SURFACE_STYLE_USAGE(.BOTH.,#43470);
#43490=PRESENTATION_STYLE_ASSIGNMENT((#43480));
#43500=CARTESIAN_POINT('',(65.2466848880231,8.51436910121166,
-4.4219999999995));
#43510=DIRECTION('',(1.,0.,-0.));
#43520=DIRECTION('',(0.,0.,1.));
#43530=AXIS2_PLACEMENT_3D('',#43500,#43510,#43520);
#43540=PLANE('',#43530);
#43550=CARTESIAN_POINT('',(65.2466848880231,0.,-7.05000000000017));
#43560=DIRECTION('',(0.,-1.,0.));
#43570=VECTOR('',#43560,1.);
#43580=LINE('',#43550,#43570);
#43590=CARTESIAN_POINT('',(65.2466848880231,10.0993715012117,
-7.05000000000017));
#43600=VERTEX_POINT('',#43590);
#43610=EDGE_CURVE('',#43600,#12590,#43580,.T.);
#43620=ORIENTED_EDGE('',*,*,#43610,.T.);
#43630=CARTESIAN_POINT('',(65.2466848880231,10.0993715012117,-3.5));
#43640=DIRECTION('',(0.,0.,1.));
#43650=VECTOR('',#43640,1.);
#43660=LINE('',#43630,#43650);
#43670=EDGE_CURVE('',#43600,#40190,#43660,.T.);
#43680=ORIENTED_EDGE('',*,*,#43670,.F.);
#43690=ORIENTED_EDGE('',*,*,#40360,.T.);
#43700=CARTESIAN_POINT('',(65.2466848880232,10.0993715012117,
-4.15000000000264));
#43710=VERTEX_POINT('',#43700);
#43720=EDGE_CURVE('',#40280,#43710,#16520,.T.);
#43730=ORIENTED_EDGE('',*,*,#43720,.F.);
#43740=CARTESIAN_POINT('',(65.2466848880231,0.,-4.15000000000264));
#43750=DIRECTION('',(0.,1.,0.));
#43760=VECTOR('',#43750,1.);
#43770=LINE('',#43740,#43760);
#43780=EDGE_CURVE('',#12670,#43710,#43770,.T.);
#43790=ORIENTED_EDGE('',*,*,#43780,.T.);
#43800=ORIENTED_EDGE('',*,*,#12680,.T.);
#43810=EDGE_LOOP('',(#43800,#43790,#43730,#43690,#43680,#43620));
#43820=FACE_OUTER_BOUND('',#43810,.T.);
#43830=ADVANCED_FACE('',(#43820),#43540,.F.);
#43840=CARTESIAN_POINT('',(58.6466848880224,14.1993715012117,
-5.20000000000169));
#43850=DIRECTION('',(-0.,0.,1.));
#43860=DIRECTION('',(0.,-1.,0.));
#43870=AXIS2_PLACEMENT_3D('',#43840,#43850,#43860);
#43880=PLANE('',#43870);
#43890=ORIENTED_EDGE('',*,*,#42830,.F.);
#43900=ORIENTED_EDGE('',*,*,#39970,.F.);
#43910=CARTESIAN_POINT('',(61.1466848880224,8.88178419700125E-16,
-5.20000000000169));
#43920=DIRECTION('',(0.,-1.,0.));
#43930=VECTOR('',#43920,1.);
#43940=LINE('',#43910,#43930);
#43950=EDGE_CURVE('',#39880,#31520,#43940,.T.);
#43960=ORIENTED_EDGE('',*,*,#43950,.F.);
#43970=ORIENTED_EDGE('',*,*,#31550,.F.);
#43980=EDGE_LOOP('',(#43970,#43960,#43900,#43890));
#43990=FACE_OUTER_BOUND('',#43980,.T.);
#44000=ADVANCED_FACE('',(#43990),#43880,.T.);
#44010=CARTESIAN_POINT('',(76.796685362747,14.204371501212,
-5.59999999999941));
#44020=DIRECTION('',(1.,-3.36793676825796E-17,-3.33066907387547E-16));
#44030=DIRECTION('',(3.05284086798824E-16,0.5,0.866025403784439));
#44040=AXIS2_PLACEMENT_3D('',#44010,#44020,#44030);
#44050=CYLINDRICAL_SURFACE('',#44040,0.2);
#44060=CARTESIAN_POINT('',(70.3671107853445,14.0311664204551,
-5.4999999999994));
#44070=DIRECTION('',(-1.,3.36793676825796E-17,3.33066907387547E-16));
#44080=VECTOR('',#44070,1.);
#44090=LINE('',#44060,#44080);
#44100=CARTESIAN_POINT('',(74.9769624517956,14.0311664204551,
-5.49999999999941));
#44110=VERTEX_POINT('',#44100);
#44120=CARTESIAN_POINT('',(73.5966848880265,14.0311664204551,
-5.4999999999994));
#44130=VERTEX_POINT('',#44120);
#44140=EDGE_CURVE('',#44110,#44130,#44090,.T.);
#44150=ORIENTED_EDGE('',*,*,#44140,.T.);
#44160=CARTESIAN_POINT('',(76.7325470616523,14.204371501212,
-5.59999999999941));
#44170=DIRECTION('',(1.,-3.36793676825796E-17,-3.33066907387547E-16));
#44180=DIRECTION('',(3.05284086798824E-16,0.5,0.866025403784439));
#44190=AXIS2_PLACEMENT_3D('',#44160,#44170,#44180);
#44200=CYLINDRICAL_SURFACE('',#44190,0.2);
#44210=CARTESIAN_POINT('',(74.9769624517962,14.377576581973,
-5.49999999999737));
#44220=CARTESIAN_POINT('',(74.981144192831,14.3732240879079,
-5.49246125913667));
#44230=CARTESIAN_POINT('',(74.985473477174,14.3683999393824,
-5.48524100195413));
#44240=CARTESIAN_POINT('',(74.9898020926178,14.3631346748046,
-5.47836836465194));
#44250=CARTESIAN_POINT('',(74.9941308160342,14.3578692788903,
-5.47149555591916));
#44260=CARTESIAN_POINT('',(74.9984595704424,14.3521620359534,
-5.46497041254921));
#44270=CARTESIAN_POINT('',(75.0026648457973,14.3460480941803,
-5.45883434197677));
#44280=CARTESIAN_POINT('',(75.0068616259519,14.3399465033605,
-5.45271066706076));
#44290=CARTESIAN_POINT('',(75.0109645550071,14.3334022711501,
-5.44693274234705));
#44300=CARTESIAN_POINT('',(75.0148906087385,14.3263807772799,
-5.44152685857205));
#44310=CARTESIAN_POINT('',(75.0188131637502,14.3193655406441,
-5.43612579227357));
#44320=CARTESIAN_POINT('',(75.0225402000133,14.3119014506169,
-5.43112328737037));
#44330=CARTESIAN_POINT('',(75.0259540586403,14.3040492189031,
-5.4266092488149));
#44340=CARTESIAN_POINT('',(75.0291059840514,14.2967994609674,
-5.42244155636355));
#44350=CARTESIAN_POINT('',(75.0319895119539,14.2892227929374,
-5.41869217546579));
#44360=CARTESIAN_POINT('',(75.0345296735436,14.2813770724416,
-5.41541900964664));
#44370=CARTESIAN_POINT('',(75.0357986275296,14.2774576925344,
-5.41378387870469));
#44380=CARTESIAN_POINT('',(75.0369897667114,14.2734476004991,
-5.41225763084006));
#44390=CARTESIAN_POINT('',(75.0380908420979,14.2693573868868,
-5.41085234692627));
#44400=CARTESIAN_POINT('',(75.03919183138,14.2652674931305,
-5.40944717290616));
#44410=CARTESIAN_POINT('',(75.0402022602577,14.2610989845311,
-5.40816358736016));
#44420=CARTESIAN_POINT('',(75.0411107664251,14.2568690246499,
-5.40701292780828));
#44430=CARTESIAN_POINT('',(75.0420192686818,14.2526390829765,
-5.40586227320943));
#44440=CARTESIAN_POINT('',(75.0428257145682,14.2483481781406,
-5.40484470289695));
#44450=CARTESIAN_POINT('',(75.0435215505659,14.2440156940328,
-5.4039685280986));
#44460=CARTESIAN_POINT('',(75.0442173904666,14.2396831856239,
-5.40309234838576));
#44470=CARTESIAN_POINT('',(75.0448025255189,14.2353096667638,
-5.40235767631277));
#44480=CARTESIAN_POINT('',(75.0452717655518,14.2309151317137,
-5.40176923629258));
#44490=CARTESIAN_POINT('',(75.045741024131,14.226520422974,
-5.40118077301489));
#44500=CARTESIAN_POINT('',(75.0460943235935,14.2221057232668,
-5.40073861907989));
#44510=CARTESIAN_POINT('',(75.0463299619972,14.2176882966377,
-5.40044383506884));
#44520=CARTESIAN_POINT('',(75.0465657421003,14.2132682136228,
-5.40014887379167));
#44530=CARTESIAN_POINT('',(75.046685245164,14.2088155673801,
-5.39999955357243));
#44540=CARTESIAN_POINT('',(75.0466848872188,14.204351455498,
-5.40000000100398));
#44550=CARTESIAN_POINT('',(75.04668452928,14.1998874242723,
-5.40000044842745));
#44560=CARTESIAN_POINT('',(75.0465642691303,14.1954126548586,
-5.40015071274745));
#44570=CARTESIAN_POINT('',(75.0463243956089,14.1909507615909,
-5.40045079867797));
#44580=CARTESIAN_POINT('',(75.0460845231374,14.1864888878513,
-5.40075088329513));
#44590=CARTESIAN_POINT('',(75.0457250751211,14.1820406441207,
-5.4012007450414));
#44600=CARTESIAN_POINT('',(75.0452505212303,14.1776296615595,
-5.40179587791311));
#44610=CARTESIAN_POINT('',(75.0443007569117,14.1688015939208,
-5.40298696701232));
#44620=CARTESIAN_POINT('',(75.0428917610188,14.1601503131038,
-5.40475711114992));
#44630=CARTESIAN_POINT('',(75.0410901781907,14.1517782113572,
-5.40703900429757));
#44640=CARTESIAN_POINT('',(75.0392843132865,14.1433862104547,
-5.40932632114272));
#44650=CARTESIAN_POINT('',(75.0370652031565,14.1351879255864,
-5.41215156576972));
#44660=CARTESIAN_POINT('',(75.0345026348791,14.1272824664533,
-5.41545385205797));
#44670=CARTESIAN_POINT('',(75.0319401431951,14.1193772436089,
-5.41875603964317));
#44680=CARTESIAN_POINT('',(75.0290370485631,14.1117727167237,
-5.42253186626478));
#44690=CARTESIAN_POINT('',(75.0258915125004,14.1045500441228,
-5.42669196006881));
#44700=CARTESIAN_POINT('',(75.0241868584495,14.1006358756433,
-5.42894643136206));
#44710=CARTESIAN_POINT('',(75.0224183050302,14.0968473492416,
-5.43130406525175));
#44720=CARTESIAN_POINT('',(75.0205830227559,14.0931526841761,
-5.43377613066311));
#44730=CARTESIAN_POINT('',(75.0187473948132,14.0894573232345,
-5.43624866167855));
#44740=CARTESIAN_POINT('',(75.0168455755929,14.0858585222653,
-5.43883500896903));
#44750=CARTESIAN_POINT('',(75.0148900884821,14.0823612947038,
-5.44152757492679));
#44760=CARTESIAN_POINT('',(75.0109790414962,14.0753667094474,
-5.44691280703377));
#44770=CARTESIAN_POINT('',(75.0068526249693,14.0687795610199,
-5.4527223971618));
#44780=CARTESIAN_POINT('',(75.0026231768917,14.0626343459673,
-5.45889514953021));
#44790=CARTESIAN_POINT('',(74.9983937618365,14.0564891788948,
-5.4650678537035));
#44800=CARTESIAN_POINT('',(74.9940617561872,14.0507866314632,
-5.47160272743351));
#44810=CARTESIAN_POINT('',(74.9897558918454,14.0455521463374,
-5.47844173200737));
#44820=CARTESIAN_POINT('',(74.9876028072952,14.0429347185324,
-5.48186147631838));
#44830=CARTESIAN_POINT('',(74.9854602496861,14.0404379659377,
-5.4853505832488));
#44840=CARTESIAN_POINT('',(74.9833206808488,14.0380372568842,
-5.48894632304989));
#44850=CARTESIAN_POINT('',(74.9811828049717,14.0356384474214,
-5.49253921767751));
#44860=CARTESIAN_POINT('',(74.9790561834449,14.0333456454457,
-5.49622547158582));
#44870=CARTESIAN_POINT('',(74.9769624517946,14.0311664204516,
-5.49999999999679));
#44880=B_SPLINE_CURVE_WITH_KNOTS('',3,(#44210,#44220,#44230,#44240,
#44250,#44260,#44270,#44280,#44290,#44300,#44310,#44320,#44330,#44340,
#44350,#44360,#44370,#44380,#44390,#44400,#44410,#44420,#44430,#44440,
#44450,#44460,#44470,#44480,#44490,#44500,#44510,#44520,#44530,#44540,
#44550,#44560,#44570,#44580,#44590,#44600,#44610,#44620,#44630,#44640,
#44650,#44660,#44670,#44680,#44690,#44700,#44710,#44720,#44730,#44740,
#44750,#44760,#44770,#44780,#44790,#44800,#44810,#44820,#44830,#44840,
#44850,#44860,#44870),.UNSPECIFIED.,.F.,.F.,(4,3,3,3,3,3,3,3,3,3,3,3,3,3
,3,3,3,3,3,3,3,3,4),(0.,0.029022887732214,0.0580045749927521,
0.0869336545348698,0.11600161740033,0.142721171825674,0.156066252248419,
0.169479353591697,0.182910167074909,0.196312713308911,0.209651799332127,
0.223004795758255,0.236422026523092,0.249857903507033,0.276591483587328,
0.303342684973777,0.330145080502651,0.344579390445898,0.359037080818916,
0.388060278759635,0.417049876712203,0.431482141530938,0.445969428618462)
,.UNSPECIFIED.);
#44890=SURFACE_CURVE('',#44880,(#40690,#44200),.CURVE_3D.);
#44900=CARTESIAN_POINT('',(74.9769624517956,14.3775765819689,
-5.49999999999941));
#44910=VERTEX_POINT('',#44900);
#44920=EDGE_CURVE('',#44910,#44110,#44890,.T.);
#44930=ORIENTED_EDGE('',*,*,#44920,.T.);
#44940=CARTESIAN_POINT('',(70.3671107853445,14.3775765819689,
-5.4999999999994));
#44950=DIRECTION('',(-1.,3.36793676825796E-17,3.33066907387547E-16));
#44960=VECTOR('',#44950,1.);
#44970=LINE('',#44940,#44960);
#44980=CARTESIAN_POINT('',(73.5966848880265,14.3775765819689,
-5.49999999999941));
#44990=VERTEX_POINT('',#44980);
#45000=EDGE_CURVE('',#44910,#44990,#44970,.T.);
#45010=ORIENTED_EDGE('',*,*,#45000,.F.);
#45020=CARTESIAN_POINT('',(73.5966848880265,14.204371501212,
-5.59999999999941));
#45030=DIRECTION('',(1.,-3.36793676825796E-17,-3.33066907387547E-16));
#45040=DIRECTION('',(3.05284086798824E-16,0.5,0.866025403784439));
#45050=AXIS2_PLACEMENT_3D('',#45020,#45030,#45040);
#45060=CIRCLE('',#45050,0.2);
#45070=EDGE_CURVE('',#44990,#44130,#45060,.T.);
#45080=ORIENTED_EDGE('',*,*,#45070,.F.);
#45090=EDGE_LOOP('',(#45080,#45010,#44930,#44150));
#45100=FACE_OUTER_BOUND('',#45090,.T.);
#45110=ADVANCED_FACE('',(#45100),#44050,.F.);
#45120=COLOUR_RGB('',0.94901967048645,0.94901967048645,1.);
#45130=FILL_AREA_STYLE_COLOUR('',#45120);
#45140=FILL_AREA_STYLE('',(#45130));
#45150=SURFACE_STYLE_FILL_AREA(#45140);
#45160=SURFACE_SIDE_STYLE('',(#45150));
#45170=SURFACE_STYLE_USAGE(.BOTH.,#45160);
#45180=PRESENTATION_STYLE_ASSIGNMENT((#45170));
#45190=CARTESIAN_POINT('',(61.1466848880224,12.8618569640874,
-16.8839435464641));
#45200=DIRECTION('',(-1.,0.,0.));
#45210=DIRECTION('',(0.,-1.,0.));
#45220=AXIS2_PLACEMENT_3D('',#45190,#45200,#45210);
#45230=PLANE('',#45220);
#45240=ORIENTED_EDGE('',*,*,#39890,.T.);
#45250=CARTESIAN_POINT('',(61.1466848880224,15.4993715012117,8.13));
#45260=DIRECTION('',(0.,0.,-1.));
#45270=VECTOR('',#45260,1.);
#45280=LINE('',#45250,#45270);
#45290=CARTESIAN_POINT('',(61.1466848880224,15.4993715012117,
-5.80022595952289));
#45300=VERTEX_POINT('',#45290);
#45310=EDGE_CURVE('',#39790,#45300,#45280,.T.);
#45320=ORIENTED_EDGE('',*,*,#45310,.F.);
#45330=CARTESIAN_POINT('',(61.1466848880224,15.2993715012117,
-5.80022595952289));
#45340=DIRECTION('',(1.,0.,0.));
#45350=DIRECTION('',(0.,-1.,0.));
#45360=AXIS2_PLACEMENT_3D('',#45330,#45340,#45350);
#45370=CIRCLE('',#45360,0.2);
#45380=CARTESIAN_POINT('',(61.1466848880224,15.2993715012117,
-6.00022595952289));
#45390=VERTEX_POINT('',#45380);
#45400=EDGE_CURVE('',#45390,#45300,#45370,.T.);
#45410=ORIENTED_EDGE('',*,*,#45400,.T.);
#45420=CARTESIAN_POINT('',(61.1466848880224,0.,-6.00022595952289));
#45430=DIRECTION('',(0.,1.,0.));
#45440=VECTOR('',#45430,1.);
#45450=LINE('',#45420,#45440);
#45460=EDGE_CURVE('',#31620,#45390,#45450,.T.);
#45470=ORIENTED_EDGE('',*,*,#45460,.T.);
#45480=ORIENTED_EDGE('',*,*,#31630,.T.);
#45490=ORIENTED_EDGE('',*,*,#43950,.T.);
#45500=EDGE_LOOP('',(#45490,#45480,#45470,#45410,#45320,#45240));
#45510=FACE_OUTER_BOUND('',#45500,.T.);
#45520=ADVANCED_FACE('',(#45510),#45230,.F.);
#45530=CARTESIAN_POINT('',(65.2466848880231,0.,-7.05000000000017));
#45540=DIRECTION('',(0.,-1.,0.));
#45550=VECTOR('',#45540,1.);
#45560=LINE('',#45530,#45550);
#45570=CARTESIAN_POINT('',(65.2466848880231,15.2993715012086,
-7.05000000000017));
#45580=VERTEX_POINT('',#45570);
#45590=EDGE_CURVE('',#45580,#31270,#45560,.T.);
#45600=ORIENTED_EDGE('',*,*,#45590,.T.);
#45610=CARTESIAN_POINT('',(65.2466848880226,15.2993715012086,
6.32383034826489E-13));
#45620=DIRECTION('',(5.42251293299495E-29,0.,-1.));
#45630=VECTOR('',#45620,1.);
#45640=LINE('',#45610,#45630);
#45650=CARTESIAN_POINT('',(65.2466848880226,15.2993715012086,
-4.15000000000265));
#45660=VERTEX_POINT('',#45650);
#45670=EDGE_CURVE('',#45660,#45580,#45640,.T.);
#45680=ORIENTED_EDGE('',*,*,#45670,.T.);
#45690=CARTESIAN_POINT('',(65.2466848880231,0.,-4.15000000000264));
#45700=DIRECTION('',(0.,1.,0.));
#45710=VECTOR('',#45700,1.);
#45720=LINE('',#45690,#45710);
#45730=EDGE_CURVE('',#31350,#45660,#45720,.T.);
#45740=ORIENTED_EDGE('',*,*,#45730,.T.);
#45750=ORIENTED_EDGE('',*,*,#31360,.F.);
#45760=EDGE_LOOP('',(#45750,#45740,#45680,#45600));
#45770=FACE_OUTER_BOUND('',#45760,.T.);
#45780=ADVANCED_FACE('',(#45770),#43540,.F.);
#45790=CARTESIAN_POINT('',(66.2566848880224,15.5993715012117,
-5.9249999999994));
#45800=DIRECTION('',(0.,1.,0.));
#45810=DIRECTION('',(1.,0.,0.));
#45820=AXIS2_PLACEMENT_3D('',#45790,#45800,#45810);
#45830=CONICAL_SURFACE('',#45820,0.725000000000009,0.785398163397456);
#45840=CARTESIAN_POINT('',(66.9816848880224,15.5993715012117,
-5.9249999999994));
#45850=DIRECTION('',(0.707106781186553,0.707106781186542,0.));
#45860=VECTOR('',#45850,1.0253048327205);
#45870=LINE('',#45840,#45860);
#45880=CARTESIAN_POINT('',(66.7816848880192,15.3993715012085,
-5.9249999999994));
#45890=VERTEX_POINT('',#45880);
#45900=EDGE_CURVE('',#45890,#14940,#45870,.T.);
#45910=ORIENTED_EDGE('',*,*,#45900,.T.);
#45920=CARTESIAN_POINT('',(66.2566848880224,15.3993715012086,
-5.9249999999994));
#45930=DIRECTION('',(0.,1.,0.));
#45940=DIRECTION('',(1.,0.,0.));
#45950=AXIS2_PLACEMENT_3D('',#45920,#45930,#45940);
#45960=CIRCLE('',#45950,0.524999999996857);
#45970=CARTESIAN_POINT('',(65.7316848880255,15.3993715012085,
-5.9249999999994));
#45980=VERTEX_POINT('',#45970);
#45990=EDGE_CURVE('',#45890,#45980,#45960,.T.);
#46000=ORIENTED_EDGE('',*,*,#45990,.F.);
#46010=CARTESIAN_POINT('',(65.5316848880224,15.5993715012117,
-5.9249999999994));
#46020=DIRECTION('',(-0.707106781186553,0.707106781186542,0.));
#46030=VECTOR('',#46020,1.0253048327205);
#46040=LINE('',#46010,#46030);
#46050=CARTESIAN_POINT('',(65.5320424367258,15.5990139525083,
-5.9249999999994));
#46060=VERTEX_POINT('',#46050);
#46070=EDGE_CURVE('',#45980,#46060,#46040,.T.);
#46080=ORIENTED_EDGE('',*,*,#46070,.F.);
#46090=CARTESIAN_POINT('',(65.5466848880224,15.2993715012086,
6.32383034826489E-13));
#46100=DIRECTION('',(0.,0.,-1.));
#46110=DIRECTION('',(-1.,0.,0.));
#46120=AXIS2_PLACEMENT_3D('',#46090,#46100,#46110);
#46130=CYLINDRICAL_SURFACE('',#46120,0.3);
#46140=CARTESIAN_POINT('',(66.2566848880224,15.5993715012086,
-5.92499999999878));
#46150=DIRECTION('',(0.,1.,0.));
#46160=DIRECTION('',(1.,0.,0.));
#46170=AXIS2_PLACEMENT_3D('',#46140,#46150,#46160);
#46180=CONICAL_SURFACE('',#46170,0.725000000000009,0.785398163397457);
#46190=CARTESIAN_POINT('',(65.5466848880209,15.5993715012087,
-6.07171400750399));
#46200=CARTESIAN_POINT('',(65.5441929942035,15.5993715012087,
-6.05965486849999));
#46210=CARTESIAN_POINT('',(65.5420375871519,15.59934111734,
-6.04752240451479));
#46220=CARTESIAN_POINT('',(65.5402028024158,15.5993014639769,
-6.03534886462411));
#46230=CARTESIAN_POINT('',(65.5383675879358,15.5992618013261,
-6.02317247344251));
#46240=CARTESIAN_POINT('',(65.536854538342,15.5992128325268,
-6.01096879655763));
#46250=CARTESIAN_POINT('',(65.5356471587471,15.5991683799989,
-5.99872318811394));
#46260=CARTESIAN_POINT('',(65.5344398079034,15.5991239285296,
-5.98647787127272));
#46270=CARTESIAN_POINT('',(65.5335394084691,15.5990839573082,
-5.97419632996536));
#46280=CARTESIAN_POINT('',(65.53294006022,15.5990564686472,
-5.96190157531496));
#46290=CARTESIAN_POINT('',(65.5323407119221,15.5990289799839,
-5.9496068196626));
#46300=CARTESIAN_POINT('',(65.5320424367242,15.5990139525067,
-5.93729863719502));
#46310=CARTESIAN_POINT('',(65.5320424367242,15.5990139525067,
-5.92499999999939));
#46320=B_SPLINE_CURVE_WITH_KNOTS('',3,(#46190,#46200,#46210,#46220,
#46230,#46240,#46250,#46260,#46270,#46280,#46290,#46300,#46310),
.UNSPECIFIED.,.F.,.F.,(4,3,3,3,4),(0.,0.036942941637346,
0.0738551447423772,0.110780088200803,0.147696260729104),.UNSPECIFIED.);
#46330=SURFACE_CURVE('',#46320,(#46130,#46180),.CURVE_3D.);
#46340=EDGE_CURVE('',#14980,#46060,#46330,.T.);
#46350=ORIENTED_EDGE('',*,*,#46340,.T.);
#46360=ORIENTED_EDGE('',*,*,#14990,.T.);
#46370=EDGE_LOOP('',(#46360,#46350,#46080,#46000,#45910));
#46380=FACE_OUTER_BOUND('',#46370,.T.);
#46390=ADVANCED_FACE('',(#46380),#45830,.F.);
#46400=CARTESIAN_POINT('',(73.5966848880265,14.1943715012134,
-5.89999999999939));
#46410=DIRECTION('',(1.,-2.1205865218037E-33,-2.87017080875347E-16));
#46420=DIRECTION('',(-2.87017080875347E-16,3.79116733899747E-16,-1.));
#46430=AXIS2_PLACEMENT_3D('',#46400,#46410,#46420);
#46440=PLANE('',#46430);
#46450=CARTESIAN_POINT('',(73.5966848880265,14.6085166896448,
-5.29999999999941));
#46460=DIRECTION('',(-2.71604719116245E-16,0.5,-0.866025403784439));
#46470=VECTOR('',#46460,1.);
#46480=LINE('',#46450,#46470);
#46490=EDGE_CURVE('',#40530,#42050,#46480,.T.);
#46500=ORIENTED_EDGE('',*,*,#46490,.T.);
#46510=ORIENTED_EDGE('',*,*,#41480,.F.);
#46520=ORIENTED_EDGE('',*,*,#43380,.F.);
#46530=ORIENTED_EDGE('',*,*,#43070,.F.);
#46540=CARTESIAN_POINT('',(73.5966848880265,14.1466364742931,
-5.29999999999941));
#46550=DIRECTION('',(-3.05284086798824E-16,-0.5,-0.866025403784439));
#46560=VECTOR('',#46550,1.);
#46570=LINE('',#46540,#46560);
#46580=EDGE_CURVE('',#44130,#42980,#46570,.T.);
#46590=ORIENTED_EDGE('',*,*,#46580,.T.);
#46600=ORIENTED_EDGE('',*,*,#45070,.T.);
#46610=CARTESIAN_POINT('',(73.5966848880265,14.262106528131,
-5.29999999999941));
#46620=DIRECTION('',(-2.71604719116245E-16,0.5,-0.866025403784439));
#46630=VECTOR('',#46620,1.);
#46640=LINE('',#46610,#46630);
#46650=EDGE_CURVE('',#44990,#41870,#46640,.T.);
#46660=ORIENTED_EDGE('',*,*,#46650,.F.);
#46670=ORIENTED_EDGE('',*,*,#42120,.F.);
#46680=EDGE_LOOP('',(#46670,#46660,#46600,#46590,#46530,#46520,#46510,
#46500));
#46690=FACE_BOUND('',#46680,.T.);
#46700=CARTESIAN_POINT('',(73.5966848880265,14.1943715012134,
-5.59999999999939));
#46710=DIRECTION('',(1.,-2.12058652180369E-33,-2.87017080875347E-16));
#46720=DIRECTION('',(-2.87017080875347E-16,3.79116733899747E-16,-1.));
#46730=AXIS2_PLACEMENT_3D('',#46700,#46710,#46720);
#46740=CIRCLE('',#46730,0.6);
#46750=CARTESIAN_POINT('',(73.5966848880265,14.1943715012134,
-6.19999999999939));
#46760=VERTEX_POINT('',#46750);
#46770=CARTESIAN_POINT('',(73.5966848880265,14.1943715012134,
-4.99999999999939));
#46780=VERTEX_POINT('',#46770);
#46790=EDGE_CURVE('',#46760,#46780,#46740,.T.);
#46800=ORIENTED_EDGE('',*,*,#46790,.T.);
#46810=CARTESIAN_POINT('',(73.5966848880265,13.5943715012134,-5.6));
#46820=VERTEX_POINT('',#46810);
#46830=EDGE_CURVE('',#46820,#46760,#46740,.T.);
#46840=ORIENTED_EDGE('',*,*,#46830,.T.);
#46850=EDGE_CURVE('',#46780,#46820,#46740,.T.);
#46860=ORIENTED_EDGE('',*,*,#46850,.T.);
#46870=EDGE_LOOP('',(#46860,#46840,#46800));
#46880=FACE_OUTER_BOUND('',#46870,.T.);
#46890=ADVANCED_FACE('',(#46690,#46880),#46440,.T.);
#46900=COLOUR_RGB('',0.94901967048645,0.94901967048645,1.);
#46910=FILL_AREA_STYLE_COLOUR('',#46900);
#46920=FILL_AREA_STYLE('',(#46910));
#46930=SURFACE_STYLE_FILL_AREA(#46920);
#46940=SURFACE_SIDE_STYLE('',(#46930));
#46950=SURFACE_STYLE_USAGE(.BOTH.,#46940);
#46960=PRESENTATION_STYLE_ASSIGNMENT((#46950));
#46970=CARTESIAN_POINT('',(70.3671107853445,10.400025466494,
-8.09020704486684));
#46980=DIRECTION('',(-1.37366265697263E-16,0.866025403784439,-0.5));
#46990=DIRECTION('',(-3.05284086798824E-16,-0.5,-0.866025403784439));
#47000=AXIS2_PLACEMENT_3D('',#46970,#46980,#46990);
#47010=PLANE('',#47000);
#47020=CARTESIAN_POINT('',(70.3671107853445,9.96135879931981,
-8.8499999999994));
#47030=DIRECTION('',(-1.,3.36793676825796E-17,3.33066907387547E-16));
#47040=VECTOR('',#47030,1.);
#47050=LINE('',#47020,#47040);
#47060=CARTESIAN_POINT('',(74.6141403598263,9.96135879931981,
-8.8499999999994));
#47070=VERTEX_POINT('',#47060);
#47080=CARTESIAN_POINT('',(73.5966848880265,9.96135879931981,
-8.8499999999994));
#47090=VERTEX_POINT('',#47080);
#47100=EDGE_CURVE('',#47070,#47090,#47050,.T.);
#47110=ORIENTED_EDGE('',*,*,#47100,.T.);
#47120=CARTESIAN_POINT('',(74.6553674416331,9.9902263127793,
-8.79999999999941));
#47130=DIRECTION('',(0.581124101764717,0.406907476691001,
0.704784423608463));
#47140=VECTOR('',#47130,1.);
#47150=LINE('',#47120,#47140);
#47160=CARTESIAN_POINT('',(74.4356218589761,9.83635879931462,
-9.06650635095451));
#47170=VERTEX_POINT('',#47160);
#47180=EDGE_CURVE('',#47170,#47070,#47150,.T.);
#47190=ORIENTED_EDGE('',*,*,#47180,.T.);
#47200=CARTESIAN_POINT('',(71.8202423579864,9.83635879931462,
-9.06650635095451));
#47210=DIRECTION('',(-1.,3.36793676825796E-17,3.33066907387547E-16));
#47220=VECTOR('',#47210,1.);
#47230=LINE('',#47200,#47220);
#47240=CARTESIAN_POINT('',(73.5966848880265,9.83635879931462,
-9.06650635095451));
#47250=VERTEX_POINT('',#47240);
#47260=EDGE_CURVE('',#47170,#47250,#47230,.T.);
#47270=ORIENTED_EDGE('',*,*,#47260,.F.);
#47280=CARTESIAN_POINT('',(73.5966848880265,9.9902263127793,
-8.79999999999941));
#47290=DIRECTION('',(-3.05284086798824E-16,-0.5,-0.866025403784439));
#47300=VECTOR('',#47290,1.);
#47310=LINE('',#47280,#47300);
#47320=EDGE_CURVE('',#47090,#47250,#47310,.T.);
#47330=ORIENTED_EDGE('',*,*,#47320,.T.);
#47340=EDGE_LOOP('',(#47330,#47270,#47190,#47110));
#47350=FACE_OUTER_BOUND('',#47340,.T.);
#47360=ADVANCED_FACE('',(#47350),#47010,.F.);
#47370=COLOUR_RGB('',0.94901967048645,0.94901967048645,1.);
#47380=FILL_AREA_STYLE_COLOUR('',#47370);
#47390=FILL_AREA_STYLE('',(#47380));
#47400=SURFACE_STYLE_FILL_AREA(#47390);
#47410=SURFACE_SIDE_STYLE('',(#47400));
#47420=SURFACE_STYLE_USAGE(.BOTH.,#47410);
#47430=PRESENTATION_STYLE_ASSIGNMENT((#47420));
#47440=CARTESIAN_POINT('',(73.5516848880265,14.1943715012134,
-5.59999999999939));
#47450=DIRECTION('',(1.,-2.12058652180369E-33,-2.87017080875347E-16));
#47460=DIRECTION('',(-2.87017080875347E-16,3.79116733899747E-16,-1.));
#47470=AXIS2_PLACEMENT_3D('',#47440,#47450,#47460);
#47480=CYLINDRICAL_SURFACE('',#47470,0.6);
#47490=CARTESIAN_POINT('',(73.5516848880265,14.1943715012134,
-4.99999999999939));
#47500=DIRECTION('',(1.,-2.12058652180369E-33,-2.87017080875347E-16));
#47510=VECTOR('',#47500,1.);
#47520=LINE('',#47490,#47510);
#47530=EDGE_CURVE('',#14220,#46780,#47520,.T.);
#47540=ORIENTED_EDGE('',*,*,#47530,.F.);
#47550=ORIENTED_EDGE('',*,*,#46850,.F.);
#47560=ORIENTED_EDGE('',*,*,#46830,.F.);
#47570=CARTESIAN_POINT('',(73.5516848880265,14.1943715012134,
-6.19999999999939));
#47580=DIRECTION('',(1.,-2.12058652180369E-33,-2.87017080875347E-16));
#47590=VECTOR('',#47580,1.);
#47600=LINE('',#47570,#47590);
#47610=EDGE_CURVE('',#14180,#46760,#47600,.T.);
#47620=ORIENTED_EDGE('',*,*,#47610,.T.);
#47630=ORIENTED_EDGE('',*,*,#14190,.T.);
#47640=ORIENTED_EDGE('',*,*,#14250,.T.);
#47650=EDGE_LOOP('',(#47640,#47630,#47620,#47560,#47550,#47540));
#47660=FACE_OUTER_BOUND('',#47650,.T.);
#47670=ADVANCED_FACE('',(#47660),#47480,.T.);
#47680=COLOUR_RGB('',0.94901967048645,0.94901967048645,1.);
#47690=FILL_AREA_STYLE_COLOUR('',#47680);
#47700=FILL_AREA_STYLE('',(#47690));
#47710=SURFACE_STYLE_FILL_AREA(#47700);
#47720=SURFACE_SIDE_STYLE('',(#47710));
#47730=SURFACE_STYLE_USAGE(.BOTH.,#47720);
#47740=PRESENTATION_STYLE_ASSIGNMENT((#47730));
#47750=CARTESIAN_POINT('',(59.6466848880224,12.2993715012116,
-5.60000000000169));
#47760=DIRECTION('',(-1.,0.,0.));
#47770=DIRECTION('',(0.,0.999709804046406,-0.0240895764490775));
#47780=AXIS2_PLACEMENT_3D('',#47750,#47760,#47770);
#47790=CYLINDRICAL_SURFACE('',#47780,0.8);
#47800=CARTESIAN_POINT('',(59.6466848880224,11.4996036579745,
-5.58072833884243));
#47810=DIRECTION('',(-1.,0.,0.));
#47820=VECTOR('',#47810,1.);
#47830=LINE('',#47800,#47820);
#47840=EDGE_CURVE('',#42350,#21190,#47830,.T.);
#47850=ORIENTED_EDGE('',*,*,#47840,.T.);
#47860=ORIENTED_EDGE('',*,*,#42380,.F.);
#47870=CARTESIAN_POINT('',(59.6466848880224,13.0991393444488,
-5.61927166116095));
#47880=DIRECTION('',(-1.,0.,0.));
#47890=VECTOR('',#47880,1.);
#47900=LINE('',#47870,#47890);
#47910=EDGE_CURVE('',#42370,#21150,#47900,.T.);
#47920=ORIENTED_EDGE('',*,*,#47910,.F.);
#47930=ORIENTED_EDGE('',*,*,#21160,.T.);
#47940=ORIENTED_EDGE('',*,*,#21220,.T.);
#47950=EDGE_LOOP('',(#47940,#47930,#47920,#47860,#47850));
#47960=FACE_OUTER_BOUND('',#47950,.T.);
#47970=ADVANCED_FACE('',(#47960),#47790,.F.);
#47980=CARTESIAN_POINT('',(58.606914728472,15.4993715012117,
-2.50022595952289));
#47990=DIRECTION('',(0.,0.,-1.));
#48000=DIRECTION('',(0.,1.,0.));
#48010=AXIS2_PLACEMENT_3D('',#47980,#47990,#48000);
#48020=PLANE('',#48010);
#48030=ORIENTED_EDGE('',*,*,#22350,.F.);
#48040=CARTESIAN_POINT('',(-0.0397701595510824,15.2993715012117,
-2.50022595952289));
#48050=DIRECTION('',(1.,0.,0.));
#48060=VECTOR('',#48050,1.);
#48070=LINE('',#48040,#48060);
#48080=EDGE_CURVE('',#22580,#22280,#48070,.T.);
#48090=ORIENTED_EDGE('',*,*,#48080,.T.);
#48100=ORIENTED_EDGE('',*,*,#22590,.F.);
#48110=ORIENTED_EDGE('',*,*,#21800,.F.);
#48120=EDGE_LOOP('',(#48110,#48100,#48090,#48030));
#48130=FACE_OUTER_BOUND('',#48120,.T.);
#48140=ADVANCED_FACE('',(#48130),#48020,.T.);
#48150=CARTESIAN_POINT('',(73.5516848880265,10.3843715012134,
-5.59999999999939));
#48160=DIRECTION('',(1.,-2.12058652180369E-33,-2.87017080875347E-16));
#48170=DIRECTION('',(-2.87017080875347E-16,3.79116733899747E-16,-1.));
#48180=AXIS2_PLACEMENT_3D('',#48150,#48160,#48170);
#48190=CYLINDRICAL_SURFACE('',#48180,0.6);
#48200=CARTESIAN_POINT('',(73.5516848880265,10.3843715012134,
-6.19999999999939));
#48210=DIRECTION('',(1.,-2.12058652180369E-33,-2.87017080875347E-16));
#48220=VECTOR('',#48210,1.);
#48230=LINE('',#48200,#48220);
#48240=CARTESIAN_POINT('',(73.5966848880265,10.3843715012134,
-6.19999999999939));
#48250=VERTEX_POINT('',#48240);
#48260=EDGE_CURVE('',#13270,#48250,#48230,.T.);
#48270=ORIENTED_EDGE('',*,*,#48260,.F.);
#48280=CARTESIAN_POINT('',(73.5966848880265,10.3843715012134,
-5.59999999999939));
#48290=DIRECTION('',(1.,-2.12058652180369E-33,-2.87017080875347E-16));
#48300=DIRECTION('',(-2.87017080875347E-16,3.79116733899747E-16,-1.));
#48310=AXIS2_PLACEMENT_3D('',#48280,#48290,#48300);
#48320=CIRCLE('',#48310,0.6);
#48330=CARTESIAN_POINT('',(73.5966848880265,10.9843715012134,-5.6));
#48340=VERTEX_POINT('',#48330);
#48350=EDGE_CURVE('',#48250,#48340,#48320,.T.);
#48360=ORIENTED_EDGE('',*,*,#48350,.F.);
#48370=CARTESIAN_POINT('',(73.5966848880265,10.3843715012134,
-4.99999999999939));
#48380=VERTEX_POINT('',#48370);
#48390=EDGE_CURVE('',#48340,#48380,#48320,.T.);
#48400=ORIENTED_EDGE('',*,*,#48390,.F.);
#48410=CARTESIAN_POINT('',(73.5516848880265,10.3843715012134,
-4.99999999999939));
#48420=DIRECTION('',(1.,-2.12058652180369E-33,-2.87017080875347E-16));
#48430=VECTOR('',#48420,1.);
#48440=LINE('',#48410,#48430);
#48450=EDGE_CURVE('',#13230,#48380,#48440,.T.);
#48460=ORIENTED_EDGE('',*,*,#48450,.T.);
#48470=ORIENTED_EDGE('',*,*,#13240,.T.);
#48480=ORIENTED_EDGE('',*,*,#13300,.T.);
#48490=EDGE_LOOP('',(#48480,#48470,#48460,#48400,#48360,#48270));
#48500=FACE_OUTER_BOUND('',#48490,.T.);
#48510=ADVANCED_FACE('',(#48500),#48190,.T.);
#48520=COLOUR_RGB('',0.94901967048645,0.94901967048645,1.);
#48530=FILL_AREA_STYLE_COLOUR('',#48520);
#48540=FILL_AREA_STYLE('',(#48530));
#48550=SURFACE_STYLE_FILL_AREA(#48540);
#48560=SURFACE_SIDE_STYLE('',(#48550));
#48570=SURFACE_STYLE_USAGE(.BOTH.,#48560);
#48580=PRESENTATION_STYLE_ASSIGNMENT((#48570));
#48590=CARTESIAN_POINT('',(73.5966848880265,10.3843715012134,
-5.89999999999939));
#48600=DIRECTION('',(1.,-2.1205865218037E-33,-2.87017080875347E-16));
#48610=DIRECTION('',(-2.87017080875347E-16,3.79116733899747E-16,-1.));
#48620=AXIS2_PLACEMENT_3D('',#48590,#48600,#48610);
#48630=PLANE('',#48620);
#48640=CARTESIAN_POINT('',(73.5966848880265,10.7985166896448,
-5.29999999999941));
#48650=DIRECTION('',(-2.71604719116245E-16,0.5,-0.866025403784439));
#48660=VECTOR('',#48650,1.);
#48670=LINE('',#48640,#48660);
#48680=CARTESIAN_POINT('',(73.5966848880265,10.8273842031043,
-5.34999999999941));
#48690=VERTEX_POINT('',#48680);
#48700=CARTESIAN_POINT('',(73.5966848880265,10.9523842031043,
-5.56650635094551));
#48710=VERTEX_POINT('',#48700);
#48720=EDGE_CURVE('',#48690,#48710,#48670,.T.);
#48730=ORIENTED_EDGE('',*,*,#48720,.T.);
#48740=CARTESIAN_POINT('',(73.5966848880265,10.394371501212,
-5.59999999999941));
#48750=DIRECTION('',(1.,-3.36793676825796E-17,-3.33066907387547E-16));
#48760=DIRECTION('',(3.05284086798824E-16,0.5,0.866025403784439));
#48770=AXIS2_PLACEMENT_3D('',#48740,#48750,#48760);
#48780=CIRCLE('',#48770,0.5);
#48790=CARTESIAN_POINT('',(73.5966848880265,9.96135879931981,
-5.34999999999941));
#48800=VERTEX_POINT('',#48790);
#48810=EDGE_CURVE('',#48690,#48800,#48780,.T.);
#48820=ORIENTED_EDGE('',*,*,#48810,.F.);
#48830=CARTESIAN_POINT('',(73.5966848880265,9.9902263127793,
-5.29999999999941));
#48840=DIRECTION('',(-3.05284086798824E-16,-0.5,-0.866025403784439));
#48850=VECTOR('',#48840,1.);
#48860=LINE('',#48830,#48850);
#48870=CARTESIAN_POINT('',(73.5966848880265,9.83635879931462,
-5.56650635095451));
#48880=VERTEX_POINT('',#48870);
#48890=EDGE_CURVE('',#48800,#48880,#48860,.T.);
#48900=ORIENTED_EDGE('',*,*,#48890,.F.);
#48910=CARTESIAN_POINT('',(73.5966848880265,12.2339456038905,
-6.95075373798191));
#48920=DIRECTION('',(-1.37366265697263E-16,0.866025403784439,-0.5));
#48930=VECTOR('',#48920,1.);
#48940=LINE('',#48910,#48930);
#48950=CARTESIAN_POINT('',(73.5966848880265,10.09616642045,
-5.71650635095451));
#48960=VERTEX_POINT('',#48950);
#48970=EDGE_CURVE('',#48880,#48960,#48940,.T.);
#48980=ORIENTED_EDGE('',*,*,#48970,.F.);
#48990=CARTESIAN_POINT('',(73.5966848880265,10.3366364742931,
-5.29999999999941));
#49000=DIRECTION('',(-3.05284086798824E-16,-0.5,-0.866025403784439));
#49010=VECTOR('',#49000,1.);
#49020=LINE('',#48990,#49010);
#49030=CARTESIAN_POINT('',(73.5966848880265,10.2211664204551,
-5.4999999999994));
#49040=VERTEX_POINT('',#49030);
#49050=EDGE_CURVE('',#49040,#48960,#49020,.T.);
#49060=ORIENTED_EDGE('',*,*,#49050,.T.);
#49070=CARTESIAN_POINT('',(73.5966848880265,10.394371501212,
-5.59999999999941));
#49080=DIRECTION('',(1.,-3.36793676825796E-17,-3.33066907387547E-16));
#49090=DIRECTION('',(3.05284086798824E-16,0.5,0.866025403784439));
#49100=AXIS2_PLACEMENT_3D('',#49070,#49080,#49090);
#49110=CIRCLE('',#49100,0.2);
#49120=CARTESIAN_POINT('',(73.5966848880265,10.5675765819689,
-5.49999999999941));
#49130=VERTEX_POINT('',#49120);
#49140=EDGE_CURVE('',#49130,#49040,#49110,.T.);
#49150=ORIENTED_EDGE('',*,*,#49140,.T.);
#49160=CARTESIAN_POINT('',(73.5966848880265,10.452106528131,
-5.29999999999941));
#49170=DIRECTION('',(-2.71604719116245E-16,0.5,-0.866025403784439));
#49180=VECTOR('',#49170,1.);
#49190=LINE('',#49160,#49180);
#49200=CARTESIAN_POINT('',(73.5966848880265,10.6925765819689,
-5.71650635094552));
#49210=VERTEX_POINT('',#49200);
#49220=EDGE_CURVE('',#49130,#49210,#49190,.T.);
#49230=ORIENTED_EDGE('',*,*,#49220,.F.);
#49240=CARTESIAN_POINT('',(73.5966848880265,12.2339456038905,
-4.82659653121851));
#49250=DIRECTION('',(1.95700641690284E-16,0.866025403784439,0.5));
#49260=VECTOR('',#49250,1.);
#49270=LINE('',#49240,#49260);
#49280=EDGE_CURVE('',#49210,#48710,#49270,.T.);
#49290=ORIENTED_EDGE('',*,*,#49280,.F.);
#49300=EDGE_LOOP('',(#49290,#49230,#49150,#49060,#48980,#48900,#48820,
#48730));
#49310=FACE_BOUND('',#49300,.T.);
#49320=EDGE_CURVE('',#48380,#48250,#48320,.T.);
#49330=ORIENTED_EDGE('',*,*,#49320,.T.);
#49340=ORIENTED_EDGE('',*,*,#48390,.T.);
#49350=ORIENTED_EDGE('',*,*,#48350,.T.);
#49360=EDGE_LOOP('',(#49350,#49340,#49330));
#49370=FACE_OUTER_BOUND('',#49360,.T.);
#49380=ADVANCED_FACE('',(#49310,#49370),#48630,.T.);
#49390=COLOUR_RGB('',0.94901967048645,0.94901967048645,1.);
#49400=FILL_AREA_STYLE_COLOUR('',#49390);
#49410=FILL_AREA_STYLE('',(#49400));
#49420=SURFACE_STYLE_FILL_AREA(#49410);
#49430=SURFACE_SIDE_STYLE('',(#49420));
#49440=SURFACE_STYLE_USAGE(.BOTH.,#49430);
#49450=PRESENTATION_STYLE_ASSIGNMENT((#49440));
#49460=CARTESIAN_POINT('',(73.311401362747,9.83635879931462,
-5.56650635095451));
#49470=DIRECTION('',(3.05284086798824E-16,0.5,0.866025403784439));
#49480=DIRECTION('',(1.37366265697263E-16,-0.866025403784439,0.5));
#49490=AXIS2_PLACEMENT_3D('',#49460,#49470,#49480);
#49500=PLANE('',#49490);
#49510=CARTESIAN_POINT('',(71.8202423579864,10.09616642045,
-5.71650635095451));
#49520=DIRECTION('',(-1.,3.36793676825796E-17,3.33066907387547E-16));
#49530=VECTOR('',#49520,1.);
#49540=LINE('',#49510,#49530);
#49550=CARTESIAN_POINT('',(74.806665595237,10.09616642045,
-5.71650635095451));
#49560=VERTEX_POINT('',#49550);
#49570=EDGE_CURVE('',#49560,#48960,#49540,.T.);
#49580=ORIENTED_EDGE('',*,*,#49570,.F.);
#49590=ORIENTED_EDGE('',*,*,#48970,.T.);
#49600=CARTESIAN_POINT('',(71.8202423579864,9.83635879931462,
-5.56650635095451));
#49610=DIRECTION('',(-1.,3.36793676825796E-17,3.33066907387547E-16));
#49620=VECTOR('',#49610,1.);
#49630=LINE('',#49600,#49620);
#49640=CARTESIAN_POINT('',(74.4356218589761,9.83635879931462,
-5.56650635095451));
#49650=VERTEX_POINT('',#49640);
#49660=EDGE_CURVE('',#49650,#48880,#49630,.T.);
#49670=ORIENTED_EDGE('',*,*,#49660,.T.);
#49680=CARTESIAN_POINT('',(71.7561040568916,7.96014023552793,
-4.48327105809368));
#49690=DIRECTION('',(-0.777622657646255,-0.544497246766576,
0.314365631993693));
#49700=VECTOR('',#49690,1.);
#49710=LINE('',#49680,#49700);
#49720=EDGE_CURVE('',#49560,#49650,#49710,.T.);
#49730=ORIENTED_EDGE('',*,*,#49720,.T.);
#49740=EDGE_LOOP('',(#49730,#49670,#49590,#49580));
#49750=FACE_OUTER_BOUND('',#49740,.T.);
#49760=ADVANCED_FACE('',(#49750),#49500,.F.);
#49770=COLOUR_RGB('',0.94901967048645,0.94901967048645,1.);
#49780=FILL_AREA_STYLE_COLOUR('',#49770);
#49790=FILL_AREA_STYLE('',(#49780));
#49800=SURFACE_STYLE_FILL_AREA(#49790);
#49810=SURFACE_SIDE_STYLE('',(#49800));
#49820=SURFACE_STYLE_USAGE(.BOTH.,#49810);
#49830=PRESENTATION_STYLE_ASSIGNMENT((#49820));
#49840=CARTESIAN_POINT('',(75.2325465869277,10.394371501212,
-5.29999999999941));
#49850=DIRECTION('',(-0.573576436351046,0.819152044288992,
2.28761139332435E-16));
#49860=DIRECTION('',(-0.819152044288992,-0.573576436351046,
2.4641934268607E-16));
#49870=AXIS2_PLACEMENT_3D('',#49840,#49850,#49860);
#49880=PLANE('',#49870);
#49890=CARTESIAN_POINT('',(75.1500924233142,10.3366364742931,
-5.29999999999941));
#49900=DIRECTION('',(0.581124101764717,0.406907476691001,
0.704784423608463));
#49910=VECTOR('',#49900,1.);
#49920=LINE('',#49890,#49910);
#49930=CARTESIAN_POINT('',(74.9400789971102,10.1895834901398,
-5.55470323995751));
#49940=VERTEX_POINT('',#49930);
#49950=EDGE_CURVE('',#49560,#49940,#49920,.T.);
#49960=ORIENTED_EDGE('',*,*,#49950,.T.);
#49970=ORIENTED_EDGE('',*,*,#49720,.F.);
#49980=CARTESIAN_POINT('',(74.6553674416331,9.9902263127793,
-5.29999999999941));
#49990=DIRECTION('',(0.581124101764717,0.406907476691001,
0.704784423608463));
#50000=VECTOR('',#49990,1.);
#50010=LINE('',#49980,#50000);
#50020=CARTESIAN_POINT('',(74.6141403598263,9.96135879931981,
-5.34999999999941));
#50030=VERTEX_POINT('',#50020);
#50040=EDGE_CURVE('',#49650,#50030,#50010,.T.);
#50050=ORIENTED_EDGE('',*,*,#50040,.F.);
#50060=CARTESIAN_POINT('',(75.2325465869277,10.394371501212,
-5.59999999999941));
#50070=DIRECTION('',(-0.573576436351046,0.819152044288992,
2.28761139332435E-16));
#50080=DIRECTION('',(-0.819152044288992,-0.573576436351046,
2.4641934268607E-16));
#50090=AXIS2_PLACEMENT_3D('',#50060,#50070,#50080);
#50100=ELLIPSE('',#50090,0.871723397810549,0.5);
#50110=CARTESIAN_POINT('',(74.9400789971106,10.1895834901392,
-5.14386200495731));
#50120=VERTEX_POINT('',#50110);
#50130=EDGE_CURVE('',#50030,#50120,#50100,.T.);
#50140=ORIENTED_EDGE('',*,*,#50130,.F.);
#50150=CARTESIAN_POINT('',(74.9400789971102,10.1895834901398,
-5.29999999999941));
#50160=DIRECTION('',(-3.33066907387547E-16,4.60498265121997E-17,-1.));
#50170=VECTOR('',#50160,1.);
#50180=LINE('',#50150,#50170);
#50190=EDGE_CURVE('',#50120,#49940,#50180,.T.);
#50200=ORIENTED_EDGE('',*,*,#50190,.F.);
#50210=EDGE_LOOP('',(#50200,#50140,#50050,#49970,#49960));
#50220=FACE_OUTER_BOUND('',#50210,.T.);
#50230=ADVANCED_FACE('',(#50220),#49880,.F.);
#50240=COLOUR_RGB('',0.94901967048645,0.94901967048645,1.);
#50250=FILL_AREA_STYLE_COLOUR('',#50240);
#50260=FILL_AREA_STYLE('',(#50250));
#50270=SURFACE_STYLE_FILL_AREA(#50260);
#50280=SURFACE_SIDE_STYLE('',(#50270));
#50290=SURFACE_STYLE_USAGE(.BOTH.,#50280);
#50300=PRESENTATION_STYLE_ASSIGNMENT((#50290));
#50310=CARTESIAN_POINT('',(68.8671107853445,10.6598330876293,
-4.74020704486684));
#50320=DIRECTION('',(-1.37366265697263E-16,0.866025403784439,-0.5));
#50330=DIRECTION('',(-3.05284086798824E-16,-0.5,-0.866025403784439));
#50340=AXIS2_PLACEMENT_3D('',#50310,#50320,#50330);
#50350=PLANE('',#50340);
#50360=CARTESIAN_POINT('',(74.7966848880225,10.394371501212,
-5.1999999999994));
#50370=DIRECTION('',(-1.37366265697263E-16,0.866025403784439,-0.5));
#50380=DIRECTION('',(-3.05284086798824E-16,-0.5,-0.866025403784439));
#50390=AXIS2_PLACEMENT_3D('',#50360,#50370,#50380);
#50400=ELLIPSE('',#50390,0.5,0.25);
#50410=CARTESIAN_POINT('',(74.9769624517956,10.2211664204551,
-5.49999999999941));
#50420=VERTEX_POINT('',#50410);
#50430=EDGE_CURVE('',#50420,#49940,#50400,.T.);
#50440=ORIENTED_EDGE('',*,*,#50430,.T.);
#50450=CARTESIAN_POINT('',(70.3671107853445,10.2211664204551,
-5.4999999999994));
#50460=DIRECTION('',(-1.,3.36793676825796E-17,3.33066907387547E-16));
#50470=VECTOR('',#50460,1.);
#50480=LINE('',#50450,#50470);
#50490=EDGE_CURVE('',#50420,#49040,#50480,.T.);
#50500=ORIENTED_EDGE('',*,*,#50490,.F.);
#50510=ORIENTED_EDGE('',*,*,#49050,.F.);
#50520=ORIENTED_EDGE('',*,*,#49570,.T.);
#50530=ORIENTED_EDGE('',*,*,#49950,.F.);
#50540=EDGE_LOOP('',(#50530,#50520,#50510,#50500,#50440));
#50550=FACE_OUTER_BOUND('',#50540,.T.);
#50560=ADVANCED_FACE('',(#50550),#50350,.T.);
#50570=COLOUR_RGB('',0.94901967048645,0.94901967048645,1.);
#50580=FILL_AREA_STYLE_COLOUR('',#50570);
#50590=FILL_AREA_STYLE('',(#50580));
#50600=SURFACE_STYLE_FILL_AREA(#50590);
#50610=SURFACE_SIDE_STYLE('',(#50600));
#50620=SURFACE_STYLE_USAGE(.BOTH.,#50610);
#50630=PRESENTATION_STYLE_ASSIGNMENT((#50620));
#50640=CARTESIAN_POINT('',(74.7966848880225,10.394371501212,
-5.29999999999941));
#50650=DIRECTION('',(-3.33066907387547E-16,4.60498265121997E-17,-1.));
#50660=DIRECTION('',(-1.,3.36793676825796E-17,3.33066907387547E-16));
#50670=AXIS2_PLACEMENT_3D('',#50640,#50650,#50660);
#50680=CYLINDRICAL_SURFACE('',#50670,0.25);
#50690=CARTESIAN_POINT('',(74.7966848880225,10.394371501212,
-5.19999999999941));
#50700=DIRECTION('',(-1.95700641690284E-16,-0.866025403784439,-0.5));
#50710=DIRECTION('',(2.71604719116245E-16,-0.5,0.866025403784439));
#50720=AXIS2_PLACEMENT_3D('',#50690,#50700,#50710);
#50730=ELLIPSE('',#50720,0.5,0.25);
#50740=CARTESIAN_POINT('',(74.9400789971102,10.5991595122843,
-5.55470323995752));
#50750=VERTEX_POINT('',#50740);
#50760=CARTESIAN_POINT('',(74.9769624517956,10.5675765819689,
-5.49999999999941));
#50770=VERTEX_POINT('',#50760);
#50780=EDGE_CURVE('',#50750,#50770,#50730,.T.);
#50790=ORIENTED_EDGE('',*,*,#50780,.F.);
#50800=CARTESIAN_POINT('',(76.7325470616523,10.394371501212,
-5.59999999999941));
#50810=DIRECTION('',(1.,-3.36793676825796E-17,-3.33066907387547E-16));
#50820=DIRECTION('',(3.05284086798824E-16,0.5,0.866025403784439));
#50830=AXIS2_PLACEMENT_3D('',#50800,#50810,#50820);
#50840=CYLINDRICAL_SURFACE('',#50830,0.2);
#50850=CARTESIAN_POINT('',(74.9769624517962,10.567576581973,
-5.49999999999737));
#50860=CARTESIAN_POINT('',(74.9811441928311,10.5632240879079,
-5.49246125913667));
#50870=CARTESIAN_POINT('',(74.985473477174,10.5583999393824,
-5.48524100195415));
#50880=CARTESIAN_POINT('',(74.9898020926178,10.5531346748046,
-5.47836836465193));
#50890=CARTESIAN_POINT('',(74.9941308160342,10.5478692788903,
-5.47149555591914));
#50900=CARTESIAN_POINT('',(74.9984595704424,10.5421620359535,
-5.46497041254922));
#50910=CARTESIAN_POINT('',(75.0026648457973,10.5360480941802,
-5.45883434197677));
#50920=CARTESIAN_POINT('',(75.0068616259514,10.5299465033612,
-5.4527106670615));
#50930=CARTESIAN_POINT('',(75.0109645550068,10.5234022711509,
-5.44693274234763));
#50940=CARTESIAN_POINT('',(75.0148906087385,10.5163807772799,
-5.44152685857205));
#50950=CARTESIAN_POINT('',(75.0188131637502,10.5093655406442,
-5.43612579227359));
#50960=CARTESIAN_POINT('',(75.0225402000133,10.5019014506169,
-5.43112328737037));
#50970=CARTESIAN_POINT('',(75.0259540586403,10.4940492189031,
-5.4266092488149));
#50980=CARTESIAN_POINT('',(75.0291059840514,10.4867994609674,
-5.42244155636356));
#50990=CARTESIAN_POINT('',(75.031989511954,10.4792227929374,
-5.41869217546579));
#51000=CARTESIAN_POINT('',(75.0345296735436,10.4713770724416,
-5.41541900964663));
#51010=CARTESIAN_POINT('',(75.0357986275321,10.4674576925267,
-5.41378387870148));
#51020=CARTESIAN_POINT('',(75.0369897667135,10.4634476004911,
-5.41225763083731));
#51030=CARTESIAN_POINT('',(75.0380908420979,10.4593573868868,
-5.41085234692627));
#51040=CARTESIAN_POINT('',(75.03919183138,10.4552674931305,
-5.40944717290615));
#51050=CARTESIAN_POINT('',(75.0402022602577,10.4510989845311,
-5.40816358736016));
#51060=CARTESIAN_POINT('',(75.0411107664251,10.4468690246499,
-5.40701292780828));
#51070=CARTESIAN_POINT('',(75.0420192686818,10.4426390829765,
-5.40586227320942));
#51080=CARTESIAN_POINT('',(75.0428257145682,10.4383481781406,
-5.40484470289695));
#51090=CARTESIAN_POINT('',(75.0435215505659,10.4340156940328,
-5.4039685280986));
#51100=CARTESIAN_POINT('',(75.0442173904666,10.4296831856239,
-5.40309234838576));
#51110=CARTESIAN_POINT('',(75.0448025255189,10.4253096667638,
-5.40235767631277));
#51120=CARTESIAN_POINT('',(75.0452717655518,10.4209151317137,
-5.40176923629258));
#51130=CARTESIAN_POINT('',(75.045741024131,10.416520422974,
-5.40118077301489));
#51140=CARTESIAN_POINT('',(75.0460943235935,10.4121057232668,
-5.40073861907989));
#51150=CARTESIAN_POINT('',(75.0463299619972,10.4076882966377,
-5.40044383506884));
#51160=CARTESIAN_POINT('',(75.0465657421003,10.4032682136228,
-5.40014887379167));
#51170=CARTESIAN_POINT('',(75.046685245164,10.3988155673801,
-5.39999955357243));
#51180=CARTESIAN_POINT('',(75.0466848872188,10.394351455498,
-5.40000000100398));
#51190=CARTESIAN_POINT('',(75.04668452928,10.3898874242733,
-5.40000044842745));
#51200=CARTESIAN_POINT('',(75.0465642691304,10.3854126548597,
-5.40015071274738));
#51210=CARTESIAN_POINT('',(75.0463243956089,10.3809507615909,
-5.40045079867797));
#51220=CARTESIAN_POINT('',(75.0460845231374,10.3764888878512,
-5.40075088329513));
#51230=CARTESIAN_POINT('',(75.0457250751211,10.3720406441207,
-5.4012007450414));
#51240=CARTESIAN_POINT('',(75.0452505212303,10.3676296615595,
-5.40179587791311));
#51250=CARTESIAN_POINT('',(75.0443007569117,10.3588015939208,
-5.40298696701232));
#51260=CARTESIAN_POINT('',(75.0428917610188,10.3501503131038,
-5.40475711114992));
#51270=CARTESIAN_POINT('',(75.0410901781907,10.3417782113572,
-5.40703900429757));
#51280=CARTESIAN_POINT('',(75.0392843132865,10.3333862104548,
-5.40932632114271));
#51290=CARTESIAN_POINT('',(75.0370652031565,10.3251879255863,
-5.41215156576974));
#51300=CARTESIAN_POINT('',(75.0345026348791,10.3172824664533,
-5.41545385205797));
#51310=CARTESIAN_POINT('',(75.0319401431951,10.3093772436089,
-5.41875603964317));
#51320=CARTESIAN_POINT('',(75.0290370485631,10.3017727167237,
-5.42253186626479));
#51330=CARTESIAN_POINT('',(75.0258915125004,10.2945500441228,
-5.4266919600688));
#51340=CARTESIAN_POINT('',(75.0241868584495,10.2906358756433,
-5.42894643136206));
#51350=CARTESIAN_POINT('',(75.0224183050302,10.2868473492416,
-5.43130406525175));
#51360=CARTESIAN_POINT('',(75.0205830227559,10.2831526841761,
-5.43377613066311));
#51370=CARTESIAN_POINT('',(75.0187473948132,10.2794573232345,
-5.43624866167855));
#51380=CARTESIAN_POINT('',(75.0168455755929,10.2758585222653,
-5.43883500896904));
#51390=CARTESIAN_POINT('',(75.0148900884821,10.2723612947038,
-5.44152757492679));
#51400=CARTESIAN_POINT('',(75.0109790414962,10.2653667094473,
-5.44691280703379));
#51410=CARTESIAN_POINT('',(75.0068526249693,10.2587795610199,
-5.45272239716179));
#51420=CARTESIAN_POINT('',(75.0026231768917,10.2526343459673,
-5.45889514953021));
#51430=CARTESIAN_POINT('',(74.9983937618365,10.2464891788948,
-5.46506785370347));
#51440=CARTESIAN_POINT('',(74.9940617561871,10.2407866314632,
-5.47160272743353));
#51450=CARTESIAN_POINT('',(74.9897558918454,10.2355521463374,
-5.47844173200737));
#51460=CARTESIAN_POINT('',(74.9876028072863,10.2329347185216,
-5.48186147633253));
#51470=CARTESIAN_POINT('',(74.9854602496773,10.2304379659278,
-5.48535058326363));
#51480=CARTESIAN_POINT('',(74.9833206808488,10.2280372568842,
-5.4889463230499));
#51490=CARTESIAN_POINT('',(74.9811828049716,10.2256384474214,
-5.49253921767752));
#51500=CARTESIAN_POINT('',(74.9790561834449,10.2233456454457,
-5.4962254715858));
#51510=CARTESIAN_POINT('',(74.9769624517946,10.2211664204516,
-5.49999999999679));
#51520=B_SPLINE_CURVE_WITH_KNOTS('',3,(#50850,#50860,#50870,#50880,
#50890,#50900,#50910,#50920,#50930,#50940,#50950,#50960,#50970,#50980,
#50990,#51000,#51010,#51020,#51030,#51040,#51050,#51060,#51070,#51080,
#51090,#51100,#51110,#51120,#51130,#51140,#51150,#51160,#51170,#51180,
#51190,#51200,#51210,#51220,#51230,#51240,#51250,#51260,#51270,#51280,
#51290,#51300,#51310,#51320,#51330,#51340,#51350,#51360,#51370,#51380,
#51390,#51400,#51410,#51420,#51430,#51440,#51450,#51460,#51470,#51480,
#51490,#51500,#51510),.UNSPECIFIED.,.F.,.F.,(4,3,3,3,3,3,3,3,3,3,3,3,3,3
,3,3,3,3,3,3,3,3,4),(0.,0.0290228877322191,0.0580045749927656,
0.0869336545348759,0.116001617400334,0.14272117182568,0.156066252248421,
0.169479353591698,0.182910167074911,0.196312713308916,0.209651799332128,
0.223004795758258,0.236422026523097,0.249857903507029,0.276591483587332,
0.303342684973775,0.330145080502644,0.344579390445898,0.35903708081891,
0.388060278759637,0.417049876712205,0.431482141530946,0.445969428618465)
,.UNSPECIFIED.);
#51530=SURFACE_CURVE('',#51520,(#50680,#50840),.CURVE_3D.);
#51540=EDGE_CURVE('',#50770,#50420,#51530,.T.);
#51550=ORIENTED_EDGE('',*,*,#51540,.F.);
#51560=ORIENTED_EDGE('',*,*,#50430,.F.);
#51570=ORIENTED_EDGE('',*,*,#50190,.T.);
#51580=CARTESIAN_POINT('',(76.7325470616523,10.394371501212,
-5.59999999999941));
#51590=DIRECTION('',(1.,-3.36793676825796E-17,-3.33066907387547E-16));
#51600=DIRECTION('',(3.05284086798824E-16,0.5,0.866025403784439));
#51610=AXIS2_PLACEMENT_3D('',#51580,#51590,#51600);
#51620=CYLINDRICAL_SURFACE('',#51610,0.5);
#51630=CARTESIAN_POINT('',(74.9400789971103,10.5991595122844,
-5.14386200495727));
#51640=CARTESIAN_POINT('',(74.9481673469947,10.5934959887236,
-5.14131930573408));
#51650=CARTESIAN_POINT('',(74.9558939209216,10.5873700408813,
-5.13869640223853));
#51660=CARTESIAN_POINT('',(74.9632003741942,10.5808456089723,
-5.13607392061281));
#51670=CARTESIAN_POINT('',(74.9705031320253,10.5743244769758,
-5.13345276537997));
#51680=CARTESIAN_POINT('',(74.9774633884156,10.5673364142275,
-5.13080412996853));
#51690=CARTESIAN_POINT('',(74.9840100064081,10.5599290441449,
-5.12820481140801));
#51700=CARTESIAN_POINT('',(74.9905564812004,10.5525218360905,
-5.12560554970474));
#51710=CARTESIAN_POINT('',(74.996687068096,10.5446975569573,
-5.12305680643474));
#51720=CARTESIAN_POINT('',(75.0023386927471,10.5365211146568,
-5.12063220029082));
#51730=CARTESIAN_POINT('',(75.0079903889713,10.5283445688085,
-5.11820756344129));
#51740=CARTESIAN_POINT('',(75.0131612523413,10.5198186083909,
-5.11590814657311));
#51750=CARTESIAN_POINT('',(75.0178035805891,10.511018506307,
-5.11379687762936));
#51760=CARTESIAN_POINT('',(75.020126097821,10.5066158902829,
-5.112740627782));
#51770=CARTESIAN_POINT('',(75.0223109051057,10.5021571902312,
-5.11173390579927));
#51780=CARTESIAN_POINT('',(75.0243697864467,10.497616777276,
-5.11077570279977));
#51790=CARTESIAN_POINT('',(75.0264295400733,10.4930744406857,
-5.10981709383877));
#51800=CARTESIAN_POINT('',(75.028363602632,10.4884475081537,
-5.10890681191568));
#51810=CARTESIAN_POINT('',(75.0301626031662,10.4837479887871,
-5.10805300745982));
#51820=CARTESIAN_POINT('',(75.0337608517413,10.4743483034938,
-5.10634528108165));
#51830=CARTESIAN_POINT('',(75.0368158556553,10.4646599240344,
-5.10486538524196));
#51840=CARTESIAN_POINT('',(75.0392728946599,10.4547954950857,
-5.10366448750372));
#51850=CARTESIAN_POINT('',(75.0417299738076,10.4449309049723,
-5.10246357014525));
#51860=CARTESIAN_POINT('',(75.0435871919904,10.4348979760529,
-5.10154278406851));
#51870=CARTESIAN_POINT('',(75.0448240272674,10.4248176434105,
-5.10092782843979));
#51880=CARTESIAN_POINT('',(75.0460602834309,10.414742030602,
-5.10031316074685));
#51890=CARTESIAN_POINT('',(75.0466807535915,10.4046195794226,
-5.10000206721477));
#51900=CARTESIAN_POINT('',(75.0466848674748,10.3944728611509,
-5.10000001027324));
#51910=CARTESIAN_POINT('',(75.0466889778563,10.3843347798574,
-5.0999979550826));
#51920=CARTESIAN_POINT('',(75.0460737250952,10.3741376420213,
-5.10030645914035));
#51930=CARTESIAN_POINT('',(75.0448338263453,10.3640053290912,
-5.10092295625693));
#51940=CARTESIAN_POINT('',(75.044213962799,10.3589398740084,
-5.10123116213986));
#51950=CARTESIAN_POINT('',(75.0434386202738,10.3538919996627,
-5.10161585758068));
#51960=CARTESIAN_POINT('',(75.0425108440391,10.3488786517904,
-5.10207390041082));
#51970=CARTESIAN_POINT('',(75.0415830676261,10.3438653029543,
-5.10253194332901));
#51980=CARTESIAN_POINT('',(75.0405029141414,10.3388867681063,
-5.10306329996531));
#51990=CARTESIAN_POINT('',(75.0392758365572,10.3339593195842,
-5.10366304962097));
#52000=CARTESIAN_POINT('',(75.0368212785186,10.324102804776,
-5.10486274584015));
#52010=CARTESIAN_POINT('',(75.0337790829937,10.3144581233084,
-5.10633634495862));
#52020=CARTESIAN_POINT('',(75.0302127449835,10.3051261090444,
-5.10802920820701));
#52030=CARTESIAN_POINT('',(75.0266425407943,10.2957839781738,
-5.1097239066467));
#52040=CARTESIAN_POINT('',(75.0225074765325,10.2866493686633,
-5.11165727493303));
#52050=CARTESIAN_POINT('',(75.0178472572905,10.2778073282436,
-5.11377701249245));
#52060=CARTESIAN_POINT('',(75.0131871434485,10.2689654878042,
-5.11589670210981));
#52070=CARTESIAN_POINT('',(75.0080037808573,10.2604200790736,
-5.11820164059611));
#52080=CARTESIAN_POINT('',(75.0023571397199,10.2522485794795,
-5.12062428605658));
#52090=CARTESIAN_POINT('',(74.9967104453398,10.2440770028356,
-5.12304695436042));
#52100=CARTESIAN_POINT('',(74.9906026899221,10.2362822261685,
-5.12558606633359));
#52110=CARTESIAN_POINT('',(74.9841072729154,10.2289240786239,
-5.12816618353544));
#52120=CARTESIAN_POINT('',(74.9776217263442,10.2215771125202,
-5.13074237999124));
#52130=CARTESIAN_POINT('',(74.9706797930953,10.2145849671886,
-5.13338766592774));
#52140=CARTESIAN_POINT('',(74.9633217795975,10.2080058757162,
-5.13603033112701));
#52150=CARTESIAN_POINT('',(74.9559646339577,10.2014275602302,
-5.13867268463095));
#52160=CARTESIAN_POINT('',(74.9481962259873,10.195267234988,
-5.14131022717145));
#52170=CARTESIAN_POINT('',(74.9400789971106,10.1895834901392,
-5.14386200495732));
#52180=B_SPLINE_CURVE_WITH_KNOTS('',3,(#51630,#51640,#51650,#51660,
#51670,#51680,#51690,#51700,#51710,#51720,#51730,#51740,#51750,#51760,
#51770,#51780,#51790,#51800,#51810,#51820,#51830,#51840,#51850,#51860,
#51870,#51880,#51890,#51900,#51910,#51920,#51930,#51940,#51950,#51960,
#51970,#51980,#51990,#52000,#52010,#52020,#52030,#52040,#52050,#52060,
#52070,#52080,#52090,#52100,#52110,#52120,#52130,#52140,#52150,#52160,
#52170),.UNSPECIFIED.,.F.,.F.,(4,3,3,3,3,3,3,3,3,3,3,3,3,3,3,3,3,3,4),(
0.,0.0305232718660751,0.0610761902264363,0.0917728592053997,
0.122389781451403,0.137618773703228,0.152895894528108,0.18358526161425,
0.214218332235583,0.244657630516554,0.275218933017214,0.290569089053315,
0.305920471790253,0.336479735863983,0.367032481758148,0.397711732658333,
0.428289879783326,0.458826171214198,0.489517989124684),.UNSPECIFIED.);
#52190=SURFACE_CURVE('',#52180,(#50680,#51620),.CURVE_3D.);
#52200=CARTESIAN_POINT('',(74.9400789971106,10.5991595122848,
-5.14386200495732));
#52210=VERTEX_POINT('',#52200);
#52220=EDGE_CURVE('',#52210,#50120,#52190,.T.);
#52230=ORIENTED_EDGE('',*,*,#52220,.T.);
#52240=CARTESIAN_POINT('',(74.9400789971102,10.5991595122843,
-5.29999999999941));
#52250=DIRECTION('',(-3.33066907387547E-16,4.60498265121997E-17,-1.));
#52260=VECTOR('',#52250,1.);
#52270=LINE('',#52240,#52260);
#52280=EDGE_CURVE('',#52210,#50750,#52270,.T.);
#52290=ORIENTED_EDGE('',*,*,#52280,.F.);
#52300=EDGE_LOOP('',(#52290,#52230,#51570,#51560,#51550,#50790));
#52310=FACE_OUTER_BOUND('',#52300,.T.);
#52320=ADVANCED_FACE('',(#52310),#50680,.T.);
#52330=COLOUR_RGB('',0.94901967048645,0.94901967048645,1.);
#52340=FILL_AREA_STYLE_COLOUR('',#52330);
#52350=FILL_AREA_STYLE('',(#52340));
#52360=SURFACE_STYLE_FILL_AREA(#52350);
#52370=SURFACE_SIDE_STYLE('',(#52360));
#52380=SURFACE_STYLE_USAGE(.BOTH.,#52370);
#52390=PRESENTATION_STYLE_ASSIGNMENT((#52380));
#52400=CARTESIAN_POINT('',(71.811401362747,10.9523842031043,
-5.56650635094551));
#52410=DIRECTION('',(2.71604719116245E-16,-0.5,0.866025403784439));
#52420=DIRECTION('',(-1.,3.36793676825796E-17,3.33066907387547E-16));
#52430=AXIS2_PLACEMENT_3D('',#52400,#52410,#52420);
#52440=PLANE('',#52430);
#52450=CARTESIAN_POINT('',(71.8202423579864,10.6925765819689,
-5.71650635094551));
#52460=DIRECTION('',(1.,-3.36793676825796E-17,-3.33066907387547E-16));
#52470=VECTOR('',#52460,1.);
#52480=LINE('',#52450,#52470);
#52490=CARTESIAN_POINT('',(74.8066655952444,10.6925765819689,
-5.71650635094552));
#52500=VERTEX_POINT('',#52490);
#52510=EDGE_CURVE('',#49210,#52500,#52480,.T.);
#52520=ORIENTED_EDGE('',*,*,#52510,.F.);
#52530=CARTESIAN_POINT('',(71.7561040568916,12.8286027668961,
-4.48327105808169));
#52540=DIRECTION('',(0.777622657646255,-0.544497246766576,
-0.314365631993693));
#52550=VECTOR('',#52540,1.);
#52560=LINE('',#52530,#52550);
#52570=CARTESIAN_POINT('',(74.4356218589836,10.9523842031043,
-5.56650635094551));
#52580=VERTEX_POINT('',#52570);
#52590=EDGE_CURVE('',#52580,#52500,#52560,.T.);
#52600=ORIENTED_EDGE('',*,*,#52590,.T.);
#52610=CARTESIAN_POINT('',(71.8202423579864,10.9523842031043,
-5.56650635094551));
#52620=DIRECTION('',(1.,-3.36793676825796E-17,-3.33066907387547E-16));
#52630=VECTOR('',#52620,1.);
#52640=LINE('',#52610,#52630);
#52650=EDGE_CURVE('',#48710,#52580,#52640,.T.);
#52660=ORIENTED_EDGE('',*,*,#52650,.T.);
#52670=ORIENTED_EDGE('',*,*,#49280,.T.);
#52680=EDGE_LOOP('',(#52670,#52660,#52600,#52520));
#52690=FACE_OUTER_BOUND('',#52680,.T.);
#52700=ADVANCED_FACE('',(#52690),#52440,.F.);
#52710=COLOUR_RGB('',0.94901967048645,0.94901967048645,1.);
#52720=FILL_AREA_STYLE_COLOUR('',#52710);
#52730=FILL_AREA_STYLE('',(#52720));
#52740=SURFACE_STYLE_FILL_AREA(#52730);
#52750=SURFACE_SIDE_STYLE('',(#52740));
#52760=SURFACE_STYLE_USAGE(.BOTH.,#52750);
#52770=PRESENTATION_STYLE_ASSIGNMENT((#52760));
#52780=CARTESIAN_POINT('',(70.3671107853445,10.9529388024706,
-5.56746694522594));
#52790=DIRECTION('',(-1.95700641690284E-16,-0.866025403784439,-0.5));
#52800=DIRECTION('',(2.71604719116245E-16,-0.5,0.866025403784439));
#52810=AXIS2_PLACEMENT_3D('',#52780,#52790,#52800);
#52820=PLANE('',#52810);
#52830=ORIENTED_EDGE('',*,*,#52650,.F.);
#52840=CARTESIAN_POINT('',(74.6553674416331,10.7985166896448,
-5.29999999999941));
#52850=DIRECTION('',(-0.581124101764717,0.406907476691001,
-0.704784423608463));
#52860=VECTOR('',#52850,1.);
#52870=LINE('',#52840,#52860);
#52880=CARTESIAN_POINT('',(74.6141403598263,10.8273842031043,
-5.34999999999941));
#52890=VERTEX_POINT('',#52880);
#52900=EDGE_CURVE('',#52890,#52580,#52870,.T.);
#52910=ORIENTED_EDGE('',*,*,#52900,.T.);
#52920=CARTESIAN_POINT('',(70.3671107853445,10.8273842031043,
-5.3499999999994));
#52930=DIRECTION('',(-1.,3.36793676825796E-17,3.33066907387547E-16));
#52940=VECTOR('',#52930,1.);
#52950=LINE('',#52920,#52940);
#52960=EDGE_CURVE('',#52890,#48690,#52950,.T.);
#52970=ORIENTED_EDGE('',*,*,#52960,.F.);
#52980=ORIENTED_EDGE('',*,*,#48720,.F.);
#52990=EDGE_LOOP('',(#52980,#52970,#52910,#52830));
#53000=FACE_OUTER_BOUND('',#52990,.T.);
#53010=ADVANCED_FACE('',(#53000),#52820,.F.);
#53020=COLOUR_RGB('',0.94901967048645,0.94901967048645,1.);
#53030=FILL_AREA_STYLE_COLOUR('',#53020);
#53040=FILL_AREA_STYLE('',(#53030));
#53050=SURFACE_STYLE_FILL_AREA(#53040);
#53060=SURFACE_SIDE_STYLE('',(#53050));
#53070=SURFACE_STYLE_USAGE(.BOTH.,#53060);
#53080=PRESENTATION_STYLE_ASSIGNMENT((#53070));
#53090=CARTESIAN_POINT('',(76.796685362747,10.394371501212,
-5.59999999999941));
#53100=DIRECTION('',(1.,-3.36793676825796E-17,-3.33066907387547E-16));
#53110=DIRECTION('',(3.05284086798824E-16,0.5,0.866025403784439));
#53120=AXIS2_PLACEMENT_3D('',#53090,#53100,#53110);
#53130=CYLINDRICAL_SURFACE('',#53120,0.5);
#53140=ORIENTED_EDGE('',*,*,#52960,.T.);
#53150=CARTESIAN_POINT('',(75.2325465869277,10.394371501212,
-5.59999999999941));
#53160=DIRECTION('',(-0.573576436351046,-0.819152044288992,
1.53317520279191E-16));
#53170=DIRECTION('',(0.819152044288992,-0.573576436351046,
-3.40609406799213E-16));
#53180=AXIS2_PLACEMENT_3D('',#53150,#53160,#53170);
#53190=ELLIPSE('',#53180,0.871723397810549,0.5);
#53200=EDGE_CURVE('',#52210,#52890,#53190,.T.);
#53210=ORIENTED_EDGE('',*,*,#53200,.T.);
#53220=ORIENTED_EDGE('',*,*,#52220,.F.);
#53230=ORIENTED_EDGE('',*,*,#50130,.T.);
#53240=CARTESIAN_POINT('',(70.3671107853445,9.96135879931981,
-5.3499999999994));
#53250=DIRECTION('',(-1.,3.36793676825796E-17,3.33066907387547E-16));
#53260=VECTOR('',#53250,1.);
#53270=LINE('',#53240,#53260);
#53280=EDGE_CURVE('',#50030,#48800,#53270,.T.);
#53290=ORIENTED_EDGE('',*,*,#53280,.F.);
#53300=ORIENTED_EDGE('',*,*,#48810,.T.);
#53310=EDGE_LOOP('',(#53300,#53290,#53230,#53220,#53210,#53140));
#53320=FACE_OUTER_BOUND('',#53310,.T.);
#53330=ADVANCED_FACE('',(#53320),#53130,.T.);
#53340=COLOUR_RGB('',0.94901967048645,0.94901967048645,1.);
#53350=FILL_AREA_STYLE_COLOUR('',#53340);
#53360=FILL_AREA_STYLE('',(#53350));
#53370=SURFACE_STYLE_FILL_AREA(#53360);
#53380=SURFACE_SIDE_STYLE('',(#53370));
#53390=SURFACE_STYLE_USAGE(.BOTH.,#53380);
#53400=PRESENTATION_STYLE_ASSIGNMENT((#53390));
#53410=CARTESIAN_POINT('',(70.3671107853445,10.400025466494,
-4.59020704486684));
#53420=DIRECTION('',(-1.37366265697263E-16,0.866025403784439,-0.5));
#53430=DIRECTION('',(-3.05284086798824E-16,-0.5,-0.866025403784439));
#53440=AXIS2_PLACEMENT_3D('',#53410,#53420,#53430);
#53450=PLANE('',#53440);
#53460=ORIENTED_EDGE('',*,*,#53280,.T.);
#53470=ORIENTED_EDGE('',*,*,#50040,.T.);
#53480=ORIENTED_EDGE('',*,*,#49660,.F.);
#53490=ORIENTED_EDGE('',*,*,#48890,.T.);
#53500=EDGE_LOOP('',(#53490,#53480,#53470,#53460));
#53510=FACE_OUTER_BOUND('',#53500,.T.);
#53520=ADVANCED_FACE('',(#53510),#53450,.F.);
#53530=COLOUR_RGB('',0.94901967048645,0.94901967048645,1.);
#53540=FILL_AREA_STYLE_COLOUR('',#53530);
#53550=FILL_AREA_STYLE('',(#53540));
#53560=SURFACE_STYLE_FILL_AREA(#53550);
#53570=SURFACE_SIDE_STYLE('',(#53560));
#53580=SURFACE_STYLE_USAGE(.BOTH.,#53570);
#53590=PRESENTATION_STYLE_ASSIGNMENT((#53580));
#53600=CARTESIAN_POINT('',(75.2325465869277,10.394371501212,
-5.29999999999941));
#53610=DIRECTION('',(-0.573576436351046,-0.819152044288992,
1.53317520279191E-16));
#53620=DIRECTION('',(0.819152044288992,-0.573576436351046,
-2.99245533456973E-16));
#53630=AXIS2_PLACEMENT_3D('',#53600,#53610,#53620);
#53640=PLANE('',#53630);
#53650=ORIENTED_EDGE('',*,*,#53200,.F.);
#53660=ORIENTED_EDGE('',*,*,#52900,.F.);
#53670=ORIENTED_EDGE('',*,*,#52590,.F.);
#53680=CARTESIAN_POINT('',(75.1500924233142,10.452106528131,
-5.29999999999941));
#53690=DIRECTION('',(-0.581124101764717,0.406907476691001,
-0.704784423608463));
#53700=VECTOR('',#53690,1.);
#53710=LINE('',#53680,#53700);
#53720=EDGE_CURVE('',#50750,#52500,#53710,.T.);
#53730=ORIENTED_EDGE('',*,*,#53720,.T.);
#53740=ORIENTED_EDGE('',*,*,#52280,.T.);
#53750=EDGE_LOOP('',(#53740,#53730,#53670,#53660,#53650));
#53760=FACE_OUTER_BOUND('',#53750,.T.);
#53770=ADVANCED_FACE('',(#53760),#53640,.F.);
#53780=COLOUR_RGB('',0.94901967048645,0.94901967048645,1.);
#53790=FILL_AREA_STYLE_COLOUR('',#53780);
#53800=FILL_AREA_STYLE('',(#53790));
#53810=SURFACE_STYLE_FILL_AREA(#53800);
#53820=SURFACE_SIDE_STYLE('',(#53810));
#53830=SURFACE_STYLE_USAGE(.BOTH.,#53820);
#53840=PRESENTATION_STYLE_ASSIGNMENT((#53830));
#53850=CARTESIAN_POINT('',(76.796685362747,10.394371501212,
-5.59999999999941));
#53860=DIRECTION('',(1.,-3.36793676825796E-17,-3.33066907387547E-16));
#53870=DIRECTION('',(3.05284086798824E-16,0.5,0.866025403784439));
#53880=AXIS2_PLACEMENT_3D('',#53850,#53860,#53870);
#53890=CYLINDRICAL_SURFACE('',#53880,0.2);
#53900=ORIENTED_EDGE('',*,*,#50490,.T.);
#53910=ORIENTED_EDGE('',*,*,#51540,.T.);
#53920=CARTESIAN_POINT('',(70.3671107853445,10.5675765819689,
-5.4999999999994));
#53930=DIRECTION('',(-1.,3.36793676825796E-17,3.33066907387547E-16));
#53940=VECTOR('',#53930,1.);
#53950=LINE('',#53920,#53940);
#53960=EDGE_CURVE('',#50770,#49130,#53950,.T.);
#53970=ORIENTED_EDGE('',*,*,#53960,.F.);
#53980=ORIENTED_EDGE('',*,*,#49140,.F.);
#53990=EDGE_LOOP('',(#53980,#53970,#53910,#53900));
#54000=FACE_OUTER_BOUND('',#53990,.T.);
#54010=ADVANCED_FACE('',(#54000),#53890,.F.);
#54020=COLOUR_RGB('',0.94901967048645,0.94901967048645,1.);
#54030=FILL_AREA_STYLE_COLOUR('',#54020);
#54040=FILL_AREA_STYLE('',(#54030));
#54050=SURFACE_STYLE_FILL_AREA(#54040);
#54060=SURFACE_SIDE_STYLE('',(#54050));
#54070=SURFACE_STYLE_USAGE(.BOTH.,#54060);
#54080=PRESENTATION_STYLE_ASSIGNMENT((#54070));
#54090=CARTESIAN_POINT('',(70.3671107853445,10.6931311813353,
-5.71746694522594));
#54100=DIRECTION('',(-1.95700641690284E-16,-0.866025403784439,-0.5));
#54110=DIRECTION('',(2.71604719116245E-16,-0.5,0.866025403784439));
#54120=AXIS2_PLACEMENT_3D('',#54090,#54100,#54110);
#54130=PLANE('',#54120);
#54140=ORIENTED_EDGE('',*,*,#52510,.T.);
#54150=ORIENTED_EDGE('',*,*,#49220,.T.);
#54160=ORIENTED_EDGE('',*,*,#53960,.T.);
#54170=ORIENTED_EDGE('',*,*,#50780,.T.);
#54180=ORIENTED_EDGE('',*,*,#53720,.F.);
#54190=EDGE_LOOP('',(#54180,#54170,#54160,#54150,#54140));
#54200=FACE_OUTER_BOUND('',#54190,.T.);
#54210=ADVANCED_FACE('',(#54200),#54130,.T.);
#54220=COLOUR_RGB('',0.94901967048645,0.94901967048645,1.);
#54230=FILL_AREA_STYLE_COLOUR('',#54220);
#54240=FILL_AREA_STYLE('',(#54230));
#54250=SURFACE_STYLE_FILL_AREA(#54240);
#54260=SURFACE_SIDE_STYLE('',(#54250));
#54270=SURFACE_STYLE_USAGE(.BOTH.,#54260);
#54280=PRESENTATION_STYLE_ASSIGNMENT((#54270));
#54290=CARTESIAN_POINT('',(75.2325465869277,10.394371501212,
-8.79999999999941));
#54300=DIRECTION('',(-0.573576436351046,0.819152044288992,
2.28761139332435E-16));
#54310=DIRECTION('',(-0.819152044288992,-0.573576436351046,
2.4641934268607E-16));
#54320=AXIS2_PLACEMENT_3D('',#54290,#54300,#54310);
#54330=PLANE('',#54320);
#54340=ORIENTED_EDGE('',*,*,#47180,.F.);
#54350=CARTESIAN_POINT('',(75.2325465869277,10.394371501212,
-9.09999999999941));
#54360=DIRECTION('',(-0.573576436351046,0.819152044288992,
2.28761139332435E-16));
#54370=DIRECTION('',(-0.819152044288992,-0.573576436351046,
2.4641934268607E-16));
#54380=AXIS2_PLACEMENT_3D('',#54350,#54360,#54370);
#54390=ELLIPSE('',#54380,0.871723397810549,0.5);
#54400=CARTESIAN_POINT('',(74.9400789971106,10.1895834901392,
-8.64386200495731));
#54410=VERTEX_POINT('',#54400);
#54420=EDGE_CURVE('',#47070,#54410,#54390,.T.);
#54430=ORIENTED_EDGE('',*,*,#54420,.F.);
#54440=CARTESIAN_POINT('',(74.9400789971102,10.1895834901398,
-8.79999999999941));
#54450=DIRECTION('',(-3.33066907387547E-16,4.60498265121997E-17,-1.));
#54460=VECTOR('',#54450,1.);
#54470=LINE('',#54440,#54460);
#54480=CARTESIAN_POINT('',(74.9400789971102,10.1895834901398,
-9.05470323995752));
#54490=VERTEX_POINT('',#54480);
#54500=EDGE_CURVE('',#54410,#54490,#54470,.T.);
#54510=ORIENTED_EDGE('',*,*,#54500,.F.);
#54520=CARTESIAN_POINT('',(75.1500924233142,10.3366364742931,
-8.79999999999941));
#54530=DIRECTION('',(0.581124101764717,0.406907476691001,
0.704784423608463));
#54540=VECTOR('',#54530,1.);
#54550=LINE('',#54520,#54540);
#54560=CARTESIAN_POINT('',(74.806665595237,10.09616642045,
-9.21650635095451));
#54570=VERTEX_POINT('',#54560);
#54580=EDGE_CURVE('',#54570,#54490,#54550,.T.);
#54590=ORIENTED_EDGE('',*,*,#54580,.T.);
#54600=CARTESIAN_POINT('',(71.7561040568916,7.96014023552793,
-7.98327105809368));
#54610=DIRECTION('',(-0.777622657646255,-0.544497246766576,
0.314365631993693));
#54620=VECTOR('',#54610,1.);
#54630=LINE('',#54600,#54620);
#54640=EDGE_CURVE('',#54570,#47170,#54630,.T.);
#54650=ORIENTED_EDGE('',*,*,#54640,.F.);
#54660=EDGE_LOOP('',(#54650,#54590,#54510,#54430,#54340));
#54670=FACE_OUTER_BOUND('',#54660,.T.);
#54680=ADVANCED_FACE('',(#54670),#54330,.F.);
#54690=COLOUR_RGB('',0.94901967048645,0.94901967048645,1.);
#54700=FILL_AREA_STYLE_COLOUR('',#54690);
#54710=FILL_AREA_STYLE('',(#54700));
#54720=SURFACE_STYLE_FILL_AREA(#54710);
#54730=SURFACE_SIDE_STYLE('',(#54720));
#54740=SURFACE_STYLE_USAGE(.BOTH.,#54730);
#54750=PRESENTATION_STYLE_ASSIGNMENT((#54740));
#54760=CARTESIAN_POINT('',(74.7966848880225,14.204371501212,
-5.19999999999941));
#54770=DIRECTION('',(-1.95700641690284E-16,-0.866025403784439,-0.5));
#54780=DIRECTION('',(2.71604719116245E-16,-0.5,0.866025403784439));
#54790=AXIS2_PLACEMENT_3D('',#54760,#54770,#54780);
#54800=ELLIPSE('',#54790,0.5,0.25);
#54810=CARTESIAN_POINT('',(74.9400789971102,14.4091595122843,
-5.55470323995752));
#54820=VERTEX_POINT('',#54810);
#54830=EDGE_CURVE('',#54820,#44910,#54800,.T.);
#54840=ORIENTED_EDGE('',*,*,#54830,.F.);
#54850=ORIENTED_EDGE('',*,*,#44920,.F.);
#54860=CARTESIAN_POINT('',(74.7966848880225,14.204371501212,
-5.1999999999994));
#54870=DIRECTION('',(-1.37366265697263E-16,0.866025403784439,-0.5));
#54880=DIRECTION('',(-3.05284086798824E-16,-0.5,-0.866025403784439));
#54890=AXIS2_PLACEMENT_3D('',#54860,#54870,#54880);
#54900=ELLIPSE('',#54890,0.5,0.25);
#54910=EDGE_CURVE('',#44110,#23720,#54900,.T.);
#54920=ORIENTED_EDGE('',*,*,#54910,.F.);
#54930=ORIENTED_EDGE('',*,*,#24040,.T.);
#54940=ORIENTED_EDGE('',*,*,#41320,.T.);
#54950=CARTESIAN_POINT('',(74.9400789971102,14.4091595122843,
-5.29999999999941));
#54960=DIRECTION('',(-3.33066907387547E-16,4.60498265121997E-17,-1.));
#54970=VECTOR('',#54960,1.);
#54980=LINE('',#54950,#54970);
#54990=EDGE_CURVE('',#40620,#54820,#54980,.T.);
#55000=ORIENTED_EDGE('',*,*,#54990,.F.);
#55010=EDGE_LOOP('',(#55000,#54940,#54930,#54920,#54850,#54840));
#55020=FACE_OUTER_BOUND('',#55010,.T.);
#55030=ADVANCED_FACE('',(#55020),#40690,.T.);
#55040=COLOUR_RGB('',0.94901967048645,0.94901967048645,1.);
#55050=FILL_AREA_STYLE_COLOUR('',#55040);
#55060=FILL_AREA_STYLE('',(#55050));
#55070=SURFACE_STYLE_FILL_AREA(#55060);
#55080=SURFACE_SIDE_STYLE('',(#55070));
#55090=SURFACE_STYLE_USAGE(.BOTH.,#55080);
#55100=PRESENTATION_STYLE_ASSIGNMENT((#55090));
#55110=CARTESIAN_POINT('',(65.5466848880224,8.51436910120851,
-4.0049999999999));
#55120=DIRECTION('',(1.,0.,-0.));
#55130=DIRECTION('',(0.,0.,1.));
#55140=AXIS2_PLACEMENT_3D('',#55110,#55120,#55130);
#55150=PLANE('',#55140);
#55160=ORIENTED_EDGE('',*,*,#12840,.T.);
#55170=CARTESIAN_POINT('',(65.5466848880224,0.,-4.1465909090936));
#55180=DIRECTION('',(0.,1.,0.));
#55190=VECTOR('',#55180,1.);
#55200=LINE('',#55170,#55190);
#55210=EDGE_CURVE('',#12750,#14810,#55200,.T.);
#55220=ORIENTED_EDGE('',*,*,#55210,.F.);
#55230=ORIENTED_EDGE('',*,*,#14820,.T.);
#55240=CARTESIAN_POINT('',(65.5466848880224,0.,-3.55340909090921));
#55250=DIRECTION('',(0.,1.,0.));
#55260=VECTOR('',#55250,1.);
#55270=LINE('',#55240,#55260);
#55280=EDGE_CURVE('',#12830,#14730,#55270,.T.);
#55290=ORIENTED_EDGE('',*,*,#55280,.T.);
#55300=EDGE_LOOP('',(#55290,#55230,#55220,#55160));
#55310=FACE_OUTER_BOUND('',#55300,.T.);
#55320=ADVANCED_FACE('',(#55310),#55150,.F.);
#55330=CARTESIAN_POINT('',(66.1467615797975,8.56935417673217,
-3.56022814422474));
#55340=DIRECTION('',(0.0113629027286774,0.,0.999935440136801));
#55350=DIRECTION('',(-0.999935440136801,0.,0.0113629027286774));
#55360=AXIS2_PLACEMENT_3D('',#55330,#55340,#55350);
#55370=PLANE('',#55360);
#55380=ORIENTED_EDGE('',*,*,#19650,.T.);
#55390=ORIENTED_EDGE('',*,*,#41710,.T.);
#55400=ORIENTED_EDGE('',*,*,#16470,.F.);
#55410=ORIENTED_EDGE('',*,*,#12920,.T.);
#55420=ORIENTED_EDGE('',*,*,#55280,.F.);
#55430=ORIENTED_EDGE('',*,*,#15750,.F.);
#55440=ORIENTED_EDGE('',*,*,#16940,.F.);
#55450=ORIENTED_EDGE('',*,*,#21670,.F.);
#55460=EDGE_LOOP('',(#55450,#55440,#55430,#55420,#55410,#55400,#55390,
#55380));
#55470=FACE_OUTER_BOUND('',#55460,.T.);
#55480=ADVANCED_FACE('',(#55470),#55370,.F.);
#55490=CARTESIAN_POINT('',(75.2325465869277,14.204371501212,
-5.29999999999941));
#55500=DIRECTION('',(-0.573576436351046,-0.819152044288992,
1.53317520279191E-16));
#55510=DIRECTION('',(0.819152044288992,-0.573576436351046,
-2.99245533456973E-16));
#55520=AXIS2_PLACEMENT_3D('',#55490,#55500,#55510);
#55530=PLANE('',#55520);
#55540=ORIENTED_EDGE('',*,*,#40630,.F.);
#55550=CARTESIAN_POINT('',(74.6553674416331,14.6085166896448,
-5.29999999999941));
#55560=DIRECTION('',(-0.581124101764717,0.406907476691001,
-0.704784423608463));
#55570=VECTOR('',#55560,1.);
#55580=LINE('',#55550,#55570);
#55590=EDGE_CURVE('',#40510,#41970,#55580,.T.);
#55600=ORIENTED_EDGE('',*,*,#55590,.F.);
#55610=ORIENTED_EDGE('',*,*,#41980,.F.);
#55620=CARTESIAN_POINT('',(75.1500924233142,14.262106528131,
-5.29999999999941));
#55630=DIRECTION('',(-0.581124101764717,0.406907476691001,
-0.704784423608463));
#55640=VECTOR('',#55630,1.);
#55650=LINE('',#55620,#55640);
#55660=EDGE_CURVE('',#54820,#41890,#55650,.T.);
#55670=ORIENTED_EDGE('',*,*,#55660,.T.);
#55680=ORIENTED_EDGE('',*,*,#54990,.T.);
#55690=EDGE_LOOP('',(#55680,#55670,#55610,#55600,#55540));
#55700=FACE_OUTER_BOUND('',#55690,.T.);
#55710=ADVANCED_FACE('',(#55700),#55530,.F.);
#55720=COLOUR_RGB('',0.94901967048645,0.94901967048645,1.);
#55730=FILL_AREA_STYLE_COLOUR('',#55720);
#55740=FILL_AREA_STYLE('',(#55730));
#55750=SURFACE_STYLE_FILL_AREA(#55740);
#55760=SURFACE_SIDE_STYLE('',(#55750));
#55770=SURFACE_STYLE_USAGE(.BOTH.,#55760);
#55780=PRESENTATION_STYLE_ASSIGNMENT((#55770));
#55790=CARTESIAN_POINT('',(70.3671107853445,14.7629388024706,
-5.56746694522594));
#55800=DIRECTION('',(-1.95700641690284E-16,-0.866025403784439,-0.5));
#55810=DIRECTION('',(2.71604719116245E-16,-0.5,0.866025403784439));
#55820=AXIS2_PLACEMENT_3D('',#55790,#55800,#55810);
#55830=PLANE('',#55820);
#55840=ORIENTED_EDGE('',*,*,#42060,.F.);
#55850=ORIENTED_EDGE('',*,*,#55590,.T.);
#55860=ORIENTED_EDGE('',*,*,#40540,.F.);
#55870=ORIENTED_EDGE('',*,*,#46490,.F.);
#55880=EDGE_LOOP('',(#55870,#55860,#55850,#55840));
#55890=FACE_OUTER_BOUND('',#55880,.T.);
#55900=ADVANCED_FACE('',(#55890),#55830,.F.);
#55910=COLOUR_RGB('',0.94901967048645,0.94901967048645,1.);
#55920=FILL_AREA_STYLE_COLOUR('',#55910);
#55930=FILL_AREA_STYLE('',(#55920));
#55940=SURFACE_STYLE_FILL_AREA(#55930);
#55950=SURFACE_SIDE_STYLE('',(#55940));
#55960=SURFACE_STYLE_USAGE(.BOTH.,#55950);
#55970=PRESENTATION_STYLE_ASSIGNMENT((#55960));
#55980=CARTESIAN_POINT('',(70.3671107853445,14.5031311813353,
-5.71746694522594));
#55990=DIRECTION('',(-1.95700641690284E-16,-0.866025403784439,-0.5));
#56000=DIRECTION('',(2.71604719116245E-16,-0.5,0.866025403784439));
#56010=AXIS2_PLACEMENT_3D('',#55980,#55990,#56000);
#56020=PLANE('',#56010);
#56030=ORIENTED_EDGE('',*,*,#41900,.T.);
#56040=ORIENTED_EDGE('',*,*,#46650,.T.);
#56050=ORIENTED_EDGE('',*,*,#45000,.T.);
#56060=ORIENTED_EDGE('',*,*,#54830,.T.);
#56070=ORIENTED_EDGE('',*,*,#55660,.F.);
#56080=EDGE_LOOP('',(#56070,#56060,#56050,#56040,#56030));
#56090=FACE_OUTER_BOUND('',#56080,.T.);
#56100=ADVANCED_FACE('',(#56090),#56020,.T.);
#56110=COLOUR_RGB('',0.94901967048645,0.94901967048645,1.);
#56120=FILL_AREA_STYLE_COLOUR('',#56110);
#56130=FILL_AREA_STYLE('',(#56120));
#56140=SURFACE_STYLE_FILL_AREA(#56130);
#56150=SURFACE_SIDE_STYLE('',(#56140));
#56160=SURFACE_STYLE_USAGE(.BOTH.,#56150);
#56170=PRESENTATION_STYLE_ASSIGNMENT((#56160));
#56180=CARTESIAN_POINT('',(68.8671107853445,14.4698330876293,
-4.74020704486684));
#56190=DIRECTION('',(-1.37366265697263E-16,0.866025403784439,-0.5));
#56200=DIRECTION('',(-3.05284086798824E-16,-0.5,-0.866025403784439));
#56210=AXIS2_PLACEMENT_3D('',#56180,#56190,#56200);
#56220=PLANE('',#56210);
#56230=ORIENTED_EDGE('',*,*,#54910,.T.);
#56240=ORIENTED_EDGE('',*,*,#44140,.F.);
#56250=ORIENTED_EDGE('',*,*,#46580,.F.);
#56260=ORIENTED_EDGE('',*,*,#42990,.T.);
#56270=ORIENTED_EDGE('',*,*,#23730,.F.);
#56280=EDGE_LOOP('',(#56270,#56260,#56250,#56240,#56230));
#56290=FACE_OUTER_BOUND('',#56280,.T.);
#56300=ADVANCED_FACE('',(#56290),#56220,.T.);
#56310=COLOUR_RGB('',0.94901967048645,0.94901967048645,1.);
#56320=FILL_AREA_STYLE_COLOUR('',#56310);
#56330=FILL_AREA_STYLE('',(#56320));
#56340=SURFACE_STYLE_FILL_AREA(#56330);
#56350=SURFACE_SIDE_STYLE('',(#56340));
#56360=SURFACE_STYLE_USAGE(.BOTH.,#56350);
#56370=PRESENTATION_STYLE_ASSIGNMENT((#56360));
#56380=ORIENTED_EDGE('',*,*,#20960,.T.);
#56390=CARTESIAN_POINT('',(0.,10.0993715012117,-4.89143960099312));
#56400=DIRECTION('',(0.999935440136801,0.,0.0113629027286774));
#56410=VECTOR('',#56400,1.);
#56420=LINE('',#56390,#56410);
#56430=EDGE_CURVE('',#20870,#43710,#56420,.T.);
#56440=ORIENTED_EDGE('',*,*,#56430,.F.);
#56450=ORIENTED_EDGE('',*,*,#43720,.T.);
#56460=ORIENTED_EDGE('',*,*,#40290,.F.);
#56470=EDGE_LOOP('',(#56460,#56450,#56440,#56380));
#56480=FACE_OUTER_BOUND('',#56470,.T.);
#56490=ADVANCED_FACE('',(#56480),#41640,.T.);
#56500=CARTESIAN_POINT('',(66.2566848880224,13.8993715012117,
-5.9249999999994));
#56510=DIRECTION('',(0.,-1.,0.));
#56520=DIRECTION('',(-1.,0.,0.));
#56530=AXIS2_PLACEMENT_3D('',#56500,#56510,#56520);
#56540=CYLINDRICAL_SURFACE('',#56530,0.525000000000001);
#56550=CARTESIAN_POINT('',(65.7316848880224,13.8993715012117,
-5.9249999999994));
#56560=DIRECTION('',(0.,-1.,0.));
#56570=VECTOR('',#56560,1.);
#56580=LINE('',#56550,#56570);
#56590=CARTESIAN_POINT('',(65.7316848880224,13.6993715012085,
-5.9249999999994));
#56600=VERTEX_POINT('',#56590);
#56610=EDGE_CURVE('',#45980,#56600,#56580,.T.);
#56620=ORIENTED_EDGE('',*,*,#56610,.F.);
#56630=CARTESIAN_POINT('',(66.2566848880224,13.6993715012085,
-5.9249999999994));
#56640=DIRECTION('',(0.,-1.,0.));
#56650=DIRECTION('',(-1.,0.,0.));
#56660=AXIS2_PLACEMENT_3D('',#56630,#56640,#56650);
#56670=CIRCLE('',#56660,0.525000000000001);
#56680=CARTESIAN_POINT('',(65.8443743254602,13.6993715012085,-5.6));
#56690=VERTEX_POINT('',#56680);
#56700=EDGE_CURVE('',#56690,#56600,#56670,.T.);
#56710=ORIENTED_EDGE('',*,*,#56700,.T.);
#56720=CARTESIAN_POINT('',(66.7816848880224,13.6993715012085,
-5.9249999999994));
#56730=VERTEX_POINT('',#56720);
#56740=EDGE_CURVE('',#56730,#56690,#56670,.T.);
#56750=ORIENTED_EDGE('',*,*,#56740,.T.);
#56760=CARTESIAN_POINT('',(66.7816848880224,13.8993715012117,
-5.9249999999994));
#56770=DIRECTION('',(0.,-1.,0.));
#56780=VECTOR('',#56770,1.);
#56790=LINE('',#56760,#56780);
#56800=EDGE_CURVE('',#45890,#56730,#56790,.T.);
#56810=ORIENTED_EDGE('',*,*,#56800,.T.);
#56820=CARTESIAN_POINT('',(66.6689954505846,15.3993715012085,-5.6));
#56830=VERTEX_POINT('',#56820);
#56840=EDGE_CURVE('',#56830,#45890,#45960,.T.);
#56850=ORIENTED_EDGE('',*,*,#56840,.T.);
#56860=EDGE_CURVE('',#45980,#56830,#45960,.T.);
#56870=ORIENTED_EDGE('',*,*,#56860,.T.);
#56880=EDGE_LOOP('',(#56870,#56850,#56810,#56750,#56710,#56620));
#56890=FACE_OUTER_BOUND('',#56880,.T.);
#56900=ADVANCED_FACE('',(#56890),#56540,.F.);
#56910=CARTESIAN_POINT('',(58.6466848880224,15.4993715012117,
-5.20000000000169));
#56920=DIRECTION('',(0.,1.,0.));
#56930=DIRECTION('',(0.,0.,1.));
#56940=AXIS2_PLACEMENT_3D('',#56910,#56920,#56930);
#56950=PLANE('',#56940);
#56960=ORIENTED_EDGE('',*,*,#42760,.F.);
#56970=CARTESIAN_POINT('',(-0.0397701595510824,15.4993715012117,
-5.80022595952289));
#56980=DIRECTION('',(1.,0.,0.));
#56990=VECTOR('',#56980,1.);
#57000=LINE('',#56970,#56990);
#57010=EDGE_CURVE('',#42690,#45300,#57000,.T.);
#57020=ORIENTED_EDGE('',*,*,#57010,.F.);
#57030=ORIENTED_EDGE('',*,*,#45310,.T.);
#57040=ORIENTED_EDGE('',*,*,#39800,.T.);
#57050=EDGE_LOOP('',(#57040,#57030,#57020,#56960));
#57060=FACE_OUTER_BOUND('',#57050,.T.);
#57070=ADVANCED_FACE('',(#57060),#56950,.T.);
#57080=CARTESIAN_POINT('',(72.5966848880224,13.6993715012085,
-0.712499999998774));
#57090=DIRECTION('',(0.,-1.,0.));
#57100=DIRECTION('',(0.,0.,1.));
#57110=AXIS2_PLACEMENT_3D('',#57080,#57090,#57100);
#57120=PLANE('',#57110);
#57130=ORIENTED_EDGE('',*,*,#56700,.F.);
#57140=EDGE_CURVE('',#56600,#56730,#56670,.T.);
#57150=ORIENTED_EDGE('',*,*,#57140,.F.);
#57160=ORIENTED_EDGE('',*,*,#56740,.F.);
#57170=EDGE_LOOP('',(#57160,#57150,#57130));
#57180=FACE_OUTER_BOUND('',#57170,.T.);
#57190=ADVANCED_FACE('',(#57180),#57120,.F.);
#57200=CARTESIAN_POINT('',(58.0002080377985,8.56935417673532,
-4.23234632784501));
#57210=DIRECTION('',(0.0113629027286774,0.,-0.999935440136801));
#57220=DIRECTION('',(0.999935440136801,0.,0.0113629027286774));
#57230=AXIS2_PLACEMENT_3D('',#57200,#57210,#57220);
#57240=PLANE('',#57230);
#57250=ORIENTED_EDGE('',*,*,#31420,.F.);
#57260=ORIENTED_EDGE('',*,*,#45730,.F.);
#57270=CARTESIAN_POINT('',(65.5466848880226,15.2993715012086,
-4.1465909090936));
#57280=DIRECTION('',(0.0113629027286774,0.,-0.999935440136801));
#57290=DIRECTION('',(0.999935440136801,0.,0.0113629027286774));
#57300=AXIS2_PLACEMENT_3D('',#57270,#57280,#57290);
#57310=ELLIPSE('',#57300,0.300019369209433,0.3);
#57320=EDGE_CURVE('',#45660,#14810,#57310,.T.);
#57330=ORIENTED_EDGE('',*,*,#57320,.F.);
#57340=ORIENTED_EDGE('',*,*,#55210,.T.);
#57350=ORIENTED_EDGE('',*,*,#12760,.T.);
#57360=ORIENTED_EDGE('',*,*,#43780,.F.);
#57370=ORIENTED_EDGE('',*,*,#56430,.T.);
#57380=ORIENTED_EDGE('',*,*,#20880,.F.);
#57390=EDGE_LOOP('',(#57380,#57370,#57360,#57350,#57340,#57330,#57260,
#57250));
#57400=FACE_OUTER_BOUND('',#57390,.T.);
#57410=ADVANCED_FACE('',(#57400),#57240,.F.);
#57420=CARTESIAN_POINT('',(65.5466848880226,15.2993715012086,
6.32383034826489E-13));
#57430=DIRECTION('',(5.42251293299495E-29,0.,-1.));
#57440=DIRECTION('',(-1.,0.,-5.42251293299495E-29));
#57450=AXIS2_PLACEMENT_3D('',#57420,#57430,#57440);
#57460=CYLINDRICAL_SURFACE('',#57450,0.3);
#57470=ORIENTED_EDGE('',*,*,#45670,.F.);
#57480=CARTESIAN_POINT('',(65.5466848880226,15.2993715012086,
-7.05340909090921));
#57490=DIRECTION('',(0.0113629027286774,0.,0.999935440136801));
#57500=DIRECTION('',(-0.999935440136801,0.,0.0113629027286774));
#57510=AXIS2_PLACEMENT_3D('',#57480,#57490,#57500);
#57520=ELLIPSE('',#57510,0.300019369209433,0.3);
#57530=EDGE_CURVE('',#15060,#45580,#57520,.T.);
#57540=ORIENTED_EDGE('',*,*,#57530,.T.);
#57550=ORIENTED_EDGE('',*,*,#15070,.F.);
#57560=ORIENTED_EDGE('',*,*,#46340,.F.);
#57570=CARTESIAN_POINT('',(65.5320424367242,15.5990139525067,
-5.92499999999939));
#57580=CARTESIAN_POINT('',(65.5320424367242,15.5990139525067,
-5.91270136280364));
#57590=CARTESIAN_POINT('',(65.5323407119221,15.5990289799839,
-5.90039318033599));
#57600=CARTESIAN_POINT('',(65.53294006022,15.5990564686472,
-5.88809842468351));
#57610=CARTESIAN_POINT('',(65.533539408469,15.5990839573082,
-5.87580367003299));
#57620=CARTESIAN_POINT('',(65.5344398079033,15.5991239285296,
-5.86352212872556));
#57630=CARTESIAN_POINT('',(65.5356471587471,15.5991683799989,
-5.85127681188422));
#57640=CARTESIAN_POINT('',(65.5368545383419,15.5992128325268,
-5.83903120344043));
#57650=CARTESIAN_POINT('',(65.5383675879357,15.5992618013261,
-5.82682752655546));
#57660=CARTESIAN_POINT('',(65.5402028024158,15.5993014639769,
-5.81465113537375));
#57670=CARTESIAN_POINT('',(65.5420375871519,15.59934111734,
-5.80247759548298));
#57680=CARTESIAN_POINT('',(65.5441929942035,15.5993715012087,
-5.79034513149764));
#57690=CARTESIAN_POINT('',(65.5466848880209,15.5993715012087,
-5.77828599249356));
#57700=B_SPLINE_CURVE_WITH_KNOTS('',3,(#57570,#57580,#57590,#57600,
#57610,#57620,#57630,#57640,#57650,#57660,#57670,#57680,#57690),
.UNSPECIFIED.,.F.,.F.,(4,3,3,3,4),(0.,0.036916172528615,
0.0738411159873466,0.110753319092689,0.147696260730345),.UNSPECIFIED.);
#57710=SURFACE_CURVE('',#57700,(#46130,#46180),.CURVE_3D.);
#57720=EDGE_CURVE('',#46060,#14850,#57710,.T.);
#57730=ORIENTED_EDGE('',*,*,#57720,.F.);
#57740=ORIENTED_EDGE('',*,*,#14860,.F.);
#57750=ORIENTED_EDGE('',*,*,#57320,.T.);
#57760=EDGE_LOOP('',(#57750,#57740,#57730,#57560,#57550,#57540,#57470));
#57770=FACE_OUTER_BOUND('',#57760,.T.);
#57780=ADVANCED_FACE('',(#57770),#57460,.T.);
#57790=CARTESIAN_POINT('',(-0.0397701595510824,15.2993715012117,
-2.30022595952289));
#57800=DIRECTION('',(1.,0.,0.));
#57810=DIRECTION('',(0.,-1.,0.));
#57820=AXIS2_PLACEMENT_3D('',#57790,#57800,#57810);
#57830=CYLINDRICAL_SURFACE('',#57820,0.2);
#57840=ORIENTED_EDGE('',*,*,#22290,.F.);
#57850=ORIENTED_EDGE('',*,*,#11960,.T.);
#57860=ORIENTED_EDGE('',*,*,#22660,.T.);
#57870=ORIENTED_EDGE('',*,*,#48080,.F.);
#57880=EDGE_LOOP('',(#57870,#57860,#57850,#57840));
#57890=FACE_OUTER_BOUND('',#57880,.T.);
#57900=ADVANCED_FACE('',(#57890),#57830,.T.);
#57910=CARTESIAN_POINT('',(70.3671107853445,14.7629388024706,
-9.06746694522594));
#57920=DIRECTION('',(-1.95700641690284E-16,-0.866025403784439,-0.5));
#57930=DIRECTION('',(2.71604719116245E-16,-0.5,0.866025403784439));
#57940=AXIS2_PLACEMENT_3D('',#57910,#57920,#57930);
#57950=PLANE('',#57940);
#57960=CARTESIAN_POINT('',(71.8202423579864,14.7623842031043,
-9.06650635094551));
#57970=DIRECTION('',(1.,-3.36793676825796E-17,-3.33066907387547E-16));
#57980=VECTOR('',#57970,1.);
#57990=LINE('',#57960,#57980);
#58000=CARTESIAN_POINT('',(73.5966848880265,14.7623842031043,
-9.06650635094551));
#58010=VERTEX_POINT('',#58000);
#58020=CARTESIAN_POINT('',(74.4356218589836,14.7623842031043,
-9.06650635094551));
#58030=VERTEX_POINT('',#58020);
#58040=EDGE_CURVE('',#58010,#58030,#57990,.T.);
#58050=ORIENTED_EDGE('',*,*,#58040,.F.);
#58060=CARTESIAN_POINT('',(74.6553674416331,14.6085166896448,
-8.79999999999941));
#58070=DIRECTION('',(-0.581124101764717,0.406907476691001,
-0.704784423608463));
#58080=VECTOR('',#58070,1.);
#58090=LINE('',#58060,#58080);
#58100=CARTESIAN_POINT('',(74.6141403598263,14.6373842031043,
-8.8499999999994));
#58110=VERTEX_POINT('',#58100);
#58120=EDGE_CURVE('',#58110,#58030,#58090,.T.);
#58130=ORIENTED_EDGE('',*,*,#58120,.T.);
#58140=CARTESIAN_POINT('',(70.3671107853445,14.6373842031043,
-8.8499999999994));
#58150=DIRECTION('',(-1.,3.36793676825796E-17,3.33066907387547E-16));
#58160=VECTOR('',#58150,1.);
#58170=LINE('',#58140,#58160);
#58180=CARTESIAN_POINT('',(73.5966848880265,14.6373842031043,
-8.8499999999994));
#58190=VERTEX_POINT('',#58180);
#58200=EDGE_CURVE('',#58110,#58190,#58170,.T.);
#58210=ORIENTED_EDGE('',*,*,#58200,.F.);
#58220=CARTESIAN_POINT('',(73.5966848880265,14.6085166896448,
-8.79999999999941));
#58230=DIRECTION('',(-2.71604719116245E-16,0.5,-0.866025403784439));
#58240=VECTOR('',#58230,1.);
#58250=LINE('',#58220,#58240);
#58260=EDGE_CURVE('',#58190,#58010,#58250,.T.);
#58270=ORIENTED_EDGE('',*,*,#58260,.F.);
#58280=EDGE_LOOP('',(#58270,#58210,#58130,#58050));
#58290=FACE_OUTER_BOUND('',#58280,.T.);
#58300=ADVANCED_FACE('',(#58290),#57950,.F.);
#58310=COLOUR_RGB('',0.94901967048645,0.94901967048645,1.);
#58320=FILL_AREA_STYLE_COLOUR('',#58310);
#58330=FILL_AREA_STYLE('',(#58320));
#58340=SURFACE_STYLE_FILL_AREA(#58330);
#58350=SURFACE_SIDE_STYLE('',(#58340));
#58360=SURFACE_STYLE_USAGE(.BOTH.,#58350);
#58370=PRESENTATION_STYLE_ASSIGNMENT((#58360));
#58380=CARTESIAN_POINT('',(58.8466848880224,10.0993715012117,-6.8));
#58390=DIRECTION('',(-0.,-1.,-0.));
#58400=DIRECTION('',(-1.,0.,0.));
#58410=AXIS2_PLACEMENT_3D('',#58380,#58390,#58400);
#58420=PLANE('',#58410);
#58430=CARTESIAN_POINT('',(58.6466848880224,10.0993715012117,-3.5));
#58440=DIRECTION('',(0.,0.,-1.));
#58450=VECTOR('',#58440,1.);
#58460=LINE('',#58430,#58450);
#58470=CARTESIAN_POINT('',(58.6466848880224,10.0993715012117,
-7.72500000000166));
#58480=VERTEX_POINT('',#58470);
#58490=CARTESIAN_POINT('',(58.6466848880224,10.0993715012117,
-8.15131670195119));
#58500=VERTEX_POINT('',#58490);
#58510=EDGE_CURVE('',#58480,#58500,#58460,.T.);
#58520=ORIENTED_EDGE('',*,*,#58510,.T.);
#58530=CARTESIAN_POINT('',(0.,10.0993715012117,-8.39143960099312));
#58540=DIRECTION('',(0.999935440136801,0.,0.0113629027286774));
#58550=VECTOR('',#58540,1.);
#58560=LINE('',#58530,#58550);
#58570=CARTESIAN_POINT('',(65.2466848880232,10.0993715012117,
-7.65000000000264));
#58580=VERTEX_POINT('',#58570);
#58590=EDGE_CURVE('',#58480,#58580,#58560,.T.);
#58600=ORIENTED_EDGE('',*,*,#58590,.F.);
#58610=CARTESIAN_POINT('',(65.2466848880231,10.0993715012117,
-8.15131670195119));
#58620=VERTEX_POINT('',#58610);
#58630=EDGE_CURVE('',#58620,#58580,#43660,.T.);
#58640=ORIENTED_EDGE('',*,*,#58630,.T.);
#58650=CARTESIAN_POINT('',(58.6466848880224,10.0993715012117,
-8.15131670195119));
#58660=DIRECTION('',(-1.,0.,0.));
#58670=VECTOR('',#58660,1.);
#58680=LINE('',#58650,#58670);
#58690=EDGE_CURVE('',#58620,#58500,#58680,.T.);
#58700=ORIENTED_EDGE('',*,*,#58690,.F.);
#58710=EDGE_LOOP('',(#58700,#58640,#58600,#58520));
#58720=FACE_OUTER_BOUND('',#58710,.T.);
#58730=ADVANCED_FACE('',(#58720),#58420,.T.);
#58740=CARTESIAN_POINT('',(76.796685362747,14.204371501212,
-9.09999999999941));
#58750=DIRECTION('',(1.,-3.36793676825796E-17,-3.33066907387547E-16));
#58760=DIRECTION('',(3.05284086798824E-16,0.5,0.866025403784439));
#58770=AXIS2_PLACEMENT_3D('',#58740,#58750,#58760);
#58780=CYLINDRICAL_SURFACE('',#58770,0.2);
#58790=CARTESIAN_POINT('',(70.3671107853445,14.0311664204551,
-8.9999999999994));
#58800=DIRECTION('',(-1.,3.36793676825796E-17,3.33066907387547E-16));
#58810=VECTOR('',#58800,1.);
#58820=LINE('',#58790,#58810);
#58830=CARTESIAN_POINT('',(74.9769624517956,14.0311664204551,
-8.99999999999941));
#58840=VERTEX_POINT('',#58830);
#58850=CARTESIAN_POINT('',(73.5966848880265,14.0311664204551,
-8.9999999999994));
#58860=VERTEX_POINT('',#58850);
#58870=EDGE_CURVE('',#58840,#58860,#58820,.T.);
#58880=ORIENTED_EDGE('',*,*,#58870,.T.);
#58890=CARTESIAN_POINT('',(74.7966848880225,14.204371501212,
-8.79999999999941));
#58900=DIRECTION('',(-3.33066907387547E-16,4.60498265121997E-17,-1.));
#58910=DIRECTION('',(-1.,3.36793676825796E-17,3.33066907387547E-16));
#58920=AXIS2_PLACEMENT_3D('',#58890,#58900,#58910);
#58930=CYLINDRICAL_SURFACE('',#58920,0.25);
#58940=CARTESIAN_POINT('',(76.7325470616523,14.204371501212,
-9.09999999999941));
#58950=DIRECTION('',(1.,-3.36793676825796E-17,-3.33066907387547E-16));
#58960=DIRECTION('',(3.05284086798824E-16,0.5,0.866025403784439));
#58970=AXIS2_PLACEMENT_3D('',#58940,#58950,#58960);
#58980=CYLINDRICAL_SURFACE('',#58970,0.2);
#58990=CARTESIAN_POINT('',(74.9769624517962,14.377576581973,
-8.99999999999737));
#59000=CARTESIAN_POINT('',(74.981144192831,14.3732240879079,
-8.99246125913669));
#59010=CARTESIAN_POINT('',(74.985473477174,14.3683999393824,
-8.98524100195412));
#59020=CARTESIAN_POINT('',(74.9898020926178,14.3631346748046,
-8.97836836465194));
#59030=CARTESIAN_POINT('',(74.9941308160343,14.3578692788903,
-8.9714955559191));
#59040=CARTESIAN_POINT('',(74.9984595704424,14.3521620359535,
-8.96497041254923));
#59050=CARTESIAN_POINT('',(75.0026648457973,14.3460480941803,
-8.95883434197677));
#59060=CARTESIAN_POINT('',(75.0068616259514,14.3399465033612,
-8.9527106670615));
#59070=CARTESIAN_POINT('',(75.0109645550067,14.3334022711509,
-8.94693274234765));
#59080=CARTESIAN_POINT('',(75.0148906087385,14.3263807772799,
-8.94152685857205));
#59090=CARTESIAN_POINT('',(75.0188131637503,14.3193655406442,
-8.93612579227358));
#59100=CARTESIAN_POINT('',(75.0225402000133,14.3119014506169,
-8.93112328737037));
#59110=CARTESIAN_POINT('',(75.0259540586403,14.3040492189031,
-8.9266092488149));
#59120=CARTESIAN_POINT('',(75.0291059840514,14.2967994609674,
-8.92244155636356));
#59130=CARTESIAN_POINT('',(75.0319895119539,14.2892227929374,
-8.91869217546579));
#59140=CARTESIAN_POINT('',(75.0345296735436,14.2813770724416,
-8.91541900964663));
#59150=CARTESIAN_POINT('',(75.0357986275321,14.2774576925267,
-8.91378387870148));
#59160=CARTESIAN_POINT('',(75.0369897667135,14.2734476004911,
-8.91225763083732));
#59170=CARTESIAN_POINT('',(75.0380908420979,14.2693573868868,
-8.91085234692627));
#59180=CARTESIAN_POINT('',(75.03919183138,14.2652674931305,
-8.90944717290615));
#59190=CARTESIAN_POINT('',(75.0402022602577,14.2610989845311,
-8.90816358736016));
#59200=CARTESIAN_POINT('',(75.0411107664251,14.2568690246499,
-8.90701292780829));
#59210=CARTESIAN_POINT('',(75.0420192686818,14.2526390829765,
-8.90586227320943));
#59220=CARTESIAN_POINT('',(75.0428257145682,14.2483481781406,
-8.90484470289695));
#59230=CARTESIAN_POINT('',(75.0435215505659,14.2440156940328,
-8.9039685280986));
#59240=CARTESIAN_POINT('',(75.0442173904666,14.2396831856239,
-8.90309234838576));
#59250=CARTESIAN_POINT('',(75.0448025255189,14.2353096667638,
-8.90235767631277));
#59260=CARTESIAN_POINT('',(75.0452717655518,14.2309151317137,
-8.90176923629259));
#59270=CARTESIAN_POINT('',(75.0457410241313,14.226520422971,
-8.90118077301449));
#59280=CARTESIAN_POINT('',(75.0460943235936,14.2221057232638,
-8.90073861907969));
#59290=CARTESIAN_POINT('',(75.0463299619972,14.2176882966377,
-8.90044383506884));
#59300=CARTESIAN_POINT('',(75.0465657421003,14.2132682136228,
-8.90014887379167));
#59310=CARTESIAN_POINT('',(75.046685245164,14.2088155673801,
-8.89999955357243));
#59320=CARTESIAN_POINT('',(75.0466848872188,14.204351455498,
-8.90000000100398));
#59330=CARTESIAN_POINT('',(75.04668452928,14.1998874242723,
-8.90000044842745));
#59340=CARTESIAN_POINT('',(75.0465642691303,14.1954126548587,
-8.90015071274745));
#59350=CARTESIAN_POINT('',(75.0463243956089,14.1909507615909,
-8.90045079867797));
#59360=CARTESIAN_POINT('',(75.0460845231374,14.1864888878512,
-8.90075088329513));
#59370=CARTESIAN_POINT('',(75.0457250751211,14.1820406441207,
-8.90120074504141));
#59380=CARTESIAN_POINT('',(75.0452505212303,14.1776296615595,
-8.90179587791311));
#59390=CARTESIAN_POINT('',(75.0443007569117,14.1688015939208,
-8.90298696701232));
#59400=CARTESIAN_POINT('',(75.0428917610188,14.1601503131038,
-8.90475711114992));
#59410=CARTESIAN_POINT('',(75.0410901781907,14.1517782113572,
-8.90703900429757));
#59420=CARTESIAN_POINT('',(75.0392843132865,14.1433862104547,
-8.90932632114272));
#59430=CARTESIAN_POINT('',(75.0370652031565,14.1351879255864,
-8.91215156576973));
#59440=CARTESIAN_POINT('',(75.0345026348791,14.1272824664533,
-8.91545385205798));
#59450=CARTESIAN_POINT('',(75.0319401431951,14.1193772436089,
-8.91875603964316));
#59460=CARTESIAN_POINT('',(75.0290370485631,14.1117727167237,
-8.9225318662648));
#59470=CARTESIAN_POINT('',(75.0258915125004,14.1045500441228,
-8.9266919600688));
#59480=CARTESIAN_POINT('',(75.0241868584495,14.1006358756433,
-8.92894643136208));
#59490=CARTESIAN_POINT('',(75.0224183050302,14.0968473492416,
-8.93130406525175));
#59500=CARTESIAN_POINT('',(75.0205830227559,14.0931526841761,
-8.93377613066312));
#59510=CARTESIAN_POINT('',(75.0187473948132,14.0894573232345,
-8.93624866167857));
#59520=CARTESIAN_POINT('',(75.0168455755929,14.0858585222653,
-8.93883500896902));
#59530=CARTESIAN_POINT('',(75.0148900884821,14.0823612947038,
-8.94152757492679));
#59540=CARTESIAN_POINT('',(75.0109790414961,14.0753667094473,
-8.9469128070338));
#59550=CARTESIAN_POINT('',(75.0068526249693,14.0687795610199,
-8.95272239716179));
#59560=CARTESIAN_POINT('',(75.0026231768917,14.0626343459673,
-8.95889514953021));
#59570=CARTESIAN_POINT('',(74.9983937618365,14.0564891788948,
-8.96506785370349));
#59580=CARTESIAN_POINT('',(74.9940617561871,14.0507866314632,
-8.97160272743352));
#59590=CARTESIAN_POINT('',(74.9897558918454,14.0455521463374,
-8.97844173200737));
#59600=CARTESIAN_POINT('',(74.9876028072952,14.0429347185324,
-8.98186147631834));
#59610=CARTESIAN_POINT('',(74.9854602496861,14.0404379659377,
-8.98535058324883));
#59620=CARTESIAN_POINT('',(74.9833206808488,14.0380372568842,
-8.98894632304989));
#59630=CARTESIAN_POINT('',(74.9811828049717,14.0356384474214,
-8.9925392176775));
#59640=CARTESIAN_POINT('',(74.9790561834449,14.0333456454457,
-8.99622547158582));
#59650=CARTESIAN_POINT('',(74.9769624517946,14.0311664204516,
-8.99999999999679));
#59660=B_SPLINE_CURVE_WITH_KNOTS('',3,(#58990,#59000,#59010,#59020,
#59030,#59040,#59050,#59060,#59070,#59080,#59090,#59100,#59110,#59120,
#59130,#59140,#59150,#59160,#59170,#59180,#59190,#59200,#59210,#59220,
#59230,#59240,#59250,#59260,#59270,#59280,#59290,#59300,#59310,#59320,
#59330,#59340,#59350,#59360,#59370,#59380,#59390,#59400,#59410,#59420,
#59430,#59440,#59450,#59460,#59470,#59480,#59490,#59500,#59510,#59520,
#59530,#59540,#59550,#59560,#59570,#59580,#59590,#59600,#59610,#59620,
#59630,#59640,#59650),.UNSPECIFIED.,.F.,.F.,(4,3,3,3,3,3,3,3,3,3,3,3,3,3
,3,3,3,3,3,3,3,3,4),(0.,0.029022887732204,0.0580045749927535,
0.0869336545348747,0.116001617400333,0.142721171825683,0.156066252248424
,0.169479353591697,0.182910167074911,0.196312713308914,0.209651799332128
,0.223004795758257,0.236422026523099,0.249857903507036,0.276591483587328
,0.303342684973783,0.330145080502643,0.344579390445906,0.35903708081891,
0.388060278759633,0.417049876712213,0.43148214153093,0.445969428618461),
.UNSPECIFIED.);
#59670=SURFACE_CURVE('',#59660,(#58930,#58980),.CURVE_3D.);
#59680=CARTESIAN_POINT('',(74.9769624517956,14.3775765819689,
-8.99999999999941));
#59690=VERTEX_POINT('',#59680);
#59700=EDGE_CURVE('',#59690,#58840,#59670,.T.);
#59710=ORIENTED_EDGE('',*,*,#59700,.T.);
#59720=CARTESIAN_POINT('',(70.3671107853445,14.3775765819689,
-8.9999999999994));
#59730=DIRECTION('',(-1.,3.36793676825796E-17,3.33066907387547E-16));
#59740=VECTOR('',#59730,1.);
#59750=LINE('',#59720,#59740);
#59760=CARTESIAN_POINT('',(73.5966848880265,14.3775765819689,
-8.99999999999941));
#59770=VERTEX_POINT('',#59760);
#59780=EDGE_CURVE('',#59690,#59770,#59750,.T.);
#59790=ORIENTED_EDGE('',*,*,#59780,.F.);
#59800=CARTESIAN_POINT('',(73.5966848880265,14.204371501212,
-9.0999999999994));
#59810=DIRECTION('',(1.,-3.36793676825796E-17,-3.33066907387547E-16));
#59820=DIRECTION('',(3.05284086798824E-16,0.5,0.866025403784439));
#59830=AXIS2_PLACEMENT_3D('',#59800,#59810,#59820);
#59840=CIRCLE('',#59830,0.2);
#59850=EDGE_CURVE('',#59770,#58860,#59840,.T.);
#59860=ORIENTED_EDGE('',*,*,#59850,.F.);
#59870=EDGE_LOOP('',(#59860,#59790,#59710,#58880));
#59880=FACE_OUTER_BOUND('',#59870,.T.);
#59890=ADVANCED_FACE('',(#59880),#58780,.F.);
#59900=COLOUR_RGB('',0.94901967048645,0.94901967048645,1.);
#59910=FILL_AREA_STYLE_COLOUR('',#59900);
#59920=FILL_AREA_STYLE('',(#59910));
#59930=SURFACE_STYLE_FILL_AREA(#59920);
#59940=SURFACE_SIDE_STYLE('',(#59930));
#59950=SURFACE_STYLE_USAGE(.BOTH.,#59940);
#59960=PRESENTATION_STYLE_ASSIGNMENT((#59950));
#59970=CARTESIAN_POINT('',(-7.105427357601E-13,15.2993715012117,
-8.90000000000169));
#59980=DIRECTION('',(1.,0.,0.));
#59990=DIRECTION('',(0.,-1.,0.));
#60000=AXIS2_PLACEMENT_3D('',#59970,#59980,#59990);
#60010=CYLINDRICAL_SURFACE('',#60000,0.2);
#60020=CARTESIAN_POINT('',(-7.105427357601E-13,15.4993715012117,
-8.90000000000169));
#60030=DIRECTION('',(1.,0.,0.));
#60040=VECTOR('',#60030,1.);
#60050=LINE('',#60020,#60040);
#60060=CARTESIAN_POINT('',(58.8966848880224,15.4993715012117,
-8.90000000000169));
#60070=VERTEX_POINT('',#60060);
#60080=CARTESIAN_POINT('',(61.1466848880224,15.4993715012117,
-8.90000000000169));
#60090=VERTEX_POINT('',#60080);
#60100=EDGE_CURVE('',#60070,#60090,#60050,.T.);
#60110=ORIENTED_EDGE('',*,*,#60100,.F.);
#60120=CARTESIAN_POINT('',(61.1466848880224,15.2993715012117,
-8.90000000000169));
#60130=DIRECTION('',(1.,0.,0.));
#60140=DIRECTION('',(0.,-1.,0.));
#60150=AXIS2_PLACEMENT_3D('',#60120,#60130,#60140);
#60160=CIRCLE('',#60150,0.2);
#60170=CARTESIAN_POINT('',(61.1466848880224,15.2993715012117,
-8.70000000000169));
#60180=VERTEX_POINT('',#60170);
#60190=EDGE_CURVE('',#60090,#60180,#60160,.T.);
#60200=ORIENTED_EDGE('',*,*,#60190,.F.);
#60210=CARTESIAN_POINT('',(-7.105427357601E-13,15.2993715012117,
-8.70000000000169));
#60220=DIRECTION('',(1.,0.,0.));
#60230=VECTOR('',#60220,1.);
#60240=LINE('',#60210,#60230);
#60250=CARTESIAN_POINT('',(58.8966848880224,15.2993715012117,
-8.70000000000169));
#60260=VERTEX_POINT('',#60250);
#60270=EDGE_CURVE('',#60260,#60180,#60240,.T.);
#60280=ORIENTED_EDGE('',*,*,#60270,.T.);
#60290=CARTESIAN_POINT('',(58.8966848880224,15.2993715012117,
-8.90000000000169));
#60300=DIRECTION('',(1.,0.,0.));
#60310=DIRECTION('',(0.,-1.,0.));
#60320=AXIS2_PLACEMENT_3D('',#60290,#60300,#60310);
#60330=CIRCLE('',#60320,0.2);
#60340=EDGE_CURVE('',#60070,#60260,#60330,.T.);
#60350=ORIENTED_EDGE('',*,*,#60340,.T.);
#60360=EDGE_LOOP('',(#60350,#60280,#60200,#60110));
#60370=FACE_OUTER_BOUND('',#60360,.T.);
#60380=ADVANCED_FACE('',(#60370),#60010,.T.);
#60390=CARTESIAN_POINT('',(76.796685362747,14.204371501212,
-9.09999999999941));
#60400=DIRECTION('',(1.,-3.36793676825796E-17,-3.33066907387547E-16));
#60410=DIRECTION('',(3.05284086798824E-16,0.5,0.866025403784439));
#60420=AXIS2_PLACEMENT_3D('',#60390,#60400,#60410);
#60430=CYLINDRICAL_SURFACE('',#60420,0.5);
#60440=ORIENTED_EDGE('',*,*,#58200,.T.);
#60450=CARTESIAN_POINT('',(75.2325465869277,14.204371501212,
-9.09999999999941));
#60460=DIRECTION('',(-0.573576436351046,-0.819152044288992,
1.53317520279191E-16));
#60470=DIRECTION('',(0.819152044288992,-0.573576436351046,
-3.40609406799213E-16));
#60480=AXIS2_PLACEMENT_3D('',#60450,#60460,#60470);
#60490=ELLIPSE('',#60480,0.871723397810549,0.5);
#60500=CARTESIAN_POINT('',(74.9400789971106,14.4091595122848,
-8.64386200495732));
#60510=VERTEX_POINT('',#60500);
#60520=EDGE_CURVE('',#60510,#58110,#60490,.T.);
#60530=ORIENTED_EDGE('',*,*,#60520,.T.);
#60540=CARTESIAN_POINT('',(76.7325470616523,14.204371501212,
-9.09999999999941));
#60550=DIRECTION('',(1.,-3.36793676825796E-17,-3.33066907387547E-16));
#60560=DIRECTION('',(3.05284086798824E-16,0.5,0.866025403784439));
#60570=AXIS2_PLACEMENT_3D('',#60540,#60550,#60560);
#60580=CYLINDRICAL_SURFACE('',#60570,0.5);
#60590=CARTESIAN_POINT('',(74.9400789971103,14.4091595122844,
-8.64386200495727));
#60600=CARTESIAN_POINT('',(74.9481673469947,14.4034959887236,
-8.64131930573407));
#60610=CARTESIAN_POINT('',(74.9558939209216,14.3973700408814,
-8.63869640223854));
#60620=CARTESIAN_POINT('',(74.9632003741942,14.3908456089723,
-8.63607392061281));
#60630=CARTESIAN_POINT('',(74.9705031320252,14.3843244769758,
-8.63345276537999));
#60640=CARTESIAN_POINT('',(74.9774633884156,14.3773364142275,
-8.63080412996852));
#60650=CARTESIAN_POINT('',(74.9840100064081,14.3699290441449,
-8.62820481140801));
#60660=CARTESIAN_POINT('',(74.9905564812004,14.3625218360905,
-8.62560554970474));
#60670=CARTESIAN_POINT('',(74.996687068096,14.3546975569573,
-8.62305680643474));
#60680=CARTESIAN_POINT('',(75.0023386927471,14.3465211146568,
-8.62063220029082));
#60690=CARTESIAN_POINT('',(75.0079903889713,14.3383445688085,
-8.61820756344128));
#60700=CARTESIAN_POINT('',(75.0131612523413,14.3298186083909,
-8.61590814657312));
#60710=CARTESIAN_POINT('',(75.0178035805891,14.321018506307,
-8.61379687762936));
#60720=CARTESIAN_POINT('',(75.020126097821,14.3166158902829,
-8.612740627782));
#60730=CARTESIAN_POINT('',(75.0223109051057,14.3121571902312,
-8.61173390579927));
#60740=CARTESIAN_POINT('',(75.0243697864467,14.307616777276,
-8.61077570279977));
#60750=CARTESIAN_POINT('',(75.0264295400718,14.303074440689,
-8.60981709383946));
#60760=CARTESIAN_POINT('',(75.0283636026307,14.2984475081571,
-8.60890681191629));
#60770=CARTESIAN_POINT('',(75.0301626031662,14.2937479887871,
-8.60805300745982));
#60780=CARTESIAN_POINT('',(75.0337608517412,14.2843483034939,
-8.60634528108165));
#60790=CARTESIAN_POINT('',(75.0368158556553,14.2746599240344,
-8.60486538524196));
#60800=CARTESIAN_POINT('',(75.0392728946599,14.2647954950857,
-8.60366448750372));
#60810=CARTESIAN_POINT('',(75.0417299738076,14.2549309049723,
-8.60246357014525));
#60820=CARTESIAN_POINT('',(75.0435871919904,14.2448979760529,
-8.60154278406851));
#60830=CARTESIAN_POINT('',(75.0448240272674,14.2348176434105,
-8.60092782843979));
#60840=CARTESIAN_POINT('',(75.0460602834308,14.2247420306033,
-8.60031316074693));
#60850=CARTESIAN_POINT('',(75.0466807535915,14.2146195794239,
-8.60000206721477));
#60860=CARTESIAN_POINT('',(75.0466848674748,14.2044728611509,
-8.60000001027324));
#60870=CARTESIAN_POINT('',(75.0466889778563,14.1943347798574,
-8.5999979550826));
#60880=CARTESIAN_POINT('',(75.0460737250952,14.1841376420214,
-8.60030645914035));
#60890=CARTESIAN_POINT('',(75.0448338263453,14.1740053290912,
-8.60092295625693));
#60900=CARTESIAN_POINT('',(75.0442139627992,14.1689398740105,
-8.60123116213973));
#60910=CARTESIAN_POINT('',(75.0434386202742,14.1638919996648,
-8.60161585758049));
#60920=CARTESIAN_POINT('',(75.0425108440391,14.1588786517904,
-8.60207390041082));
#60930=CARTESIAN_POINT('',(75.0415830676267,14.1538653029574,
-8.60253194332873));
#60940=CARTESIAN_POINT('',(75.0405029141422,14.1488867681094,
-8.60306329996493));
#60950=CARTESIAN_POINT('',(75.0392758365572,14.1439593195842,
-8.60366304962097));
#60960=CARTESIAN_POINT('',(75.0368212785186,14.134102804776,
-8.60486274584015));
#60970=CARTESIAN_POINT('',(75.0337790829937,14.1244581233084,
-8.60633634495862));
#60980=CARTESIAN_POINT('',(75.0302127449835,14.1151261090444,
-8.60802920820701));
#60990=CARTESIAN_POINT('',(75.0266425407943,14.1057839781738,
-8.6097239066467));
#61000=CARTESIAN_POINT('',(75.0225074765325,14.0966493686633,
-8.61165727493303));
#61010=CARTESIAN_POINT('',(75.0178472572905,14.0878073282436,
-8.61377701249245));
#61020=CARTESIAN_POINT('',(75.0131871434485,14.0789654878042,
-8.61589670210981));
#61030=CARTESIAN_POINT('',(75.0080037808573,14.0704200790736,
-8.61820164059611));
#61040=CARTESIAN_POINT('',(75.0023571397199,14.0622485794795,
-8.62062428605658));
#61050=CARTESIAN_POINT('',(74.9967104453398,14.0540770028356,
-8.62304695436043));
#61060=CARTESIAN_POINT('',(74.9906026899221,14.0462822261685,
-8.62558606633358));
#61070=CARTESIAN_POINT('',(74.9841072729154,14.0389240786239,
-8.62816618353544));
#61080=CARTESIAN_POINT('',(74.9776217263442,14.0315771125202,
-8.63074237999123));
#61090=CARTESIAN_POINT('',(74.9706797930952,14.0245849671886,
-8.63338766592775));
#61100=CARTESIAN_POINT('',(74.9633217795975,14.0180058757163,
-8.63603033112701));
#61110=CARTESIAN_POINT('',(74.9559646339591,14.0114275602314,
-8.63867268463047));
#61120=CARTESIAN_POINT('',(74.9481962259888,14.005267234989,
-8.641310227171));
#61130=CARTESIAN_POINT('',(74.9400789971106,13.9995834901392,
-8.64386200495732));
#61140=B_SPLINE_CURVE_WITH_KNOTS('',3,(#60590,#60600,#60610,#60620,
#60630,#60640,#60650,#60660,#60670,#60680,#60690,#60700,#60710,#60720,
#60730,#60740,#60750,#60760,#60770,#60780,#60790,#60800,#60810,#60820,
#60830,#60840,#60850,#60860,#60870,#60880,#60890,#60900,#60910,#60920,
#60930,#60940,#60950,#60960,#60970,#60980,#60990,#61000,#61010,#61020,
#61030,#61040,#61050,#61060,#61070,#61080,#61090,#61100,#61110,#61120,
#61130),.UNSPECIFIED.,.F.,.F.,(4,3,3,3,3,3,3,3,3,3,3,3,3,3,3,3,3,3,4),(
0.,0.0305232718660781,0.0610761902264351,0.0917728592054004,
0.122389781451404,0.137618773703228,0.15289589452811,0.183585261614249,
0.214218332235582,0.244657630516557,0.275218933017217,0.290569089053314,
0.305920471790255,0.336479735863983,0.367032481758148,0.397711732658334,
0.428289879783328,0.458826171214199,0.489517989124684),.UNSPECIFIED.);
#61150=SURFACE_CURVE('',#61140,(#58930,#60580),.CURVE_3D.);
#61160=CARTESIAN_POINT('',(74.9400789971106,13.9995834901392,
-8.64386200495731));
#61170=VERTEX_POINT('',#61160);
#61180=EDGE_CURVE('',#60510,#61170,#61150,.T.);
#61190=ORIENTED_EDGE('',*,*,#61180,.F.);
#61200=CARTESIAN_POINT('',(75.2325465869277,14.204371501212,
-9.09999999999941));
#61210=DIRECTION('',(-0.573576436351046,0.819152044288992,
2.28761139332435E-16));
#61220=DIRECTION('',(-0.819152044288992,-0.573576436351046,
2.4641934268607E-16));
#61230=AXIS2_PLACEMENT_3D('',#61200,#61210,#61220);
#61240=ELLIPSE('',#61230,0.871723397810549,0.5);
#61250=CARTESIAN_POINT('',(74.6141403598263,13.7713587993198,
-8.8499999999994));
#61260=VERTEX_POINT('',#61250);
#61270=EDGE_CURVE('',#61260,#61170,#61240,.T.);
#61280=ORIENTED_EDGE('',*,*,#61270,.T.);
#61290=CARTESIAN_POINT('',(70.3671107853445,13.7713587993198,
-8.8499999999994));
#61300=DIRECTION('',(-1.,3.36793676825796E-17,3.33066907387547E-16));
#61310=VECTOR('',#61300,1.);
#61320=LINE('',#61290,#61310);
#61330=CARTESIAN_POINT('',(73.5966848880265,13.7713587993198,
-8.8499999999994));
#61340=VERTEX_POINT('',#61330);
#61350=EDGE_CURVE('',#61260,#61340,#61320,.T.);
#61360=ORIENTED_EDGE('',*,*,#61350,.F.);
#61370=CARTESIAN_POINT('',(73.5966848880265,14.204371501212,
-9.0999999999994));
#61380=DIRECTION('',(1.,-3.36793676825796E-17,-3.33066907387547E-16));
#61390=DIRECTION('',(3.05284086798824E-16,0.5,0.866025403784439));
#61400=AXIS2_PLACEMENT_3D('',#61370,#61380,#61390);
#61410=CIRCLE('',#61400,0.5);
#61420=EDGE_CURVE('',#58190,#61340,#61410,.T.);
#61430=ORIENTED_EDGE('',*,*,#61420,.T.);
#61440=EDGE_LOOP('',(#61430,#61360,#61280,#61190,#60530,#60440));
#61450=FACE_OUTER_BOUND('',#61440,.T.);
#61460=ADVANCED_FACE('',(#61450),#60430,.T.);
#61470=COLOUR_RGB('',0.94901967048645,0.94901967048645,1.);
#61480=FILL_AREA_STYLE_COLOUR('',#61470);
#61490=FILL_AREA_STYLE('',(#61480));
#61500=SURFACE_STYLE_FILL_AREA(#61490);
#61510=SURFACE_SIDE_STYLE('',(#61500));
#61520=SURFACE_STYLE_USAGE(.BOTH.,#61510);
#61530=PRESENTATION_STYLE_ASSIGNMENT((#61520));
#61540=CARTESIAN_POINT('',(73.311401362747,9.83635879931462,
-9.06650635095451));
#61550=DIRECTION('',(3.05284086798824E-16,0.5,0.866025403784439));
#61560=DIRECTION('',(1.37366265697263E-16,-0.866025403784439,0.5));
#61570=AXIS2_PLACEMENT_3D('',#61540,#61550,#61560);
#61580=PLANE('',#61570);
#61590=ORIENTED_EDGE('',*,*,#47260,.T.);
#61600=ORIENTED_EDGE('',*,*,#54640,.T.);
#61610=CARTESIAN_POINT('',(71.8202423579864,10.09616642045,
-9.21650635095451));
#61620=DIRECTION('',(-1.,3.36793676825796E-17,3.33066907387547E-16));
#61630=VECTOR('',#61620,1.);
#61640=LINE('',#61610,#61630);
#61650=CARTESIAN_POINT('',(73.5966848880265,10.09616642045,
-9.21650635095451));
#61660=VERTEX_POINT('',#61650);
#61670=EDGE_CURVE('',#54570,#61660,#61640,.T.);
#61680=ORIENTED_EDGE('',*,*,#61670,.F.);
#61690=CARTESIAN_POINT('',(73.5966848880265,12.2339456038905,
-10.4507537379819));
#61700=DIRECTION('',(-1.37366265697263E-16,0.866025403784439,-0.5));
#61710=VECTOR('',#61700,1.);
#61720=LINE('',#61690,#61710);
#61730=EDGE_CURVE('',#47250,#61660,#61720,.T.);
#61740=ORIENTED_EDGE('',*,*,#61730,.T.);
#61750=EDGE_LOOP('',(#61740,#61680,#61600,#61590));
#61760=FACE_OUTER_BOUND('',#61750,.T.);
#61770=ADVANCED_FACE('',(#61760),#61580,.F.);
#61780=COLOUR_RGB('',0.94901967048645,0.94901967048645,1.);
#61790=FILL_AREA_STYLE_COLOUR('',#61780);
#61800=FILL_AREA_STYLE('',(#61790));
#61810=SURFACE_STYLE_FILL_AREA(#61800);
#61820=SURFACE_SIDE_STYLE('',(#61810));
#61830=SURFACE_STYLE_USAGE(.BOTH.,#61820);
#61840=PRESENTATION_STYLE_ASSIGNMENT((#61830));
#61850=CARTESIAN_POINT('',(-0.0397701595510824,15.2993715012117,
-5.80022595952289));
#61860=DIRECTION('',(1.,0.,0.));
#61870=DIRECTION('',(0.,-1.,0.));
#61880=AXIS2_PLACEMENT_3D('',#61850,#61860,#61870);
#61890=CYLINDRICAL_SURFACE('',#61880,0.2);
#61900=ORIENTED_EDGE('',*,*,#45400,.F.);
#61910=ORIENTED_EDGE('',*,*,#57010,.T.);
#61920=ORIENTED_EDGE('',*,*,#42700,.T.);
#61930=CARTESIAN_POINT('',(-0.0397701595510824,15.2993715012117,
-6.00022595952289));
#61940=DIRECTION('',(1.,0.,0.));
#61950=VECTOR('',#61940,1.);
#61960=LINE('',#61930,#61950);
#61970=EDGE_CURVE('',#42600,#45390,#61960,.T.);
#61980=ORIENTED_EDGE('',*,*,#61970,.F.);
#61990=EDGE_LOOP('',(#61980,#61920,#61910,#61900));
#62000=FACE_OUTER_BOUND('',#61990,.T.);
#62010=ADVANCED_FACE('',(#62000),#61890,.T.);
#62020=CARTESIAN_POINT('',(65.5466848880224,8.51436910120851,
-7.5049999999999));
#62030=DIRECTION('',(1.,0.,-0.));
#62040=DIRECTION('',(0.,0.,1.));
#62050=AXIS2_PLACEMENT_3D('',#62020,#62030,#62040);
#62060=PLANE('',#62050);
#62070=ORIENTED_EDGE('',*,*,#12520,.T.);
#62080=CARTESIAN_POINT('',(65.5466848880224,0.,-7.6465909090936));
#62090=DIRECTION('',(0.,1.,0.));
#62100=VECTOR('',#62090,1.);
#62110=LINE('',#62080,#62100);
#62120=EDGE_CURVE('',#12430,#15140,#62110,.T.);
#62130=ORIENTED_EDGE('',*,*,#62120,.F.);
#62140=ORIENTED_EDGE('',*,*,#15150,.T.);
#62150=CARTESIAN_POINT('',(65.5466848880224,0.,-7.05340909090921));
#62160=DIRECTION('',(0.,1.,0.));
#62170=VECTOR('',#62160,1.);
#62180=LINE('',#62150,#62170);
#62190=EDGE_CURVE('',#12510,#15060,#62180,.T.);
#62200=ORIENTED_EDGE('',*,*,#62190,.T.);
#62210=EDGE_LOOP('',(#62200,#62140,#62130,#62070));
#62220=FACE_OUTER_BOUND('',#62210,.T.);
#62230=ADVANCED_FACE('',(#62220),#62060,.F.);
#62240=CARTESIAN_POINT('',(58.6466848880224,14.1993715012117,
-8.70000000000169));
#62250=DIRECTION('',(-0.,0.,1.));
#62260=DIRECTION('',(0.,-1.,0.));
#62270=AXIS2_PLACEMENT_3D('',#62240,#62250,#62260);
#62280=PLANE('',#62270);
#62290=CARTESIAN_POINT('',(58.8966848880224,8.88178419700125E-16,
-8.70000000000169));
#62300=DIRECTION('',(0.,1.,0.));
#62310=VECTOR('',#62300,1.);
#62320=LINE('',#62290,#62310);
#62330=CARTESIAN_POINT('',(58.8966848880224,14.1993715012117,
-8.70000000000169));
#62340=VERTEX_POINT('',#62330);
#62350=EDGE_CURVE('',#62340,#60260,#62320,.T.);
#62360=ORIENTED_EDGE('',*,*,#62350,.F.);
#62370=ORIENTED_EDGE('',*,*,#60270,.F.);
#62380=CARTESIAN_POINT('',(61.1466848880224,8.88178419700125E-16,
-8.70000000000169));
#62390=DIRECTION('',(0.,-1.,0.));
#62400=VECTOR('',#62390,1.);
#62410=LINE('',#62380,#62400);
#62420=CARTESIAN_POINT('',(61.1466848880224,14.1993715012117,
-8.70000000000169));
#62430=VERTEX_POINT('',#62420);
#62440=EDGE_CURVE('',#60180,#62430,#62410,.T.);
#62450=ORIENTED_EDGE('',*,*,#62440,.F.);
#62460=CARTESIAN_POINT('',(0.,14.1993715012117,-8.70000000000169));
#62470=DIRECTION('',(-1.,0.,0.));
#62480=VECTOR('',#62470,1.);
#62490=LINE('',#62460,#62480);
#62500=EDGE_CURVE('',#62430,#62340,#62490,.T.);
#62510=ORIENTED_EDGE('',*,*,#62500,.F.);
#62520=EDGE_LOOP('',(#62510,#62450,#62370,#62360));
#62530=FACE_OUTER_BOUND('',#62520,.T.);
#62540=ADVANCED_FACE('',(#62530),#62280,.T.);
#62550=CARTESIAN_POINT('',(58.606914728472,15.4993715012117,
-6.00022595952289));
#62560=DIRECTION('',(0.,0.,-1.));
#62570=DIRECTION('',(0.,1.,0.));
#62580=AXIS2_PLACEMENT_3D('',#62550,#62560,#62570);
#62590=PLANE('',#62580);
#62600=ORIENTED_EDGE('',*,*,#45460,.F.);
#62610=ORIENTED_EDGE('',*,*,#61970,.T.);
#62620=ORIENTED_EDGE('',*,*,#42610,.F.);
#62630=ORIENTED_EDGE('',*,*,#31710,.F.);
#62640=EDGE_LOOP('',(#62630,#62620,#62610,#62600));
#62650=FACE_OUTER_BOUND('',#62640,.T.);
#62660=ADVANCED_FACE('',(#62650),#62590,.T.);
#62670=CARTESIAN_POINT('',(58.0002080377985,8.56935417673532,
-7.73234632784501));
#62680=DIRECTION('',(0.0113629027286774,0.,-0.999935440136801));
#62690=DIRECTION('',(0.999935440136801,0.,0.0113629027286774));
#62700=AXIS2_PLACEMENT_3D('',#62670,#62680,#62690);
#62710=PLANE('',#62700);
#62720=CARTESIAN_POINT('',(0.,14.1993715012117,-8.39143960099312));
#62730=DIRECTION('',(0.999935440136801,0.,0.0113629027286774));
#62740=VECTOR('',#62730,1.);
#62750=LINE('',#62720,#62740);
#62760=CARTESIAN_POINT('',(58.6466848880224,14.1993715012117,
-7.72500000000166));
#62770=VERTEX_POINT('',#62760);
#62780=CARTESIAN_POINT('',(65.2466848880231,14.1993715012117,
-7.65000000000264));
#62790=VERTEX_POINT('',#62780);
#62800=EDGE_CURVE('',#62770,#62790,#62750,.T.);
#62810=ORIENTED_EDGE('',*,*,#62800,.F.);
#62820=CARTESIAN_POINT('',(65.2466848880231,0.,-7.65000000000264));
#62830=DIRECTION('',(0.,1.,0.));
#62840=VECTOR('',#62830,1.);
#62850=LINE('',#62820,#62840);
#62860=CARTESIAN_POINT('',(65.2466848880226,15.2993715012086,
-7.65000000000265));
#62870=VERTEX_POINT('',#62860);
#62880=EDGE_CURVE('',#62790,#62870,#62850,.T.);
#62890=ORIENTED_EDGE('',*,*,#62880,.F.);
#62900=CARTESIAN_POINT('',(65.5466848880226,15.2993715012086,
-7.6465909090936));
#62910=DIRECTION('',(0.0113629027286774,0.,-0.999935440136801));
#62920=DIRECTION('',(0.999935440136801,0.,0.0113629027286774));
#62930=AXIS2_PLACEMENT_3D('',#62900,#62910,#62920);
#62940=ELLIPSE('',#62930,0.300019369209433,0.3);
#62950=EDGE_CURVE('',#62870,#15140,#62940,.T.);
#62960=ORIENTED_EDGE('',*,*,#62950,.F.);
#62970=ORIENTED_EDGE('',*,*,#62120,.T.);
#62980=ORIENTED_EDGE('',*,*,#12440,.T.);
#62990=CARTESIAN_POINT('',(65.2466848880231,0.,-7.65000000000264));
#63000=DIRECTION('',(0.,1.,0.));
#63010=VECTOR('',#63000,1.);
#63020=LINE('',#62990,#63010);
#63030=EDGE_CURVE('',#12350,#58580,#63020,.T.);
#63040=ORIENTED_EDGE('',*,*,#63030,.F.);
#63050=ORIENTED_EDGE('',*,*,#58590,.T.);
#63060=CARTESIAN_POINT('',(58.6466848880224,0.,-7.72500000000166));
#63070=DIRECTION('',(0.,1.,0.));
#63080=VECTOR('',#63070,1.);
#63090=LINE('',#63060,#63080);
#63100=EDGE_CURVE('',#58480,#62770,#63090,.T.);
#63110=ORIENTED_EDGE('',*,*,#63100,.F.);
#63120=EDGE_LOOP('',(#63110,#63050,#63040,#62980,#62970,#62960,#62890,
#62810));
#63130=FACE_OUTER_BOUND('',#63120,.T.);
#63140=ADVANCED_FACE('',(#63130),#62710,.F.);
#63150=CARTESIAN_POINT('',(74.7966848880225,10.394371501212,
-8.79999999999941));
#63160=DIRECTION('',(-3.33066907387547E-16,4.60498265121997E-17,-1.));
#63170=DIRECTION('',(-1.,3.36793676825796E-17,3.33066907387547E-16));
#63180=AXIS2_PLACEMENT_3D('',#63150,#63160,#63170);
#63190=CYLINDRICAL_SURFACE('',#63180,0.25);
#63200=CARTESIAN_POINT('',(74.7966848880225,10.394371501212,
-8.69999999999941));
#63210=DIRECTION('',(-1.95700641690284E-16,-0.866025403784439,-0.5));
#63220=DIRECTION('',(2.71604719116245E-16,-0.5,0.866025403784439));
#63230=AXIS2_PLACEMENT_3D('',#63200,#63210,#63220);
#63240=ELLIPSE('',#63230,0.5,0.25);
#63250=CARTESIAN_POINT('',(74.9400789971102,10.5991595122843,
-9.05470323995752));
#63260=VERTEX_POINT('',#63250);
#63270=CARTESIAN_POINT('',(74.9769624517956,10.5675765819689,
-8.99999999999941));
#63280=VERTEX_POINT('',#63270);
#63290=EDGE_CURVE('',#63260,#63280,#63240,.T.);
#63300=ORIENTED_EDGE('',*,*,#63290,.F.);
#63310=CARTESIAN_POINT('',(76.7325470616523,10.394371501212,
-9.09999999999941));
#63320=DIRECTION('',(1.,-3.36793676825796E-17,-3.33066907387547E-16));
#63330=DIRECTION('',(3.05284086798824E-16,0.5,0.866025403784439));
#63340=AXIS2_PLACEMENT_3D('',#63310,#63320,#63330);
#63350=CYLINDRICAL_SURFACE('',#63340,0.2);
#63360=CARTESIAN_POINT('',(74.9769624517962,10.567576581973,
-8.99999999999737));
#63370=CARTESIAN_POINT('',(74.981144192831,10.5632240879079,
-8.99246125913669));
#63380=CARTESIAN_POINT('',(74.985473477174,10.5583999393824,
-8.98524100195413));
#63390=CARTESIAN_POINT('',(74.9898020926178,10.5531346748046,
-8.97836836465194));
#63400=CARTESIAN_POINT('',(74.9941308160342,10.5478692788903,
-8.97149555591912));
#63410=CARTESIAN_POINT('',(74.9984595704424,10.5421620359535,
-8.96497041254923));
#63420=CARTESIAN_POINT('',(75.0026648457973,10.5360480941802,
-8.95883434197677));
#63430=CARTESIAN_POINT('',(75.0068616259519,10.5299465033605,
-8.9527106670608));
#63440=CARTESIAN_POINT('',(75.0109645550072,10.5234022711501,
-8.94693274234702));
#63450=CARTESIAN_POINT('',(75.0148906087385,10.5163807772799,
-8.94152685857205));
#63460=CARTESIAN_POINT('',(75.0188131637502,10.5093655406442,
-8.93612579227359));
#63470=CARTESIAN_POINT('',(75.0225402000134,10.5019014506168,
-8.93112328737035));
#63480=CARTESIAN_POINT('',(75.0259540586403,10.4940492189031,
-8.9266092488149));
#63490=CARTESIAN_POINT('',(75.0291059840514,10.4867994609674,
-8.92244155636356));
#63500=CARTESIAN_POINT('',(75.0319895119539,10.4792227929374,
-8.91869217546579));
#63510=CARTESIAN_POINT('',(75.0345296735436,10.4713770724416,
-8.91541900964663));
#63520=CARTESIAN_POINT('',(75.0357986275296,10.4674576925344,
-8.91378387870469));
#63530=CARTESIAN_POINT('',(75.0369897667114,10.4634476004991,
-8.91225763084006));
#63540=CARTESIAN_POINT('',(75.0380908420979,10.4593573868868,
-8.91085234692627));
#63550=CARTESIAN_POINT('',(75.03919183138,10.4552674931305,
-8.90944717290615));
#63560=CARTESIAN_POINT('',(75.0402022602577,10.4510989845311,
-8.90816358736016));
#63570=CARTESIAN_POINT('',(75.0411107664251,10.4468690246499,
-8.90701292780829));
#63580=CARTESIAN_POINT('',(75.0420192686794,10.4426390829879,
-8.90586227321253));
#63590=CARTESIAN_POINT('',(75.0428257145663,10.4383481781523,
-8.90484470289932));
#63600=CARTESIAN_POINT('',(75.0435215505659,10.4340156940327,
-8.9039685280986));
#63610=CARTESIAN_POINT('',(75.0442173904666,10.4296831856239,
-8.90309234838576));
#63620=CARTESIAN_POINT('',(75.0448025255189,10.4253096667638,
-8.90235767631277));
#63630=CARTESIAN_POINT('',(75.0452717655518,10.4209151317137,
-8.90176923629259));
#63640=CARTESIAN_POINT('',(75.045741024131,10.416520422974,
-8.90118077301489));
#63650=CARTESIAN_POINT('',(75.0460943235935,10.4121057232668,
-8.90073861907989));
#63660=CARTESIAN_POINT('',(75.0463299619972,10.4076882966377,
-8.90044383506884));
#63670=CARTESIAN_POINT('',(75.0465657421003,10.4032682136228,
-8.90014887379168));
#63680=CARTESIAN_POINT('',(75.046685245164,10.3988155673801,
-8.89999955357243));
#63690=CARTESIAN_POINT('',(75.0466848872188,10.394351455498,
-8.90000000100398));
#63700=CARTESIAN_POINT('',(75.04668452928,10.3898874242733,
-8.90000044842745));
#63710=CARTESIAN_POINT('',(75.0465642691304,10.3854126548597,
-8.90015071274738));
#63720=CARTESIAN_POINT('',(75.0463243956089,10.3809507615909,
-8.90045079867797));
#63730=CARTESIAN_POINT('',(75.0460845231374,10.3764888878512,
-8.90075088329513));
#63740=CARTESIAN_POINT('',(75.0457250751211,10.3720406441207,
-8.9012007450414));
#63750=CARTESIAN_POINT('',(75.0452505212303,10.3676296615595,
-8.90179587791311));
#63760=CARTESIAN_POINT('',(75.0443007569117,10.3588015939208,
-8.90298696701232));
#63770=CARTESIAN_POINT('',(75.0428917610188,10.3501503131038,
-8.90475711114992));
#63780=CARTESIAN_POINT('',(75.0410901781907,10.3417782113572,
-8.90703900429757));
#63790=CARTESIAN_POINT('',(75.0392843132865,10.3333862104548,
-8.90932632114271));
#63800=CARTESIAN_POINT('',(75.0370652031565,10.3251879255864,
-8.91215156576974));
#63810=CARTESIAN_POINT('',(75.0345026348791,10.3172824664533,
-8.91545385205797));
#63820=CARTESIAN_POINT('',(75.0319401431951,10.3093772436089,
-8.91875603964317));
#63830=CARTESIAN_POINT('',(75.0290370485631,10.3017727167237,
-8.92253186626477));
#63840=CARTESIAN_POINT('',(75.0258915125004,10.2945500441228,
-8.92669196006881));
#63850=CARTESIAN_POINT('',(75.0241868584495,10.2906358756433,
-8.92894643136209));
#63860=CARTESIAN_POINT('',(75.0224183050303,10.2868473492416,
-8.93130406525171));
#63870=CARTESIAN_POINT('',(75.0205830227559,10.2831526841761,
-8.93377613066311));
#63880=CARTESIAN_POINT('',(75.0187473948132,10.2794573232345,
-8.93624866167856));
#63890=CARTESIAN_POINT('',(75.0168455755929,10.2758585222653,
-8.93883500896902));
#63900=CARTESIAN_POINT('',(75.0148900884821,10.2723612947038,
-8.94152757492679));
#63910=CARTESIAN_POINT('',(75.0109790414962,10.2653667094474,
-8.94691280703378));
#63920=CARTESIAN_POINT('',(75.0068526249693,10.2587795610198,
-8.95272239716182));
#63930=CARTESIAN_POINT('',(75.0026231768917,10.2526343459673,
-8.95889514953021));
#63940=CARTESIAN_POINT('',(74.9983937618365,10.2464891788948,
-8.96506785370349));
#63950=CARTESIAN_POINT('',(74.9940617561872,10.2407866314632,
-8.9716027274335));
#63960=CARTESIAN_POINT('',(74.9897558918454,10.2355521463374,
-8.97844173200737));
#63970=CARTESIAN_POINT('',(74.9876028072863,10.2329347185216,
-8.98186147633251));
#63980=CARTESIAN_POINT('',(74.9854602496773,10.2304379659278,
-8.98535058326363));
#63990=CARTESIAN_POINT('',(74.9833206808488,10.2280372568842,
-8.9889463230499));
#64000=CARTESIAN_POINT('',(74.9811828049717,10.2256384474214,
-8.99253921767751));
#64010=CARTESIAN_POINT('',(74.9790561834449,10.2233456454457,
-8.99622547158581));
#64020=CARTESIAN_POINT('',(74.9769624517946,10.2211664204516,
-8.99999999999679));
#64030=B_SPLINE_CURVE_WITH_KNOTS('',3,(#63360,#63370,#63380,#63390,
#63400,#63410,#63420,#63430,#63440,#63450,#63460,#63470,#63480,#63490,
#63500,#63510,#63520,#63530,#63540,#63550,#63560,#63570,#63580,#63590,
#63600,#63610,#63620,#63630,#63640,#63650,#63660,#63670,#63680,#63690,
#63700,#63710,#63720,#63730,#63740,#63750,#63760,#63770,#63780,#63790,
#63800,#63810,#63820,#63830,#63840,#63850,#63860,#63870,#63880,#63890,
#63900,#63910,#63920,#63930,#63940,#63950,#63960,#63970,#63980,#63990,
#64000,#64010,#64020),.UNSPECIFIED.,.F.,.F.,(4,3,3,3,3,3,3,3,3,3,3,3,3,3
,3,3,3,3,3,3,3,3,4),(0.,0.0290228877322063,0.0580045749927652,
0.0869336545348754,0.116001617400334,0.142721171825682,0.156066252248423
,0.169479353591699,0.182910167074913,0.196312713308913,0.209651799332127
,0.223004795758258,0.236422026523096,0.249857903507026,0.276591483587327
,0.303342684973776,0.330145080502649,0.344579390445891,0.35903708081891,
0.388060278759637,0.417049876712206,0.431482141530942,0.445969428618462)
,.UNSPECIFIED.);
#64040=SURFACE_CURVE('',#64030,(#63190,#63350),.CURVE_3D.);
#64050=CARTESIAN_POINT('',(74.9769624517956,10.2211664204551,
-8.99999999999941));
#64060=VERTEX_POINT('',#64050);
#64070=EDGE_CURVE('',#63280,#64060,#64040,.T.);
#64080=ORIENTED_EDGE('',*,*,#64070,.F.);
#64090=CARTESIAN_POINT('',(74.7966848880225,10.394371501212,
-8.6999999999994));
#64100=DIRECTION('',(-1.37366265697263E-16,0.866025403784439,-0.5));
#64110=DIRECTION('',(-3.05284086798824E-16,-0.5,-0.866025403784439));
#64120=AXIS2_PLACEMENT_3D('',#64090,#64100,#64110);
#64130=ELLIPSE('',#64120,0.5,0.25);
#64140=EDGE_CURVE('',#64060,#54490,#64130,.T.);
#64150=ORIENTED_EDGE('',*,*,#64140,.F.);
#64160=ORIENTED_EDGE('',*,*,#54500,.T.);
#64170=CARTESIAN_POINT('',(76.7325470616523,10.394371501212,
-9.09999999999941));
#64180=DIRECTION('',(1.,-3.36793676825796E-17,-3.33066907387547E-16));
#64190=DIRECTION('',(3.05284086798824E-16,0.5,0.866025403784439));
#64200=AXIS2_PLACEMENT_3D('',#64170,#64180,#64190);
#64210=CYLINDRICAL_SURFACE('',#64200,0.5);
#64220=CARTESIAN_POINT('',(74.9400789971103,10.5991595122844,
-8.64386200495727));
#64230=CARTESIAN_POINT('',(74.9481673469947,10.5934959887236,
-8.64131930573407));
#64240=CARTESIAN_POINT('',(74.9558939209216,10.5873700408814,
-8.63869640223854));
#64250=CARTESIAN_POINT('',(74.9632003741942,10.5808456089723,
-8.63607392061281));
#64260=CARTESIAN_POINT('',(74.9705031320253,10.5743244769758,
-8.63345276537998));
#64270=CARTESIAN_POINT('',(74.9774633884156,10.5673364142275,
-8.63080412996852));
#64280=CARTESIAN_POINT('',(74.9840100064081,10.5599290441449,
-8.62820481140801));
#64290=CARTESIAN_POINT('',(74.9905564812005,10.5525218360904,
-8.62560554970473));
#64300=CARTESIAN_POINT('',(74.996687068096,10.5446975569573,
-8.62305680643475));
#64310=CARTESIAN_POINT('',(75.0023386927471,10.5365211146568,
-8.62063220029082));
#64320=CARTESIAN_POINT('',(75.0079903889713,10.5283445688085,
-8.61820756344128));
#64330=CARTESIAN_POINT('',(75.0131612523413,10.5198186083909,
-8.61590814657312));
#64340=CARTESIAN_POINT('',(75.0178035805891,10.511018506307,
-8.61379687762936));
#64350=CARTESIAN_POINT('',(75.0201260978251,10.5066158902753,
-8.61274062778018));
#64360=CARTESIAN_POINT('',(75.0223109051093,10.5021571902233,
-8.6117339057976));
#64370=CARTESIAN_POINT('',(75.0243697864467,10.497616777276,
-8.61077570279977));
#64380=CARTESIAN_POINT('',(75.0264295400733,10.4930744406857,
-8.60981709383877));
#64390=CARTESIAN_POINT('',(75.028363602632,10.4884475081537,
-8.60890681191569));
#64400=CARTESIAN_POINT('',(75.0301626031662,10.4837479887871,
-8.60805300745982));
#64410=CARTESIAN_POINT('',(75.0337608517413,10.4743483034938,
-8.60634528108165));
#64420=CARTESIAN_POINT('',(75.0368158556553,10.4646599240344,
-8.60486538524196));
#64430=CARTESIAN_POINT('',(75.0392728946599,10.4547954950857,
-8.60366448750372));
#64440=CARTESIAN_POINT('',(75.0417299738076,10.4449309049723,
-8.60246357014526));
#64450=CARTESIAN_POINT('',(75.0435871919904,10.4348979760529,
-8.60154278406851));
#64460=CARTESIAN_POINT('',(75.0448240272674,10.4248176434105,
-8.60092782843979));
#64470=CARTESIAN_POINT('',(75.0460602834308,10.4147420306033,
-8.60031316074693));
#64480=CARTESIAN_POINT('',(75.0466807535915,10.4046195794239,
-8.60000206721477));
#64490=CARTESIAN_POINT('',(75.0466848674748,10.3944728611509,
-8.60000001027324));
#64500=CARTESIAN_POINT('',(75.0466889778563,10.3843347798665,
-8.5999979550826));
#64510=CARTESIAN_POINT('',(75.0460737250963,10.3741376420304,
-8.6003064591398));
#64520=CARTESIAN_POINT('',(75.0448338263453,10.3640053290912,
-8.60092295625693));
#64530=CARTESIAN_POINT('',(75.0442139627992,10.3589398740105,
-8.60123116213973));
#64540=CARTESIAN_POINT('',(75.0434386202742,10.3538919996648,
-8.60161585758049));
#64550=CARTESIAN_POINT('',(75.0425108440391,10.3488786517904,
-8.60207390041082));
#64560=CARTESIAN_POINT('',(75.0415830676267,10.3438653029574,
-8.60253194332873));
#64570=CARTESIAN_POINT('',(75.0405029141422,10.3388867681094,
-8.60306329996493));
#64580=CARTESIAN_POINT('',(75.0392758365572,10.3339593195842,
-8.60366304962097));
#64590=CARTESIAN_POINT('',(75.0368212785186,10.324102804776,
-8.60486274584015));
#64600=CARTESIAN_POINT('',(75.0337790829937,10.3144581233084,
-8.60633634495862));
#64610=CARTESIAN_POINT('',(75.0302127449835,10.3051261090444,
-8.60802920820701));
#64620=CARTESIAN_POINT('',(75.0266425407943,10.2957839781738,
-8.60972390664671));
#64630=CARTESIAN_POINT('',(75.0225074765325,10.2866493686633,
-8.61165727493303));
#64640=CARTESIAN_POINT('',(75.0178472572905,10.2778073282436,
-8.61377701249245));
#64650=CARTESIAN_POINT('',(75.0131871434485,10.2689654878042,
-8.61589670210981));
#64660=CARTESIAN_POINT('',(75.0080037808573,10.2604200790736,
-8.61820164059611));
#64670=CARTESIAN_POINT('',(75.0023571397199,10.2522485794795,
-8.62062428605658));
#64680=CARTESIAN_POINT('',(74.9967104453398,10.2440770028355,
-8.62304695436043));
#64690=CARTESIAN_POINT('',(74.9906026899221,10.2362822261685,
-8.62558606633357));
#64700=CARTESIAN_POINT('',(74.9841072729154,10.2289240786239,
-8.62816618353544));
#64710=CARTESIAN_POINT('',(74.9776217263442,10.2215771125202,
-8.63074237999124));
#64720=CARTESIAN_POINT('',(74.9706797930953,10.2145849671886,
-8.63338766592775));
#64730=CARTESIAN_POINT('',(74.9633217795975,10.2080058757162,
-8.63603033112701));
#64740=CARTESIAN_POINT('',(74.9559646339591,10.2014275602314,
-8.63867268463046));
#64750=CARTESIAN_POINT('',(74.9481962259888,10.195267234989,
-8.641310227171));
#64760=CARTESIAN_POINT('',(74.9400789971106,10.1895834901392,
-8.64386200495732));
#64770=B_SPLINE_CURVE_WITH_KNOTS('',3,(#64220,#64230,#64240,#64250,
#64260,#64270,#64280,#64290,#64300,#64310,#64320,#64330,#64340,#64350,
#64360,#64370,#64380,#64390,#64400,#64410,#64420,#64430,#64440,#64450,
#64460,#64470,#64480,#64490,#64500,#64510,#64520,#64530,#64540,#64550,
#64560,#64570,#64580,#64590,#64600,#64610,#64620,#64630,#64640,#64650,
#64660,#64670,#64680,#64690,#64700,#64710,#64720,#64730,#64740,#64750,
#64760),.UNSPECIFIED.,.F.,.F.,(4,3,3,3,3,3,3,3,3,3,3,3,3,3,3,3,3,3,4),(
0.,0.0305232718660766,0.0610761902264373,0.0917728592053995,
0.122389781451404,0.137618773703227,0.152895894528108,0.183585261614249,
0.214218332235582,0.244657630516553,0.275218933017214,0.290569089053315,
0.305920471790252,0.336479735863983,0.367032481758151,0.397711732658332,
0.428289879783326,0.458826171214198,0.489517989124683),.UNSPECIFIED.);
#64780=SURFACE_CURVE('',#64770,(#63190,#64210),.CURVE_3D.);
#64790=CARTESIAN_POINT('',(74.9400789971106,10.5991595122848,
-8.64386200495732));
#64800=VERTEX_POINT('',#64790);
#64810=EDGE_CURVE('',#64800,#54410,#64780,.T.);
#64820=ORIENTED_EDGE('',*,*,#64810,.T.);
#64830=CARTESIAN_POINT('',(74.9400789971102,10.5991595122843,
-8.79999999999941));
#64840=DIRECTION('',(-3.33066907387547E-16,4.60498265121997E-17,-1.));
#64850=VECTOR('',#64840,1.);
#64860=LINE('',#64830,#64850);
#64870=EDGE_CURVE('',#64800,#63260,#64860,.T.);
#64880=ORIENTED_EDGE('',*,*,#64870,.F.);
#64890=EDGE_LOOP('',(#64880,#64820,#64160,#64150,#64080,#63300));
#64900=FACE_OUTER_BOUND('',#64890,.T.);
#64910=ADVANCED_FACE('',(#64900),#63190,.T.);
#64920=COLOUR_RGB('',0.94901967048645,0.94901967048645,1.);
#64930=FILL_AREA_STYLE_COLOUR('',#64920);
#64940=FILL_AREA_STYLE('',(#64930));
#64950=SURFACE_STYLE_FILL_AREA(#64940);
#64960=SURFACE_SIDE_STYLE('',(#64950));
#64970=SURFACE_STYLE_USAGE(.BOTH.,#64960);
#64980=PRESENTATION_STYLE_ASSIGNMENT((#64970));
#64990=CARTESIAN_POINT('',(76.796685362747,10.394371501212,
-9.09999999999941));
#65000=DIRECTION('',(1.,-3.36793676825796E-17,-3.33066907387547E-16));
#65010=DIRECTION('',(3.05284086798824E-16,0.5,0.866025403784439));
#65020=AXIS2_PLACEMENT_3D('',#64990,#65000,#65010);
#65030=CYLINDRICAL_SURFACE('',#65020,0.2);
#65040=CARTESIAN_POINT('',(70.3671107853445,10.2211664204551,
-8.9999999999994));
#65050=DIRECTION('',(-1.,3.36793676825796E-17,3.33066907387547E-16));
#65060=VECTOR('',#65050,1.);
#65070=LINE('',#65040,#65060);
#65080=CARTESIAN_POINT('',(73.5966848880265,10.2211664204551,
-8.9999999999994));
#65090=VERTEX_POINT('',#65080);
#65100=EDGE_CURVE('',#64060,#65090,#65070,.T.);
#65110=ORIENTED_EDGE('',*,*,#65100,.T.);
#65120=ORIENTED_EDGE('',*,*,#64070,.T.);
#65130=CARTESIAN_POINT('',(70.3671107853445,10.5675765819689,
-8.9999999999994));
#65140=DIRECTION('',(-1.,3.36793676825796E-17,3.33066907387547E-16));
#65150=VECTOR('',#65140,1.);
#65160=LINE('',#65130,#65150);
#65170=CARTESIAN_POINT('',(73.5966848880265,10.5675765819689,
-8.99999999999941));
#65180=VERTEX_POINT('',#65170);
#65190=EDGE_CURVE('',#63280,#65180,#65160,.T.);
#65200=ORIENTED_EDGE('',*,*,#65190,.F.);
#65210=CARTESIAN_POINT('',(73.5966848880265,10.394371501212,
-9.0999999999994));
#65220=DIRECTION('',(1.,-3.36793676825796E-17,-3.33066907387547E-16));
#65230=DIRECTION('',(3.05284086798824E-16,0.5,0.866025403784439));
#65240=AXIS2_PLACEMENT_3D('',#65210,#65220,#65230);
#65250=CIRCLE('',#65240,0.2);
#65260=EDGE_CURVE('',#65180,#65090,#65250,.T.);
#65270=ORIENTED_EDGE('',*,*,#65260,.F.);
#65280=EDGE_LOOP('',(#65270,#65200,#65120,#65110));
#65290=FACE_OUTER_BOUND('',#65280,.T.);
#65300=ADVANCED_FACE('',(#65290),#65030,.F.);
#65310=COLOUR_RGB('',0.94901967048645,0.94901967048645,1.);
#65320=FILL_AREA_STYLE_COLOUR('',#65310);
#65330=FILL_AREA_STYLE('',(#65320));
#65340=SURFACE_STYLE_FILL_AREA(#65330);
#65350=SURFACE_SIDE_STYLE('',(#65340));
#65360=SURFACE_STYLE_USAGE(.BOTH.,#65350);
#65370=PRESENTATION_STYLE_ASSIGNMENT((#65360));
#65380=CARTESIAN_POINT('',(76.796685362747,10.394371501212,
-9.09999999999941));
#65390=DIRECTION('',(1.,-3.36793676825796E-17,-3.33066907387547E-16));
#65400=DIRECTION('',(3.05284086798824E-16,0.5,0.866025403784439));
#65410=AXIS2_PLACEMENT_3D('',#65380,#65390,#65400);
#65420=CYLINDRICAL_SURFACE('',#65410,0.5);
#65430=CARTESIAN_POINT('',(70.3671107853445,10.8273842031043,
-8.8499999999994));
#65440=DIRECTION('',(-1.,3.36793676825796E-17,3.33066907387547E-16));
#65450=VECTOR('',#65440,1.);
#65460=LINE('',#65430,#65450);
#65470=CARTESIAN_POINT('',(74.6141403598263,10.8273842031043,
-8.8499999999994));
#65480=VERTEX_POINT('',#65470);
#65490=CARTESIAN_POINT('',(73.5966848880265,10.8273842031043,
-8.8499999999994));
#65500=VERTEX_POINT('',#65490);
#65510=EDGE_CURVE('',#65480,#65500,#65460,.T.);
#65520=ORIENTED_EDGE('',*,*,#65510,.T.);
#65530=CARTESIAN_POINT('',(75.2325465869277,10.394371501212,
-9.09999999999941));
#65540=DIRECTION('',(-0.573576436351046,-0.819152044288992,
1.53317520279191E-16));
#65550=DIRECTION('',(0.819152044288992,-0.573576436351046,
-3.40609406799213E-16));
#65560=AXIS2_PLACEMENT_3D('',#65530,#65540,#65550);
#65570=ELLIPSE('',#65560,0.871723397810549,0.5);
#65580=EDGE_CURVE('',#64800,#65480,#65570,.T.);
#65590=ORIENTED_EDGE('',*,*,#65580,.T.);
#65600=ORIENTED_EDGE('',*,*,#64810,.F.);
#65610=ORIENTED_EDGE('',*,*,#54420,.T.);
#65620=ORIENTED_EDGE('',*,*,#47100,.F.);
#65630=CARTESIAN_POINT('',(73.5966848880265,10.394371501212,
-9.0999999999994));
#65640=DIRECTION('',(1.,-3.36793676825796E-17,-3.33066907387547E-16));
#65650=DIRECTION('',(3.05284086798824E-16,0.5,0.866025403784439));
#65660=AXIS2_PLACEMENT_3D('',#65630,#65640,#65650);
#65670=CIRCLE('',#65660,0.5);
#65680=EDGE_CURVE('',#65500,#47090,#65670,.T.);
#65690=ORIENTED_EDGE('',*,*,#65680,.T.);
#65700=EDGE_LOOP('',(#65690,#65620,#65610,#65600,#65590,#65520));
#65710=FACE_OUTER_BOUND('',#65700,.T.);
#65720=ADVANCED_FACE('',(#65710),#65420,.T.);
#65730=COLOUR_RGB('',0.94901967048645,0.94901967048645,1.);
#65740=FILL_AREA_STYLE_COLOUR('',#65730);
#65750=FILL_AREA_STYLE('',(#65740));
#65760=SURFACE_STYLE_FILL_AREA(#65750);
#65770=SURFACE_SIDE_STYLE('',(#65760));
#65780=SURFACE_STYLE_USAGE(.BOTH.,#65770);
#65790=PRESENTATION_STYLE_ASSIGNMENT((#65780));
#65800=CARTESIAN_POINT('',(66.1467615797975,8.56935417673217,
-7.06022814422474));
#65810=DIRECTION('',(0.0113629027286774,0.,0.999935440136801));
#65820=DIRECTION('',(-0.999935440136801,0.,0.0113629027286774));
#65830=AXIS2_PLACEMENT_3D('',#65800,#65810,#65820);
#65840=PLANE('',#65830);
#65850=ORIENTED_EDGE('',*,*,#20720,.T.);
#65860=CARTESIAN_POINT('',(0.,10.0993715012117,-6.30856039900969));
#65870=DIRECTION('',(-0.999935440136801,0.,0.0113629027286774));
#65880=VECTOR('',#65870,1.);
#65890=LINE('',#65860,#65880);
#65900=EDGE_CURVE('',#43600,#20610,#65890,.T.);
#65910=ORIENTED_EDGE('',*,*,#65900,.T.);
#65920=ORIENTED_EDGE('',*,*,#43610,.F.);
#65930=ORIENTED_EDGE('',*,*,#12600,.T.);
#65940=ORIENTED_EDGE('',*,*,#62190,.F.);
#65950=ORIENTED_EDGE('',*,*,#57530,.F.);
#65960=ORIENTED_EDGE('',*,*,#45590,.F.);
#65970=ORIENTED_EDGE('',*,*,#31280,.F.);
#65980=EDGE_LOOP('',(#65970,#65960,#65950,#65940,#65930,#65920,#65910,
#65850));
#65990=FACE_OUTER_BOUND('',#65980,.T.);
#66000=ADVANCED_FACE('',(#65990),#65840,.F.);
#66010=CARTESIAN_POINT('',(68.8671107853445,10.6598330876293,
-8.24020704486684));
#66020=DIRECTION('',(-1.37366265697263E-16,0.866025403784439,-0.5));
#66030=DIRECTION('',(-3.05284086798824E-16,-0.5,-0.866025403784439));
#66040=AXIS2_PLACEMENT_3D('',#66010,#66020,#66030);
#66050=PLANE('',#66040);
#66060=ORIENTED_EDGE('',*,*,#64140,.T.);
#66070=ORIENTED_EDGE('',*,*,#65100,.F.);
#66080=CARTESIAN_POINT('',(73.5966848880265,10.3366364742931,
-8.79999999999941));
#66090=DIRECTION('',(-3.05284086798824E-16,-0.5,-0.866025403784439));
#66100=VECTOR('',#66090,1.);
#66110=LINE('',#66080,#66100);
#66120=EDGE_CURVE('',#65090,#61660,#66110,.T.);
#66130=ORIENTED_EDGE('',*,*,#66120,.F.);
#66140=ORIENTED_EDGE('',*,*,#61670,.T.);
#66150=ORIENTED_EDGE('',*,*,#54580,.F.);
#66160=EDGE_LOOP('',(#66150,#66140,#66130,#66070,#66060));
#66170=FACE_OUTER_BOUND('',#66160,.T.);
#66180=ADVANCED_FACE('',(#66170),#66050,.T.);
#66190=COLOUR_RGB('',0.94901967048645,0.94901967048645,1.);
#66200=FILL_AREA_STYLE_COLOUR('',#66190);
#66210=FILL_AREA_STYLE('',(#66200));
#66220=SURFACE_STYLE_FILL_AREA(#66210);
#66230=SURFACE_SIDE_STYLE('',(#66220));
#66240=SURFACE_STYLE_USAGE(.BOTH.,#66230);
#66250=PRESENTATION_STYLE_ASSIGNMENT((#66240));
#66260=CARTESIAN_POINT('',(70.3671107853445,14.210025466494,
-8.09020704486684));
#66270=DIRECTION('',(-1.37366265697263E-16,0.866025403784439,-0.5));
#66280=DIRECTION('',(-3.05284086798824E-16,-0.5,-0.866025403784439));
#66290=AXIS2_PLACEMENT_3D('',#66260,#66270,#66280);
#66300=PLANE('',#66290);
#66310=ORIENTED_EDGE('',*,*,#61350,.T.);
#66320=CARTESIAN_POINT('',(74.6553674416331,13.8002263127793,
-8.79999999999941));
#66330=DIRECTION('',(0.581124101764717,0.406907476691001,
0.704784423608463));
#66340=VECTOR('',#66330,1.);
#66350=LINE('',#66320,#66340);
#66360=CARTESIAN_POINT('',(74.4356218589761,13.6463587993146,
-9.06650635095451));
#66370=VERTEX_POINT('',#66360);
#66380=EDGE_CURVE('',#66370,#61260,#66350,.T.);
#66390=ORIENTED_EDGE('',*,*,#66380,.T.);
#66400=CARTESIAN_POINT('',(71.8202423579864,13.6463587993146,
-9.06650635095451));
#66410=DIRECTION('',(-1.,3.36793676825796E-17,3.33066907387547E-16));
#66420=VECTOR('',#66410,1.);
#66430=LINE('',#66400,#66420);
#66440=CARTESIAN_POINT('',(73.5966848880265,13.6463587993146,
-9.06650635095451));
#66450=VERTEX_POINT('',#66440);
#66460=EDGE_CURVE('',#66370,#66450,#66430,.T.);
#66470=ORIENTED_EDGE('',*,*,#66460,.F.);
#66480=CARTESIAN_POINT('',(73.5966848880265,13.8002263127793,
-8.79999999999941));
#66490=DIRECTION('',(-3.05284086798824E-16,-0.5,-0.866025403784439));
#66500=VECTOR('',#66490,1.);
#66510=LINE('',#66480,#66500);
#66520=EDGE_CURVE('',#61340,#66450,#66510,.T.);
#66530=ORIENTED_EDGE('',*,*,#66520,.T.);
#66540=EDGE_LOOP('',(#66530,#66470,#66390,#66310));
#66550=FACE_OUTER_BOUND('',#66540,.T.);
#66560=ADVANCED_FACE('',(#66550),#66300,.F.);
#66570=COLOUR_RGB('',0.94901967048645,0.94901967048645,1.);
#66580=FILL_AREA_STYLE_COLOUR('',#66570);
#66590=FILL_AREA_STYLE('',(#66580));
#66600=SURFACE_STYLE_FILL_AREA(#66590);
#66610=SURFACE_SIDE_STYLE('',(#66600));
#66620=SURFACE_STYLE_USAGE(.BOTH.,#66610);
#66630=PRESENTATION_STYLE_ASSIGNMENT((#66620));
#66640=CARTESIAN_POINT('',(71.811401362747,10.9523842031043,
-9.06650635094551));
#66650=DIRECTION('',(2.71604719116245E-16,-0.5,0.866025403784439));
#66660=DIRECTION('',(-1.,3.36793676825796E-17,3.33066907387547E-16));
#66670=AXIS2_PLACEMENT_3D('',#66640,#66650,#66660);
#66680=PLANE('',#66670);
#66690=CARTESIAN_POINT('',(71.8202423579864,10.9523842031043,
-9.06650635094551));
#66700=DIRECTION('',(1.,-3.36793676825796E-17,-3.33066907387547E-16));
#66710=VECTOR('',#66700,1.);
#66720=LINE('',#66690,#66710);
#66730=CARTESIAN_POINT('',(73.5966848880265,10.9523842031043,
-9.06650635094551));
#66740=VERTEX_POINT('',#66730);
#66750=CARTESIAN_POINT('',(74.4356218589836,10.9523842031043,
-9.06650635094551));
#66760=VERTEX_POINT('',#66750);
#66770=EDGE_CURVE('',#66740,#66760,#66720,.T.);
#66780=ORIENTED_EDGE('',*,*,#66770,.T.);
#66790=CARTESIAN_POINT('',(73.5966848880265,12.2339456038905,
-8.32659653121851));
#66800=DIRECTION('',(1.95700641690284E-16,0.866025403784439,0.5));
#66810=VECTOR('',#66800,1.);
#66820=LINE('',#66790,#66810);
#66830=CARTESIAN_POINT('',(73.5966848880265,10.6925765819689,
-9.21650635094552));
#66840=VERTEX_POINT('',#66830);
#66850=EDGE_CURVE('',#66840,#66740,#66820,.T.);
#66860=ORIENTED_EDGE('',*,*,#66850,.T.);
#66870=CARTESIAN_POINT('',(71.8202423579864,10.6925765819689,
-9.21650635094552));
#66880=DIRECTION('',(1.,-3.36793676825796E-17,-3.33066907387547E-16));
#66890=VECTOR('',#66880,1.);
#66900=LINE('',#66870,#66890);
#66910=CARTESIAN_POINT('',(74.8066655952444,10.6925765819689,
-9.21650635094552));
#66920=VERTEX_POINT('',#66910);
#66930=EDGE_CURVE('',#66840,#66920,#66900,.T.);
#66940=ORIENTED_EDGE('',*,*,#66930,.F.);
#66950=CARTESIAN_POINT('',(71.7561040568916,12.8286027668961,
-7.98327105808169));
#66960=DIRECTION('',(0.777622657646255,-0.544497246766576,
-0.314365631993693));
#66970=VECTOR('',#66960,1.);
#66980=LINE('',#66950,#66970);
#66990=EDGE_CURVE('',#66760,#66920,#66980,.T.);
#67000=ORIENTED_EDGE('',*,*,#66990,.T.);
#67010=EDGE_LOOP('',(#67000,#66940,#66860,#66780));
#67020=FACE_OUTER_BOUND('',#67010,.T.);
#67030=ADVANCED_FACE('',(#67020),#66680,.F.);
#67040=COLOUR_RGB('',0.94901967048645,0.94901967048645,1.);
#67050=FILL_AREA_STYLE_COLOUR('',#67040);
#67060=FILL_AREA_STYLE('',(#67050));
#67070=SURFACE_STYLE_FILL_AREA(#67060);
#67080=SURFACE_SIDE_STYLE('',(#67070));
#67090=SURFACE_STYLE_USAGE(.BOTH.,#67080);
#67100=PRESENTATION_STYLE_ASSIGNMENT((#67090));
#67110=CARTESIAN_POINT('',(70.3671107853445,10.9529388024706,
-9.06746694522594));
#67120=DIRECTION('',(-1.95700641690284E-16,-0.866025403784439,-0.5));
#67130=DIRECTION('',(2.71604719116245E-16,-0.5,0.866025403784439));
#67140=AXIS2_PLACEMENT_3D('',#67110,#67120,#67130);
#67150=PLANE('',#67140);
#67160=ORIENTED_EDGE('',*,*,#66770,.F.);
#67170=CARTESIAN_POINT('',(74.6553674416331,10.7985166896448,
-8.79999999999941));
#67180=DIRECTION('',(-0.581124101764717,0.406907476691001,
-0.704784423608463));
#67190=VECTOR('',#67180,1.);
#67200=LINE('',#67170,#67190);
#67210=EDGE_CURVE('',#65480,#66760,#67200,.T.);
#67220=ORIENTED_EDGE('',*,*,#67210,.T.);
#67230=ORIENTED_EDGE('',*,*,#65510,.F.);
#67240=CARTESIAN_POINT('',(73.5966848880265,10.7985166896448,
-8.79999999999941));
#67250=DIRECTION('',(-2.71604719116245E-16,0.5,-0.866025403784439));
#67260=VECTOR('',#67250,1.);
#67270=LINE('',#67240,#67260);
#67280=EDGE_CURVE('',#65500,#66740,#67270,.T.);
#67290=ORIENTED_EDGE('',*,*,#67280,.F.);
#67300=EDGE_LOOP('',(#67290,#67230,#67220,#67160));
#67310=FACE_OUTER_BOUND('',#67300,.T.);
#67320=ADVANCED_FACE('',(#67310),#67150,.F.);
#67330=COLOUR_RGB('',0.94901967048645,0.94901967048645,1.);
#67340=FILL_AREA_STYLE_COLOUR('',#67330);
#67350=FILL_AREA_STYLE('',(#67340));
#67360=SURFACE_STYLE_FILL_AREA(#67350);
#67370=SURFACE_SIDE_STYLE('',(#67360));
#67380=SURFACE_STYLE_USAGE(.BOTH.,#67370);
#67390=PRESENTATION_STYLE_ASSIGNMENT((#67380));
#67400=CARTESIAN_POINT('',(56.4466848880231,8.77536870449884,-11.25));
#67410=DIRECTION('',(0.,0.,-1.));
#67420=DIRECTION('',(1.,0.,0.));
#67430=AXIS2_PLACEMENT_3D('',#67400,#67410,#67420);
#67440=PLANE('',#67430);
#67450=CARTESIAN_POINT('',(65.5466848880226,15.2993715012117,-11.25));
#67460=DIRECTION('',(-5.42251293299495E-29,0.,1.));
#67470=DIRECTION('',(1.,0.,5.42251293299495E-29));
#67480=AXIS2_PLACEMENT_3D('',#67450,#67460,#67470);
#67490=CIRCLE('',#67480,0.3);
#67500=CARTESIAN_POINT('',(65.2466848880226,15.2993715012086,-11.25));
#67510=VERTEX_POINT('',#67500);
#67520=EDGE_CURVE('',#15430,#67510,#67490,.T.);
#67530=ORIENTED_EDGE('',*,*,#67520,.F.);
#67540=CARTESIAN_POINT('',(65.2466848880226,-3.14592796257784E-12,-11.25
));
#67550=DIRECTION('',(-2.39719729596847E-15,-1.,0.));
#67560=VECTOR('',#67550,1.);
#67570=LINE('',#67540,#67560);
#67580=CARTESIAN_POINT('',(65.2466848880233,13.7493715012141,-11.25));
#67590=VERTEX_POINT('',#67580);
#67600=EDGE_CURVE('',#67510,#67590,#67570,.T.);
#67610=ORIENTED_EDGE('',*,*,#67600,.F.);
#67620=CARTESIAN_POINT('',(0.,13.7493715012142,-11.25));
#67630=DIRECTION('',(1.,-2.39719729596847E-15,0.));
#67640=VECTOR('',#67630,1.);
#67650=LINE('',#67620,#67640);
#67660=CARTESIAN_POINT('',(67.8998271150308,13.7493715012141,-11.25));
#67670=VERTEX_POINT('',#67660);
#67680=EDGE_CURVE('',#67590,#67670,#67650,.T.);
#67690=ORIENTED_EDGE('',*,*,#67680,.F.);
#67700=CARTESIAN_POINT('',(67.8998271150307,0.,-11.25));
#67710=DIRECTION('',(6.98602094504431E-15,1.,0.));
#67720=VECTOR('',#67710,1.);
#67730=LINE('',#67700,#67720);
#67740=CARTESIAN_POINT('',(67.8998271150308,11.8493715012141,-11.25));
#67750=VERTEX_POINT('',#67740);
#67760=EDGE_CURVE('',#67750,#67670,#67730,.T.);
#67770=ORIENTED_EDGE('',*,*,#67760,.T.);
#67780=CARTESIAN_POINT('',(0.,11.8493715012142,-11.25));
#67790=DIRECTION('',(1.,-2.39719729596847E-15,0.));
#67800=VECTOR('',#67790,1.);
#67810=LINE('',#67780,#67800);
#67820=CARTESIAN_POINT('',(65.2466848880231,11.8493715012141,
-11.2499999999999));
#67830=VERTEX_POINT('',#67820);
#67840=EDGE_CURVE('',#67830,#67750,#67810,.T.);
#67850=ORIENTED_EDGE('',*,*,#67840,.T.);
#67860=EDGE_CURVE('',#67830,#12250,#67570,.T.);
#67870=ORIENTED_EDGE('',*,*,#67860,.F.);
#67880=ORIENTED_EDGE('',*,*,#12280,.F.);
#67890=ORIENTED_EDGE('',*,*,#14420,.F.);
#67900=ORIENTED_EDGE('',*,*,#15500,.F.);
#67910=EDGE_LOOP('',(#67900,#67890,#67880,#67870,#67850,#67770,#67690,
#67610,#67530));
#67920=FACE_OUTER_BOUND('',#67910,.T.);
#67930=ADVANCED_FACE('',(#67920),#67440,.T.);
#67940=CARTESIAN_POINT('',(65.2466848880231,8.51436910121166,
-7.9219999999995));
#67950=DIRECTION('',(1.,0.,-0.));
#67960=DIRECTION('',(0.,0.,1.));
#67970=AXIS2_PLACEMENT_3D('',#67940,#67950,#67960);
#67980=PLANE('',#67970);
#67990=ORIENTED_EDGE('',*,*,#62880,.T.);
#68000=CARTESIAN_POINT('',(65.2466848880231,14.1993715012117,-3.5));
#68010=DIRECTION('',(0.,0.,-1.));
#68020=VECTOR('',#68010,1.);
#68030=LINE('',#68000,#68020);
#68040=CARTESIAN_POINT('',(65.2466848880231,14.1993715012117,
-10.550000000001));
#68050=VERTEX_POINT('',#68040);
#68060=EDGE_CURVE('',#62790,#68050,#68030,.T.);
#68070=ORIENTED_EDGE('',*,*,#68060,.F.);
#68080=CARTESIAN_POINT('',(65.2466848880234,8.88178419700125E-16,
-10.550000000001));
#68090=DIRECTION('',(-1.10528870007124E-13,1.,1.25600988642803E-15));
#68100=VECTOR('',#68090,1.);
#68110=LINE('',#68080,#68100);
#68120=CARTESIAN_POINT('',(65.2466848880231,10.0993715012117,
-10.550000000001));
#68130=VERTEX_POINT('',#68120);
#68140=EDGE_CURVE('',#68130,#68050,#68110,.T.);
#68150=ORIENTED_EDGE('',*,*,#68140,.T.);
#68160=CARTESIAN_POINT('',(65.2466848880226,10.0993715012086,-3.5));
#68170=DIRECTION('',(1.13595970351826E-28,6.9155452056695E-14,1.));
#68180=VECTOR('',#68170,1.);
#68190=LINE('',#68160,#68180);
#68200=CARTESIAN_POINT('',(65.2466848880231,10.0993715012117,
-10.0486832980522));
#68210=VERTEX_POINT('',#68200);
#68220=EDGE_CURVE('',#68130,#68210,#68190,.T.);
#68230=ORIENTED_EDGE('',*,*,#68220,.F.);
#68240=CARTESIAN_POINT('',(65.2466848880225,8.74937150121166,
-9.10000000000169));
#68250=DIRECTION('',(-1.,0.,0.));
#68260=DIRECTION('',(0.,-1.,0.));
#68270=AXIS2_PLACEMENT_3D('',#68240,#68250,#68260);
#68280=CIRCLE('',#68270,1.65);
#68290=EDGE_CURVE('',#58620,#68210,#68280,.T.);
#68300=ORIENTED_EDGE('',*,*,#68290,.T.);
#68310=ORIENTED_EDGE('',*,*,#58630,.F.);
#68320=ORIENTED_EDGE('',*,*,#63030,.T.);
#68330=ORIENTED_EDGE('',*,*,#12360,.T.);
#68340=ORIENTED_EDGE('',*,*,#67860,.T.);
#68350=CARTESIAN_POINT('',(65.2466848880233,11.8493715012137,
3.50000000000207));
#68360=DIRECTION('',(-1.1675141397271E-28,-2.60245121344355E-14,1.));
#68370=VECTOR('',#68360,1.);
#68380=LINE('',#68350,#68370);
#68390=CARTESIAN_POINT('',(65.2466848880233,11.8493715012141,
-11.2528123485634));
#68400=VERTEX_POINT('',#68390);
#68410=EDGE_CURVE('',#68400,#67830,#68380,.T.);
#68420=ORIENTED_EDGE('',*,*,#68410,.T.);
#68430=CARTESIAN_POINT('',(65.2466848880233,3.14770431941724E-12,
-11.2528123485637));
#68440=DIRECTION('',(2.39719729596847E-15,1.,2.60245121344355E-14));
#68450=VECTOR('',#68440,1.);
#68460=LINE('',#68430,#68450);
#68470=CARTESIAN_POINT('',(65.2466848880233,12.3493715012141,
-11.2528123485634));
#68480=VERTEX_POINT('',#68470);
#68490=EDGE_CURVE('',#68400,#68480,#68460,.T.);
#68500=ORIENTED_EDGE('',*,*,#68490,.F.);
#68510=CARTESIAN_POINT('',(65.2466848880233,12.3493715012137,
3.50000000000207));
#68520=DIRECTION('',(-1.1675141397271E-28,-2.60245121344355E-14,1.));
#68530=VECTOR('',#68520,1.);
#68540=LINE('',#68510,#68530);
#68550=CARTESIAN_POINT('',(65.2466848880226,12.3493715012141,-11.25));
#68560=VERTEX_POINT('',#68550);
#68570=EDGE_CURVE('',#68480,#68560,#68540,.T.);
#68580=ORIENTED_EDGE('',*,*,#68570,.F.);
#68590=CARTESIAN_POINT('',(65.2466848880273,0.,-11.25));
#68600=DIRECTION('',(2.58043123135852E-13,-1.,0.));
#68610=VECTOR('',#68600,1.);
#68620=LINE('',#68590,#68610);
#68630=CARTESIAN_POINT('',(65.2466848880226,13.2493715012141,-11.25));
#68640=VERTEX_POINT('',#68630);
#68650=EDGE_CURVE('',#68640,#68560,#68620,.T.);
#68660=ORIENTED_EDGE('',*,*,#68650,.T.);
#68670=CARTESIAN_POINT('',(65.2466848880233,13.2493715012137,
3.50000000000207));
#68680=DIRECTION('',(-1.1675141397271E-28,-2.60245121344355E-14,1.));
#68690=VECTOR('',#68680,1.);
#68700=LINE('',#68670,#68690);
#68710=CARTESIAN_POINT('',(65.2466848880233,13.2493715012141,
-11.2528123485634));
#68720=VERTEX_POINT('',#68710);
#68730=EDGE_CURVE('',#68720,#68640,#68700,.T.);
#68740=ORIENTED_EDGE('',*,*,#68730,.T.);
#68750=CARTESIAN_POINT('',(65.2466848880233,3.14770431941724E-12,
-11.2528123485637));
#68760=DIRECTION('',(2.39719729596847E-15,1.,2.60245121344355E-14));
#68770=VECTOR('',#68760,1.);
#68780=LINE('',#68750,#68770);
#68790=CARTESIAN_POINT('',(65.2466848880233,13.7493715012141,
-11.2528123485633));
#68800=VERTEX_POINT('',#68790);
#68810=EDGE_CURVE('',#68720,#68800,#68780,.T.);
#68820=ORIENTED_EDGE('',*,*,#68810,.F.);
#68830=CARTESIAN_POINT('',(65.2466848880233,13.7493715012137,
3.50000000000207));
#68840=DIRECTION('',(-1.1675141397271E-28,-2.60245121344355E-14,1.));
#68850=VECTOR('',#68840,1.);
#68860=LINE('',#68830,#68850);
#68870=EDGE_CURVE('',#68800,#67590,#68860,.T.);
#68880=ORIENTED_EDGE('',*,*,#68870,.F.);
#68890=ORIENTED_EDGE('',*,*,#67600,.T.);
#68900=CARTESIAN_POINT('',(65.2466848880226,15.2993715012086,
-3.49999999999937));
#68910=DIRECTION('',(5.42251293299495E-29,0.,-1.));
#68920=VECTOR('',#68910,1.);
#68930=LINE('',#68900,#68920);
#68940=EDGE_CURVE('',#62870,#67510,#68930,.T.);
#68950=ORIENTED_EDGE('',*,*,#68940,.T.);
#68960=EDGE_LOOP('',(#68950,#68890,#68880,#68820,#68740,#68660,#68580,
#68500,#68420,#68340,#68330,#68320,#68310,#68300,#68230,#68150,#68070,
#67990));
#68970=FACE_OUTER_BOUND('',#68960,.T.);
#68980=ADVANCED_FACE('',(#68970),#67980,.F.);
#68990=CARTESIAN_POINT('',(65.5466848880226,15.2993715012086,
-3.49999999999937));
#69000=DIRECTION('',(5.42251293299495E-29,0.,-1.));
#69010=DIRECTION('',(-1.,0.,-5.42251293299495E-29));
#69020=AXIS2_PLACEMENT_3D('',#68990,#69000,#69010);
#69030=CYLINDRICAL_SURFACE('',#69020,0.3);
#69040=ORIENTED_EDGE('',*,*,#62950,.T.);
#69050=ORIENTED_EDGE('',*,*,#68940,.F.);
#69060=ORIENTED_EDGE('',*,*,#67520,.T.);
#69070=ORIENTED_EDGE('',*,*,#15440,.F.);
#69080=CARTESIAN_POINT('',(66.2566848880224,15.5993715012117,
-9.4249999999994));
#69090=DIRECTION('',(0.,1.,0.));
#69100=DIRECTION('',(1.,0.,0.));
#69110=AXIS2_PLACEMENT_3D('',#69080,#69090,#69100);
#69120=CONICAL_SURFACE('',#69110,0.725000000000009,0.785398163397456);
#69130=CARTESIAN_POINT('',(65.5466848880226,15.2993715012117,45.5));
#69140=DIRECTION('',(-5.42251293299495E-29,0.,1.));
#69150=DIRECTION('',(1.,0.,5.42251293299495E-29));
#69160=AXIS2_PLACEMENT_3D('',#69130,#69140,#69150);
#69170=CYLINDRICAL_SURFACE('',#69160,0.3);
#69180=CARTESIAN_POINT('',(65.5320424367242,15.5990139525099,
-9.4249999999994));
#69190=CARTESIAN_POINT('',(65.5320424367242,15.5990139525099,
-9.43729863719851));
#69200=CARTESIAN_POINT('',(65.5323407119222,15.5990289799871,
-9.44960681966622));
#69210=CARTESIAN_POINT('',(65.53294006022,15.5990564686503,
-9.4619015753154));
#69220=CARTESIAN_POINT('',(65.5335394084696,15.5990839573113,
-9.47419632997678));
#69230=CARTESIAN_POINT('',(65.5344398079045,15.5991239285328,
-9.48647787128418));
#69240=CARTESIAN_POINT('',(65.5356471587472,15.5991683800021,
-9.49872318811482));
#69250=CARTESIAN_POINT('',(65.5368545383421,15.5992128325299,
-9.51096879655864));
#69260=CARTESIAN_POINT('',(65.5383675879359,15.5992618013292,
-9.52317247344367));
#69270=CARTESIAN_POINT('',(65.5402028024159,15.59930146398,
-9.53534886462541));
#69280=CARTESIAN_POINT('',(65.542037587152,15.5993411173431,
-9.54752240451621));
#69290=CARTESIAN_POINT('',(65.5441929942037,15.5993715012118,
-9.55965486850161));
#69300=CARTESIAN_POINT('',(65.5466848880211,15.5993715012118,
-9.57171400750571));
#69310=B_SPLINE_CURVE_WITH_KNOTS('',3,(#69180,#69190,#69200,#69210,
#69220,#69230,#69240,#69250,#69260,#69270,#69280,#69290,#69300),
.UNSPECIFIED.,.F.,.F.,(4,3,3,3,4),(0.,0.0369161725287336,
0.0738411159875944,0.110753319093061,0.14769626073084),.UNSPECIFIED.);
#69320=SURFACE_CURVE('',#69310,(#69120,#69170),.CURVE_3D.);
#69330=CARTESIAN_POINT('',(65.5320424367242,15.5990139525099,
-9.4249999999994));
#69340=VERTEX_POINT('',#69330);
#69350=EDGE_CURVE('',#69340,#15350,#69320,.T.);
#69360=ORIENTED_EDGE('',*,*,#69350,.T.);
#69370=CARTESIAN_POINT('',(65.5466848880224,15.5993715012118,
-9.27828599248704));
#69380=CARTESIAN_POINT('',(65.5441929942047,15.5993715012118,
-9.29034513149162));
#69390=CARTESIAN_POINT('',(65.5420375871528,15.5993411173431,
-9.30247759547751));
#69400=CARTESIAN_POINT('',(65.5402028024166,15.59930146398,
-9.3146511353688));
#69410=CARTESIAN_POINT('',(65.5383675879364,15.5992618013293,
-9.32682752655104));
#69420=CARTESIAN_POINT('',(65.5368545383425,15.5992128325299,
-9.33903120343658));
#69430=CARTESIAN_POINT('',(65.5356471587475,15.5991683800021,
-9.35127681188091));
#69440=CARTESIAN_POINT('',(65.5344398079047,15.5991239285328,
-9.36352212871203));
#69450=CARTESIAN_POINT('',(65.5335394084698,15.5990839573113,
-9.37580367001999));
#69460=CARTESIAN_POINT('',(65.5329400602201,15.5990564686503,
-9.38809842468185));
#69470=CARTESIAN_POINT('',(65.5323407119221,15.5990289799871,
-9.40039318033489));
#69480=CARTESIAN_POINT('',(65.5320424367242,15.5990139525099,
-9.41270136280309));
#69490=CARTESIAN_POINT('',(65.5320424367242,15.5990139525099,
-9.4249999999994));
#69500=B_SPLINE_CURVE_WITH_KNOTS('',3,(#69370,#69380,#69390,#69400,
#69410,#69420,#69430,#69440,#69450,#69460,#69470,#69480,#69490),
.UNSPECIFIED.,.F.,.F.,(4,3,3,3,4),(0.,0.0369429416393203,
0.0738551447463356,0.110780088206736,0.147696260737015),.UNSPECIFIED.);
#69510=SURFACE_CURVE('',#69500,(#69120,#69170),.CURVE_3D.);
#69520=EDGE_CURVE('',#15220,#69340,#69510,.T.);
#69530=ORIENTED_EDGE('',*,*,#69520,.T.);
#69540=ORIENTED_EDGE('',*,*,#15230,.F.);
#69550=EDGE_LOOP('',(#69540,#69530,#69360,#69070,#69060,#69050,#69040));
#69560=FACE_OUTER_BOUND('',#69550,.T.);
#69570=ADVANCED_FACE('',(#69560),#69030,.T.);
#69580=CARTESIAN_POINT('',(74.7966848880225,14.204371501212,
-8.69999999999941));
#69590=DIRECTION('',(-1.95700641690284E-16,-0.866025403784439,-0.5));
#69600=DIRECTION('',(2.71604719116245E-16,-0.5,0.866025403784439));
#69610=AXIS2_PLACEMENT_3D('',#69580,#69590,#69600);
#69620=ELLIPSE('',#69610,0.5,0.25);
#69630=CARTESIAN_POINT('',(74.9400789971102,14.4091595122843,
-9.05470323995752));
#69640=VERTEX_POINT('',#69630);
#69650=EDGE_CURVE('',#69640,#59690,#69620,.T.);
#69660=ORIENTED_EDGE('',*,*,#69650,.F.);
#69670=ORIENTED_EDGE('',*,*,#59700,.F.);
#69680=CARTESIAN_POINT('',(74.7966848880225,14.204371501212,
-8.6999999999994));
#69690=DIRECTION('',(-1.37366265697263E-16,0.866025403784439,-0.5));
#69700=DIRECTION('',(-3.05284086798824E-16,-0.5,-0.866025403784439));
#69710=AXIS2_PLACEMENT_3D('',#69680,#69690,#69700);
#69720=ELLIPSE('',#69710,0.5,0.25);
#69730=CARTESIAN_POINT('',(74.9400789971102,13.9995834901398,
-9.05470323995752));
#69740=VERTEX_POINT('',#69730);
#69750=EDGE_CURVE('',#58840,#69740,#69720,.T.);
#69760=ORIENTED_EDGE('',*,*,#69750,.F.);
#69770=CARTESIAN_POINT('',(74.9400789971102,13.9995834901398,
-8.79999999999941));
#69780=DIRECTION('',(-3.33066907387547E-16,4.60498265121997E-17,-1.));
#69790=VECTOR('',#69780,1.);
#69800=LINE('',#69770,#69790);
#69810=EDGE_CURVE('',#61170,#69740,#69800,.T.);
#69820=ORIENTED_EDGE('',*,*,#69810,.T.);
#69830=ORIENTED_EDGE('',*,*,#61180,.T.);
#69840=CARTESIAN_POINT('',(74.9400789971102,14.4091595122843,
-8.79999999999941));
#69850=DIRECTION('',(-3.33066907387547E-16,4.60498265121997E-17,-1.));
#69860=VECTOR('',#69850,1.);
#69870=LINE('',#69840,#69860);
#69880=EDGE_CURVE('',#60510,#69640,#69870,.T.);
#69890=ORIENTED_EDGE('',*,*,#69880,.F.);
#69900=EDGE_LOOP('',(#69890,#69830,#69820,#69760,#69670,#69660));
#69910=FACE_OUTER_BOUND('',#69900,.T.);
#69920=ADVANCED_FACE('',(#69910),#58930,.T.);
#69930=COLOUR_RGB('',0.94901967048645,0.94901967048645,1.);
#69940=FILL_AREA_STYLE_COLOUR('',#69930);
#69950=FILL_AREA_STYLE('',(#69940));
#69960=SURFACE_STYLE_FILL_AREA(#69950);
#69970=SURFACE_SIDE_STYLE('',(#69960));
#69980=SURFACE_STYLE_USAGE(.BOTH.,#69970);
#69990=PRESENTATION_STYLE_ASSIGNMENT((#69980));
#70000=CARTESIAN_POINT('',(66.2566848880224,15.5993715012117,
-9.4249999999994));
#70010=DIRECTION('',(0.,1.,0.));
#70020=DIRECTION('',(1.,0.,0.));
#70030=AXIS2_PLACEMENT_3D('',#70000,#70010,#70020);
#70040=CONICAL_SURFACE('',#70030,0.725000000000009,0.785398163397456);
#70050=CARTESIAN_POINT('',(66.9816848880224,15.5993715012117,
-9.4249999999994));
#70060=DIRECTION('',(0.707106781186553,0.707106781186542,0.));
#70070=VECTOR('',#70060,1.0253048327205);
#70080=LINE('',#70050,#70070);
#70090=CARTESIAN_POINT('',(66.7816848880192,15.3993715012085,
-9.4249999999994));
#70100=VERTEX_POINT('',#70090);
#70110=EDGE_CURVE('',#70100,#15310,#70080,.T.);
#70120=ORIENTED_EDGE('',*,*,#70110,.T.);
#70130=CARTESIAN_POINT('',(66.2566848880224,15.3993715012086,
-9.4249999999994));
#70140=DIRECTION('',(0.,1.,0.));
#70150=DIRECTION('',(1.,0.,0.));
#70160=AXIS2_PLACEMENT_3D('',#70130,#70140,#70150);
#70170=CIRCLE('',#70160,0.524999999996857);
#70180=CARTESIAN_POINT('',(65.7316848880255,15.3993715012085,
-9.4249999999994));
#70190=VERTEX_POINT('',#70180);
#70200=EDGE_CURVE('',#70100,#70190,#70170,.T.);
#70210=ORIENTED_EDGE('',*,*,#70200,.F.);
#70220=CARTESIAN_POINT('',(65.5316848880224,15.5993715012117,
-9.4249999999994));
#70230=DIRECTION('',(-0.707106781186553,0.707106781186542,0.));
#70240=VECTOR('',#70230,1.0253048327205);
#70250=LINE('',#70220,#70240);
#70260=EDGE_CURVE('',#70190,#69340,#70250,.T.);
#70270=ORIENTED_EDGE('',*,*,#70260,.F.);
#70280=ORIENTED_EDGE('',*,*,#69350,.F.);
#70290=ORIENTED_EDGE('',*,*,#15360,.T.);
#70300=EDGE_LOOP('',(#70290,#70280,#70270,#70210,#70120));
#70310=FACE_OUTER_BOUND('',#70300,.T.);
#70320=ADVANCED_FACE('',(#70310),#70040,.F.);
#70330=ORIENTED_EDGE('',*,*,#40200,.T.);
#70340=ORIENTED_EDGE('',*,*,#43670,.T.);
#70350=ORIENTED_EDGE('',*,*,#65900,.F.);
#70360=ORIENTED_EDGE('',*,*,#20640,.F.);
#70370=EDGE_LOOP('',(#70360,#70350,#70340,#70330));
#70380=FACE_OUTER_BOUND('',#70370,.T.);
#70390=ADVANCED_FACE('',(#70380),#58420,.T.);
#70400=CARTESIAN_POINT('',(66.2566848880224,13.8993715012117,
-9.4249999999994));
#70410=DIRECTION('',(0.,-1.,0.));
#70420=DIRECTION('',(-1.,0.,0.));
#70430=AXIS2_PLACEMENT_3D('',#70400,#70410,#70420);
#70440=CYLINDRICAL_SURFACE('',#70430,0.525000000000001);
#70450=CARTESIAN_POINT('',(65.7316848880224,13.8993715012117,
-9.4249999999994));
#70460=DIRECTION('',(0.,-1.,0.));
#70470=VECTOR('',#70460,1.);
#70480=LINE('',#70450,#70470);
#70490=CARTESIAN_POINT('',(65.7316848880224,13.6993715012085,
-9.4249999999994));
#70500=VERTEX_POINT('',#70490);
#70510=EDGE_CURVE('',#70190,#70500,#70480,.T.);
#70520=ORIENTED_EDGE('',*,*,#70510,.F.);
#70530=CARTESIAN_POINT('',(66.2566848880224,13.6993715012085,
-9.4249999999994));
#70540=DIRECTION('',(0.,-1.,0.));
#70550=DIRECTION('',(-1.,0.,0.));
#70560=AXIS2_PLACEMENT_3D('',#70530,#70540,#70550);
#70570=CIRCLE('',#70560,0.525000000000001);
#70580=CARTESIAN_POINT('',(66.6689954505846,13.6993715012085,-9.1));
#70590=VERTEX_POINT('',#70580);
#70600=EDGE_CURVE('',#70590,#70500,#70570,.T.);
#70610=ORIENTED_EDGE('',*,*,#70600,.T.);
#70620=CARTESIAN_POINT('',(66.7816848880224,13.6993715012085,
-9.4249999999994));
#70630=VERTEX_POINT('',#70620);
#70640=EDGE_CURVE('',#70630,#70590,#70570,.T.);
#70650=ORIENTED_EDGE('',*,*,#70640,.T.);
#70660=CARTESIAN_POINT('',(66.7816848880224,13.8993715012117,
-9.4249999999994));
#70670=DIRECTION('',(0.,-1.,0.));
#70680=VECTOR('',#70670,1.);
#70690=LINE('',#70660,#70680);
#70700=EDGE_CURVE('',#70100,#70630,#70690,.T.);
#70710=ORIENTED_EDGE('',*,*,#70700,.T.);
#70720=CARTESIAN_POINT('',(66.6689954505846,15.3993715012085,-9.1));
#70730=VERTEX_POINT('',#70720);
#70740=EDGE_CURVE('',#70730,#70100,#70170,.T.);
#70750=ORIENTED_EDGE('',*,*,#70740,.T.);
#70760=EDGE_CURVE('',#70190,#70730,#70170,.T.);
#70770=ORIENTED_EDGE('',*,*,#70760,.T.);
#70780=EDGE_LOOP('',(#70770,#70750,#70710,#70650,#70610,#70520));
#70790=FACE_OUTER_BOUND('',#70780,.T.);
#70800=ADVANCED_FACE('',(#70790),#70440,.F.);
#70810=CARTESIAN_POINT('',(72.5966848880224,13.6993715012085,
-4.21249999999877));
#70820=DIRECTION('',(0.,-1.,0.));
#70830=DIRECTION('',(0.,0.,1.));
#70840=AXIS2_PLACEMENT_3D('',#70810,#70820,#70830);
#70850=PLANE('',#70840);
#70860=ORIENTED_EDGE('',*,*,#70600,.F.);
#70870=EDGE_CURVE('',#70500,#70630,#70570,.T.);
#70880=ORIENTED_EDGE('',*,*,#70870,.F.);
#70890=ORIENTED_EDGE('',*,*,#70640,.F.);
#70900=EDGE_LOOP('',(#70890,#70880,#70860));
#70910=FACE_OUTER_BOUND('',#70900,.T.);
#70920=ADVANCED_FACE('',(#70910),#70850,.F.);
#70930=CARTESIAN_POINT('',(67.8971844244268,12.3493715012135,
11.8360064322141));
#70940=DIRECTION('',(2.39719729596847E-15,1.,2.60245121344355E-14));
#70950=DIRECTION('',(-1.,2.39719729596847E-15,0.));
#70960=AXIS2_PLACEMENT_3D('',#70930,#70940,#70950);
#70970=PLANE('',#70960);
#70980=ORIENTED_EDGE('',*,*,#68570,.T.);
#70990=CARTESIAN_POINT('',(0.,12.3493715012132,26.4173787352671));
#71000=DIRECTION('',(-0.866025403784441,-1.09356967925578E-14,
0.499999999999996));
#71010=VECTOR('',#71000,1.);
#71020=LINE('',#70990,#71010);
#71030=CARTESIAN_POINT('',(67.666684888019,12.3493715012141,
-12.6499999999998));
#71040=VERTEX_POINT('',#71030);
#71050=EDGE_CURVE('',#71040,#68480,#71020,.T.);
#71060=ORIENTED_EDGE('',*,*,#71050,.T.);
#71070=CARTESIAN_POINT('',(64.819004149577,12.3493715012137,
3.50000000000207));
#71080=DIRECTION('',(0.17364817766693,2.52159404467989E-14,
-0.984807753012208));
#71090=VECTOR('',#71080,1.);
#71100=LINE('',#71070,#71090);
#71110=CARTESIAN_POINT('',(67.4895608287284,12.3493715012141,
-11.645479542728));
#71120=VERTEX_POINT('',#71110);
#71130=EDGE_CURVE('',#71120,#71040,#71100,.T.);
#71140=ORIENTED_EDGE('',*,*,#71130,.T.);
#71150=CARTESIAN_POINT('',(0.,12.3493715012139,0.254750947541917));
#71160=DIRECTION('',(-0.984807753012208,-2.16493489801906E-15,
0.17364817766693));
#71170=VECTOR('',#71160,1.);
#71180=LINE('',#71150,#71170);
#71190=EDGE_CURVE('',#71120,#68560,#71180,.T.);
#71200=ORIENTED_EDGE('',*,*,#71190,.F.);
#71210=EDGE_LOOP('',(#71200,#71140,#71060,#70980));
#71220=FACE_OUTER_BOUND('',#71210,.T.);
#71230=ADVANCED_FACE('',(#71220),#70970,.T.);
#71240=COLOUR_RGB('',0.34901961684227,0.34901961684227,0.34901961684227)
;
#71250=FILL_AREA_STYLE_COLOUR('',#71240);
#71260=FILL_AREA_STYLE('',(#71250));
#71270=SURFACE_STYLE_FILL_AREA(#71260);
#71280=SURFACE_SIDE_STYLE('',(#71270));
#71290=SURFACE_STYLE_USAGE(.BOTH.,#71280);
#71300=PRESENTATION_STYLE_ASSIGNMENT((#71290));
#71310=CARTESIAN_POINT('',(67.4131441965968,17.8409264189655,
-11.2120992862037));
#71320=DIRECTION('',(0.984807753012208,-6.87988758938529E-15,
0.17364817766693));
#71330=DIRECTION('',(0.17364817766693,2.52128723763994E-14,
-0.984807753012208));
#71340=AXIS2_PLACEMENT_3D('',#71310,#71320,#71330);
#71350=PLANE('',#71340);
#71360=ORIENTED_EDGE('',*,*,#71130,.F.);
#71370=CARTESIAN_POINT('',(67.666684888019,18.1167989343064,
-12.6499999999996));
#71380=DIRECTION('',(2.39719729596847E-15,1.,2.60245121344355E-14));
#71390=VECTOR('',#71380,1.);
#71400=LINE('',#71370,#71390);
#71410=CARTESIAN_POINT('',(67.666684888019,13.2493715012141,
-12.6499999999997));
#71420=VERTEX_POINT('',#71410);
#71430=EDGE_CURVE('',#71040,#71420,#71400,.T.);
#71440=ORIENTED_EDGE('',*,*,#71430,.F.);
#71450=CARTESIAN_POINT('',(64.819004149577,13.2493715012137,
3.50000000000207));
#71460=DIRECTION('',(0.17364817766693,2.52159404467989E-14,
-0.984807753012208));
#71470=VECTOR('',#71460,1.);
#71480=LINE('',#71450,#71470);
#71490=CARTESIAN_POINT('',(67.4895608287284,13.2493715012141,
-11.6454795427281));
#71500=VERTEX_POINT('',#71490);
#71510=EDGE_CURVE('',#71500,#71420,#71480,.T.);
#71520=ORIENTED_EDGE('',*,*,#71510,.T.);
#71530=CARTESIAN_POINT('',(67.4895608287282,3.14770431941724E-12,
-11.6454795427275));
#71540=DIRECTION('',(-1.5490510999199E-14,-1.,4.82313598292474E-14));
#71550=VECTOR('',#71540,1.);
#71560=LINE('',#71530,#71550);
#71570=EDGE_CURVE('',#71500,#71120,#71560,.T.);
#71580=ORIENTED_EDGE('',*,*,#71570,.F.);
#71590=EDGE_LOOP('',(#71580,#71520,#71440,#71360));
#71600=FACE_OUTER_BOUND('',#71590,.T.);
#71610=ADVANCED_FACE('',(#71600),#71350,.F.);
#71620=COLOUR_RGB('',0.34901961684227,0.34901961684227,0.34901961684227)
;
#71630=FILL_AREA_STYLE_COLOUR('',#71620);
#71640=FILL_AREA_STYLE('',(#71630));
#71650=SURFACE_STYLE_FILL_AREA(#71640);
#71660=SURFACE_SIDE_STYLE('',(#71650));
#71670=SURFACE_STYLE_USAGE(.BOTH.,#71660);
#71680=PRESENTATION_STYLE_ASSIGNMENT((#71670));
#71690=CARTESIAN_POINT('',(67.8971844244268,11.8493715012135,
11.8360064322141));
#71700=DIRECTION('',(2.39719729596847E-15,1.,2.60245121344355E-14));
#71710=DIRECTION('',(-1.,2.39719729596847E-15,0.));
#71720=AXIS2_PLACEMENT_3D('',#71690,#71700,#71710);
#71730=PLANE('',#71720);
#71740=ORIENTED_EDGE('',*,*,#67840,.F.);
#71750=CARTESIAN_POINT('',(65.2901878005451,11.8493715012137,
3.55000000000207));
#71760=DIRECTION('',(0.173648177666931,2.52159404467989E-14,
-0.984807753012208));
#71770=VECTOR('',#71760,1.);
#71780=LINE('',#71750,#71770);
#71790=CARTESIAN_POINT('',(68.1114194918809,11.8493715012141,
-12.4499999999998));
#71800=VERTEX_POINT('',#71790);
#71810=EDGE_CURVE('',#67750,#71800,#71780,.T.);
#71820=ORIENTED_EDGE('',*,*,#71810,.F.);
#71830=CARTESIAN_POINT('',(-4.79439459193693E-16,11.8493715012143,
-12.4499999999998));
#71840=DIRECTION('',(1.,-2.39719729596847E-15,0.));
#71850=VECTOR('',#71840,1.);
#71860=LINE('',#71830,#71850);
#71870=CARTESIAN_POINT('',(67.3202747265052,11.8493715012141,
-12.4499999999998));
#71880=VERTEX_POINT('',#71870);
#71890=EDGE_CURVE('',#71880,#71800,#71860,.T.);
#71900=ORIENTED_EDGE('',*,*,#71890,.T.);
#71910=CARTESIAN_POINT('',(0.,11.8493715012133,26.4173787352671));
#71920=DIRECTION('',(0.866025403784441,1.09356967925578E-14,
-0.499999999999996));
#71930=VECTOR('',#71920,1.);
#71940=LINE('',#71910,#71930);
#71950=EDGE_CURVE('',#68400,#71880,#71940,.T.);
#71960=ORIENTED_EDGE('',*,*,#71950,.T.);
#71970=ORIENTED_EDGE('',*,*,#68410,.F.);
#71980=EDGE_LOOP('',(#71970,#71960,#71900,#71820,#71740));
#71990=FACE_OUTER_BOUND('',#71980,.T.);
#72000=ADVANCED_FACE('',(#71990),#71730,.F.);
#72010=COLOUR_RGB('',0.34901961684227,0.34901961684227,0.34901961684227)
;
#72020=FILL_AREA_STYLE_COLOUR('',#72010);
#72030=FILL_AREA_STYLE('',(#72020));
#72040=SURFACE_STYLE_FILL_AREA(#72030);
#72050=SURFACE_SIDE_STYLE('',(#72040));
#72060=SURFACE_STYLE_USAGE(.BOTH.,#72050);
#72070=PRESENTATION_STYLE_ASSIGNMENT((#72060));
#72080=CARTESIAN_POINT('',(68.1466848880226,12.7993715012141,
-12.6499999999998));
#72090=DIRECTION('',(-0.984807753012208,6.87988758938531E-15,
-0.173648177666931));
#72100=DIRECTION('',(-0.173648177666931,-2.52128723763994E-14,
0.984807753012208));
#72110=AXIS2_PLACEMENT_3D('',#72080,#72090,#72100);
#72120=PLANE('',#72110);
#72130=ORIENTED_EDGE('',*,*,#67760,.F.);
#72140=CARTESIAN_POINT('',(65.2901878005451,13.7493715012137,
3.55000000000207));
#72150=DIRECTION('',(0.173648177666931,2.52159404467989E-14,
-0.984807753012208));
#72160=VECTOR('',#72150,1.);
#72170=LINE('',#72140,#72160);
#72180=CARTESIAN_POINT('',(68.1114194918809,13.7493715012141,
-12.4499999999997));
#72190=VERTEX_POINT('',#72180);
#72200=EDGE_CURVE('',#67670,#72190,#72170,.T.);
#72210=ORIENTED_EDGE('',*,*,#72200,.F.);
#72220=CARTESIAN_POINT('',(68.1114194918809,13.5493715012141,
-12.4499999999997));
#72230=DIRECTION('',(-0.984807753012208,6.87988758938531E-15,
-0.173648177666931));
#72240=DIRECTION('',(-0.173648177666931,-2.52128723763991E-14,
0.984807753012208));
#72250=AXIS2_PLACEMENT_3D('',#72220,#72230,#72240);
#72260=ELLIPSE('',#72250,0.203085322377149,0.2);
#72270=CARTESIAN_POINT('',(68.1466848880226,13.5493715012141,
-12.6499999999997));
#72280=VERTEX_POINT('',#72270);
#72290=EDGE_CURVE('',#72190,#72280,#72260,.T.);
#72300=ORIENTED_EDGE('',*,*,#72290,.F.);
#72310=CARTESIAN_POINT('',(68.1466848880226,18.1167989343064,
-12.6499999999996));
#72320=DIRECTION('',(2.39719729596847E-15,1.,2.60245121344355E-14));
#72330=VECTOR('',#72320,1.);
#72340=LINE('',#72310,#72330);
#72350=CARTESIAN_POINT('',(68.1466848880226,12.0493715012141,
-12.6499999999998));
#72360=VERTEX_POINT('',#72350);
#72370=EDGE_CURVE('',#72360,#72280,#72340,.T.);
#72380=ORIENTED_EDGE('',*,*,#72370,.T.);
#72390=CARTESIAN_POINT('',(68.1114194918809,12.0493715012141,
-12.4499999999998));
#72400=DIRECTION('',(-0.984807753012208,6.87988758938531E-15,
-0.173648177666931));
#72410=DIRECTION('',(-0.173648177666931,-2.52128723763991E-14,
0.984807753012208));
#72420=AXIS2_PLACEMENT_3D('',#72390,#72400,#72410);
#72430=ELLIPSE('',#72420,0.203085322377149,0.2);
#72440=EDGE_CURVE('',#72360,#71800,#72430,.T.);
#72450=ORIENTED_EDGE('',*,*,#72440,.F.);
#72460=ORIENTED_EDGE('',*,*,#71810,.T.);
#72470=EDGE_LOOP('',(#72460,#72450,#72380,#72300,#72210,#72130));
#72480=FACE_OUTER_BOUND('',#72470,.T.);
#72490=ADVANCED_FACE('',(#72480),#72120,.F.);
#72500=COLOUR_RGB('',0.34901961684227,0.34901961684227,0.34901961684227)
;
#72510=FILL_AREA_STYLE_COLOUR('',#72500);
#72520=FILL_AREA_STYLE('',(#72510));
#72530=SURFACE_STYLE_FILL_AREA(#72520);
#72540=SURFACE_SIDE_STYLE('',(#72530));
#72550=SURFACE_STYLE_USAGE(.BOTH.,#72540);
#72560=PRESENTATION_STYLE_ASSIGNMENT((#72550));
#72570=CARTESIAN_POINT('',(67.671556018619,12.7993715012141,
-12.6499999999998));
#72580=DIRECTION('',(-6.23858901175674E-29,-2.60245121344355E-14,1.));
#72590=DIRECTION('',(1.,-2.39719729596847E-15,0.));
#72600=AXIS2_PLACEMENT_3D('',#72570,#72580,#72590);
#72610=PLANE('',#72600);
#72620=CARTESIAN_POINT('',(1.24771780235135E-29,12.0493715012143,
-12.6499999999998));
#72630=DIRECTION('',(1.,-2.39719729596847E-15,0.));
#72640=VECTOR('',#72630,1.);
#72650=LINE('',#72620,#72640);
#72660=CARTESIAN_POINT('',(67.666684888019,12.0493715012141,
-12.6499999999998));
#72670=VERTEX_POINT('',#72660);
#72680=EDGE_CURVE('',#72670,#72360,#72650,.T.);
#72690=ORIENTED_EDGE('',*,*,#72680,.F.);
#72700=ORIENTED_EDGE('',*,*,#72370,.F.);
#72710=CARTESIAN_POINT('',(1.24771780235135E-29,13.5493715012143,
-12.6499999999997));
#72720=DIRECTION('',(1.,-2.39719729596847E-15,0.));
#72730=VECTOR('',#72720,1.);
#72740=LINE('',#72710,#72730);
#72750=CARTESIAN_POINT('',(67.666684888019,13.5493715012141,
-12.6499999999997));
#72760=VERTEX_POINT('',#72750);
#72770=EDGE_CURVE('',#72760,#72280,#72740,.T.);
#72780=ORIENTED_EDGE('',*,*,#72770,.T.);
#72790=CARTESIAN_POINT('',(67.666684888019,18.1167989343064,
-12.6499999999996));
#72800=DIRECTION('',(-2.39719729596847E-15,-1.,-2.60245121344355E-14));
#72810=VECTOR('',#72800,1.);
#72820=LINE('',#72790,#72810);
#72830=EDGE_CURVE('',#72760,#71420,#72820,.T.);
#72840=ORIENTED_EDGE('',*,*,#72830,.F.);
#72850=ORIENTED_EDGE('',*,*,#71430,.T.);
#72860=EDGE_CURVE('',#71040,#72670,#72820,.T.);
#72870=ORIENTED_EDGE('',*,*,#72860,.F.);
#72880=EDGE_LOOP('',(#72870,#72850,#72840,#72780,#72700,#72690));
#72890=FACE_OUTER_BOUND('',#72880,.T.);
#72900=ADVANCED_FACE('',(#72890),#72610,.F.);
#72910=COLOUR_RGB('',0.34901961684227,0.34901961684227,0.34901961684227)
;
#72920=FILL_AREA_STYLE_COLOUR('',#72910);
#72930=FILL_AREA_STYLE('',(#72920));
#72940=SURFACE_STYLE_FILL_AREA(#72930);
#72950=SURFACE_SIDE_STYLE('',(#72940));
#72960=SURFACE_STYLE_USAGE(.BOTH.,#72950);
#72970=PRESENTATION_STYLE_ASSIGNMENT((#72960));
#72980=CARTESIAN_POINT('',(0.,12.0493715012143,-12.4499999999998));
#72990=DIRECTION('',(1.,-2.39719729596847E-15,0.));
#73000=DIRECTION('',(-2.39719729596847E-15,-1.,0.));
#73010=AXIS2_PLACEMENT_3D('',#72980,#72990,#73000);
#73020=CYLINDRICAL_SURFACE('',#73010,0.2);
#73030=ORIENTED_EDGE('',*,*,#72440,.T.);
#73040=ORIENTED_EDGE('',*,*,#72680,.T.);
#73050=CARTESIAN_POINT('',(67.3202747265052,12.0493715012141,
-12.4499999999998));
#73060=DIRECTION('',(0.499999999999996,-2.37364872775019E-14,
0.866025403784441));
#73070=DIRECTION('',(0.866025403784441,1.09362223110256E-14,
-0.499999999999996));
#73080=AXIS2_PLACEMENT_3D('',#73050,#73060,#73070);
#73090=ELLIPSE('',#73080,0.400000000000004,0.2);
#73100=EDGE_CURVE('',#71880,#72670,#73090,.T.);
#73110=ORIENTED_EDGE('',*,*,#73100,.T.);
#73120=ORIENTED_EDGE('',*,*,#71890,.F.);
#73130=EDGE_LOOP('',(#73120,#73110,#73040,#73030));
#73140=FACE_OUTER_BOUND('',#73130,.T.);
#73150=ADVANCED_FACE('',(#73140),#73020,.T.);
#73160=CARTESIAN_POINT('',(67.666684888019,13.4493715012141,
-12.6499999999997));
#73170=DIRECTION('',(0.499999999999996,-2.37364872775019E-14,
0.866025403784441));
#73180=DIRECTION('',(0.866025403784441,1.09362223110256E-14,
-0.499999999999996));
#73190=AXIS2_PLACEMENT_3D('',#73160,#73170,#73180);
#73200=PLANE('',#73190);
#73210=ORIENTED_EDGE('',*,*,#68490,.T.);
#73220=ORIENTED_EDGE('',*,*,#71950,.F.);
#73230=ORIENTED_EDGE('',*,*,#73100,.F.);
#73240=ORIENTED_EDGE('',*,*,#72860,.T.);
#73250=ORIENTED_EDGE('',*,*,#71050,.F.);
#73260=EDGE_LOOP('',(#73250,#73240,#73230,#73220,#73210));
#73270=FACE_OUTER_BOUND('',#73260,.T.);
#73280=ADVANCED_FACE('',(#73270),#73200,.F.);
#73290=COLOUR_RGB('',0.34901961684227,0.34901961684227,0.34901961684227)
;
#73300=FILL_AREA_STYLE_COLOUR('',#73290);
#73310=FILL_AREA_STYLE('',(#73300));
#73320=SURFACE_STYLE_FILL_AREA(#73310);
#73330=SURFACE_SIDE_STYLE('',(#73320));
#73340=SURFACE_STYLE_USAGE(.BOTH.,#73330);
#73350=PRESENTATION_STYLE_ASSIGNMENT((#73340));
#73360=CARTESIAN_POINT('',(0.,13.2493715012133,26.4173787352671));
#73370=DIRECTION('',(-0.866025403784441,-1.09356967925578E-14,
0.499999999999996));
#73380=VECTOR('',#73370,1.);
#73390=LINE('',#73360,#73380);
#73400=EDGE_CURVE('',#71420,#68720,#73390,.T.);
#73410=ORIENTED_EDGE('',*,*,#73400,.T.);
#73420=ORIENTED_EDGE('',*,*,#72830,.T.);
#73430=CARTESIAN_POINT('',(67.3202747265052,13.5493715012141,
-12.4499999999997));
#73440=DIRECTION('',(0.499999999999996,-2.37364872775019E-14,
0.866025403784441));
#73450=DIRECTION('',(0.866025403784441,1.09362223110256E-14,
-0.499999999999996));
#73460=AXIS2_PLACEMENT_3D('',#73430,#73440,#73450);
#73470=ELLIPSE('',#73460,0.400000000000004,0.2);
#73480=CARTESIAN_POINT('',(67.3202747265052,13.7493715012141,
-12.4499999999997));
#73490=VERTEX_POINT('',#73480);
#73500=EDGE_CURVE('',#72760,#73490,#73470,.T.);
#73510=ORIENTED_EDGE('',*,*,#73500,.F.);
#73520=CARTESIAN_POINT('',(0.,13.7493715012133,26.4173787352672));
#73530=DIRECTION('',(0.866025403784441,1.09356967925578E-14,
-0.499999999999996));
#73540=VECTOR('',#73530,1.);
#73550=LINE('',#73520,#73540);
#73560=EDGE_CURVE('',#68800,#73490,#73550,.T.);
#73570=ORIENTED_EDGE('',*,*,#73560,.T.);
#73580=ORIENTED_EDGE('',*,*,#68810,.T.);
#73590=EDGE_LOOP('',(#73580,#73570,#73510,#73420,#73410));
#73600=FACE_OUTER_BOUND('',#73590,.T.);
#73610=ADVANCED_FACE('',(#73600),#73200,.F.);
#73620=COLOUR_RGB('',0.34901961684227,0.34901961684227,0.34901961684227)
;
#73630=FILL_AREA_STYLE_COLOUR('',#73620);
#73640=FILL_AREA_STYLE('',(#73630));
#73650=SURFACE_STYLE_FILL_AREA(#73640);
#73660=SURFACE_SIDE_STYLE('',(#73650));
#73670=SURFACE_STYLE_USAGE(.BOTH.,#73660);
#73680=PRESENTATION_STYLE_ASSIGNMENT((#73670));
#73690=CARTESIAN_POINT('',(67.8971844244268,13.7493715012135,
11.8360064322141));
#73700=DIRECTION('',(2.39719729596847E-15,1.,2.60245121344355E-14));
#73710=DIRECTION('',(-1.,2.39719729596847E-15,0.));
#73720=AXIS2_PLACEMENT_3D('',#73690,#73700,#73710);
#73730=PLANE('',#73720);
#73740=ORIENTED_EDGE('',*,*,#68870,.T.);
#73750=ORIENTED_EDGE('',*,*,#73560,.F.);
#73760=CARTESIAN_POINT('',(4.79439459193693E-16,13.7493715012143,
-12.4499999999997));
#73770=DIRECTION('',(1.,-2.39719729596847E-15,0.));
#73780=VECTOR('',#73770,1.);
#73790=LINE('',#73760,#73780);
#73800=EDGE_CURVE('',#73490,#72190,#73790,.T.);
#73810=ORIENTED_EDGE('',*,*,#73800,.F.);
#73820=ORIENTED_EDGE('',*,*,#72200,.T.);
#73830=ORIENTED_EDGE('',*,*,#67680,.T.);
#73840=EDGE_LOOP('',(#73830,#73820,#73810,#73750,#73740));
#73850=FACE_OUTER_BOUND('',#73840,.T.);
#73860=ADVANCED_FACE('',(#73850),#73730,.T.);
#73870=COLOUR_RGB('',0.34901961684227,0.34901961684227,0.34901961684227)
;
#73880=FILL_AREA_STYLE_COLOUR('',#73870);
#73890=FILL_AREA_STYLE('',(#73880));
#73900=SURFACE_STYLE_FILL_AREA(#73890);
#73910=SURFACE_SIDE_STYLE('',(#73900));
#73920=SURFACE_STYLE_USAGE(.BOTH.,#73910);
#73930=PRESENTATION_STYLE_ASSIGNMENT((#73920));
#73940=CARTESIAN_POINT('',(0.,13.5493715012143,-12.4499999999997));
#73950=DIRECTION('',(1.,-2.39719729596847E-15,0.));
#73960=DIRECTION('',(-2.39719729596847E-15,-1.,0.));
#73970=AXIS2_PLACEMENT_3D('',#73940,#73950,#73960);
#73980=CYLINDRICAL_SURFACE('',#73970,0.2);
#73990=ORIENTED_EDGE('',*,*,#73500,.T.);
#74000=ORIENTED_EDGE('',*,*,#72770,.F.);
#74010=ORIENTED_EDGE('',*,*,#72290,.T.);
#74020=ORIENTED_EDGE('',*,*,#73800,.T.);
#74030=EDGE_LOOP('',(#74020,#74010,#74000,#73990));
#74040=FACE_OUTER_BOUND('',#74030,.T.);
#74050=ADVANCED_FACE('',(#74040),#73980,.T.);
#74060=CARTESIAN_POINT('',(67.8971844244268,13.2493715012135,
11.8360064322141));
#74070=DIRECTION('',(2.39719729596847E-15,1.,2.60245121344355E-14));
#74080=DIRECTION('',(-1.,2.39719729596847E-15,0.));
#74090=AXIS2_PLACEMENT_3D('',#74060,#74070,#74080);
#74100=PLANE('',#74090);
#74110=CARTESIAN_POINT('',(0.,13.2493715012139,0.254750947541876));
#74120=DIRECTION('',(0.984807753012208,2.16493489801906E-15,
-0.17364817766693));
#74130=VECTOR('',#74120,1.);
#74140=LINE('',#74110,#74130);
#74150=EDGE_CURVE('',#68640,#71500,#74140,.T.);
#74160=ORIENTED_EDGE('',*,*,#74150,.F.);
#74170=ORIENTED_EDGE('',*,*,#71510,.F.);
#74180=ORIENTED_EDGE('',*,*,#73400,.F.);
#74190=ORIENTED_EDGE('',*,*,#68730,.F.);
#74200=EDGE_LOOP('',(#74190,#74180,#74170,#74160));
#74210=FACE_OUTER_BOUND('',#74200,.T.);
#74220=ADVANCED_FACE('',(#74210),#74100,.F.);
#74230=COLOUR_RGB('',0.34901961684227,0.34901961684227,0.34901961684227)
;
#74240=FILL_AREA_STYLE_COLOUR('',#74230);
#74250=FILL_AREA_STYLE('',(#74240));
#74260=SURFACE_STYLE_FILL_AREA(#74250);
#74270=SURFACE_SIDE_STYLE('',(#74260));
#74280=SURFACE_STYLE_USAGE(.BOTH.,#74270);
#74290=PRESENTATION_STYLE_ASSIGNMENT((#74280));
#74300=CARTESIAN_POINT('',(65.2466848880233,3.14770431941724E-12,
-11.2499999999993));
#74310=DIRECTION('',(0.17364817766693,4.4808718092024E-14,
0.984807753012208));
#74320=DIRECTION('',(3.641881339882E-17,1.,-4.5506386414535E-14));
#74330=AXIS2_PLACEMENT_3D('',#74300,#74310,#74320);
#74340=PLANE('',#74330);
#74350=ORIENTED_EDGE('',*,*,#71190,.T.);
#74360=ORIENTED_EDGE('',*,*,#71570,.T.);
#74370=ORIENTED_EDGE('',*,*,#74150,.T.);
#74380=ORIENTED_EDGE('',*,*,#68650,.F.);
#74390=EDGE_LOOP('',(#74380,#74370,#74360,#74350));
#74400=FACE_OUTER_BOUND('',#74390,.T.);
#74410=ADVANCED_FACE('',(#74400),#74340,.F.);
#74420=CARTESIAN_POINT('',(58.8466848880224,10.0993715012117,-6.8));
#74430=DIRECTION('',(-0.,-1.,-0.));
#74440=DIRECTION('',(-1.,0.,0.));
#74450=AXIS2_PLACEMENT_3D('',#74420,#74430,#74440);
#74460=PLANE('',#74450);
#74470=CARTESIAN_POINT('',(58.6466848880224,10.0993715012117,
-10.0486832980522));
#74480=DIRECTION('',(-1.,0.,0.));
#74490=VECTOR('',#74480,1.);
#74500=LINE('',#74470,#74490);
#74510=CARTESIAN_POINT('',(58.6466848880224,10.0993715012117,
-10.0486832980522));
#74520=VERTEX_POINT('',#74510);
#74530=EDGE_CURVE('',#68210,#74520,#74500,.T.);
#74540=ORIENTED_EDGE('',*,*,#74530,.T.);
#74550=ORIENTED_EDGE('',*,*,#68220,.T.);
#74560=CARTESIAN_POINT('',(0.,10.0993715012117,-9.80856039901047));
#74570=DIRECTION('',(-0.999935440136801,0.,0.0113629027286774));
#74580=VECTOR('',#74570,1.);
#74590=LINE('',#74560,#74580);
#74600=CARTESIAN_POINT('',(58.6466848880224,10.0993715012117,
-10.4750000000019));
#74610=VERTEX_POINT('',#74600);
#74620=EDGE_CURVE('',#68130,#74610,#74590,.T.);
#74630=ORIENTED_EDGE('',*,*,#74620,.F.);
#74640=CARTESIAN_POINT('',(58.6466848880224,10.0993715012117,-3.5));
#74650=DIRECTION('',(0.,0.,1.));
#74660=VECTOR('',#74650,1.);
#74670=LINE('',#74640,#74660);
#74680=EDGE_CURVE('',#74610,#74520,#74670,.T.);
#74690=ORIENTED_EDGE('',*,*,#74680,.F.);
#74700=EDGE_LOOP('',(#74690,#74630,#74550,#74540));
#74710=FACE_OUTER_BOUND('',#74700,.T.);
#74720=ADVANCED_FACE('',(#74710),#74460,.T.);
#74730=CARTESIAN_POINT('',(58.6466848880224,8.74937150121166,
-9.10000000000169));
#74740=DIRECTION('',(-1.,0.,0.));
#74750=DIRECTION('',(0.,-1.,0.));
#74760=AXIS2_PLACEMENT_3D('',#74730,#74740,#74750);
#74770=CYLINDRICAL_SURFACE('',#74760,1.65);
#74780=CARTESIAN_POINT('',(58.6466848880224,8.74937150121166,
-9.10000000000169));
#74790=DIRECTION('',(-1.,0.,0.));
#74800=DIRECTION('',(0.,-1.,0.));
#74810=AXIS2_PLACEMENT_3D('',#74780,#74790,#74800);
#74820=CIRCLE('',#74810,1.65);
#74830=EDGE_CURVE('',#58500,#74520,#74820,.T.);
#74840=ORIENTED_EDGE('',*,*,#74830,.T.);
#74850=ORIENTED_EDGE('',*,*,#58690,.T.);
#74860=ORIENTED_EDGE('',*,*,#68290,.F.);
#74870=ORIENTED_EDGE('',*,*,#74530,.F.);
#74880=EDGE_LOOP('',(#74870,#74860,#74850,#74840));
#74890=FACE_OUTER_BOUND('',#74880,.T.);
#74900=ADVANCED_FACE('',(#74890),#74770,.F.);
#74910=CARTESIAN_POINT('',(58.6466848880224,8.51436910121166,
-7.9500000000011));
#74920=DIRECTION('',(1.,0.,-0.));
#74930=DIRECTION('',(0.,0.,1.));
#74940=AXIS2_PLACEMENT_3D('',#74910,#74920,#74930);
#74950=PLANE('',#74940);
#74960=CARTESIAN_POINT('',(58.6466848880224,12.2993715012116,
-9.10000000000169));
#74970=DIRECTION('',(-1.,0.,0.));
#74980=DIRECTION('',(0.,0.999709804046406,-0.0240895764490775));
#74990=AXIS2_PLACEMENT_3D('',#74960,#74970,#74980);
#75000=CIRCLE('',#74990,0.8);
#75010=CARTESIAN_POINT('',(58.6466848880224,13.0993715012117,-9.1));
#75020=VERTEX_POINT('',#75010);
#75030=CARTESIAN_POINT('',(58.6466848880224,13.0991393444488,
-9.11927166116095));
#75040=VERTEX_POINT('',#75030);
#75050=EDGE_CURVE('',#75020,#75040,#75000,.T.);
#75060=ORIENTED_EDGE('',*,*,#75050,.F.);
#75070=CARTESIAN_POINT('',(58.6466848880224,11.4996036579745,
-9.08072833884243));
#75080=VERTEX_POINT('',#75070);
#75090=EDGE_CURVE('',#75040,#75080,#75000,.T.);
#75100=ORIENTED_EDGE('',*,*,#75090,.F.);
#75110=EDGE_CURVE('',#75080,#75020,#75000,.T.);
#75120=ORIENTED_EDGE('',*,*,#75110,.F.);
#75130=EDGE_LOOP('',(#75120,#75100,#75060));
#75140=FACE_BOUND('',#75130,.T.);
#75150=ORIENTED_EDGE('',*,*,#74680,.T.);
#75160=CARTESIAN_POINT('',(58.6466848880224,0.,-10.4750000000019));
#75170=DIRECTION('',(0.,1.,0.));
#75180=VECTOR('',#75170,1.);
#75190=LINE('',#75160,#75180);
#75200=CARTESIAN_POINT('',(58.6466848880224,14.1993715012117,
-10.4750000000019));
#75210=VERTEX_POINT('',#75200);
#75220=EDGE_CURVE('',#74610,#75210,#75190,.T.);
#75230=ORIENTED_EDGE('',*,*,#75220,.F.);
#75240=CARTESIAN_POINT('',(58.6466848880224,14.1993715012117,-3.5));
#75250=DIRECTION('',(0.,0.,-1.));
#75260=VECTOR('',#75250,1.);
#75270=LINE('',#75240,#75260);
#75280=EDGE_CURVE('',#62770,#75210,#75270,.T.);
#75290=ORIENTED_EDGE('',*,*,#75280,.T.);
#75300=ORIENTED_EDGE('',*,*,#63100,.T.);
#75310=ORIENTED_EDGE('',*,*,#58510,.F.);
#75320=ORIENTED_EDGE('',*,*,#74830,.F.);
#75330=EDGE_LOOP('',(#75320,#75310,#75300,#75290,#75230,#75150));
#75340=FACE_OUTER_BOUND('',#75330,.T.);
#75350=ADVANCED_FACE('',(#75140,#75340),#74950,.F.);
#75360=CARTESIAN_POINT('',(57.7466848880224,14.1993715012117,
6.23300240000012));
#75370=DIRECTION('',(0.,-1.,0.));
#75380=DIRECTION('',(1.,0.,0.));
#75390=AXIS2_PLACEMENT_3D('',#75360,#75370,#75380);
#75400=PLANE('',#75390);
#75410=CARTESIAN_POINT('',(0.,14.1993715012117,-9.80856039901047));
#75420=DIRECTION('',(-0.999935440136801,0.,0.0113629027286774));
#75430=VECTOR('',#75420,1.);
#75440=LINE('',#75410,#75430);
#75450=EDGE_CURVE('',#68050,#75210,#75440,.T.);
#75460=ORIENTED_EDGE('',*,*,#75450,.T.);
#75470=ORIENTED_EDGE('',*,*,#68060,.T.);
#75480=ORIENTED_EDGE('',*,*,#62800,.T.);
#75490=ORIENTED_EDGE('',*,*,#75280,.F.);
#75500=EDGE_LOOP('',(#75490,#75480,#75470,#75460));
#75510=FACE_OUTER_BOUND('',#75500,.T.);
#75520=ORIENTED_EDGE('',*,*,#62500,.T.);
#75530=CARTESIAN_POINT('',(61.1466848880224,14.1993715012117,-3.5));
#75540=DIRECTION('',(0.,0.,-1.));
#75550=VECTOR('',#75540,1.);
#75560=LINE('',#75530,#75550);
#75570=CARTESIAN_POINT('',(61.1466848880224,14.1993715012117,
-9.5000000000017));
#75580=VERTEX_POINT('',#75570);
#75590=EDGE_CURVE('',#62430,#75580,#75560,.T.);
#75600=ORIENTED_EDGE('',*,*,#75590,.F.);
#75610=CARTESIAN_POINT('',(0.,14.1993715012117,-9.5000000000017));
#75620=DIRECTION('',(1.,0.,0.));
#75630=VECTOR('',#75620,1.);
#75640=LINE('',#75610,#75630);
#75650=CARTESIAN_POINT('',(58.8966848880224,14.1993715012117,
-9.5000000000017));
#75660=VERTEX_POINT('',#75650);
#75670=EDGE_CURVE('',#75660,#75580,#75640,.T.);
#75680=ORIENTED_EDGE('',*,*,#75670,.T.);
#75690=CARTESIAN_POINT('',(58.8966848880224,14.1993715012117,-3.5));
#75700=DIRECTION('',(0.,0.,1.));
#75710=VECTOR('',#75700,1.);
#75720=LINE('',#75690,#75710);
#75730=EDGE_CURVE('',#75660,#62340,#75720,.T.);
#75740=ORIENTED_EDGE('',*,*,#75730,.F.);
#75750=EDGE_LOOP('',(#75740,#75680,#75600,#75520));
#75760=FACE_BOUND('',#75750,.T.);
#75770=ADVANCED_FACE('',(#75510,#75760),#75400,.F.);
#75780=CARTESIAN_POINT('',(61.1466848880224,12.8618569640874,
-20.3839435464641));
#75790=DIRECTION('',(-1.,0.,0.));
#75800=DIRECTION('',(0.,-1.,0.));
#75810=AXIS2_PLACEMENT_3D('',#75780,#75790,#75800);
#75820=PLANE('',#75810);
#75830=ORIENTED_EDGE('',*,*,#62440,.T.);
#75840=ORIENTED_EDGE('',*,*,#60190,.T.);
#75850=CARTESIAN_POINT('',(61.1466848880224,15.4993715012117,4.63));
#75860=DIRECTION('',(0.,0.,-1.));
#75870=VECTOR('',#75860,1.);
#75880=LINE('',#75850,#75870);
#75890=CARTESIAN_POINT('',(61.1466848880224,15.4993715012117,
-9.3000000000017));
#75900=VERTEX_POINT('',#75890);
#75910=EDGE_CURVE('',#60090,#75900,#75880,.T.);
#75920=ORIENTED_EDGE('',*,*,#75910,.F.);
#75930=CARTESIAN_POINT('',(61.1466848880224,15.2993715012117,
-9.3000000000017));
#75940=DIRECTION('',(1.,0.,0.));
#75950=DIRECTION('',(0.,-1.,0.));
#75960=AXIS2_PLACEMENT_3D('',#75930,#75940,#75950);
#75970=CIRCLE('',#75960,0.2);
#75980=CARTESIAN_POINT('',(61.1466848880224,15.2993715012117,
-9.5000000000017));
#75990=VERTEX_POINT('',#75980);
#76000=EDGE_CURVE('',#75990,#75900,#75970,.T.);
#76010=ORIENTED_EDGE('',*,*,#76000,.T.);
#76020=CARTESIAN_POINT('',(61.1466848880224,8.88178419700125E-16,
-9.5000000000017));
#76030=DIRECTION('',(0.,-1.,0.));
#76040=VECTOR('',#76030,1.);
#76050=LINE('',#76020,#76040);
#76060=EDGE_CURVE('',#75990,#75580,#76050,.T.);
#76070=ORIENTED_EDGE('',*,*,#76060,.F.);
#76080=ORIENTED_EDGE('',*,*,#75590,.T.);
#76090=EDGE_LOOP('',(#76080,#76070,#76010,#75920,#75840,#75830));
#76100=FACE_OUTER_BOUND('',#76090,.T.);
#76110=ADVANCED_FACE('',(#76100),#75820,.F.);
#76120=CARTESIAN_POINT('',(58.6466848880224,15.4993715012117,
-8.70000000000169));
#76130=DIRECTION('',(0.,1.,0.));
#76140=DIRECTION('',(0.,0.,1.));
#76150=AXIS2_PLACEMENT_3D('',#76120,#76130,#76140);
#76160=PLANE('',#76150);
#76170=ORIENTED_EDGE('',*,*,#60100,.T.);
#76180=CARTESIAN_POINT('',(58.8966848880224,15.4993715012117,4.63));
#76190=DIRECTION('',(0.,0.,-1.));
#76200=VECTOR('',#76190,1.);
#76210=LINE('',#76180,#76200);
#76220=CARTESIAN_POINT('',(58.8966848880224,15.4993715012117,
-9.3000000000017));
#76230=VERTEX_POINT('',#76220);
#76240=EDGE_CURVE('',#60070,#76230,#76210,.T.);
#76250=ORIENTED_EDGE('',*,*,#76240,.F.);
#76260=CARTESIAN_POINT('',(-7.105427357601E-13,15.4993715012117,
-9.3000000000017));
#76270=DIRECTION('',(1.,0.,0.));
#76280=VECTOR('',#76270,1.);
#76290=LINE('',#76260,#76280);
#76300=EDGE_CURVE('',#76230,#75900,#76290,.T.);
#76310=ORIENTED_EDGE('',*,*,#76300,.F.);
#76320=ORIENTED_EDGE('',*,*,#75910,.T.);
#76330=EDGE_LOOP('',(#76320,#76310,#76250,#76170));
#76340=FACE_OUTER_BOUND('',#76330,.T.);
#76350=ADVANCED_FACE('',(#76340),#76160,.T.);
#76360=CARTESIAN_POINT('',(58.8966848880224,14.1993715012117,
6.23300240000012));
#76370=DIRECTION('',(1.,0.,0.));
#76380=DIRECTION('',(0.,1.,0.));
#76390=AXIS2_PLACEMENT_3D('',#76360,#76370,#76380);
#76400=PLANE('',#76390);
#76410=ORIENTED_EDGE('',*,*,#60340,.F.);
#76420=ORIENTED_EDGE('',*,*,#62350,.T.);
#76430=ORIENTED_EDGE('',*,*,#75730,.T.);
#76440=CARTESIAN_POINT('',(58.8966848880224,8.88178419700125E-16,
-9.50000000000169));
#76450=DIRECTION('',(0.,-1.,0.));
#76460=VECTOR('',#76450,1.);
#76470=LINE('',#76440,#76460);
#76480=CARTESIAN_POINT('',(58.8966848880224,15.2993715012117,
-9.5000000000017));
#76490=VERTEX_POINT('',#76480);
#76500=EDGE_CURVE('',#76490,#75660,#76470,.T.);
#76510=ORIENTED_EDGE('',*,*,#76500,.T.);
#76520=CARTESIAN_POINT('',(58.8966848880224,15.2993715012117,
-9.3000000000017));
#76530=DIRECTION('',(1.,0.,0.));
#76540=DIRECTION('',(0.,-1.,0.));
#76550=AXIS2_PLACEMENT_3D('',#76520,#76530,#76540);
#76560=CIRCLE('',#76550,0.2);
#76570=EDGE_CURVE('',#76490,#76230,#76560,.T.);
#76580=ORIENTED_EDGE('',*,*,#76570,.F.);
#76590=ORIENTED_EDGE('',*,*,#76240,.T.);
#76600=EDGE_LOOP('',(#76590,#76580,#76510,#76430,#76420,#76410));
#76610=FACE_OUTER_BOUND('',#76600,.T.);
#76620=ADVANCED_FACE('',(#76610),#76400,.F.);
#76630=CARTESIAN_POINT('',(58.6466848880224,15.4993715012117,
-9.5000000000017));
#76640=DIRECTION('',(0.,0.,-1.));
#76650=DIRECTION('',(0.,1.,0.));
#76660=AXIS2_PLACEMENT_3D('',#76630,#76640,#76650);
#76670=PLANE('',#76660);
#76680=ORIENTED_EDGE('',*,*,#76060,.T.);
#76690=CARTESIAN_POINT('',(-7.105427357601E-13,15.2993715012117,
-9.50000000000169));
#76700=DIRECTION('',(1.,0.,0.));
#76710=VECTOR('',#76700,1.);
#76720=LINE('',#76690,#76710);
#76730=EDGE_CURVE('',#76490,#75990,#76720,.T.);
#76740=ORIENTED_EDGE('',*,*,#76730,.T.);
#76750=ORIENTED_EDGE('',*,*,#76500,.F.);
#76760=ORIENTED_EDGE('',*,*,#75670,.F.);
#76770=EDGE_LOOP('',(#76760,#76750,#76740,#76680));
#76780=FACE_OUTER_BOUND('',#76770,.T.);
#76790=ADVANCED_FACE('',(#76780),#76670,.T.);
#76800=CARTESIAN_POINT('',(-7.105427357601E-13,15.2993715012117,
-9.3000000000017));
#76810=DIRECTION('',(1.,0.,0.));
#76820=DIRECTION('',(0.,-1.,0.));
#76830=AXIS2_PLACEMENT_3D('',#76800,#76810,#76820);
#76840=CYLINDRICAL_SURFACE('',#76830,0.2);
#76850=ORIENTED_EDGE('',*,*,#76000,.F.);
#76860=ORIENTED_EDGE('',*,*,#76300,.T.);
#76870=ORIENTED_EDGE('',*,*,#76570,.T.);
#76880=ORIENTED_EDGE('',*,*,#76730,.F.);
#76890=EDGE_LOOP('',(#76880,#76870,#76860,#76850));
#76900=FACE_OUTER_BOUND('',#76890,.T.);
#76910=ADVANCED_FACE('',(#76900),#76840,.T.);
#76920=CARTESIAN_POINT('',(65.2466579097262,8.56935417673532,
-10.5499996934294));
#76930=DIRECTION('',(0.0113629027286774,0.,0.999935440136801));
#76940=DIRECTION('',(-0.999935440136801,0.,0.0113629027286774));
#76950=AXIS2_PLACEMENT_3D('',#76920,#76930,#76940);
#76960=PLANE('',#76950);
#76970=ORIENTED_EDGE('',*,*,#75220,.T.);
#76980=ORIENTED_EDGE('',*,*,#74620,.T.);
#76990=ORIENTED_EDGE('',*,*,#68140,.F.);
#77000=ORIENTED_EDGE('',*,*,#75450,.F.);
#77010=EDGE_LOOP('',(#77000,#76990,#76980,#76970));
#77020=FACE_OUTER_BOUND('',#77010,.T.);
#77030=ADVANCED_FACE('',(#77020),#76960,.F.);
#77040=CARTESIAN_POINT('',(59.6466848880224,12.2993715012116,
-9.10000000000169));
#77050=DIRECTION('',(-1.,0.,0.));
#77060=DIRECTION('',(0.,0.999709804046406,-0.0240895764490775));
#77070=AXIS2_PLACEMENT_3D('',#77040,#77050,#77060);
#77080=CYLINDRICAL_SURFACE('',#77070,0.8);
#77090=CARTESIAN_POINT('',(59.6466848880224,11.4996036579745,
-9.08072833884243));
#77100=DIRECTION('',(-1.,0.,0.));
#77110=VECTOR('',#77100,1.);
#77120=LINE('',#77090,#77110);
#77130=CARTESIAN_POINT('',(59.6466848880224,11.4996036579745,
-9.08072833884243));
#77140=VERTEX_POINT('',#77130);
#77150=EDGE_CURVE('',#77140,#75080,#77120,.T.);
#77160=ORIENTED_EDGE('',*,*,#77150,.T.);
#77170=CARTESIAN_POINT('',(59.6466848880224,12.2993715012116,
-9.10000000000169));
#77180=DIRECTION('',(-1.,0.,0.));
#77190=DIRECTION('',(0.,0.999709804046406,-0.0240895764490775));
#77200=AXIS2_PLACEMENT_3D('',#77170,#77180,#77190);
#77210=CIRCLE('',#77200,0.8);
#77220=CARTESIAN_POINT('',(59.6466848880224,13.0993715012117,-9.1));
#77230=VERTEX_POINT('',#77220);
#77240=EDGE_CURVE('',#77140,#77230,#77210,.T.);
#77250=ORIENTED_EDGE('',*,*,#77240,.F.);
#77260=CARTESIAN_POINT('',(59.6466848880224,13.0991393444488,
-9.11927166116095));
#77270=VERTEX_POINT('',#77260);
#77280=EDGE_CURVE('',#77230,#77270,#77210,.T.);
#77290=ORIENTED_EDGE('',*,*,#77280,.F.);
#77300=CARTESIAN_POINT('',(59.6466848880224,13.0991393444488,
-9.11927166116095));
#77310=DIRECTION('',(-1.,0.,0.));
#77320=VECTOR('',#77310,1.);
#77330=LINE('',#77300,#77320);
#77340=EDGE_CURVE('',#77270,#75040,#77330,.T.);
#77350=ORIENTED_EDGE('',*,*,#77340,.F.);
#77360=ORIENTED_EDGE('',*,*,#75050,.T.);
#77370=ORIENTED_EDGE('',*,*,#75110,.T.);
#77380=EDGE_LOOP('',(#77370,#77360,#77350,#77290,#77250,#77160));
#77390=FACE_OUTER_BOUND('',#77380,.T.);
#77400=ADVANCED_FACE('',(#77390),#77080,.F.);
#77410=CARTESIAN_POINT('',(59.6466848880224,12.2993715012116,
-9.10000000000169));
#77420=DIRECTION('',(-1.,0.,0.));
#77430=DIRECTION('',(0.,0.,1.));
#77440=AXIS2_PLACEMENT_3D('',#77410,#77420,#77430);
#77450=PLANE('',#77440);
#77460=EDGE_CURVE('',#77270,#77140,#77210,.T.);
#77470=ORIENTED_EDGE('',*,*,#77460,.T.);
#77480=ORIENTED_EDGE('',*,*,#77280,.T.);
#77490=ORIENTED_EDGE('',*,*,#77240,.T.);
#77500=EDGE_LOOP('',(#77490,#77480,#77470));
#77510=FACE_OUTER_BOUND('',#77500,.T.);
#77520=ADVANCED_FACE('',(#77510),#77450,.T.);
#77530=CARTESIAN_POINT('',(73.5516848880265,14.1943715012134,
-9.09999999999939));
#77540=DIRECTION('',(1.,-2.12058652180369E-33,-2.87017080875347E-16));
#77550=DIRECTION('',(-2.87017080875347E-16,3.79116733899747E-16,-1.));
#77560=AXIS2_PLACEMENT_3D('',#77530,#77540,#77550);
#77570=CYLINDRICAL_SURFACE('',#77560,0.6);
#77580=CARTESIAN_POINT('',(73.5516848880265,14.1943715012134,
-8.49999999999939));
#77590=DIRECTION('',(1.,-2.12058652180369E-33,-2.87017080875347E-16));
#77600=VECTOR('',#77590,1.);
#77610=LINE('',#77580,#77600);
#77620=CARTESIAN_POINT('',(73.5966848880265,14.1943715012134,
-8.49999999999939));
#77630=VERTEX_POINT('',#77620);
#77640=EDGE_CURVE('',#14030,#77630,#77610,.T.);
#77650=ORIENTED_EDGE('',*,*,#77640,.F.);
#77660=CARTESIAN_POINT('',(73.5966848880265,14.1943715012134,
-9.09999999999939));
#77670=DIRECTION('',(1.,-2.12058652180369E-33,-2.87017080875347E-16));
#77680=DIRECTION('',(-2.87017080875347E-16,3.79116733899747E-16,-1.));
#77690=AXIS2_PLACEMENT_3D('',#77660,#77670,#77680);
#77700=CIRCLE('',#77690,0.6);
#77710=CARTESIAN_POINT('',(73.5966848880265,14.1943715012134,
-9.69999999999939));
#77720=VERTEX_POINT('',#77710);
#77730=EDGE_CURVE('',#77630,#77720,#77700,.T.);
#77740=ORIENTED_EDGE('',*,*,#77730,.F.);
#77750=CARTESIAN_POINT('',(73.5516848880265,14.1943715012134,
-9.69999999999939));
#77760=DIRECTION('',(1.,-2.12058652180369E-33,-2.87017080875347E-16));
#77770=VECTOR('',#77760,1.);
#77780=LINE('',#77750,#77770);
#77790=EDGE_CURVE('',#13990,#77720,#77780,.T.);
#77800=ORIENTED_EDGE('',*,*,#77790,.T.);
#77810=ORIENTED_EDGE('',*,*,#14000,.T.);
#77820=ORIENTED_EDGE('',*,*,#14060,.T.);
#77830=EDGE_LOOP('',(#77820,#77810,#77800,#77740,#77650));
#77840=FACE_OUTER_BOUND('',#77830,.T.);
#77850=ADVANCED_FACE('',(#77840),#77570,.T.);
#77860=COLOUR_RGB('',0.94901967048645,0.94901967048645,1.);
#77870=FILL_AREA_STYLE_COLOUR('',#77860);
#77880=FILL_AREA_STYLE('',(#77870));
#77890=SURFACE_STYLE_FILL_AREA(#77880);
#77900=SURFACE_SIDE_STYLE('',(#77890));
#77910=SURFACE_STYLE_USAGE(.BOTH.,#77900);
#77920=PRESENTATION_STYLE_ASSIGNMENT((#77910));
#77930=CARTESIAN_POINT('',(73.5966848880265,14.1943715012134,
-9.39999999999939));
#77940=DIRECTION('',(1.,-2.1205865218037E-33,-2.87017080875347E-16));
#77950=DIRECTION('',(-2.87017080875347E-16,3.79116733899747E-16,-1.));
#77960=AXIS2_PLACEMENT_3D('',#77930,#77940,#77950);
#77970=PLANE('',#77960);
#77980=ORIENTED_EDGE('',*,*,#77730,.T.);
#77990=CARTESIAN_POINT('',(73.5966848880265,14.7943715012134,-9.1));
#78000=VERTEX_POINT('',#77990);
#78010=EDGE_CURVE('',#78000,#77630,#77700,.T.);
#78020=ORIENTED_EDGE('',*,*,#78010,.T.);
#78030=EDGE_CURVE('',#77720,#78000,#77700,.T.);
#78040=ORIENTED_EDGE('',*,*,#78030,.T.);
#78050=EDGE_LOOP('',(#78040,#78020,#77980));
#78060=FACE_OUTER_BOUND('',#78050,.T.);
#78070=CARTESIAN_POINT('',(73.5966848880265,14.1466364742931,
-8.79999999999941));
#78080=DIRECTION('',(-3.05284086798824E-16,-0.5,-0.866025403784439));
#78090=VECTOR('',#78080,1.);
#78100=LINE('',#78070,#78090);
#78110=CARTESIAN_POINT('',(73.5966848880265,13.90616642045,
-9.21650635095451));
#78120=VERTEX_POINT('',#78110);
#78130=EDGE_CURVE('',#58860,#78120,#78100,.T.);
#78140=ORIENTED_EDGE('',*,*,#78130,.T.);
#78150=ORIENTED_EDGE('',*,*,#59850,.T.);
#78160=CARTESIAN_POINT('',(73.5966848880265,14.262106528131,
-8.79999999999941));
#78170=DIRECTION('',(-2.71604719116245E-16,0.5,-0.866025403784439));
#78180=VECTOR('',#78170,1.);
#78190=LINE('',#78160,#78180);
#78200=CARTESIAN_POINT('',(73.5966848880265,14.5025765819689,
-9.21650635094552));
#78210=VERTEX_POINT('',#78200);
#78220=EDGE_CURVE('',#59770,#78210,#78190,.T.);
#78230=ORIENTED_EDGE('',*,*,#78220,.F.);
#78240=CARTESIAN_POINT('',(73.5966848880265,16.0439456038905,
-8.32659653121851));
#78250=DIRECTION('',(1.95700641690284E-16,0.866025403784439,0.5));
#78260=VECTOR('',#78250,1.);
#78270=LINE('',#78240,#78260);
#78280=EDGE_CURVE('',#78210,#58010,#78270,.T.);
#78290=ORIENTED_EDGE('',*,*,#78280,.F.);
#78300=ORIENTED_EDGE('',*,*,#58260,.T.);
#78310=ORIENTED_EDGE('',*,*,#61420,.F.);
#78320=ORIENTED_EDGE('',*,*,#66520,.F.);
#78330=CARTESIAN_POINT('',(73.5966848880265,16.0439456038905,
-10.4507537379819));
#78340=DIRECTION('',(-1.37366265697263E-16,0.866025403784439,-0.5));
#78350=VECTOR('',#78340,1.);
#78360=LINE('',#78330,#78350);
#78370=EDGE_CURVE('',#66450,#78120,#78360,.T.);
#78380=ORIENTED_EDGE('',*,*,#78370,.F.);
#78390=EDGE_LOOP('',(#78380,#78320,#78310,#78300,#78290,#78230,#78150,
#78140));
#78400=FACE_BOUND('',#78390,.T.);
#78410=ADVANCED_FACE('',(#78060,#78400),#77970,.T.);
#78420=COLOUR_RGB('',0.94901967048645,0.94901967048645,1.);
#78430=FILL_AREA_STYLE_COLOUR('',#78420);
#78440=FILL_AREA_STYLE('',(#78430));
#78450=SURFACE_STYLE_FILL_AREA(#78440);
#78460=SURFACE_SIDE_STYLE('',(#78450));
#78470=SURFACE_STYLE_USAGE(.BOTH.,#78460);
#78480=PRESENTATION_STYLE_ASSIGNMENT((#78470));
#78490=CARTESIAN_POINT('',(70.3671107853445,14.5031311813353,
-9.21746694522594));
#78500=DIRECTION('',(-1.95700641690284E-16,-0.866025403784439,-0.5));
#78510=DIRECTION('',(2.71604719116245E-16,-0.5,0.866025403784439));
#78520=AXIS2_PLACEMENT_3D('',#78490,#78500,#78510);
#78530=PLANE('',#78520);
#78540=ORIENTED_EDGE('',*,*,#59780,.T.);
#78550=ORIENTED_EDGE('',*,*,#69650,.T.);
#78560=CARTESIAN_POINT('',(75.1500924233142,14.262106528131,
-8.79999999999941));
#78570=DIRECTION('',(-0.581124101764717,0.406907476691001,
-0.704784423608463));
#78580=VECTOR('',#78570,1.);
#78590=LINE('',#78560,#78580);
#78600=CARTESIAN_POINT('',(74.8066655952444,14.5025765819689,
-9.21650635094552));
#78610=VERTEX_POINT('',#78600);
#78620=EDGE_CURVE('',#69640,#78610,#78590,.T.);
#78630=ORIENTED_EDGE('',*,*,#78620,.F.);
#78640=CARTESIAN_POINT('',(71.8202423579864,14.5025765819689,
-9.21650635094552));
#78650=DIRECTION('',(1.,-3.36793676825796E-17,-3.33066907387547E-16));
#78660=VECTOR('',#78650,1.);
#78670=LINE('',#78640,#78660);
#78680=EDGE_CURVE('',#78210,#78610,#78670,.T.);
#78690=ORIENTED_EDGE('',*,*,#78680,.T.);
#78700=ORIENTED_EDGE('',*,*,#78220,.T.);
#78710=EDGE_LOOP('',(#78700,#78690,#78630,#78550,#78540));
#78720=FACE_OUTER_BOUND('',#78710,.T.);
#78730=ADVANCED_FACE('',(#78720),#78530,.T.);
#78740=COLOUR_RGB('',0.94901967048645,0.94901967048645,1.);
#78750=FILL_AREA_STYLE_COLOUR('',#78740);
#78760=FILL_AREA_STYLE('',(#78750));
#78770=SURFACE_STYLE_FILL_AREA(#78760);
#78780=SURFACE_SIDE_STYLE('',(#78770));
#78790=SURFACE_STYLE_USAGE(.BOTH.,#78780);
#78800=PRESENTATION_STYLE_ASSIGNMENT((#78790));
#78810=CARTESIAN_POINT('',(75.2325465869277,14.204371501212,
-8.79999999999941));
#78820=DIRECTION('',(-0.573576436351046,-0.819152044288992,
1.53317520279191E-16));
#78830=DIRECTION('',(0.819152044288992,-0.573576436351046,
-2.99245533456973E-16));
#78840=AXIS2_PLACEMENT_3D('',#78810,#78820,#78830);
#78850=PLANE('',#78840);
#78860=ORIENTED_EDGE('',*,*,#69880,.T.);
#78870=ORIENTED_EDGE('',*,*,#60520,.F.);
#78880=ORIENTED_EDGE('',*,*,#58120,.F.);
#78890=CARTESIAN_POINT('',(71.7561040568916,16.6386027668961,
-7.98327105808169));
#78900=DIRECTION('',(0.777622657646255,-0.544497246766576,
-0.314365631993693));
#78910=VECTOR('',#78900,1.);
#78920=LINE('',#78890,#78910);
#78930=EDGE_CURVE('',#58030,#78610,#78920,.T.);
#78940=ORIENTED_EDGE('',*,*,#78930,.F.);
#78950=ORIENTED_EDGE('',*,*,#78620,.T.);
#78960=EDGE_LOOP('',(#78950,#78940,#78880,#78870,#78860));
#78970=FACE_OUTER_BOUND('',#78960,.T.);
#78980=ADVANCED_FACE('',(#78970),#78850,.F.);
#78990=COLOUR_RGB('',0.94901967048645,0.94901967048645,1.);
#79000=FILL_AREA_STYLE_COLOUR('',#78990);
#79010=FILL_AREA_STYLE('',(#79000));
#79020=SURFACE_STYLE_FILL_AREA(#79010);
#79030=SURFACE_SIDE_STYLE('',(#79020));
#79040=SURFACE_STYLE_USAGE(.BOTH.,#79030);
#79050=PRESENTATION_STYLE_ASSIGNMENT((#79040));
#79060=CARTESIAN_POINT('',(71.811401362747,14.7623842031043,
-9.06650635094551));
#79070=DIRECTION('',(2.71604719116245E-16,-0.5,0.866025403784439));
#79080=DIRECTION('',(-1.,3.36793676825796E-17,3.33066907387547E-16));
#79090=AXIS2_PLACEMENT_3D('',#79060,#79070,#79080);
#79100=PLANE('',#79090);
#79110=ORIENTED_EDGE('',*,*,#58040,.T.);
#79120=ORIENTED_EDGE('',*,*,#78280,.T.);
#79130=ORIENTED_EDGE('',*,*,#78680,.F.);
#79140=ORIENTED_EDGE('',*,*,#78930,.T.);
#79150=EDGE_LOOP('',(#79140,#79130,#79120,#79110));
#79160=FACE_OUTER_BOUND('',#79150,.T.);
#79170=ADVANCED_FACE('',(#79160),#79100,.F.);
#79180=COLOUR_RGB('',0.94901967048645,0.94901967048645,1.);
#79190=FILL_AREA_STYLE_COLOUR('',#79180);
#79200=FILL_AREA_STYLE('',(#79190));
#79210=SURFACE_STYLE_FILL_AREA(#79200);
#79220=SURFACE_SIDE_STYLE('',(#79210));
#79230=SURFACE_STYLE_USAGE(.BOTH.,#79220);
#79240=PRESENTATION_STYLE_ASSIGNMENT((#79230));
#79250=CARTESIAN_POINT('',(75.2325465869277,14.204371501212,
-8.79999999999941));
#79260=DIRECTION('',(-0.573576436351046,0.819152044288992,
2.28761139332435E-16));
#79270=DIRECTION('',(-0.819152044288992,-0.573576436351046,
2.4641934268607E-16));
#79280=AXIS2_PLACEMENT_3D('',#79250,#79260,#79270);
#79290=PLANE('',#79280);
#79300=ORIENTED_EDGE('',*,*,#66380,.F.);
#79310=ORIENTED_EDGE('',*,*,#61270,.F.);
#79320=ORIENTED_EDGE('',*,*,#69810,.F.);
#79330=CARTESIAN_POINT('',(75.1500924233142,14.1466364742931,
-8.79999999999941));
#79340=DIRECTION('',(0.581124101764717,0.406907476691001,
0.704784423608463));
#79350=VECTOR('',#79340,1.);
#79360=LINE('',#79330,#79350);
#79370=CARTESIAN_POINT('',(74.806665595237,13.90616642045,
-9.21650635095451));
#79380=VERTEX_POINT('',#79370);
#79390=EDGE_CURVE('',#79380,#69740,#79360,.T.);
#79400=ORIENTED_EDGE('',*,*,#79390,.T.);
#79410=CARTESIAN_POINT('',(71.7561040568916,11.7701402355279,
-7.98327105809368));
#79420=DIRECTION('',(-0.777622657646255,-0.544497246766576,
0.314365631993693));
#79430=VECTOR('',#79420,1.);
#79440=LINE('',#79410,#79430);
#79450=EDGE_CURVE('',#79380,#66370,#79440,.T.);
#79460=ORIENTED_EDGE('',*,*,#79450,.F.);
#79470=EDGE_LOOP('',(#79460,#79400,#79320,#79310,#79300));
#79480=FACE_OUTER_BOUND('',#79470,.T.);
#79490=ADVANCED_FACE('',(#79480),#79290,.F.);
#79500=COLOUR_RGB('',0.94901967048645,0.94901967048645,1.);
#79510=FILL_AREA_STYLE_COLOUR('',#79500);
#79520=FILL_AREA_STYLE('',(#79510));
#79530=SURFACE_STYLE_FILL_AREA(#79520);
#79540=SURFACE_SIDE_STYLE('',(#79530));
#79550=SURFACE_STYLE_USAGE(.BOTH.,#79540);
#79560=PRESENTATION_STYLE_ASSIGNMENT((#79550));
#79570=CARTESIAN_POINT('',(73.311401362747,13.6463587993146,
-9.06650635095451));
#79580=DIRECTION('',(3.05284086798824E-16,0.5,0.866025403784439));
#79590=DIRECTION('',(1.37366265697263E-16,-0.866025403784439,0.5));
#79600=AXIS2_PLACEMENT_3D('',#79570,#79580,#79590);
#79610=PLANE('',#79600);
#79620=ORIENTED_EDGE('',*,*,#66460,.T.);
#79630=ORIENTED_EDGE('',*,*,#79450,.T.);
#79640=CARTESIAN_POINT('',(71.8202423579864,13.90616642045,
-9.21650635095451));
#79650=DIRECTION('',(-1.,3.36793676825796E-17,3.33066907387547E-16));
#79660=VECTOR('',#79650,1.);
#79670=LINE('',#79640,#79660);
#79680=EDGE_CURVE('',#79380,#78120,#79670,.T.);
#79690=ORIENTED_EDGE('',*,*,#79680,.F.);
#79700=ORIENTED_EDGE('',*,*,#78370,.T.);
#79710=EDGE_LOOP('',(#79700,#79690,#79630,#79620));
#79720=FACE_OUTER_BOUND('',#79710,.T.);
#79730=ADVANCED_FACE('',(#79720),#79610,.F.);
#79740=COLOUR_RGB('',0.94901967048645,0.94901967048645,1.);
#79750=FILL_AREA_STYLE_COLOUR('',#79740);
#79760=FILL_AREA_STYLE('',(#79750));
#79770=SURFACE_STYLE_FILL_AREA(#79760);
#79780=SURFACE_SIDE_STYLE('',(#79770));
#79790=SURFACE_STYLE_USAGE(.BOTH.,#79780);
#79800=PRESENTATION_STYLE_ASSIGNMENT((#79790));
#79810=CARTESIAN_POINT('',(68.8671107853445,14.4698330876293,
-8.24020704486684));
#79820=DIRECTION('',(-1.37366265697263E-16,0.866025403784439,-0.5));
#79830=DIRECTION('',(-3.05284086798824E-16,-0.5,-0.866025403784439));
#79840=AXIS2_PLACEMENT_3D('',#79810,#79820,#79830);
#79850=PLANE('',#79840);
#79860=ORIENTED_EDGE('',*,*,#69750,.T.);
#79870=ORIENTED_EDGE('',*,*,#58870,.F.);
#79880=ORIENTED_EDGE('',*,*,#78130,.F.);
#79890=ORIENTED_EDGE('',*,*,#79680,.T.);
#79900=ORIENTED_EDGE('',*,*,#79390,.F.);
#79910=EDGE_LOOP('',(#79900,#79890,#79880,#79870,#79860));
#79920=FACE_OUTER_BOUND('',#79910,.T.);
#79930=ADVANCED_FACE('',(#79920),#79850,.T.);
#79940=COLOUR_RGB('',0.94901967048645,0.94901967048645,1.);
#79950=FILL_AREA_STYLE_COLOUR('',#79940);
#79960=FILL_AREA_STYLE('',(#79950));
#79970=SURFACE_STYLE_FILL_AREA(#79960);
#79980=SURFACE_SIDE_STYLE('',(#79970));
#79990=SURFACE_STYLE_USAGE(.BOTH.,#79980);
#80000=PRESENTATION_STYLE_ASSIGNMENT((#79990));
#80010=CARTESIAN_POINT('',(73.5516848880265,10.3843715012134,
-9.09999999999939));
#80020=DIRECTION('',(1.,-2.12058652180369E-33,-2.87017080875347E-16));
#80030=DIRECTION('',(-2.87017080875347E-16,3.79116733899747E-16,-1.));
#80040=AXIS2_PLACEMENT_3D('',#80010,#80020,#80030);
#80050=CYLINDRICAL_SURFACE('',#80040,0.6);
#80060=CARTESIAN_POINT('',(73.5516848880265,10.3843715012134,
-8.49999999999939));
#80070=DIRECTION('',(1.,-2.12058652180369E-33,-2.87017080875347E-16));
#80080=VECTOR('',#80070,1.);
#80090=LINE('',#80060,#80080);
#80100=CARTESIAN_POINT('',(73.5966848880265,10.3843715012134,
-8.49999999999939));
#80110=VERTEX_POINT('',#80100);
#80120=EDGE_CURVE('',#13840,#80110,#80090,.T.);
#80130=ORIENTED_EDGE('',*,*,#80120,.F.);
#80140=CARTESIAN_POINT('',(73.5966848880265,10.3843715012134,
-9.09999999999939));
#80150=DIRECTION('',(1.,-2.12058652180369E-33,-2.87017080875347E-16));
#80160=DIRECTION('',(-2.87017080875347E-16,3.79116733899747E-16,-1.));
#80170=AXIS2_PLACEMENT_3D('',#80140,#80150,#80160);
#80180=CIRCLE('',#80170,0.6);
#80190=CARTESIAN_POINT('',(73.5966848880265,9.78437150121339,-9.1));
#80200=VERTEX_POINT('',#80190);
#80210=EDGE_CURVE('',#80110,#80200,#80180,.T.);
#80220=ORIENTED_EDGE('',*,*,#80210,.F.);
#80230=CARTESIAN_POINT('',(73.5966848880265,10.3843715012134,
-9.69999999999939));
#80240=VERTEX_POINT('',#80230);
#80250=EDGE_CURVE('',#80200,#80240,#80180,.T.);
#80260=ORIENTED_EDGE('',*,*,#80250,.F.);
#80270=CARTESIAN_POINT('',(73.5516848880265,10.3843715012134,
-9.69999999999939));
#80280=DIRECTION('',(1.,-2.12058652180369E-33,-2.87017080875347E-16));
#80290=VECTOR('',#80280,1.);
#80300=LINE('',#80270,#80290);
#80310=EDGE_CURVE('',#13800,#80240,#80300,.T.);
#80320=ORIENTED_EDGE('',*,*,#80310,.T.);
#80330=ORIENTED_EDGE('',*,*,#13810,.T.);
#80340=ORIENTED_EDGE('',*,*,#13870,.T.);
#80350=EDGE_LOOP('',(#80340,#80330,#80320,#80260,#80220,#80130));
#80360=FACE_OUTER_BOUND('',#80350,.T.);
#80370=ADVANCED_FACE('',(#80360),#80050,.T.);
#80380=COLOUR_RGB('',0.94901967048645,0.94901967048645,1.);
#80390=FILL_AREA_STYLE_COLOUR('',#80380);
#80400=FILL_AREA_STYLE('',(#80390));
#80410=SURFACE_STYLE_FILL_AREA(#80400);
#80420=SURFACE_SIDE_STYLE('',(#80410));
#80430=SURFACE_STYLE_USAGE(.BOTH.,#80420);
#80440=PRESENTATION_STYLE_ASSIGNMENT((#80430));
#80450=CARTESIAN_POINT('',(73.5966848880265,10.3843715012134,
-9.39999999999939));
#80460=DIRECTION('',(1.,-2.1205865218037E-33,-2.87017080875347E-16));
#80470=DIRECTION('',(-2.87017080875347E-16,3.79116733899747E-16,-1.));
#80480=AXIS2_PLACEMENT_3D('',#80450,#80460,#80470);
#80490=PLANE('',#80480);
#80500=ORIENTED_EDGE('',*,*,#67280,.T.);
#80510=ORIENTED_EDGE('',*,*,#65680,.F.);
#80520=ORIENTED_EDGE('',*,*,#47320,.F.);
#80530=ORIENTED_EDGE('',*,*,#61730,.F.);
#80540=ORIENTED_EDGE('',*,*,#66120,.T.);
#80550=ORIENTED_EDGE('',*,*,#65260,.T.);
#80560=CARTESIAN_POINT('',(73.5966848880265,10.452106528131,
-8.79999999999941));
#80570=DIRECTION('',(-2.71604719116245E-16,0.5,-0.866025403784439));
#80580=VECTOR('',#80570,1.);
#80590=LINE('',#80560,#80580);
#80600=EDGE_CURVE('',#65180,#66840,#80590,.T.);
#80610=ORIENTED_EDGE('',*,*,#80600,.F.);
#80620=ORIENTED_EDGE('',*,*,#66850,.F.);
#80630=EDGE_LOOP('',(#80620,#80610,#80550,#80540,#80530,#80520,#80510,
#80500));
#80640=FACE_BOUND('',#80630,.T.);
#80650=EDGE_CURVE('',#80240,#80110,#80180,.T.);
#80660=ORIENTED_EDGE('',*,*,#80650,.T.);
#80670=ORIENTED_EDGE('',*,*,#80250,.T.);
#80680=ORIENTED_EDGE('',*,*,#80210,.T.);
#80690=EDGE_LOOP('',(#80680,#80670,#80660));
#80700=FACE_OUTER_BOUND('',#80690,.T.);
#80710=ADVANCED_FACE('',(#80640,#80700),#80490,.T.);
#80720=COLOUR_RGB('',0.94901967048645,0.94901967048645,1.);
#80730=FILL_AREA_STYLE_COLOUR('',#80720);
#80740=FILL_AREA_STYLE('',(#80730));
#80750=SURFACE_STYLE_FILL_AREA(#80740);
#80760=SURFACE_SIDE_STYLE('',(#80750));
#80770=SURFACE_STYLE_USAGE(.BOTH.,#80760);
#80780=PRESENTATION_STYLE_ASSIGNMENT((#80770));
#80790=CARTESIAN_POINT('',(70.3671107853445,10.6931311813353,
-9.21746694522594));
#80800=DIRECTION('',(-1.95700641690284E-16,-0.866025403784439,-0.5));
#80810=DIRECTION('',(2.71604719116245E-16,-0.5,0.866025403784439));
#80820=AXIS2_PLACEMENT_3D('',#80790,#80800,#80810);
#80830=PLANE('',#80820);
#80840=ORIENTED_EDGE('',*,*,#65190,.T.);
#80850=ORIENTED_EDGE('',*,*,#63290,.T.);
#80860=CARTESIAN_POINT('',(75.1500924233142,10.452106528131,
-8.79999999999941));
#80870=DIRECTION('',(-0.581124101764717,0.406907476691001,
-0.704784423608463));
#80880=VECTOR('',#80870,1.);
#80890=LINE('',#80860,#80880);
#80900=EDGE_CURVE('',#63260,#66920,#80890,.T.);
#80910=ORIENTED_EDGE('',*,*,#80900,.F.);
#80920=ORIENTED_EDGE('',*,*,#66930,.T.);
#80930=ORIENTED_EDGE('',*,*,#80600,.T.);
#80940=EDGE_LOOP('',(#80930,#80920,#80910,#80850,#80840));
#80950=FACE_OUTER_BOUND('',#80940,.T.);
#80960=ADVANCED_FACE('',(#80950),#80830,.T.);
#80970=COLOUR_RGB('',0.94901967048645,0.94901967048645,1.);
#80980=FILL_AREA_STYLE_COLOUR('',#80970);
#80990=FILL_AREA_STYLE('',(#80980));
#81000=SURFACE_STYLE_FILL_AREA(#80990);
#81010=SURFACE_SIDE_STYLE('',(#81000));
#81020=SURFACE_STYLE_USAGE(.BOTH.,#81010);
#81030=PRESENTATION_STYLE_ASSIGNMENT((#81020));
#81040=CARTESIAN_POINT('',(75.2325465869277,10.394371501212,
-8.79999999999941));
#81050=DIRECTION('',(-0.573576436351046,-0.819152044288992,
1.53317520279191E-16));
#81060=DIRECTION('',(0.819152044288992,-0.573576436351046,
-2.99245533456973E-16));
#81070=AXIS2_PLACEMENT_3D('',#81040,#81050,#81060);
#81080=PLANE('',#81070);
#81090=ORIENTED_EDGE('',*,*,#64870,.T.);
#81100=ORIENTED_EDGE('',*,*,#65580,.F.);
#81110=ORIENTED_EDGE('',*,*,#67210,.F.);
#81120=ORIENTED_EDGE('',*,*,#66990,.F.);
#81130=ORIENTED_EDGE('',*,*,#80900,.T.);
#81140=EDGE_LOOP('',(#81130,#81120,#81110,#81100,#81090));
#81150=FACE_OUTER_BOUND('',#81140,.T.);
#81160=ADVANCED_FACE('',(#81150),#81080,.F.);
#81170=COLOUR_RGB('',0.94901967048645,0.94901967048645,1.);
#81180=FILL_AREA_STYLE_COLOUR('',#81170);
#81190=FILL_AREA_STYLE('',(#81180));
#81200=SURFACE_STYLE_FILL_AREA(#81190);
#81210=SURFACE_SIDE_STYLE('',(#81200));
#81220=SURFACE_STYLE_USAGE(.BOTH.,#81210);
#81230=PRESENTATION_STYLE_ASSIGNMENT((#81220));
#81240=CARTESIAN_POINT('',(59.6466848880224,12.2993715012116,
-5.60000000000169));
#81250=DIRECTION('',(-1.,0.,0.));
#81260=DIRECTION('',(0.,0.999709804046406,-0.0240895764490775));
#81270=AXIS2_PLACEMENT_3D('',#81240,#81250,#81260);
#81280=CYLINDRICAL_SURFACE('',#81270,0.8);
#81290=ORIENTED_EDGE('',*,*,#42420,.F.);
#81300=ORIENTED_EDGE('',*,*,#47840,.F.);
#81310=ORIENTED_EDGE('',*,*,#21200,.T.);
#81320=ORIENTED_EDGE('',*,*,#47910,.T.);
#81330=ORIENTED_EDGE('',*,*,#42440,.F.);
#81340=EDGE_LOOP('',(#81330,#81320,#81310,#81300,#81290));
#81350=FACE_OUTER_BOUND('',#81340,.T.);
#81360=ADVANCED_FACE('',(#81350),#81280,.F.);
#81370=CARTESIAN_POINT('',(59.6466848880224,12.2993715012116,
-9.10000000000169));
#81380=DIRECTION('',(-1.,0.,0.));
#81390=DIRECTION('',(0.,0.999709804046406,-0.0240895764490775));
#81400=AXIS2_PLACEMENT_3D('',#81370,#81380,#81390);
#81410=CYLINDRICAL_SURFACE('',#81400,0.8);
#81420=ORIENTED_EDGE('',*,*,#77460,.F.);
#81430=ORIENTED_EDGE('',*,*,#77150,.F.);
#81440=ORIENTED_EDGE('',*,*,#75090,.T.);
#81450=ORIENTED_EDGE('',*,*,#77340,.T.);
#81460=EDGE_LOOP('',(#81450,#81440,#81430,#81420));
#81470=FACE_OUTER_BOUND('',#81460,.T.);
#81480=ADVANCED_FACE('',(#81470),#81410,.F.);
#81490=CARTESIAN_POINT('',(66.2566848880224,13.8993715012085,
-2.42499999999877));
#81500=DIRECTION('',(0.,-1.,0.));
#81510=DIRECTION('',(-1.,0.,0.));
#81520=AXIS2_PLACEMENT_3D('',#81490,#81500,#81510);
#81530=CYLINDRICAL_SURFACE('',#81520,0.525000000000001);
#81540=EDGE_CURVE('',#18480,#18380,#18550,.T.);
#81550=ORIENTED_EDGE('',*,*,#81540,.T.);
#81560=ORIENTED_EDGE('',*,*,#18490,.F.);
#81570=ORIENTED_EDGE('',*,*,#18210,.T.);
#81580=ORIENTED_EDGE('',*,*,#18390,.T.);
#81590=EDGE_LOOP('',(#81580,#81570,#81560,#81550));
#81600=FACE_OUTER_BOUND('',#81590,.T.);
#81610=ADVANCED_FACE('',(#81600),#81530,.F.);
#81620=CARTESIAN_POINT('',(73.5516848880265,10.3843715012134,
-9.09999999999939));
#81630=DIRECTION('',(1.,-2.12058652180369E-33,-2.87017080875347E-16));
#81640=DIRECTION('',(-2.87017080875347E-16,3.79116733899747E-16,-1.));
#81650=AXIS2_PLACEMENT_3D('',#81620,#81630,#81640);
#81660=CYLINDRICAL_SURFACE('',#81650,0.6);
#81670=ORIENTED_EDGE('',*,*,#80650,.F.);
#81680=ORIENTED_EDGE('',*,*,#80120,.T.);
#81690=ORIENTED_EDGE('',*,*,#13850,.T.);
#81700=ORIENTED_EDGE('',*,*,#80310,.F.);
#81710=EDGE_LOOP('',(#81700,#81690,#81680,#81670));
#81720=FACE_OUTER_BOUND('',#81710,.T.);
#81730=ADVANCED_FACE('',(#81720),#81660,.T.);
#81740=COLOUR_RGB('',0.94901967048645,0.94901967048645,1.);
#81750=FILL_AREA_STYLE_COLOUR('',#81740);
#81760=FILL_AREA_STYLE('',(#81750));
#81770=SURFACE_STYLE_FILL_AREA(#81760);
#81780=SURFACE_SIDE_STYLE('',(#81770));
#81790=SURFACE_STYLE_USAGE(.BOTH.,#81780);
#81800=PRESENTATION_STYLE_ASSIGNMENT((#81790));
#81810=CARTESIAN_POINT('',(66.2566848880224,15.5993715012117,
-9.4249999999994));
#81820=DIRECTION('',(0.,1.,0.));
#81830=DIRECTION('',(1.,0.,0.));
#81840=AXIS2_PLACEMENT_3D('',#81810,#81820,#81830);
#81850=CONICAL_SURFACE('',#81840,0.725000000000009,0.785398163397456);
#81860=ORIENTED_EDGE('',*,*,#70740,.F.);
#81870=ORIENTED_EDGE('',*,*,#70110,.F.);
#81880=ORIENTED_EDGE('',*,*,#15320,.T.);
#81890=ORIENTED_EDGE('',*,*,#69520,.F.);
#81900=ORIENTED_EDGE('',*,*,#70260,.T.);
#81910=ORIENTED_EDGE('',*,*,#70760,.F.);
#81920=EDGE_LOOP('',(#81910,#81900,#81890,#81880,#81870,#81860));
#81930=FACE_OUTER_BOUND('',#81920,.T.);
#81940=ADVANCED_FACE('',(#81930),#81850,.F.);
#81950=CARTESIAN_POINT('',(71.0415286009285,11.5231794009827,
-0.0500000000000012));
#81960=DIRECTION('',(0.,0.,1.));
#81970=DIRECTION('',(1.,0.,0.));
#81980=AXIS2_PLACEMENT_3D('',#81950,#81960,#81970);
#81990=CYLINDRICAL_SURFACE('',#81980,0.228362130292794);
#82000=ORIENTED_EDGE('',*,*,#9220,.F.);
#82010=ORIENTED_EDGE('',*,*,#9010,.T.);
#82020=ORIENTED_EDGE('',*,*,#3090,.T.);
#82030=ORIENTED_EDGE('',*,*,#9160,.F.);
#82040=EDGE_LOOP('',(#82030,#82020,#82010,#82000));
#82050=FACE_OUTER_BOUND('',#82040,.T.);
#82060=ADVANCED_FACE('',(#82050),#81990,.T.);
#82070=CARTESIAN_POINT('',(73.5516848880265,14.1943715012134,
-5.59999999999939));
#82080=DIRECTION('',(1.,-2.12058652180369E-33,-2.87017080875347E-16));
#82090=DIRECTION('',(-2.87017080875347E-16,3.79116733899747E-16,-1.));
#82100=AXIS2_PLACEMENT_3D('',#82070,#82080,#82090);
#82110=CYLINDRICAL_SURFACE('',#82100,0.6);
#82120=ORIENTED_EDGE('',*,*,#46790,.F.);
#82130=ORIENTED_EDGE('',*,*,#47530,.T.);
#82140=ORIENTED_EDGE('',*,*,#14230,.T.);
#82150=ORIENTED_EDGE('',*,*,#47610,.F.);
#82160=EDGE_LOOP('',(#82150,#82140,#82130,#82120));
#82170=FACE_OUTER_BOUND('',#82160,.T.);
#82180=ADVANCED_FACE('',(#82170),#82110,.T.);
#82190=COLOUR_RGB('',0.94901967048645,0.94901967048645,1.);
#82200=FILL_AREA_STYLE_COLOUR('',#82190);
#82210=FILL_AREA_STYLE('',(#82200));
#82220=SURFACE_STYLE_FILL_AREA(#82210);
#82230=SURFACE_SIDE_STYLE('',(#82220));
#82240=SURFACE_STYLE_USAGE(.BOTH.,#82230);
#82250=PRESENTATION_STYLE_ASSIGNMENT((#82240));
#82260=CARTESIAN_POINT('',(66.2566848880224,13.8993715012117,
-5.9249999999994));
#82270=DIRECTION('',(0.,-1.,0.));
#82280=DIRECTION('',(-1.,0.,0.));
#82290=AXIS2_PLACEMENT_3D('',#82260,#82270,#82280);
#82300=CYLINDRICAL_SURFACE('',#82290,0.525000000000001);
#82310=ORIENTED_EDGE('',*,*,#45990,.T.);
#82320=ORIENTED_EDGE('',*,*,#56800,.F.);
#82330=ORIENTED_EDGE('',*,*,#57140,.T.);
#82340=ORIENTED_EDGE('',*,*,#56610,.T.);
#82350=EDGE_LOOP('',(#82340,#82330,#82320,#82310));
#82360=FACE_OUTER_BOUND('',#82350,.T.);
#82370=ADVANCED_FACE('',(#82360),#82300,.F.);
#82380=CARTESIAN_POINT('',(73.5516848880265,10.3843715012134,
-5.59999999999939));
#82390=DIRECTION('',(1.,-2.12058652180369E-33,-2.87017080875347E-16));
#82400=DIRECTION('',(-2.87017080875347E-16,3.79116733899747E-16,-1.));
#82410=AXIS2_PLACEMENT_3D('',#82380,#82390,#82400);
#82420=CYLINDRICAL_SURFACE('',#82410,0.6);
#82430=ORIENTED_EDGE('',*,*,#13280,.T.);
#82440=ORIENTED_EDGE('',*,*,#48450,.F.);
#82450=ORIENTED_EDGE('',*,*,#49320,.F.);
#82460=ORIENTED_EDGE('',*,*,#48260,.T.);
#82470=EDGE_LOOP('',(#82460,#82450,#82440,#82430));
#82480=FACE_OUTER_BOUND('',#82470,.T.);
#82490=ADVANCED_FACE('',(#82480),#82420,.T.);
#82500=COLOUR_RGB('',0.94901967048645,0.94901967048645,1.);
#82510=FILL_AREA_STYLE_COLOUR('',#82500);
#82520=FILL_AREA_STYLE('',(#82510));
#82530=SURFACE_STYLE_FILL_AREA(#82520);
#82540=SURFACE_SIDE_STYLE('',(#82530));
#82550=SURFACE_STYLE_USAGE(.BOTH.,#82540);
#82560=PRESENTATION_STYLE_ASSIGNMENT((#82550));
#82570=CARTESIAN_POINT('',(66.2566848880224,13.8993715012117,
-9.4249999999994));
#82580=DIRECTION('',(0.,-1.,0.));
#82590=DIRECTION('',(-1.,0.,0.));
#82600=AXIS2_PLACEMENT_3D('',#82570,#82580,#82590);
#82610=CYLINDRICAL_SURFACE('',#82600,0.525000000000001);
#82620=ORIENTED_EDGE('',*,*,#70200,.T.);
#82630=ORIENTED_EDGE('',*,*,#70700,.F.);
#82640=ORIENTED_EDGE('',*,*,#70870,.T.);
#82650=ORIENTED_EDGE('',*,*,#70510,.T.);
#82660=EDGE_LOOP('',(#82650,#82640,#82630,#82620));
#82670=FACE_OUTER_BOUND('',#82660,.T.);
#82680=ADVANCED_FACE('',(#82670),#82610,.F.);
#82690=CARTESIAN_POINT('',(66.2566848880224,15.5993715012086,
-2.42499999999877));
#82700=DIRECTION('',(0.,1.,0.));
#82710=DIRECTION('',(1.,0.,0.));
#82720=AXIS2_PLACEMENT_3D('',#82690,#82700,#82710);
#82730=CONICAL_SURFACE('',#82720,0.725000000000009,0.785398163397457);
#82740=ORIENTED_EDGE('',*,*,#18750,.T.);
#82750=ORIENTED_EDGE('',*,*,#81540,.F.);
#82760=ORIENTED_EDGE('',*,*,#18830,.F.);
#82770=ORIENTED_EDGE('',*,*,#16050,.T.);
#82780=ORIENTED_EDGE('',*,*,#14660,.T.);
#82790=EDGE_LOOP('',(#82780,#82770,#82760,#82750,#82740));
#82800=FACE_OUTER_BOUND('',#82790,.T.);
#82810=ADVANCED_FACE('',(#82800),#82730,.F.);
#82820=CARTESIAN_POINT('',(66.2566848880224,15.5993715012117,
-5.9249999999994));
#82830=DIRECTION('',(0.,1.,0.));
#82840=DIRECTION('',(1.,0.,0.));
#82850=AXIS2_PLACEMENT_3D('',#82820,#82830,#82840);
#82860=CONICAL_SURFACE('',#82850,0.725000000000009,0.785398163397456);
#82870=ORIENTED_EDGE('',*,*,#56840,.F.);
#82880=ORIENTED_EDGE('',*,*,#45900,.F.);
#82890=ORIENTED_EDGE('',*,*,#14950,.T.);
#82900=ORIENTED_EDGE('',*,*,#57720,.T.);
#82910=ORIENTED_EDGE('',*,*,#46070,.T.);
#82920=ORIENTED_EDGE('',*,*,#56860,.F.);
#82930=EDGE_LOOP('',(#82920,#82910,#82900,#82890,#82880,#82870));
#82940=FACE_OUTER_BOUND('',#82930,.T.);
#82950=ADVANCED_FACE('',(#82940),#82860,.F.);
#82960=CARTESIAN_POINT('',(73.5516848880265,10.3843715012134,
-2.09999999999939));
#82970=DIRECTION('',(1.,4.04238930023546E-33,-2.87017080875347E-16));
#82980=DIRECTION('',(-2.87017080875347E-16,3.79116733899747E-16,-1.));
#82990=AXIS2_PLACEMENT_3D('',#82960,#82970,#82980);
#83000=CYLINDRICAL_SURFACE('',#82990,0.6);
#83010=ORIENTED_EDGE('',*,*,#30350,.F.);
#83020=ORIENTED_EDGE('',*,*,#29970,.T.);
#83030=ORIENTED_EDGE('',*,*,#13660,.T.);
#83040=ORIENTED_EDGE('',*,*,#30160,.F.);
#83050=EDGE_LOOP('',(#83040,#83030,#83020,#83010));
#83060=FACE_OUTER_BOUND('',#83050,.T.);
#83070=ADVANCED_FACE('',(#83060),#83000,.T.);
#83080=COLOUR_RGB('',0.94901967048645,0.94901967048645,1.);
#83090=FILL_AREA_STYLE_COLOUR('',#83080);
#83100=FILL_AREA_STYLE('',(#83090));
#83110=SURFACE_STYLE_FILL_AREA(#83100);
#83120=SURFACE_SIDE_STYLE('',(#83110));
#83130=SURFACE_STYLE_USAGE(.BOTH.,#83120);
#83140=PRESENTATION_STYLE_ASSIGNMENT((#83130));
#83150=CARTESIAN_POINT('',(73.5516848880265,14.1943715012134,
-2.09999999999939));
#83160=DIRECTION('',(1.,-2.12058652180369E-33,-2.87017080875347E-16));
#83170=DIRECTION('',(-2.87017080875347E-16,3.79116733899747E-16,-1.));
#83180=AXIS2_PLACEMENT_3D('',#83150,#83160,#83170);
#83190=CYLINDRICAL_SURFACE('',#83180,0.6);
#83200=ORIENTED_EDGE('',*,*,#24890,.F.);
#83210=ORIENTED_EDGE('',*,*,#23270,.T.);
#83220=ORIENTED_EDGE('',*,*,#13470,.T.);
#83230=ORIENTED_EDGE('',*,*,#23460,.F.);
#83240=EDGE_LOOP('',(#83230,#83220,#83210,#83200));
#83250=FACE_OUTER_BOUND('',#83240,.T.);
#83260=ADVANCED_FACE('',(#83250),#83190,.T.);
#83270=COLOUR_RGB('',0.94901967048645,0.94901967048645,1.);
#83280=FILL_AREA_STYLE_COLOUR('',#83270);
#83290=FILL_AREA_STYLE('',(#83280));
#83300=SURFACE_STYLE_FILL_AREA(#83290);
#83310=SURFACE_SIDE_STYLE('',(#83300));
#83320=SURFACE_STYLE_USAGE(.BOTH.,#83310);
#83330=PRESENTATION_STYLE_ASSIGNMENT((#83320));
#83340=CARTESIAN_POINT('',(73.5516848880265,14.1943715012134,
-9.09999999999939));
#83350=DIRECTION('',(1.,-2.12058652180369E-33,-2.87017080875347E-16));
#83360=DIRECTION('',(-2.87017080875347E-16,3.79116733899747E-16,-1.));
#83370=AXIS2_PLACEMENT_3D('',#83340,#83350,#83360);
#83380=CYLINDRICAL_SURFACE('',#83370,0.6);
#83390=ORIENTED_EDGE('',*,*,#78010,.F.);
#83400=ORIENTED_EDGE('',*,*,#77640,.T.);
#83410=ORIENTED_EDGE('',*,*,#14040,.T.);
#83420=ORIENTED_EDGE('',*,*,#77790,.F.);
#83430=ORIENTED_EDGE('',*,*,#78030,.F.);
#83440=EDGE_LOOP('',(#83430,#83420,#83410,#83400,#83390));
#83450=FACE_OUTER_BOUND('',#83440,.T.);
#83460=ADVANCED_FACE('',(#83450),#83380,.T.);
#83470=COLOUR_RGB('',0.94901967048645,0.94901967048645,1.);
#83480=FILL_AREA_STYLE_COLOUR('',#83470);
#83490=FILL_AREA_STYLE('',(#83480));
#83500=SURFACE_STYLE_FILL_AREA(#83490);
#83510=SURFACE_SIDE_STYLE('',(#83500));
#83520=SURFACE_STYLE_USAGE(.BOTH.,#83510);
#83530=PRESENTATION_STYLE_ASSIGNMENT((#83520));
#83540=CLOSED_SHELL('',(#400,#3150,#4090,#4310,#4480,#4650,#4820,#4990,
#5160,#5330,#5500,#5670,#5790,#6100,#6350,#6590,#6840,#7090,#7340,#7580,
#7830,#8070,#8320,#8560,#8740,#8890,#9210,#9270,#9520,#9760,#10010,
#10250,#10500,#10740,#10920,#11740,#12140,#13090,#14470,#15620,#16340,
#17550,#17950,#18270,#18640,#18880,#19190,#19430,#20030,#20280,#20500,
#21260,#21380,#21550,#22060,#22460,#22860,#23030,#23150,#23520,#24080,
#24950,#25330,#25800,#26130,#27890,#28270,#28580,#28900,#29090,#29340,
#29580,#29780,#30220,#31090,#31810,#32120,#32590,#32920,#34680,#35060,
#35370,#35690,#35880,#36130,#36370,#36570,#36960,#37270,#37580,#37900,
#38140,#38430,#38620,#38870,#39210,#39470,#39660,#40080,#40400,#41520,
#41760,#42160,#42480,#42870,#43180,#43420,#43830,#44000,#45110,#45520,
#45780,#46390,#46890,#47360,#47670,#47970,#48140,#48510,#49380,#49760,
#50230,#50560,#52320,#52700,#53010,#53330,#53520,#53770,#54010,#54210,
#54680,#55030,#55320,#55480,#55710,#55900,#56100,#56300,#56490,#56900,
#57070,#57190,#57410,#57780,#57900,#58300,#58730,#59890,#60380,#61460,
#61770,#62010,#62230,#62540,#62660,#63140,#64910,#65300,#65720,#66000,
#66180,#66560,#67030,#67320,#67930,#68980,#69570,#69920,#70320,#70390,
#70800,#70920,#71230,#71610,#72000,#72490,#72900,#73150,#73280,#73610,
#73860,#74050,#74220,#74410,#74720,#74900,#75350,#75770,#76110,#76350,
#76620,#76790,#76910,#77030,#77400,#77520,#77850,#78410,#78730,#78980,
#79170,#79490,#79730,#79930,#80370,#80710,#80960,#81160,#81360,#81480,
#81610,#81730,#81940,#82060,#82180,#82370,#82490,#82680,#82810,#82950,
#83070,#83260,#83460));
#83550=MANIFOLD_SOLID_BREP('',#83540);
#83560=CARTESIAN_POINT('',(0.,0.,0.));
#83570=DIRECTION('',(0.,0.,1.));
#83580=DIRECTION('',(1.,0.,0.));
#83590=AXIS2_PLACEMENT_3D('',#83560,#83570,#83580);
#83600=APPLICATION_CONTEXT(' ');
#83610=APPLICATION_PROTOCOL_DEFINITION(' ','automotive_design',1998,
#83600);
#83620=PRODUCT_CONTEXT('',#83600,'mechanical');
#83630=PRODUCT_DEFINITION_CONTEXT('part definition',#83600,'design');
#83640=PRODUCT('imcv_1.5-3-g-3.5-rn_p20_thr',
'imcv_1.5-3-g-3.5-rn_p20_thr','',(#83620));
#83650=PRODUCT_RELATED_PRODUCT_CATEGORY('part',' ',(#83640));
#83660=PRODUCT_DEFINITION_FORMATION_WITH_SPECIFIED_SOURCE('','',#83640,
.BOUGHT.);
#83670=PRODUCT_DEFINITION('',' ',#83660,#83630);
#83680=PRODUCT_DEFINITION_SHAPE('','',#83670);
#83690=DIMENSIONAL_EXPONENTS(1.,0.,0.,0.,0.,0.,0.);
#83700=DIMENSIONAL_EXPONENTS(0.,0.,0.,0.,0.,0.,0.);
#83710=DIMENSIONAL_EXPONENTS(0.,0.,0.,0.,0.,0.,0.);
#83720=(LENGTH_UNIT() NAMED_UNIT(*) SI_UNIT(.MILLI.,.METRE.));
#83730=(NAMED_UNIT(*) PLANE_ANGLE_UNIT() SI_UNIT($,.RADIAN.));
#83740=(NAMED_UNIT(*) SI_UNIT($,.STERADIAN.) SOLID_ANGLE_UNIT());
#83750=(GEOMETRIC_REPRESENTATION_CONTEXT(3) 
GLOBAL_UNCERTAINTY_ASSIGNED_CONTEXT((#83760)) 
GLOBAL_UNIT_ASSIGNED_CONTEXT((#83720,#83730,#83740)) 
REPRESENTATION_CONTEXT('',''));
#83760=UNCERTAINTY_MEASURE_WITH_UNIT(LENGTH_MEASURE(1.E-6),#83720,
'distance_accuracy_value','maximum gap value');
#83770=ADVANCED_BREP_SHAPE_REPRESENTATION('',(#83590,#83550),#83750);
#83780=SHAPE_DEFINITION_REPRESENTATION(#83680,#83770);
#83790=COLOUR_RGB('',0.392156898975372,0.392156898975372,
0.392156898975372);
#83800=FILL_AREA_STYLE_COLOUR('',#83790);
#83810=FILL_AREA_STYLE('',(#83800));
#83820=SURFACE_STYLE_FILL_AREA(#83810);
#83830=SURFACE_SIDE_STYLE('',(#83820));
#83840=SURFACE_STYLE_USAGE(.BOTH.,#83830);
#83850=PRESENTATION_STYLE_ASSIGNMENT((#83840));
#83860=STYLED_ITEM('',(#83850),#83550);
#83870=OVER_RIDING_STYLED_ITEM('',(#18020),#17950,#83860);
#83880=OVER_RIDING_STYLED_ITEM('',(#23590),#23520,#83860);
#83890=OVER_RIDING_STYLED_ITEM('',(#24150),#24080,#83860);
#83900=OVER_RIDING_STYLED_ITEM('',(#25020),#24950,#83860);
#83910=OVER_RIDING_STYLED_ITEM('',(#25400),#25330,#83860);
#83920=OVER_RIDING_STYLED_ITEM('',(#25870),#25800,#83860);
#83930=OVER_RIDING_STYLED_ITEM('',(#26200),#26130,#83860);
#83940=OVER_RIDING_STYLED_ITEM('',(#27960),#27890,#83860);
#83950=OVER_RIDING_STYLED_ITEM('',(#28340),#28270,#83860);
#83960=OVER_RIDING_STYLED_ITEM('',(#28650),#28580,#83860);
#83970=OVER_RIDING_STYLED_ITEM('',(#28970),#28900,#83860);
#83980=OVER_RIDING_STYLED_ITEM('',(#29160),#29090,#83860);
#83990=OVER_RIDING_STYLED_ITEM('',(#29410),#29340,#83860);
#84000=OVER_RIDING_STYLED_ITEM('',(#29650),#29580,#83860);
#84010=OVER_RIDING_STYLED_ITEM('',(#29850),#29780,#83860);
#84020=OVER_RIDING_STYLED_ITEM('',(#30290),#30220,#83860);
#84030=OVER_RIDING_STYLED_ITEM('',(#31160),#31090,#83860);
#84040=OVER_RIDING_STYLED_ITEM('',(#32190),#32120,#83860);
#84050=OVER_RIDING_STYLED_ITEM('',(#32660),#32590,#83860);
#84060=OVER_RIDING_STYLED_ITEM('',(#32990),#32920,#83860);
#84070=OVER_RIDING_STYLED_ITEM('',(#34750),#34680,#83860);
#84080=OVER_RIDING_STYLED_ITEM('',(#35130),#35060,#83860);
#84090=OVER_RIDING_STYLED_ITEM('',(#35440),#35370,#83860);
#84100=OVER_RIDING_STYLED_ITEM('',(#35760),#35690,#83860);
#84110=OVER_RIDING_STYLED_ITEM('',(#35950),#35880,#83860);
#84120=OVER_RIDING_STYLED_ITEM('',(#36200),#36130,#83860);
#84130=OVER_RIDING_STYLED_ITEM('',(#36440),#36370,#83860);
#84140=OVER_RIDING_STYLED_ITEM('',(#36640),#36570,#83860);
#84150=OVER_RIDING_STYLED_ITEM('',(#37030),#36960,#83860);
#84160=OVER_RIDING_STYLED_ITEM('',(#37340),#37270,#83860);
#84170=OVER_RIDING_STYLED_ITEM('',(#37650),#37580,#83860);
#84180=OVER_RIDING_STYLED_ITEM('',(#38210),#38140,#83860);
#84190=OVER_RIDING_STYLED_ITEM('',(#38500),#38430,#83860);
#84200=OVER_RIDING_STYLED_ITEM('',(#38940),#38870,#83860);
#84210=OVER_RIDING_STYLED_ITEM('',(#39280),#39210,#83860);
#84220=OVER_RIDING_STYLED_ITEM('',(#39540),#39470,#83860);
#84230=OVER_RIDING_STYLED_ITEM('',(#41590),#41520,#83860);
#84240=OVER_RIDING_STYLED_ITEM('',(#42230),#42160,#83860);
#84250=OVER_RIDING_STYLED_ITEM('',(#43250),#43180,#83860);
#84260=OVER_RIDING_STYLED_ITEM('',(#43490),#43420,#83860);
#84270=OVER_RIDING_STYLED_ITEM('',(#45180),#45110,#83860);
#84280=OVER_RIDING_STYLED_ITEM('',(#46960),#46890,#83860);
#84290=OVER_RIDING_STYLED_ITEM('',(#47430),#47360,#83860);
#84300=OVER_RIDING_STYLED_ITEM('',(#47740),#47670,#83860);
#84310=OVER_RIDING_STYLED_ITEM('',(#48580),#48510,#83860);
#84320=OVER_RIDING_STYLED_ITEM('',(#49450),#49380,#83860);
#84330=OVER_RIDING_STYLED_ITEM('',(#49830),#49760,#83860);
#84340=OVER_RIDING_STYLED_ITEM('',(#50300),#50230,#83860);
#84350=OVER_RIDING_STYLED_ITEM('',(#50630),#50560,#83860);
#84360=OVER_RIDING_STYLED_ITEM('',(#52390),#52320,#83860);
#84370=OVER_RIDING_STYLED_ITEM('',(#52770),#52700,#83860);
#84380=OVER_RIDING_STYLED_ITEM('',(#53080),#53010,#83860);
#84390=OVER_RIDING_STYLED_ITEM('',(#53400),#53330,#83860);
#84400=OVER_RIDING_STYLED_ITEM('',(#53590),#53520,#83860);
#84410=OVER_RIDING_STYLED_ITEM('',(#53840),#53770,#83860);
#84420=OVER_RIDING_STYLED_ITEM('',(#54080),#54010,#83860);
#84430=OVER_RIDING_STYLED_ITEM('',(#54280),#54210,#83860);
#84440=OVER_RIDING_STYLED_ITEM('',(#54750),#54680,#83860);
#84450=OVER_RIDING_STYLED_ITEM('',(#55100),#55030,#83860);
#84460=OVER_RIDING_STYLED_ITEM('',(#55780),#55710,#83860);
#84470=OVER_RIDING_STYLED_ITEM('',(#55970),#55900,#83860);
#84480=OVER_RIDING_STYLED_ITEM('',(#56170),#56100,#83860);
#84490=OVER_RIDING_STYLED_ITEM('',(#56370),#56300,#83860);
#84500=OVER_RIDING_STYLED_ITEM('',(#58370),#58300,#83860);
#84510=OVER_RIDING_STYLED_ITEM('',(#59960),#59890,#83860);
#84520=OVER_RIDING_STYLED_ITEM('',(#61530),#61460,#83860);
#84530=OVER_RIDING_STYLED_ITEM('',(#61840),#61770,#83860);
#84540=OVER_RIDING_STYLED_ITEM('',(#64980),#64910,#83860);
#84550=OVER_RIDING_STYLED_ITEM('',(#65370),#65300,#83860);
#84560=OVER_RIDING_STYLED_ITEM('',(#65790),#65720,#83860);
#84570=OVER_RIDING_STYLED_ITEM('',(#66250),#66180,#83860);
#84580=OVER_RIDING_STYLED_ITEM('',(#66630),#66560,#83860);
#84590=OVER_RIDING_STYLED_ITEM('',(#67100),#67030,#83860);
#84600=OVER_RIDING_STYLED_ITEM('',(#67390),#67320,#83860);
#84610=OVER_RIDING_STYLED_ITEM('',(#69990),#69920,#83860);
#84620=OVER_RIDING_STYLED_ITEM('',(#71300),#71230,#83860);
#84630=OVER_RIDING_STYLED_ITEM('',(#71680),#71610,#83860);
#84640=OVER_RIDING_STYLED_ITEM('',(#72070),#72000,#83860);
#84650=OVER_RIDING_STYLED_ITEM('',(#72560),#72490,#83860);
#84660=OVER_RIDING_STYLED_ITEM('',(#72970),#72900,#83860);
#84670=OVER_RIDING_STYLED_ITEM('',(#73350),#73280,#83860);
#84680=OVER_RIDING_STYLED_ITEM('',(#73680),#73610,#83860);
#84690=OVER_RIDING_STYLED_ITEM('',(#73930),#73860,#83860);
#84700=OVER_RIDING_STYLED_ITEM('',(#74290),#74220,#83860);
#84710=OVER_RIDING_STYLED_ITEM('',(#77920),#77850,#83860);
#84720=OVER_RIDING_STYLED_ITEM('',(#78480),#78410,#83860);
#84730=OVER_RIDING_STYLED_ITEM('',(#78800),#78730,#83860);
#84740=OVER_RIDING_STYLED_ITEM('',(#79050),#78980,#83860);
#84750=OVER_RIDING_STYLED_ITEM('',(#79240),#79170,#83860);
#84760=OVER_RIDING_STYLED_ITEM('',(#79560),#79490,#83860);
#84770=OVER_RIDING_STYLED_ITEM('',(#79800),#79730,#83860);
#84780=OVER_RIDING_STYLED_ITEM('',(#80000),#79930,#83860);
#84790=OVER_RIDING_STYLED_ITEM('',(#80440),#80370,#83860);
#84800=OVER_RIDING_STYLED_ITEM('',(#80780),#80710,#83860);
#84810=OVER_RIDING_STYLED_ITEM('',(#81030),#80960,#83860);
#84820=OVER_RIDING_STYLED_ITEM('',(#81230),#81160,#83860);
#84830=OVER_RIDING_STYLED_ITEM('',(#81800),#81730,#83860);
#84840=OVER_RIDING_STYLED_ITEM('',(#82250),#82180,#83860);
#84850=OVER_RIDING_STYLED_ITEM('',(#82560),#82490,#83860);
#84860=OVER_RIDING_STYLED_ITEM('',(#83140),#83070,#83860);
#84870=OVER_RIDING_STYLED_ITEM('',(#83330),#83260,#83860);
#84880=OVER_RIDING_STYLED_ITEM('',(#83530),#83460,#83860);
#84890=DRAUGHTING_MODEL('',(#83860,#83870,#83880,#83890,#83900,#83910,
#83920,#83930,#83940,#83950,#83960,#83970,#83980,#83990,#84000,#84010,
#84020,#84030,#84040,#84050,#84060,#84070,#84080,#84090,#84100,#84110,
#84120,#84130,#84140,#84150,#84160,#84170,#84180,#84190,#84200,#84210,
#84220,#84230,#84240,#84250,#84260,#84270,#84280,#84290,#84300,#84310,
#84320,#84330,#84340,#84350,#84360,#84370,#84380,#84390,#84400,#84410,
#84420,#84430,#84440,#84450,#84460,#84470,#84480,#84490,#84500,#84510,
#84520,#84530,#84540,#84550,#84560,#84570,#84580,#84590,#84600,#84610,
#84620,#84630,#84640,#84650,#84660,#84670,#84680,#84690,#84700,#84710,
#84720,#84730,#84740,#84750,#84760,#84770,#84780,#84790,#84800,#84810,
#84820,#84830,#84840,#84850,#84860,#84870,#84880),#83750);
#84900=CARTESIAN_POINT('',(-65.2466848880231,-9.29937150120852,2.1));
#84910=DIRECTION('',(0.,0.,1.));
#84920=DIRECTION('',(1.,0.,0.));
#84930=AXIS2_PLACEMENT_3D('',#84900,#84910,#84920);
#84940=ITEM_DEFINED_TRANSFORMATION('imcv_1.5-3-g-3.5-rn_p20_thr','',
#83590,#84930);
#84950=APPLICATION_CONTEXT(' ');
#84960=APPLICATION_PROTOCOL_DEFINITION(' ','automotive_design',1998,
#84950);
#84970=PRODUCT_CONTEXT('',#84950,'mechanical');
#84980=PRODUCT_DEFINITION_CONTEXT('part definition',#84950,'design');
#84990=PRODUCT('imcv_1.5-3-g-3.5-rn_p20_thr',
'imcv_1.5-3-g-3.5-rn_p20_thr','',(#84970));
#85000=PRODUCT_RELATED_PRODUCT_CATEGORY('part',' ',(#84990));
#85010=PRODUCT_DEFINITION_FORMATION_WITH_SPECIFIED_SOURCE('','',#84990,
.BOUGHT.);
#85020=PRODUCT_DEFINITION('',' ',#85010,#84980);
#85030=PRODUCT_DEFINITION_SHAPE('','',#85020);
#85040=DIMENSIONAL_EXPONENTS(1.,0.,0.,0.,0.,0.,0.);
#85050=DIMENSIONAL_EXPONENTS(0.,0.,0.,0.,0.,0.,0.);
#85060=DIMENSIONAL_EXPONENTS(0.,0.,0.,0.,0.,0.,0.);
#85070=(LENGTH_UNIT() NAMED_UNIT(*) SI_UNIT(.MILLI.,.METRE.));
#85080=(NAMED_UNIT(*) PLANE_ANGLE_UNIT() SI_UNIT($,.RADIAN.));
#85090=(NAMED_UNIT(*) SI_UNIT($,.STERADIAN.) SOLID_ANGLE_UNIT());
#85100=(GEOMETRIC_REPRESENTATION_CONTEXT(3) 
GLOBAL_UNCERTAINTY_ASSIGNED_CONTEXT((#85110)) 
GLOBAL_UNIT_ASSIGNED_CONTEXT((#85070,#85080,#85090)) 
REPRESENTATION_CONTEXT('',''));
#85110=UNCERTAINTY_MEASURE_WITH_UNIT(LENGTH_MEASURE(1.E-6),#85070,
'distance_accuracy_value','maximum gap value');
#85120=SHAPE_REPRESENTATION('',(#83590,#84930),#85100);
#85130=SHAPE_DEFINITION_REPRESENTATION(#85030,#85120);
#85140=(REPRESENTATION_RELATIONSHIP('','',#83770,#85120) 
REPRESENTATION_RELATIONSHIP_WITH_TRANSFORMATION(#84940) 
SHAPE_REPRESENTATION_RELATIONSHIP());
#85150=NEXT_ASSEMBLY_USAGE_OCCURRENCE('1','',
'imcv_1.5-3-g-3.5-rn_p20_thr',#85020,#83670,'');
#85160=PRODUCT_DEFINITION_SHAPE('','',#85150);
#85170=CONTEXT_DEPENDENT_SHAPE_REPRESENTATION(#85140,#85160);
ENDSEC;
END-ISO-10303-21;
